placar_casa,placar_visitante,data,round,stage,ano,equipe_casa,equipe_visitante,resultado,Pts_casa,3P_casa,2P_casa,LL_casa,RT_casa,RO_casa,RD_casa,AS_casa,ER_casa,IA%_casa,3PC_casa,3PT_casa,3P%_casa,2PC_casa,2PT_casa,2P%_casa,LLC_casa,LLT_casa,LL%_casa,EN_casa,BR_casa,B/E_casa,TO_casa,FC_casa,T/FC_casa,ET_casa,VI_casa,EF_casa,Pts_visitante,3P_visitante,2P_visitante,LL_visitante,RT_visitante,RO_visitante,RD_visitante,AS_visitante,ER_visitante,IA%_visitante,3PC_visitante,3PT_visitante,3P%_visitante,2PC_visitante,2PT_visitante,2P%_visitante,LLC_visitante,LLT_visitante,LL%_visitante,EN_visitante,BR_visitante,B/E_visitante,TO_visitante,FC_visitante,T/FC_visitante,ET_visitante,VI_visitante,EF_visitante
60,65,2022-03-06,5,2,2021-2022,Pinheiros,Bauru Basket,0,81.66666666666667,29.8,39.46666666666667,12.4,41.266666666666666,13.866666666666667,27.4,16.066666666666666,14.6,1.140666666666667,9.933333333333334,29.133333333333333,33.734666666666676,19.733333333333334,39.86666666666667,49.84666666666667,12.4,18.0,67.97533333333334,1.8,7.733333333333333,0.5213333333333332,2.7333333333333334,16.733333333333334,0.166,14.6,3.0,89.93333333333334,77.63333333333334,30.8,35.4,11.433333333333334,33.1,7.766666666666667,25.333333333333332,17.5,11.366666666666667,1.608,10.266666666666667,29.233333333333334,35.044000000000004,17.7,33.6,52.78133333333334,11.433333333333334,16.0,70.738,1.4333333333333333,7.0,0.6259999999999999,1.6333333333333333,18.6,0.09200000000000003,11.366666666666667,2.1,86.06666666666666
