placar_casa,placar_visitante,data,round,stage,ano,equipe_casa,equipe_visitante,resultado,Pts_casa,3P_casa,2P_casa,LL_casa,RT_casa,RO_casa,RD_casa,AS_casa,ER_casa,IA%_casa,3PC_casa,3PT_casa,3P%_casa,2PC_casa,2PT_casa,2P%_casa,LLC_casa,LLT_casa,LL%_casa,EN_casa,BR_casa,B/E_casa,TO_casa,FC_casa,T/FC_casa,ET_casa,VI_casa,EF_casa,Pts_visitante,3P_visitante,2P_visitante,LL_visitante,RT_visitante,RO_visitante,RD_visitante,AS_visitante,ER_visitante,IA%_visitante,3PC_visitante,3PT_visitante,3P%_visitante,2PC_visitante,2PT_visitante,2P%_visitante,LLC_visitante,LLT_visitante,LL%_visitante,EN_visitante,BR_visitante,B/E_visitante,TO_visitante,FC_visitante,T/FC_visitante,ET_visitante,VI_visitante,EF_visitante
96,74,2014-03-29,18,2,2013-2014,Mogi,Fortaleza B. C. / CFO,1,80.4,22.8,39.06666666666667,18.533333333333335,37.666666666666664,12.466666666666667,25.2,14.933333333333334,15.733333333333333,1.0246666666666668,7.6,20.733333333333334,36.25933333333332,19.533333333333335,40.733333333333334,48.004000000000005,18.533333333333335,25.8,71.03066666666668,1.0,10.266666666666667,0.7133333333333333,1.1333333333333333,22.2,0.05466666666666667,15.733333333333333,3.066666666666667,87.06666666666666,78.53333333333333,21.2,43.6,13.733333333333333,37.6,10.866666666666667,26.733333333333334,14.466666666666667,12.466666666666667,1.2206666666666668,7.066666666666666,18.733333333333334,38.39533333333333,21.8,44.86666666666667,48.95066666666666,13.733333333333333,19.8,70.13066666666667,2.2666666666666666,10.6,0.9120000000000001,2.533333333333333,20.6,0.13066666666666668,12.466666666666667,2.533333333333333,90.46666666666667
