placar_casa,placar_visitante,data,round,stage,ano,equipe_casa,equipe_visitante,resultado,Pts_casa,3P_casa,2P_casa,LL_casa,RT_casa,RO_casa,RD_casa,AS_casa,ER_casa,IA%_casa,3PC_casa,3PT_casa,3P%_casa,2PC_casa,2PT_casa,2P%_casa,LLC_casa,LLT_casa,LL%_casa,EN_casa,BR_casa,B/E_casa,TO_casa,FC_casa,T/FC_casa,ET_casa,VI_casa,EF_casa,Pts_visitante,3P_visitante,2P_visitante,LL_visitante,RT_visitante,RO_visitante,RD_visitante,AS_visitante,ER_visitante,IA%_visitante,3PC_visitante,3PT_visitante,3P%_visitante,2PC_visitante,2PT_visitante,2P%_visitante,LLC_visitante,LLT_visitante,LL%_visitante,EN_visitante,BR_visitante,B/E_visitante,TO_visitante,FC_visitante,T/FC_visitante,ET_visitante,VI_visitante,EF_visitante
81,71,2023-12-18,10,1,2023-2024,R10 Score Vasco da Gama,UNIFACISA,1,72.334,26.8,32.666000000000004,12.866000000000001,37.599333333333334,9.8,27.799333333333333,19.399333333333335,16.800666666666665,1.2160000000000002,8.934,26.667333333333332,33.519999999999996,16.334,31.799333333333333,51.63866666666665,12.866000000000001,18.200666666666667,71.718,1.6,7.800666666666667,0.4600000000000001,2.734,22.066666666666666,0.12466666666666668,16.800666666666665,4.066666666666666,84.53333333333333,78.0,27.0,36.333333333333336,14.666666666666666,38.833333333333336,11.0,27.833333333333332,15.75,13.166666666666666,1.1958333333333333,9.0,29.25,30.863333333333333,18.166666666666668,33.166666666666664,54.129999999999995,14.666666666666666,18.666666666666668,78.28666666666666,1.0,7.0,0.5291666666666667,2.25,19.0,0.11916666666666668,13.166666666666666,2.4166666666666665,89.41666666666667
