placar_casa,placar_visitante,data,round,stage,ano,equipe_casa,equipe_visitante,resultado,Pts_casa,3P_casa,2P_casa,LL_casa,RT_casa,RO_casa,RD_casa,AS_casa,ER_casa,IA%_casa,3PC_casa,3PT_casa,3P%_casa,2PC_casa,2PT_casa,2P%_casa,LLC_casa,LLT_casa,LL%_casa,EN_casa,BR_casa,B/E_casa,TO_casa,FC_casa,T/FC_casa,ET_casa,VI_casa,EF_casa,Pts_visitante,3P_visitante,2P_visitante,LL_visitante,RT_visitante,RO_visitante,RD_visitante,AS_visitante,ER_visitante,IA%_visitante,3PC_visitante,3PT_visitante,3P%_visitante,2PC_visitante,2PT_visitante,2P%_visitante,LLC_visitante,LLT_visitante,LL%_visitante,EN_visitante,BR_visitante,B/E_visitante,TO_visitante,FC_visitante,T/FC_visitante,ET_visitante,VI_visitante,EF_visitante
88,81,2015-12-17,12,1,2015-2016,Coop/São José Basketball,L. Sorocabana,1,79.11111111111111,27.666666666666668,34.22222222222222,17.22222222222222,32.77777777777778,8.555555555555555,24.22222222222222,13.666666666666666,14.88888888888889,0.9822222222222222,9.222222222222221,23.88888888888889,38.81333333333334,17.11111111111111,35.111111111111114,49.11666666666666,17.22222222222222,22.333333333333332,77.5411111111111,0.7777777777777778,6.888888888888889,0.508888888888889,1.7777777777777777,24.22222222222222,0.07444444444444444,14.88888888888889,3.888888888888889,81.55555555555556,70.22222222222223,15.0,43.333333333333336,11.88888888888889,35.666666666666664,15.222222222222221,20.444444444444443,11.555555555555555,14.666666666666666,0.828888888888889,5.0,19.666666666666668,24.586666666666662,21.666666666666668,46.666666666666664,46.23444444444444,11.88888888888889,15.777777777777779,74.07222222222221,0.5555555555555556,12.777777777777779,0.9011111111111112,1.4444444444444444,21.88888888888889,0.07222222222222223,14.666666666666666,3.7777777777777777,73.44444444444444
