placar_casa,placar_visitante,data,round,stage,ano,equipe_casa,equipe_visitante,resultado,Pts_casa,3P_casa,2P_casa,LL_casa,RT_casa,RO_casa,RD_casa,AS_casa,ER_casa,IA%_casa,3PC_casa,3PT_casa,3P%_casa,2PC_casa,2PT_casa,2P%_casa,LLC_casa,LLT_casa,LL%_casa,EN_casa,BR_casa,B/E_casa,TO_casa,FC_casa,T/FC_casa,ET_casa,VI_casa,EF_casa,Pts_visitante,3P_visitante,2P_visitante,LL_visitante,RT_visitante,RO_visitante,RD_visitante,AS_visitante,ER_visitante,IA%_visitante,3PC_visitante,3PT_visitante,3P%_visitante,2PC_visitante,2PT_visitante,2P%_visitante,LLC_visitante,LLT_visitante,LL%_visitante,EN_visitante,BR_visitante,B/E_visitante,TO_visitante,FC_visitante,T/FC_visitante,ET_visitante,VI_visitante,EF_visitante
109,83,2016-04-22,2,4,2015-2016,Bauru Basket,Pinheiros,1,87.4,35.0,36.13333333333333,16.266666666666666,36.93333333333333,9.866666666666667,27.066666666666666,18.133333333333333,13.933333333333334,1.4106666666666667,11.666666666666666,29.066666666666666,40.309333333333335,18.066666666666666,32.8,55.312000000000005,16.266666666666666,21.933333333333334,73.86133333333333,0.8666666666666667,10.266666666666667,0.734,1.7333333333333334,19.2,0.09000000000000001,13.933333333333334,3.2666666666666666,102.73333333333333,79.6,22.2,40.93333333333333,16.466666666666665,39.13333333333333,11.266666666666667,27.866666666666667,14.333333333333334,14.2,1.046,7.4,22.066666666666666,33.489999999999995,20.466666666666665,43.333333333333336,47.281333333333336,16.466666666666665,22.2,73.82733333333333,1.4666666666666666,11.533333333333333,0.8459999999999999,2.2,20.533333333333335,0.11533333333333334,14.2,3.6666666666666665,89.33333333333333
