placar_casa,placar_visitante,data,round,stage,ano,equipe_casa,equipe_visitante,resultado,Pts_casa,3P_casa,2P_casa,LL_casa,RT_casa,RO_casa,RD_casa,AS_casa,ER_casa,IA%_casa,3PC_casa,3PT_casa,3P%_casa,2PC_casa,2PT_casa,2P%_casa,LLC_casa,LLT_casa,LL%_casa,EN_casa,BR_casa,B/E_casa,TO_casa,FC_casa,T/FC_casa,ET_casa,VI_casa,EF_casa,Pts_visitante,3P_visitante,2P_visitante,LL_visitante,RT_visitante,RO_visitante,RD_visitante,AS_visitante,ER_visitante,IA%_visitante,3PC_visitante,3PT_visitante,3P%_visitante,2PC_visitante,2PT_visitante,2P%_visitante,LLC_visitante,LLT_visitante,LL%_visitante,EN_visitante,BR_visitante,B/E_visitante,TO_visitante,FC_visitante,T/FC_visitante,ET_visitante,VI_visitante,EF_visitante
74,76,2012-05-22,3,5,2011-2012,Pinheiros,Brasília,0,81.2,20.8,44.4,16.0,32.266666666666666,8.666666666666666,23.6,15.733333333333333,13.666666666666666,1.2719999999999998,6.933333333333334,19.6,35.45466666666666,22.2,40.06666666666667,55.62599999999998,16.0,23.133333333333333,69.516,2.4,7.066666666666666,0.534,2.3333333333333335,22.333333333333332,0.10600000000000001,13.666666666666666,3.3333333333333335,97.73333333333333,88.0,24.4,42.8,20.8,31.133333333333333,7.4,23.733333333333334,14.466666666666667,12.933333333333334,1.2086666666666668,8.133333333333333,22.466666666666665,35.572,21.4,35.86666666666667,59.618666666666655,20.8,25.533333333333335,81.86133333333333,1.2666666666666666,6.733333333333333,0.5526666666666666,3.4,23.0,0.158,12.933333333333334,2.2666666666666666,103.6
