placar_casa,placar_visitante,data,round,stage,ano,equipe_casa,equipe_visitante,resultado,Pts_casa,3P_casa,2P_casa,LL_casa,RT_casa,RO_casa,RD_casa,AS_casa,ER_casa,IA%_casa,3PC_casa,3PT_casa,3P%_casa,2PC_casa,2PT_casa,2P%_casa,LLC_casa,LLT_casa,LL%_casa,EN_casa,BR_casa,B/E_casa,TO_casa,FC_casa,T/FC_casa,ET_casa,VI_casa,EF_casa,Pts_visitante,3P_visitante,2P_visitante,LL_visitante,RT_visitante,RO_visitante,RD_visitante,AS_visitante,ER_visitante,IA%_visitante,3PC_visitante,3PT_visitante,3P%_visitante,2PC_visitante,2PT_visitante,2P%_visitante,LLC_visitante,LLT_visitante,LL%_visitante,EN_visitante,BR_visitante,B/E_visitante,TO_visitante,FC_visitante,T/FC_visitante,ET_visitante,VI_visitante,EF_visitante
79,70,2024-04-04,11,2,2023-2024,São Paulo,Cerrado,1,82.06666666666666,30.6,36.534,14.93266666666667,35.966,8.1,27.865999999999996,17.034,14.765999999999996,1.1693333333333333,10.2,27.134000000000004,37.797333333333334,18.266000000000002,31.865999999999996,57.1,14.93266666666667,18.6,80.67333333333336,0.9993333333333333,5.900666666666667,0.398,2.066666666666667,19.032666666666664,0.11000000000000004,14.765999999999996,1.4666666666666666,94.06666666666666,76.1,25.2,38.6,12.3,37.36666666666667,11.5,25.866666666666667,14.7,13.7,1.1173333333333333,8.4,24.866666666666667,33.907999999999994,19.3,38.266666666666666,50.715333333333334,12.3,17.9,66.98066666666666,1.1666666666666667,7.6,0.5606666666666666,1.5666666666666667,17.9,0.09266666666666665,13.7,2.8333333333333335,82.6
