placar_casa,placar_visitante,data,round,stage,ano,equipe_casa,equipe_visitante,resultado,Pts_casa,3P_casa,2P_casa,LL_casa,RT_casa,RO_casa,RD_casa,AS_casa,ER_casa,IA%_casa,3PC_casa,3PT_casa,3P%_casa,2PC_casa,2PT_casa,2P%_casa,LLC_casa,LLT_casa,LL%_casa,EN_casa,BR_casa,B/E_casa,TO_casa,FC_casa,T/FC_casa,ET_casa,VI_casa,EF_casa,Pts_visitante,3P_visitante,2P_visitante,LL_visitante,RT_visitante,RO_visitante,RD_visitante,AS_visitante,ER_visitante,IA%_visitante,3PC_visitante,3PT_visitante,3P%_visitante,2PC_visitante,2PT_visitante,2P%_visitante,LLC_visitante,LLT_visitante,LL%_visitante,EN_visitante,BR_visitante,B/E_visitante,TO_visitante,FC_visitante,T/FC_visitante,ET_visitante,VI_visitante,EF_visitante
80,73,2013-12-11,9,1,2013-2014,Sesi Franca,L. Sorocabana,1,73.71428571428571,14.571428571428571,41.142857142857146,18.0,34.0,11.142857142857142,22.857142857142858,13.714285714285714,16.857142857142858,0.9285714285714286,4.857142857142857,16.285714285714285,27.217142857142854,20.571428571428573,41.42857142857143,49.47571428571429,18.0,24.142857142857142,75.16428571428573,0.8571428571428571,9.857142857142858,0.6185714285714285,3.0,19.0,0.17714285714285719,16.857142857142858,2.857142857142857,79.0,75.71428571428571,20.142857142857142,40.285714285714285,15.285714285714286,28.857142857142858,9.142857142857142,19.714285714285715,11.714285714285714,11.571428571428571,1.1357142857142857,6.714285714285714,19.428571428571427,33.33,20.142857142857142,36.142857142857146,55.96999999999999,15.285714285714286,20.857142857142858,71.87857142857142,1.1428571428571428,9.428571428571429,0.9385714285714285,2.142857142857143,23.285714285714285,0.09571428571428571,11.571428571428571,2.142857142857143,82.0
