placar_casa,placar_visitante,data,round,stage,ano,equipe_casa,equipe_visitante,resultado,Pts_casa,3P_casa,2P_casa,LL_casa,RT_casa,RO_casa,RD_casa,AS_casa,ER_casa,IA%_casa,3PC_casa,3PT_casa,3P%_casa,2PC_casa,2PT_casa,2P%_casa,LLC_casa,LLT_casa,LL%_casa,EN_casa,BR_casa,B/E_casa,TO_casa,FC_casa,T/FC_casa,ET_casa,VI_casa,EF_casa,Pts_visitante,3P_visitante,2P_visitante,LL_visitante,RT_visitante,RO_visitante,RD_visitante,AS_visitante,ER_visitante,IA%_visitante,3PC_visitante,3PT_visitante,3P%_visitante,2PC_visitante,2PT_visitante,2P%_visitante,LLC_visitante,LLT_visitante,LL%_visitante,EN_visitante,BR_visitante,B/E_visitante,TO_visitante,FC_visitante,T/FC_visitante,ET_visitante,VI_visitante,EF_visitante
86,77,2021-02-07,2,2,2020-2021,Fortaleza B. C. / CFO,Cerrado,1,75.6,23.2,40.266,12.133999999999999,37.376666666666665,9.423333333333336,27.956666666666667,14.244,12.311333333333334,1.1566666666666667,7.734,25.022,30.815333333333335,20.134,40.33266666666667,49.83466666666667,12.133999999999999,17.0,70.83266666666667,1.2893333333333332,7.933333333333334,0.6419999999999999,3.11,19.532666666666668,0.15933333333333335,12.311333333333334,2.29,83.59933333333333,75.13333333333334,23.6,38.132666666666665,13.400666666666663,38.19866666666667,11.334000000000003,26.868666666666673,16.133333333333333,13.599333333333336,1.2139999999999997,7.866,23.26866666666667,33.973333333333336,19.067333333333337,39.000666666666675,48.85866666666666,13.400666666666663,19.934000000000008,66.61333333333333,1.4659999999999997,7.066666666666666,0.5153333333333332,1.999333333333333,20.73533333333334,0.09599999999999999,13.599333333333336,2.332,83.06666666666666
