placar_casa,placar_visitante,data,round,stage,ano,equipe_casa,equipe_visitante,resultado,Pts_casa,3P_casa,2P_casa,LL_casa,RT_casa,RO_casa,RD_casa,AS_casa,ER_casa,IA%_casa,3PC_casa,3PT_casa,3P%_casa,2PC_casa,2PT_casa,2P%_casa,LLC_casa,LLT_casa,LL%_casa,EN_casa,BR_casa,B/E_casa,TO_casa,FC_casa,T/FC_casa,ET_casa,VI_casa,EF_casa,Pts_visitante,3P_visitante,2P_visitante,LL_visitante,RT_visitante,RO_visitante,RD_visitante,AS_visitante,ER_visitante,IA%_visitante,3PC_visitante,3PT_visitante,3P%_visitante,2PC_visitante,2PT_visitante,2P%_visitante,LLC_visitante,LLT_visitante,LL%_visitante,EN_visitante,BR_visitante,B/E_visitante,TO_visitante,FC_visitante,T/FC_visitante,ET_visitante,VI_visitante,EF_visitante
85,91,2021-04-29,1,4,2020-2021,Sesi Franca,Minas,0,86.66666666666667,23.8,47.332666666666675,15.532000000000004,36.40133333333333,7.400666666666667,29.000666666666667,18.268000000000004,11.667333333333334,1.61,7.932,22.06533333333333,36.45399999999999,23.667333333333335,42.13333333333333,56.135999999999996,15.532000000000004,19.866666666666667,78.59666666666665,2.6,8.133333333333333,0.702,2.068,18.600000000000005,0.112,11.667333333333334,1.2660000000000002,102.93199999999999,86.46533333333333,30.4,41.998666666666665,14.066666666666666,40.666666666666664,11.466666666666667,29.2,19.066666666666666,12.866666666666667,1.5179999999999998,10.133333333333333,25.267999999999997,39.958,21.00133333333333,39.665333333333336,52.84466666666666,14.066666666666666,19.665333333333333,71.45,0.9333333333333333,5.266666666666667,0.4233333333333333,2.8006666666666664,20.466,0.13933333333333328,12.866666666666667,2.1333333333333333,102.0
