placar_casa,placar_visitante,data,round,stage,ano,equipe_casa,equipe_visitante,resultado,Pts_casa,3P_casa,2P_casa,LL_casa,RT_casa,RO_casa,RD_casa,AS_casa,ER_casa,IA%_casa,3PC_casa,3PT_casa,3P%_casa,2PC_casa,2PT_casa,2P%_casa,LLC_casa,LLT_casa,LL%_casa,EN_casa,BR_casa,B/E_casa,TO_casa,FC_casa,T/FC_casa,ET_casa,VI_casa,EF_casa,Pts_visitante,3P_visitante,2P_visitante,LL_visitante,RT_visitante,RO_visitante,RD_visitante,AS_visitante,ER_visitante,IA%_visitante,3PC_visitante,3PT_visitante,3P%_visitante,2PC_visitante,2PT_visitante,2P%_visitante,LLC_visitante,LLT_visitante,LL%_visitante,EN_visitante,BR_visitante,B/E_visitante,TO_visitante,FC_visitante,T/FC_visitante,ET_visitante,VI_visitante,EF_visitante
79,99,2023-02-17,3,2,2022-2023,São Paulo,UNIFACISA,0,89.06599999999999,36.2,39.46600000000001,13.4,37.333999999999996,8.266,29.065999999999995,18.734,12.733999999999998,1.6133333333333333,12.066000000000003,30.067333333333337,39.88266666666666,19.734,34.66733333333333,57.14733333333334,13.4,17.465999999999998,76.95599999999999,1.6,7.2,0.6126666666666666,1.9333333333333333,20.866666666666667,0.09600000000000003,12.733999999999998,1.8666666666666667,104.53266666666666,80.4,31.1,36.06666666666667,13.233333333333333,38.8,11.166666666666666,27.633333333333333,15.2,12.933333333333334,1.2293333333333336,10.366666666666667,31.066666666666666,33.364000000000004,18.033333333333335,35.56666666666667,50.40800000000001,13.233333333333333,17.3,77.262,0.9333333333333333,6.533333333333333,0.518,1.5333333333333334,19.8,0.078,12.933333333333334,2.433333333333333,87.23333333333333
