placar_casa,placar_visitante,data,round,stage,ano,equipe_casa,equipe_visitante,resultado,Pts_casa,3P_casa,2P_casa,LL_casa,RT_casa,RO_casa,RD_casa,AS_casa,ER_casa,IA%_casa,3PC_casa,3PT_casa,3P%_casa,2PC_casa,2PT_casa,2P%_casa,LLC_casa,LLT_casa,LL%_casa,EN_casa,BR_casa,B/E_casa,TO_casa,FC_casa,T/FC_casa,ET_casa,VI_casa,EF_casa,Pts_visitante,3P_visitante,2P_visitante,LL_visitante,RT_visitante,RO_visitante,RD_visitante,AS_visitante,ER_visitante,IA%_visitante,3PC_visitante,3PT_visitante,3P%_visitante,2PC_visitante,2PT_visitante,2P%_visitante,LLC_visitante,LLT_visitante,LL%_visitante,EN_visitante,BR_visitante,B/E_visitante,TO_visitante,FC_visitante,T/FC_visitante,ET_visitante,VI_visitante,EF_visitante
93,82,2020-03-03,7,2,2019-2020,Flamengo,Pinheiros,1,83.33266666666667,30.7,37.06666666666667,15.566000000000003,38.734,11.066000000000003,27.665999999999997,18.7,11.96733333333333,1.6540000000000001,10.233333333333333,28.633333333333333,35.84000000000001,18.533333333333335,36.333999999999996,51.26199999999999,15.566000000000003,22.199333333333332,71.02866666666665,0.9673333333333333,7.800666666666667,0.672,2.2,19.832666666666665,0.11333333333333337,11.96733333333333,2.1326666666666663,95.89933333333332,81.06666666666666,26.0,41.46666666666667,13.6,35.06666666666667,10.0,25.066666666666666,16.466666666666665,14.333333333333334,1.2393333333333332,8.666666666666666,22.8,37.980000000000004,20.733333333333334,38.86666666666667,53.412666666666674,13.6,20.266666666666666,67.99333333333334,1.4,7.2,0.5273333333333333,1.5333333333333334,19.8,0.07933333333333333,14.333333333333334,2.2666666666666666,87.93333333333334
