placar_casa,placar_visitante,data,round,stage,ano,equipe_casa,equipe_visitante,resultado,Pts_casa,3P_casa,2P_casa,LL_casa,RT_casa,RO_casa,RD_casa,AS_casa,ER_casa,IA%_casa,3PC_casa,3PT_casa,3P%_casa,2PC_casa,2PT_casa,2P%_casa,LLC_casa,LLT_casa,LL%_casa,EN_casa,BR_casa,B/E_casa,TO_casa,FC_casa,T/FC_casa,ET_casa,VI_casa,EF_casa,Pts_visitante,3P_visitante,2P_visitante,LL_visitante,RT_visitante,RO_visitante,RD_visitante,AS_visitante,ER_visitante,IA%_visitante,3PC_visitante,3PT_visitante,3P%_visitante,2PC_visitante,2PT_visitante,2P%_visitante,LLC_visitante,LLT_visitante,LL%_visitante,EN_visitante,BR_visitante,B/E_visitante,TO_visitante,FC_visitante,T/FC_visitante,ET_visitante,VI_visitante,EF_visitante
76,78,2009-04-22,9,2,2008-2009,Pinheiros,Brasília,0,88.93333333333334,27.8,43.06666666666667,18.066666666666666,31.533333333333335,9.0,22.533333333333335,16.333333333333332,12.8,1.3313333333333333,9.266666666666667,23.733333333333334,39.43266666666667,21.533333333333335,37.53333333333333,57.79466666666667,18.066666666666666,24.066666666666666,75.21066666666665,3.2666666666666666,7.866666666666666,0.6493333333333333,1.8666666666666667,17.133333333333333,0.11133333333333333,12.8,0.0,97.26666666666667,90.0,22.8,45.06666666666667,22.133333333333333,31.466666666666665,7.133333333333334,24.333333333333332,15.866666666666667,14.8,1.1133333333333333,7.6,21.733333333333334,35.50599999999999,22.533333333333335,36.666666666666664,61.85733333333332,22.133333333333333,29.2,74.94266666666665,2.6666666666666665,8.333333333333334,0.5880000000000002,4.133333333333334,22.6,0.20133333333333336,14.8,0.0,99.66666666666667
