placar_casa,placar_visitante,data,round,stage,ano,equipe_casa,equipe_visitante,resultado,Pts_casa,3P_casa,2P_casa,LL_casa,RT_casa,RO_casa,RD_casa,AS_casa,ER_casa,IA%_casa,3PC_casa,3PT_casa,3P%_casa,2PC_casa,2PT_casa,2P%_casa,LLC_casa,LLT_casa,LL%_casa,EN_casa,BR_casa,B/E_casa,TO_casa,FC_casa,T/FC_casa,ET_casa,VI_casa,EF_casa,Pts_visitante,3P_visitante,2P_visitante,LL_visitante,RT_visitante,RO_visitante,RD_visitante,AS_visitante,ER_visitante,IA%_visitante,3PC_visitante,3PT_visitante,3P%_visitante,2PC_visitante,2PT_visitante,2P%_visitante,LLC_visitante,LLT_visitante,LL%_visitante,EN_visitante,BR_visitante,B/E_visitante,TO_visitante,FC_visitante,T/FC_visitante,ET_visitante,VI_visitante,EF_visitante
80,81,2020-01-17,1,2,2019-2020,UNIFACISA,Pinheiros,0,83.466,30.2,40.400666666666666,12.867333333333336,38.13333333333333,10.532666666666668,27.60066666666667,18.134000000000004,12.132666666666669,1.513333333333333,10.066,29.134000000000004,34.406666666666666,20.199333333333335,37.599333333333334,53.62133333333332,12.867333333333336,17.132666666666662,73.804,1.5326666666666664,7.066666666666666,0.5973333333333333,2.467333333333334,20.267333333333337,0.12666666666666665,12.132666666666669,1.9326666666666663,96.26666666666667,79.64399999999999,25.3,39.156,15.189333333333334,36.333333333333336,10.089333333333334,26.243999999999996,15.756,13.956,1.1819999999999997,8.433333333333334,23.8,35.162,19.577333333333332,37.21066666666666,53.042666666666676,15.189333333333334,21.122666666666667,72.34133333333334,1.1773333333333333,7.3773333333333335,0.5433333333333333,1.7226666666666666,20.166666666666668,0.08733333333333335,13.956,2.7893333333333334,87.81066666666666
