placar_casa,placar_visitante,data,round,stage,ano,equipe_casa,equipe_visitante,resultado,Pts_casa,3P_casa,2P_casa,LL_casa,RT_casa,RO_casa,RD_casa,AS_casa,ER_casa,IA%_casa,3PC_casa,3PT_casa,3P%_casa,2PC_casa,2PT_casa,2P%_casa,LLC_casa,LLT_casa,LL%_casa,EN_casa,BR_casa,B/E_casa,TO_casa,FC_casa,T/FC_casa,ET_casa,VI_casa,EF_casa,Pts_visitante,3P_visitante,2P_visitante,LL_visitante,RT_visitante,RO_visitante,RD_visitante,AS_visitante,ER_visitante,IA%_visitante,3PC_visitante,3PT_visitante,3P%_visitante,2PC_visitante,2PT_visitante,2P%_visitante,LLC_visitante,LLT_visitante,LL%_visitante,EN_visitante,BR_visitante,B/E_visitante,TO_visitante,FC_visitante,T/FC_visitante,ET_visitante,VI_visitante,EF_visitante
67,75,2021-04-11,8,2,2020-2021,Cerrado,Paulistano,0,76.08999999999999,24.266666666666666,39.73199999999999,12.089333333333334,38.60066666666667,11.71133333333333,26.89066666666667,14.866666666666667,13.466666666666665,1.1393333333333333,8.088666666666667,25.09,32.64666666666667,19.868000000000002,42.31133333333333,47.018,12.089333333333334,16.624,73.46866666666669,1.6199999999999999,8.578,0.6406666666666667,2.5319999999999996,18.690666666666672,0.1333333333333333,13.466666666666665,2.5986666666666665,83.22333333333334,76.47800000000001,30.766666666666666,35.333333333333336,10.378000000000002,41.55533333333333,12.911333333333335,28.64466666666667,18.633333333333333,13.222,1.4379999999999997,10.255333333333333,31.322,32.98933333333333,17.666666666666668,35.37800000000001,49.936666666666675,10.378000000000002,15.633333333333333,65.77466666666668,2.0113333333333334,8.0,0.6073333333333333,1.6553333333333333,17.611333333333334,0.09666666666666669,13.222,2.9219999999999997,89.06666666666666
