placar_casa,placar_visitante,data,round,stage,ano,equipe_casa,equipe_visitante,resultado,Pts_casa,3P_casa,2P_casa,LL_casa,RT_casa,RO_casa,RD_casa,AS_casa,ER_casa,IA%_casa,3PC_casa,3PT_casa,3P%_casa,2PC_casa,2PT_casa,2P%_casa,LLC_casa,LLT_casa,LL%_casa,EN_casa,BR_casa,B/E_casa,TO_casa,FC_casa,T/FC_casa,ET_casa,VI_casa,EF_casa,Pts_visitante,3P_visitante,2P_visitante,LL_visitante,RT_visitante,RO_visitante,RD_visitante,AS_visitante,ER_visitante,IA%_visitante,3PC_visitante,3PT_visitante,3P%_visitante,2PC_visitante,2PT_visitante,2P%_visitante,LLC_visitante,LLT_visitante,LL%_visitante,EN_visitante,BR_visitante,B/E_visitante,TO_visitante,FC_visitante,T/FC_visitante,ET_visitante,VI_visitante,EF_visitante
85,94,2013-02-21,7,2,2012-2013,Bauru Basket,L. Sorocabana,0,82.6,64.6,43.06666666666667,13.733333333333333,30.6,8.666666666666666,21.933333333333334,16.466666666666665,12.133333333333333,1.4666666666666666,8.6,21.933333333333334,39.25733333333334,21.533333333333335,40.13333333333333,54.15466666666667,13.733333333333333,18.4,75.82933333333332,1.8666666666666667,8.266666666666667,0.7439999999999998,2.466666666666667,18.6,0.13333333333333333,12.133333333333333,3.0,99.33333333333333,80.4,63.6,42.4,16.6,28.133333333333333,9.866666666666667,18.266666666666666,11.8,12.133333333333333,1.028,7.133333333333334,21.666666666666668,32.67733333333333,21.2,40.93333333333333,52.03466666666666,16.6,21.8,76.27600000000001,1.8666666666666667,8.8,0.7593333333333334,1.4666666666666666,19.466666666666665,0.07733333333333334,12.133333333333333,2.6666666666666665,86.86666666666666
