placar_casa,placar_visitante,data,round,stage,ano,equipe_casa,equipe_visitante,resultado,Pts_casa,3P_casa,2P_casa,LL_casa,RT_casa,RO_casa,RD_casa,AS_casa,ER_casa,IA%_casa,3PC_casa,3PT_casa,3P%_casa,2PC_casa,2PT_casa,2P%_casa,LLC_casa,LLT_casa,LL%_casa,EN_casa,BR_casa,B/E_casa,TO_casa,FC_casa,T/FC_casa,ET_casa,VI_casa,EF_casa,Pts_visitante,3P_visitante,2P_visitante,LL_visitante,RT_visitante,RO_visitante,RD_visitante,AS_visitante,ER_visitante,IA%_visitante,3PC_visitante,3PT_visitante,3P%_visitante,2PC_visitante,2PT_visitante,2P%_visitante,LLC_visitante,LLT_visitante,LL%_visitante,EN_visitante,BR_visitante,B/E_visitante,TO_visitante,FC_visitante,T/FC_visitante,ET_visitante,VI_visitante,EF_visitante
87,68,2019-11-19,6,1,2019-2020,Minas,Bauru Basket,1,82.16666666666667,26.0,41.666666666666664,14.5,39.166666666666664,13.166666666666666,26.0,17.166666666666668,11.833333333333334,1.528333333333333,8.666666666666666,28.0,30.618333333333336,20.833333333333332,37.666666666666664,56.048333333333346,14.5,19.666666666666668,74.18166666666666,1.0,6.833333333333333,0.5866666666666668,1.6666666666666667,24.166666666666668,0.06666666666666667,11.833333333333334,1.5,93.66666666666667,82.5,22.6875,44.25,15.5625,33.9375,8.625,25.3125,17.125,14.5625,1.19625,7.5625,25.0625,30.331249999999997,22.125,38.9375,56.89875,15.5625,22.375,69.9175,1.375,9.6875,0.6700000000000002,1.9375,19.375,0.10375000000000001,14.5625,2.0,89.5
