placar_casa,placar_visitante,data,round,stage,ano,equipe_casa,equipe_visitante,resultado,Pts_casa,3P_casa,2P_casa,LL_casa,RT_casa,RO_casa,RD_casa,AS_casa,ER_casa,IA%_casa,3PC_casa,3PT_casa,3P%_casa,2PC_casa,2PT_casa,2P%_casa,LLC_casa,LLT_casa,LL%_casa,EN_casa,BR_casa,B/E_casa,TO_casa,FC_casa,T/FC_casa,ET_casa,VI_casa,EF_casa,Pts_visitante,3P_visitante,2P_visitante,LL_visitante,RT_visitante,RO_visitante,RD_visitante,AS_visitante,ER_visitante,IA%_visitante,3PC_visitante,3PT_visitante,3P%_visitante,2PC_visitante,2PT_visitante,2P%_visitante,LLC_visitante,LLT_visitante,LL%_visitante,EN_visitante,BR_visitante,B/E_visitante,TO_visitante,FC_visitante,T/FC_visitante,ET_visitante,VI_visitante,EF_visitante
69,77,2012-04-19,3,3,2011-2012,Paulistano,Sesi Franca,0,81.46666666666667,26.4,38.13333333333333,16.933333333333334,28.733333333333334,6.6,22.133333333333333,13.933333333333334,14.8,1.0346666666666668,8.8,22.6,38.71666666666667,19.066666666666666,34.93333333333333,54.55133333333334,16.933333333333334,23.133333333333333,69.908,1.3333333333333333,6.866666666666666,0.5093333333333334,1.6666666666666667,22.333333333333332,0.08066666666666668,14.8,4.133333333333334,88.73333333333333,85.06666666666666,20.8,45.86666666666667,18.4,29.266666666666666,8.266666666666667,21.0,16.333333333333332,12.533333333333333,1.4553333333333331,6.933333333333334,19.933333333333334,34.78,22.933333333333334,40.666666666666664,56.93399999999999,18.4,22.466666666666665,82.25866666666667,1.6666666666666667,6.933333333333334,0.606,3.066666666666667,23.066666666666666,0.13533333333333333,12.533333333333333,3.1333333333333333,98.2
