placar_casa,placar_visitante,data,round,stage,ano,equipe_casa,equipe_visitante,resultado,Pts_casa,3P_casa,2P_casa,LL_casa,RT_casa,RO_casa,RD_casa,AS_casa,ER_casa,IA%_casa,3PC_casa,3PT_casa,3P%_casa,2PC_casa,2PT_casa,2P%_casa,LLC_casa,LLT_casa,LL%_casa,EN_casa,BR_casa,B/E_casa,TO_casa,FC_casa,T/FC_casa,ET_casa,VI_casa,EF_casa,Pts_visitante,3P_visitante,2P_visitante,LL_visitante,RT_visitante,RO_visitante,RD_visitante,AS_visitante,ER_visitante,IA%_visitante,3PC_visitante,3PT_visitante,3P%_visitante,2PC_visitante,2PT_visitante,2P%_visitante,LLC_visitante,LLT_visitante,LL%_visitante,EN_visitante,BR_visitante,B/E_visitante,TO_visitante,FC_visitante,T/FC_visitante,ET_visitante,VI_visitante,EF_visitante
84,95,2021-04-23,2,3,2020-2021,Mogi,UNIFACISA,0,80.09866666666667,31.4,36.666000000000004,12.032666666666668,39.63199999999999,11.2,28.434000000000005,21.434,15.532666666666668,1.4093333333333333,10.466666666666667,30.8,33.64733333333334,18.334000000000003,34.13333333333333,53.82533333333334,12.032666666666668,15.401333333333332,77.42,2.332,6.433333333333334,0.4313333333333333,2.5333333333333328,21.631999999999998,0.11800000000000001,15.532666666666668,2.4013333333333335,95.09933333333335,81.62266666666666,28.666666666666668,41.199333333333335,11.756666666666668,36.10999999999999,10.643999999999998,25.468000000000007,18.333333333333336,15.356,1.2946666666666666,9.556000000000001,25.77866666666667,36.89266666666666,20.60066666666667,39.955999999999996,51.538666666666664,11.756666666666668,16.356666666666666,71.77733333333335,0.978,7.890000000000001,0.5653333333333332,2.7333333333333334,20.866666666666667,0.1353333333333334,15.356,2.822666666666667,91.15733333333334
