placar_casa,placar_visitante,data,round,stage,ano,equipe_casa,equipe_visitante,resultado,Pts_casa,3P_casa,2P_casa,LL_casa,RT_casa,RO_casa,RD_casa,AS_casa,ER_casa,IA%_casa,3PC_casa,3PT_casa,3P%_casa,2PC_casa,2PT_casa,2P%_casa,LLC_casa,LLT_casa,LL%_casa,EN_casa,BR_casa,B/E_casa,TO_casa,FC_casa,T/FC_casa,ET_casa,VI_casa,EF_casa,Pts_visitante,3P_visitante,2P_visitante,LL_visitante,RT_visitante,RO_visitante,RD_visitante,AS_visitante,ER_visitante,IA%_visitante,3PC_visitante,3PT_visitante,3P%_visitante,2PC_visitante,2PT_visitante,2P%_visitante,LLC_visitante,LLT_visitante,LL%_visitante,EN_visitante,BR_visitante,B/E_visitante,TO_visitante,FC_visitante,T/FC_visitante,ET_visitante,VI_visitante,EF_visitante
74,70,2021-03-12,6,2,2020-2021,Minas,Caxias do Sul Basquete,1,87.39866666666668,33.2,39.06533333333333,15.133333333333333,39.53333333333333,10.333333333333334,29.2,19.6,13.2,1.538,11.066666666666666,25.334666666666674,43.634,19.53466666666667,37.398666666666664,52.07,15.133333333333333,19.19866666666666,78.30733333333335,1.1333333333333333,5.266666666666667,0.4126666666666668,2.3340000000000005,20.99933333333333,0.11266666666666668,13.2,2.066666666666667,104.73333333333332,79.83266666666665,27.2,38.06733333333333,14.56733333333333,36.599333333333334,10.033333333333335,26.565999999999995,17.1,13.700666666666667,1.2546666666666664,9.066,25.033333333333335,36.413333333333334,19.032666666666668,36.50133333333334,52.24866666666665,14.56733333333333,20.834000000000003,70.03333333333333,1.2659999999999996,5.701333333333334,0.4179999999999999,1.0993333333333335,20.865999999999996,0.05400000000000001,13.700666666666667,2.934,86.93333333333334
