placar_casa,placar_visitante,data,round,stage,ano,equipe_casa,equipe_visitante,resultado,Pts_casa,3P_casa,2P_casa,LL_casa,RT_casa,RO_casa,RD_casa,AS_casa,ER_casa,IA%_casa,3PC_casa,3PT_casa,3P%_casa,2PC_casa,2PT_casa,2P%_casa,LLC_casa,LLT_casa,LL%_casa,EN_casa,BR_casa,B/E_casa,TO_casa,FC_casa,T/FC_casa,ET_casa,VI_casa,EF_casa,Pts_visitante,3P_visitante,2P_visitante,LL_visitante,RT_visitante,RO_visitante,RD_visitante,AS_visitante,ER_visitante,IA%_visitante,3PC_visitante,3PT_visitante,3P%_visitante,2PC_visitante,2PT_visitante,2P%_visitante,LLC_visitante,LLT_visitante,LL%_visitante,EN_visitante,BR_visitante,B/E_visitante,TO_visitante,FC_visitante,T/FC_visitante,ET_visitante,VI_visitante,EF_visitante
84,80,2022-01-25,1,2,2021-2022,Rio Claro,Pinheiros,1,73.5,24.214285714285715,35.857142857142854,13.428571428571429,34.857142857142854,10.428571428571429,24.428571428571427,15.571428571428571,11.642857142857142,1.3828571428571428,8.071428571428571,26.642857142857142,30.27071428571428,17.928571428571427,37.5,47.85357142857144,13.428571428571429,18.5,72.09071428571428,1.5,8.071428571428571,0.7142857142857143,1.5,22.214285714285715,0.06642857142857142,11.642857142857142,2.2142857142857144,78.64285714285714,76.86666666666666,26.5,38.2,12.166666666666666,43.53333333333333,15.966666666666667,27.566666666666666,15.7,13.466666666666667,1.1900000000000002,8.833333333333334,28.733333333333334,31.052,19.1,41.266666666666666,46.51933333333333,12.166666666666666,18.2,66.55533333333332,1.6,7.066666666666666,0.5333333333333333,3.3,16.966666666666665,0.19400000000000003,13.466666666666667,2.3666666666666667,84.9
