placar_casa,placar_visitante,data,round,stage,ano,equipe_casa,equipe_visitante,resultado,Pts_casa,3P_casa,2P_casa,LL_casa,RT_casa,RO_casa,RD_casa,AS_casa,ER_casa,IA%_casa,3PC_casa,3PT_casa,3P%_casa,2PC_casa,2PT_casa,2P%_casa,LLC_casa,LLT_casa,LL%_casa,EN_casa,BR_casa,B/E_casa,TO_casa,FC_casa,T/FC_casa,ET_casa,VI_casa,EF_casa,Pts_visitante,3P_visitante,2P_visitante,LL_visitante,RT_visitante,RO_visitante,RD_visitante,AS_visitante,ER_visitante,IA%_visitante,3PC_visitante,3PT_visitante,3P%_visitante,2PC_visitante,2PT_visitante,2P%_visitante,LLC_visitante,LLT_visitante,LL%_visitante,EN_visitante,BR_visitante,B/E_visitante,TO_visitante,FC_visitante,T/FC_visitante,ET_visitante,VI_visitante,EF_visitante
87,78,2013-05-03,3,4,2012-2013,Bauru Basket,Sesi Franca,1,83.13333333333334,48.6,46.0,11.533333333333333,31.133333333333333,7.8,23.333333333333332,16.066666666666666,11.2,1.633333333333333,8.533333333333333,22.266666666666666,38.727999999999994,23.0,39.93333333333333,58.874,11.533333333333333,16.0,72.6233333333333,1.8,6.066666666666666,0.6133333333333334,1.4,17.666666666666668,0.08333333333333333,11.2,1.6,94.4,74.4,30.4,45.6,12.8,29.2,8.2,21.0,15.2,13.6,1.2393333333333334,5.333333333333333,15.866666666666667,33.99933333333333,22.8,43.8,52.334666666666664,12.8,17.933333333333334,71.094,3.6,10.533333333333333,0.8253333333333333,4.6,19.133333333333333,0.25199999999999995,13.6,2.2,85.73333333333333
