placar_casa,placar_visitante,data,round,stage,ano,equipe_casa,equipe_visitante,resultado,Pts_casa,3P_casa,2P_casa,LL_casa,RT_casa,RO_casa,RD_casa,AS_casa,ER_casa,IA%_casa,3PC_casa,3PT_casa,3P%_casa,2PC_casa,2PT_casa,2P%_casa,LLC_casa,LLT_casa,LL%_casa,EN_casa,BR_casa,B/E_casa,TO_casa,FC_casa,T/FC_casa,ET_casa,VI_casa,EF_casa,Pts_visitante,3P_visitante,2P_visitante,LL_visitante,RT_visitante,RO_visitante,RD_visitante,AS_visitante,ER_visitante,IA%_visitante,3PC_visitante,3PT_visitante,3P%_visitante,2PC_visitante,2PT_visitante,2P%_visitante,LLC_visitante,LLT_visitante,LL%_visitante,EN_visitante,BR_visitante,B/E_visitante,TO_visitante,FC_visitante,T/FC_visitante,ET_visitante,VI_visitante,EF_visitante
67,62,2013-03-25,16,2,2012-2013,Bauru Basket,Pinheiros,1,85.6,61.0,44.93333333333333,13.866666666666667,31.133333333333333,8.733333333333333,22.4,16.466666666666665,10.533333333333333,1.7233333333333334,8.933333333333334,22.933333333333334,39.190000000000005,22.466666666666665,41.4,54.541333333333334,13.866666666666667,18.6,74.40533333333335,1.8666666666666667,7.4,0.7326666666666666,1.7333333333333334,18.666666666666668,0.09066666666666667,10.533333333333333,2.1333333333333333,100.13333333333334,84.46666666666667,55.2,39.2,13.266666666666667,26.666666666666668,5.8,20.866666666666667,16.533333333333335,11.733333333333333,1.4613333333333334,10.666666666666666,27.466666666666665,38.93933333333334,19.6,32.0,61.154666666666664,13.266666666666667,17.4,74.86666666666666,1.7333333333333334,6.133333333333334,0.554,2.066666666666667,20.133333333333333,0.10866666666666666,11.733333333333333,2.3333333333333335,96.4
