placar_casa,placar_visitante,data,round,stage,ano,equipe_casa,equipe_visitante,resultado,Pts_casa,3P_casa,2P_casa,LL_casa,RT_casa,RO_casa,RD_casa,AS_casa,ER_casa,IA%_casa,3PC_casa,3PT_casa,3P%_casa,2PC_casa,2PT_casa,2P%_casa,LLC_casa,LLT_casa,LL%_casa,EN_casa,BR_casa,B/E_casa,TO_casa,FC_casa,T/FC_casa,ET_casa,VI_casa,EF_casa,Pts_visitante,3P_visitante,2P_visitante,LL_visitante,RT_visitante,RO_visitante,RD_visitante,AS_visitante,ER_visitante,IA%_visitante,3PC_visitante,3PT_visitante,3P%_visitante,2PC_visitante,2PT_visitante,2P%_visitante,LLC_visitante,LLT_visitante,LL%_visitante,EN_visitante,BR_visitante,B/E_visitante,TO_visitante,FC_visitante,T/FC_visitante,ET_visitante,VI_visitante,EF_visitante
67,88,2013-12-19,11,1,2013-2014,Limeira,Flamengo,0,81.625,26.625,42.75,12.25,35.375,8.125,27.25,17.375,10.875,1.6549999999999998,8.875,19.0,46.6875,21.375,40.5,53.068749999999994,12.25,16.625,74.8025,1.625,8.625,0.83125,2.375,20.875,0.115,10.875,2.5,100.875,76.88888888888889,21.333333333333332,38.44444444444444,17.11111111111111,37.0,10.88888888888889,26.11111111111111,13.444444444444445,14.777777777777779,0.9766666666666668,7.111111111111111,22.11111111111111,32.33555555555556,19.22222222222222,37.44444444444444,51.45444444444445,17.11111111111111,22.555555555555557,76.29333333333332,2.2222222222222223,8.666666666666666,0.5855555555555556,2.888888888888889,19.11111111111111,0.14555555555555558,14.777777777777779,2.7777777777777777,85.44444444444444
