placar_casa,placar_visitante,data,round,stage,ano,equipe_casa,equipe_visitante,resultado,Pts_casa,3P_casa,2P_casa,LL_casa,RT_casa,RO_casa,RD_casa,AS_casa,ER_casa,IA%_casa,3PC_casa,3PT_casa,3P%_casa,2PC_casa,2PT_casa,2P%_casa,LLC_casa,LLT_casa,LL%_casa,EN_casa,BR_casa,B/E_casa,TO_casa,FC_casa,T/FC_casa,ET_casa,VI_casa,EF_casa,Pts_visitante,3P_visitante,2P_visitante,LL_visitante,RT_visitante,RO_visitante,RD_visitante,AS_visitante,ER_visitante,IA%_visitante,3PC_visitante,3PT_visitante,3P%_visitante,2PC_visitante,2PT_visitante,2P%_visitante,LLC_visitante,LLT_visitante,LL%_visitante,EN_visitante,BR_visitante,B/E_visitante,TO_visitante,FC_visitante,T/FC_visitante,ET_visitante,VI_visitante,EF_visitante
79,83,2024-10-28,4,1,2024-2025,Paulistano,Bauru Basket,0,79.0,31.0,35.333333333333336,12.666666666666666,36.666666666666664,11.666666666666666,25.0,18.333333333333332,15.666666666666666,1.21,10.333333333333334,26.0,39.193333333333335,17.666666666666668,34.0,51.69333333333333,12.666666666666666,18.0,72.68333333333334,2.6666666666666665,8.0,0.5033333333333333,2.3333333333333335,20.0,0.11,15.666666666666666,1.3333333333333333,91.33333333333333,80.66666666666667,24.0,38.0,18.666666666666668,44.333333333333336,16.0,28.333333333333332,17.0,11.0,1.5833333333333333,8.0,33.666666666666664,23.586666666666662,19.0,38.666666666666664,49.06999999999999,18.666666666666668,25.0,72.12666666666667,0.6666666666666666,6.666666666666667,0.6266666666666666,2.6666666666666665,25.666666666666668,0.10666666666666667,11.0,2.0,88.66666666666667
