placar_casa,placar_visitante,data,round,stage,ano,equipe_casa,equipe_visitante,resultado,Pts_casa,3P_casa,2P_casa,LL_casa,RT_casa,RO_casa,RD_casa,AS_casa,ER_casa,IA%_casa,3PC_casa,3PT_casa,3P%_casa,2PC_casa,2PT_casa,2P%_casa,LLC_casa,LLT_casa,LL%_casa,EN_casa,BR_casa,B/E_casa,TO_casa,FC_casa,T/FC_casa,ET_casa,VI_casa,EF_casa,Pts_visitante,3P_visitante,2P_visitante,LL_visitante,RT_visitante,RO_visitante,RD_visitante,AS_visitante,ER_visitante,IA%_visitante,3PC_visitante,3PT_visitante,3P%_visitante,2PC_visitante,2PT_visitante,2P%_visitante,LLC_visitante,LLT_visitante,LL%_visitante,EN_visitante,BR_visitante,B/E_visitante,TO_visitante,FC_visitante,T/FC_visitante,ET_visitante,VI_visitante,EF_visitante
87,79,2021-12-21,9,1,2021-2022,Sesi Franca,BRB/Brasília,1,90.91666666666667,32.0,44.333333333333336,14.583333333333334,42.166666666666664,9.583333333333334,32.583333333333336,18.916666666666668,13.416666666666666,1.4699999999999998,10.666666666666666,28.75,37.12500000000001,22.166666666666668,35.75,62.100833333333334,14.583333333333334,19.083333333333332,77.66916666666667,3.0833333333333335,5.833333333333333,0.44916666666666666,2.75,15.666666666666666,0.20583333333333334,13.416666666666666,2.0,111.0,66.53923076923076,18.0,33.53923076923077,15.0,41.385384615384616,10.614615384615385,30.768461538461533,12.383846153846157,15.846153846153847,0.8438461538461536,5.999230769230769,22.076923076923077,27.18153846153846,16.768461538461533,37.15384615384615,45.576153846153844,15.0,21.38384615384615,70.5576923076923,0.9223076923076923,3.922307692307692,0.25846153846153846,2.6930769230769234,17.92230769230769,0.15384615384615388,15.846153846153847,2.5392307692307696,68.23076923076923
