placar_casa,placar_visitante,data,round,stage,ano,equipe_casa,equipe_visitante,resultado,Pts_casa,3P_casa,2P_casa,LL_casa,RT_casa,RO_casa,RD_casa,AS_casa,ER_casa,IA%_casa,3PC_casa,3PT_casa,3P%_casa,2PC_casa,2PT_casa,2P%_casa,LLC_casa,LLT_casa,LL%_casa,EN_casa,BR_casa,B/E_casa,TO_casa,FC_casa,T/FC_casa,ET_casa,VI_casa,EF_casa,Pts_visitante,3P_visitante,2P_visitante,LL_visitante,RT_visitante,RO_visitante,RD_visitante,AS_visitante,ER_visitante,IA%_visitante,3PC_visitante,3PT_visitante,3P%_visitante,2PC_visitante,2PT_visitante,2P%_visitante,LLC_visitante,LLT_visitante,LL%_visitante,EN_visitante,BR_visitante,B/E_visitante,TO_visitante,FC_visitante,T/FC_visitante,ET_visitante,VI_visitante,EF_visitante
80,72,2009-05-06,13,2,2008-2009,Limeira,Pinheiros,1,85.0,26.2,42.4,16.4,29.0,7.4,21.6,17.2,14.066666666666666,1.3093333333333335,8.733333333333333,23.066666666666666,38.32266666666666,21.2,37.266666666666666,56.84466666666666,16.4,22.466666666666665,72.59066666666666,3.2666666666666666,8.266666666666667,0.5793333333333336,3.7333333333333334,19.866666666666667,0.20666666666666667,14.066666666666666,0.0,92.66666666666667,88.53333333333333,26.6,44.266666666666666,17.666666666666668,32.0,9.2,22.8,16.2,12.466666666666667,1.344,8.866666666666667,24.133333333333333,37.47933333333334,22.133333333333333,37.86666666666667,58.50999999999999,17.666666666666668,23.666666666666668,74.83066666666667,3.533333333333333,8.666666666666666,0.7026666666666668,2.0,16.6,0.12200000000000001,12.466666666666667,0.0,97.93333333333334
