placar_casa,placar_visitante,data,round,stage,ano,equipe_casa,equipe_visitante,resultado,Pts_casa,3P_casa,2P_casa,LL_casa,RT_casa,RO_casa,RD_casa,AS_casa,ER_casa,IA%_casa,3PC_casa,3PT_casa,3P%_casa,2PC_casa,2PT_casa,2P%_casa,LLC_casa,LLT_casa,LL%_casa,EN_casa,BR_casa,B/E_casa,TO_casa,FC_casa,T/FC_casa,ET_casa,VI_casa,EF_casa,Pts_visitante,3P_visitante,2P_visitante,LL_visitante,RT_visitante,RO_visitante,RD_visitante,AS_visitante,ER_visitante,IA%_visitante,3PC_visitante,3PT_visitante,3P%_visitante,2PC_visitante,2PT_visitante,2P%_visitante,LLC_visitante,LLT_visitante,LL%_visitante,EN_visitante,BR_visitante,B/E_visitante,TO_visitante,FC_visitante,T/FC_visitante,ET_visitante,VI_visitante,EF_visitante
79,68,2021-05-01,2,4,2020-2021,São Paulo,Corinthians,1,88.46733333333333,33.8,40.79933333333334,13.866000000000001,39.734,9.799333333333333,29.932666666666666,18.067333333333334,11.466000000000001,1.6353333333333333,11.267333333333333,29.9,37.723333333333336,20.400666666666666,36.199333333333335,56.268666666666654,13.866000000000001,17.533333333333335,79.39200000000001,2.3673333333333333,7.200666666666667,0.6579999999999998,2.966666666666667,14.234,0.2166666666666667,11.466000000000001,1.7326666666666668,106.86733333333333,85.76600000000002,36.3,36.066,13.4,36.66733333333333,9.832666666666666,26.832666666666665,19.033333333333335,12.599333333333334,1.5953333333333333,12.1,30.065999999999995,40.38866666666668,18.034000000000002,35.467333333333336,50.912,13.4,17.667333333333335,76.99266666666668,1.4326666666666668,7.333333333333333,0.614,1.9659999999999997,18.89933333333333,0.10600000000000002,12.599333333333334,1.5333333333333334,98.5
