placar_casa,placar_visitante,data,round,stage,ano,equipe_casa,equipe_visitante,resultado,Pts_casa,3P_casa,2P_casa,LL_casa,RT_casa,RO_casa,RD_casa,AS_casa,ER_casa,IA%_casa,3PC_casa,3PT_casa,3P%_casa,2PC_casa,2PT_casa,2P%_casa,LLC_casa,LLT_casa,LL%_casa,EN_casa,BR_casa,B/E_casa,TO_casa,FC_casa,T/FC_casa,ET_casa,VI_casa,EF_casa,Pts_visitante,3P_visitante,2P_visitante,LL_visitante,RT_visitante,RO_visitante,RD_visitante,AS_visitante,ER_visitante,IA%_visitante,3PC_visitante,3PT_visitante,3P%_visitante,2PC_visitante,2PT_visitante,2P%_visitante,LLC_visitante,LLT_visitante,LL%_visitante,EN_visitante,BR_visitante,B/E_visitante,TO_visitante,FC_visitante,T/FC_visitante,ET_visitante,VI_visitante,EF_visitante
61,74,2023-01-06,12,1,2022-2023,Caxias do Sul Basquete,Bauru Basket,0,72.66666666666667,22.0,37.6,13.066666666666666,35.733333333333334,9.533333333333333,26.2,12.1,12.4,1.0153333333333332,7.333333333333333,24.966666666666665,29.079333333333338,18.8,38.266666666666666,49.11000000000001,13.066666666666666,18.1,72.21733333333333,0.7333333333333333,7.7,0.63,2.1,18.366666666666667,0.1166666666666667,12.4,2.066666666666667,75.76666666666667,78.96733333333333,31.1,35.8,12.067333333333336,34.532666666666664,10.100666666666665,24.434000000000005,16.633333333333333,10.366666666666667,1.7506666666666664,10.366000000000001,30.1,34.36466666666667,17.9,33.16733333333334,53.748000000000005,12.067333333333336,16.334000000000003,72.85666666666667,2.1,7.233333333333333,0.7446666666666666,1.5333333333333334,18.766666666666666,0.08866666666666669,10.366666666666667,1.9,89.26733333333335
