placar_casa,placar_visitante,data,round,stage,ano,equipe_casa,equipe_visitante,resultado,Pts_casa,3P_casa,2P_casa,LL_casa,RT_casa,RO_casa,RD_casa,AS_casa,ER_casa,IA%_casa,3PC_casa,3PT_casa,3P%_casa,2PC_casa,2PT_casa,2P%_casa,LLC_casa,LLT_casa,LL%_casa,EN_casa,BR_casa,B/E_casa,TO_casa,FC_casa,T/FC_casa,ET_casa,VI_casa,EF_casa,Pts_visitante,3P_visitante,2P_visitante,LL_visitante,RT_visitante,RO_visitante,RD_visitante,AS_visitante,ER_visitante,IA%_visitante,3PC_visitante,3PT_visitante,3P%_visitante,2PC_visitante,2PT_visitante,2P%_visitante,LLC_visitante,LLT_visitante,LL%_visitante,EN_visitante,BR_visitante,B/E_visitante,TO_visitante,FC_visitante,T/FC_visitante,ET_visitante,VI_visitante,EF_visitante
74,62,2013-11-23,4,1,2013-2014,Pinheiros,Flamengo,1,77.33333333333333,32.0,36.0,9.333333333333334,33.666666666666664,10.333333333333334,23.333333333333332,15.0,11.666666666666666,1.4533333333333334,10.666666666666666,25.333333333333332,41.67333333333334,18.0,40.666666666666664,43.693333333333335,9.333333333333334,16.333333333333332,60.5,0.6666666666666666,11.0,0.98,5.0,17.666666666666668,0.2733333333333334,11.666666666666666,2.0,86.0,84.33333333333333,27.0,36.666666666666664,20.666666666666668,38.666666666666664,11.0,27.666666666666668,13.333333333333334,13.666666666666666,0.9933333333333333,9.0,25.0,36.43333333333334,18.333333333333332,35.666666666666664,51.54333333333333,20.666666666666668,26.333333333333332,79.25,1.6666666666666667,11.333333333333334,0.8266666666666667,2.3333333333333335,16.666666666666668,0.13,13.666666666666666,2.6666666666666665,97.33333333333333
