placar_casa,placar_visitante,data,round,stage,ano,equipe_casa,equipe_visitante,resultado,Pts_casa,3P_casa,2P_casa,LL_casa,RT_casa,RO_casa,RD_casa,AS_casa,ER_casa,IA%_casa,3PC_casa,3PT_casa,3P%_casa,2PC_casa,2PT_casa,2P%_casa,LLC_casa,LLT_casa,LL%_casa,EN_casa,BR_casa,B/E_casa,TO_casa,FC_casa,T/FC_casa,ET_casa,VI_casa,EF_casa,Pts_visitante,3P_visitante,2P_visitante,LL_visitante,RT_visitante,RO_visitante,RD_visitante,AS_visitante,ER_visitante,IA%_visitante,3PC_visitante,3PT_visitante,3P%_visitante,2PC_visitante,2PT_visitante,2P%_visitante,LLC_visitante,LLT_visitante,LL%_visitante,EN_visitante,BR_visitante,B/E_visitante,TO_visitante,FC_visitante,T/FC_visitante,ET_visitante,VI_visitante,EF_visitante
65,75,2013-04-06,18,2,2012-2013,Suzano,Joinville,0,75.0,46.4,37.6,14.2,29.533333333333335,8.666666666666666,20.866666666666667,11.866666666666667,17.2,0.748,7.733333333333333,21.866666666666667,35.02866666666667,18.8,37.53333333333333,50.236666666666665,14.2,21.066666666666666,68.36133333333333,0.6,6.066666666666666,0.36733333333333323,1.2666666666666666,18.333333333333332,0.07533333333333334,17.2,3.1333333333333333,74.4,76.13333333333334,59.2,44.93333333333333,16.0,28.933333333333334,10.866666666666667,18.066666666666666,10.8,15.333333333333334,0.7826666666666665,5.066666666666666,17.533333333333335,28.541999999999994,22.466666666666665,44.53333333333333,50.232,16.0,23.466666666666665,67.85666666666665,2.533333333333333,9.0,0.6606666666666668,2.8666666666666667,20.866666666666667,0.13866666666666663,15.333333333333334,3.8,80.13333333333334
