placar_casa,placar_visitante,data,round,stage,ano,equipe_casa,equipe_visitante,resultado,Pts_casa,3P_casa,2P_casa,LL_casa,RT_casa,RO_casa,RD_casa,AS_casa,ER_casa,IA%_casa,3PC_casa,3PT_casa,3P%_casa,2PC_casa,2PT_casa,2P%_casa,LLC_casa,LLT_casa,LL%_casa,EN_casa,BR_casa,B/E_casa,TO_casa,FC_casa,T/FC_casa,ET_casa,VI_casa,EF_casa,Pts_visitante,3P_visitante,2P_visitante,LL_visitante,RT_visitante,RO_visitante,RD_visitante,AS_visitante,ER_visitante,IA%_visitante,3PC_visitante,3PT_visitante,3P%_visitante,2PC_visitante,2PT_visitante,2P%_visitante,LLC_visitante,LLT_visitante,LL%_visitante,EN_visitante,BR_visitante,B/E_visitante,TO_visitante,FC_visitante,T/FC_visitante,ET_visitante,VI_visitante,EF_visitante
93,78,2019-03-02,8,2,2018-2019,Sesi Franca,Pinheiros,1,86.73333333333333,31.2,39.93333333333333,15.6,33.43333333333333,7.4,26.033333333333335,17.4,11.7,1.506,10.4,27.333333333333332,37.860666666666674,19.966666666666665,33.4,60.162666666666674,15.6,19.133333333333333,81.532,1.9,6.433333333333334,0.5653333333333332,2.0,17.733333333333334,0.1113333333333333,11.7,1.7,100.2,81.8,32.1,35.06666666666667,14.633333333333333,36.9,11.733333333333333,25.166666666666668,15.033333333333333,12.8,1.3320000000000003,10.7,28.766666666666666,37.43399999999999,17.533333333333335,35.833333333333336,48.9,14.633333333333333,20.233333333333334,73.36066666666666,1.0333333333333334,7.633333333333334,0.67,1.4,19.333333333333332,0.07600000000000001,12.8,2.7333333333333334,87.96666666666667
