placar_casa,placar_visitante,data,round,stage,ano,equipe_casa,equipe_visitante,resultado,Pts_casa,3P_casa,2P_casa,LL_casa,RT_casa,RO_casa,RD_casa,AS_casa,ER_casa,IA%_casa,3PC_casa,3PT_casa,3P%_casa,2PC_casa,2PT_casa,2P%_casa,LLC_casa,LLT_casa,LL%_casa,EN_casa,BR_casa,B/E_casa,TO_casa,FC_casa,T/FC_casa,ET_casa,VI_casa,EF_casa,Pts_visitante,3P_visitante,2P_visitante,LL_visitante,RT_visitante,RO_visitante,RD_visitante,AS_visitante,ER_visitante,IA%_visitante,3PC_visitante,3PT_visitante,3P%_visitante,2PC_visitante,2PT_visitante,2P%_visitante,LLC_visitante,LLT_visitante,LL%_visitante,EN_visitante,BR_visitante,B/E_visitante,TO_visitante,FC_visitante,T/FC_visitante,ET_visitante,VI_visitante,EF_visitante
77,76,2019-11-28,7,1,2019-2020,Paulistano,UNIFACISA,1,82.27272727272727,34.90909090909091,35.27272727272727,12.090909090909092,38.36363636363637,11.5,26.863636363636363,18.136363636363637,12.272727272727273,1.541818181818182,11.636363636363637,31.863636363636363,37.28454545454545,17.636363636363637,32.86363636363637,53.690909090909095,12.090909090909092,16.363636363636363,74.94272727272727,4.363636363636363,6.863636363636363,0.5663636363636364,1.8181818181818181,21.59090909090909,0.08363636363636363,12.272727272727273,2.227272727272727,95.22727272727273,83.3125,27.9375,42.625,12.75,38.625,11.0,27.625,18.375,12.3125,1.515,9.3125,28.875,32.598749999999995,21.3125,39.0,54.89124999999999,12.75,17.75,72.55624999999999,1.5625,7.875,0.6625,2.1875,20.0,0.1125,12.3125,2.125,95.75
