placar_casa,placar_visitante,data,round,stage,ano,equipe_casa,equipe_visitante,resultado,Pts_casa,3P_casa,2P_casa,LL_casa,RT_casa,RO_casa,RD_casa,AS_casa,ER_casa,IA%_casa,3PC_casa,3PT_casa,3P%_casa,2PC_casa,2PT_casa,2P%_casa,LLC_casa,LLT_casa,LL%_casa,EN_casa,BR_casa,B/E_casa,TO_casa,FC_casa,T/FC_casa,ET_casa,VI_casa,EF_casa,Pts_visitante,3P_visitante,2P_visitante,LL_visitante,RT_visitante,RO_visitante,RD_visitante,AS_visitante,ER_visitante,IA%_visitante,3PC_visitante,3PT_visitante,3P%_visitante,2PC_visitante,2PT_visitante,2P%_visitante,LLC_visitante,LLT_visitante,LL%_visitante,EN_visitante,BR_visitante,B/E_visitante,TO_visitante,FC_visitante,T/FC_visitante,ET_visitante,VI_visitante,EF_visitante
94,90,2014-04-01,15,2,2013-2014,Mogi,Flamengo,1,82.2,24.8,39.2,18.2,37.53333333333333,12.533333333333333,25.0,15.4,15.466666666666667,1.0853333333333335,8.266666666666667,21.533333333333335,38.604,19.6,40.53333333333333,48.35,18.2,25.2,71.80866666666667,1.1333333333333333,10.466666666666667,0.7446666666666668,1.2666666666666666,22.2,0.06066666666666666,15.466666666666667,3.1333333333333333,90.2,87.73333333333333,30.8,40.13333333333333,16.8,36.86666666666667,10.066666666666666,26.8,17.8,12.333333333333334,1.5846666666666664,10.266666666666667,25.933333333333334,40.089333333333336,20.066666666666666,35.93333333333333,56.472666666666676,16.8,22.0,74.47666666666667,2.0,10.2,0.922,1.3333333333333333,19.133333333333333,0.07533333333333334,12.333333333333334,1.9333333333333333,104.86666666666666
