placar_casa,placar_visitante,data,round,stage,ano,equipe_casa,equipe_visitante,resultado,Pts_casa,3P_casa,2P_casa,LL_casa,RT_casa,RO_casa,RD_casa,AS_casa,ER_casa,IA%_casa,3PC_casa,3PT_casa,3P%_casa,2PC_casa,2PT_casa,2P%_casa,LLC_casa,LLT_casa,LL%_casa,EN_casa,BR_casa,B/E_casa,TO_casa,FC_casa,T/FC_casa,ET_casa,VI_casa,EF_casa,Pts_visitante,3P_visitante,2P_visitante,LL_visitante,RT_visitante,RO_visitante,RD_visitante,AS_visitante,ER_visitante,IA%_visitante,3PC_visitante,3PT_visitante,3P%_visitante,2PC_visitante,2PT_visitante,2P%_visitante,LLC_visitante,LLT_visitante,LL%_visitante,EN_visitante,BR_visitante,B/E_visitante,TO_visitante,FC_visitante,T/FC_visitante,ET_visitante,VI_visitante,EF_visitante
75,82,2024-01-08,1,2,2023-2024,Cerrado,Pato Basquete,0,76.134,26.8,38.26733333333333,11.066666666666666,40.132666666666665,12.6,27.532666666666668,17.333333333333332,12.866000000000001,1.3666666666666663,8.932666666666668,24.333333333333332,37.37533333333334,19.13266666666667,40.93333333333333,46.65599999999999,11.066666666666666,17.467333333333332,63.678666666666665,1.2673333333333332,7.199333333333333,0.5713333333333334,2.1326666666666667,16.666,0.12666666666666668,12.866000000000001,1.8673333333333333,86.466,76.38866666666667,26.866666666666667,39.355333333333334,10.166666666666666,37.46666666666667,11.733333333333333,25.733333333333334,16.888666666666666,11.033333333333333,1.6073333333333335,8.955333333333334,28.188666666666666,31.714,19.678,37.55533333333334,52.45466666666666,10.166666666666666,14.955333333333332,67.56066666666666,1.4553333333333331,5.344666666666667,0.49533333333333324,0.922,18.211333333333336,0.054,11.033333333333333,2.222,84.078
