placar_casa,placar_visitante,data,round,stage,ano,equipe_casa,equipe_visitante,resultado,Pts_casa,3P_casa,2P_casa,LL_casa,RT_casa,RO_casa,RD_casa,AS_casa,ER_casa,IA%_casa,3PC_casa,3PT_casa,3P%_casa,2PC_casa,2PT_casa,2P%_casa,LLC_casa,LLT_casa,LL%_casa,EN_casa,BR_casa,B/E_casa,TO_casa,FC_casa,T/FC_casa,ET_casa,VI_casa,EF_casa,Pts_visitante,3P_visitante,2P_visitante,LL_visitante,RT_visitante,RO_visitante,RD_visitante,AS_visitante,ER_visitante,IA%_visitante,3PC_visitante,3PT_visitante,3P%_visitante,2PC_visitante,2PT_visitante,2P%_visitante,LLC_visitante,LLT_visitante,LL%_visitante,EN_visitante,BR_visitante,B/E_visitante,TO_visitante,FC_visitante,T/FC_visitante,ET_visitante,VI_visitante,EF_visitante
95,90,2015-03-13,11,2,2014-2015,Limeira,Rio Claro,1,83.8,27.6,41.2,15.0,30.4,7.866666666666666,22.533333333333335,18.866666666666667,11.933333333333334,1.704,9.2,22.2,41.84866666666667,20.6,37.2,55.256666666666675,15.0,18.733333333333334,78.85466666666666,2.533333333333333,9.866666666666667,0.8606666666666667,2.8666666666666667,20.133333333333333,0.144,11.933333333333334,2.466666666666667,100.53333333333333,81.4,22.0,43.333333333333336,16.066666666666666,29.933333333333334,8.2,21.733333333333334,16.933333333333334,13.333333333333334,1.3966666666666667,7.333333333333333,21.0,33.88333333333333,21.666666666666668,39.8,54.589999999999996,16.066666666666666,19.466666666666665,82.56533333333333,1.4666666666666666,10.2,0.8233333333333334,1.4,19.933333333333334,0.07533333333333334,13.333333333333334,2.533333333333333,91.33333333333333
