placar_casa,placar_visitante,data,round,stage,ano,equipe_casa,equipe_visitante,resultado,Pts_casa,3P_casa,2P_casa,LL_casa,RT_casa,RO_casa,RD_casa,AS_casa,ER_casa,IA%_casa,3PC_casa,3PT_casa,3P%_casa,2PC_casa,2PT_casa,2P%_casa,LLC_casa,LLT_casa,LL%_casa,EN_casa,BR_casa,B/E_casa,TO_casa,FC_casa,T/FC_casa,ET_casa,VI_casa,EF_casa,Pts_visitante,3P_visitante,2P_visitante,LL_visitante,RT_visitante,RO_visitante,RD_visitante,AS_visitante,ER_visitante,IA%_visitante,3PC_visitante,3PT_visitante,3P%_visitante,2PC_visitante,2PT_visitante,2P%_visitante,LLC_visitante,LLT_visitante,LL%_visitante,EN_visitante,BR_visitante,B/E_visitante,TO_visitante,FC_visitante,T/FC_visitante,ET_visitante,VI_visitante,EF_visitante
56,75,2015-03-13,11,2,2014-2015,Uberlândia,Minas,0,73.4,18.4,38.93333333333333,16.066666666666666,31.4,7.6,23.8,13.533333333333333,15.466666666666667,0.9653333333333333,6.133333333333334,20.266666666666666,30.283999999999995,19.466666666666665,37.333333333333336,52.412000000000006,16.066666666666666,19.733333333333334,81.18133333333331,1.2666666666666666,9.866666666666667,0.7259999999999999,2.6666666666666665,22.066666666666666,0.13000000000000003,15.466666666666667,3.066666666666667,79.73333333333333,77.33333333333333,24.2,38.666666666666664,14.466666666666667,34.46666666666667,9.8,24.666666666666668,16.933333333333334,13.466666666666667,1.3266666666666667,8.066666666666666,23.933333333333334,34.328,19.333333333333332,37.4,51.51133333333333,14.466666666666667,19.8,72.29733333333334,2.466666666666667,10.066666666666666,0.7799999999999999,1.8666666666666667,23.266666666666666,0.08333333333333333,13.466666666666667,2.8,87.93333333333334
