placar_casa,placar_visitante,data,round,stage,ano,equipe_casa,equipe_visitante,resultado,Pts_casa,3P_casa,2P_casa,LL_casa,RT_casa,RO_casa,RD_casa,AS_casa,ER_casa,IA%_casa,3PC_casa,3PT_casa,3P%_casa,2PC_casa,2PT_casa,2P%_casa,LLC_casa,LLT_casa,LL%_casa,EN_casa,BR_casa,B/E_casa,TO_casa,FC_casa,T/FC_casa,ET_casa,VI_casa,EF_casa,Pts_visitante,3P_visitante,2P_visitante,LL_visitante,RT_visitante,RO_visitante,RD_visitante,AS_visitante,ER_visitante,IA%_visitante,3PC_visitante,3PT_visitante,3P%_visitante,2PC_visitante,2PT_visitante,2P%_visitante,LLC_visitante,LLT_visitante,LL%_visitante,EN_visitante,BR_visitante,B/E_visitante,TO_visitante,FC_visitante,T/FC_visitante,ET_visitante,VI_visitante,EF_visitante
74,83,2025-01-20,5,2,2024-2025,Botafogo,Fortaleza Basquete Cearense,0,73.51133333333334,23.4,37.86666666666667,12.244666666666667,35.55533333333333,10.044666666666668,25.511333333333333,16.511333333333333,14.421999999999999,1.1893333333333334,7.8,25.022,31.05066666666666,18.933333333333334,39.06666666666667,48.73799999999999,12.244666666666667,18.378,66.49866666666667,1.3333333333333333,8.111333333333333,0.5906666666666666,2.755333333333333,18.755333333333333,0.1486666666666667,14.421999999999999,2.978,78.53333333333333,72.46733333333331,22.0,36.934,13.533333333333333,37.93266666666667,11.199333333333334,26.733333333333334,14.867333333333333,13.600666666666665,1.198,7.333333333333333,24.60066666666667,30.137999999999998,18.465999999999998,36.534,50.83666666666667,13.533333333333333,19.334000000000003,70.10200000000002,1.6666666666666667,7.066666666666666,0.5519999999999999,2.7333333333333334,21.465999999999998,0.13,13.600666666666665,2.7340000000000004,80.33266666666668
