placar_casa,placar_visitante,data,round,stage,ano,equipe_casa,equipe_visitante,resultado,Pts_casa,3P_casa,2P_casa,LL_casa,RT_casa,RO_casa,RD_casa,AS_casa,ER_casa,IA%_casa,3PC_casa,3PT_casa,3P%_casa,2PC_casa,2PT_casa,2P%_casa,LLC_casa,LLT_casa,LL%_casa,EN_casa,BR_casa,B/E_casa,TO_casa,FC_casa,T/FC_casa,ET_casa,VI_casa,EF_casa,Pts_visitante,3P_visitante,2P_visitante,LL_visitante,RT_visitante,RO_visitante,RD_visitante,AS_visitante,ER_visitante,IA%_visitante,3PC_visitante,3PT_visitante,3P%_visitante,2PC_visitante,2PT_visitante,2P%_visitante,LLC_visitante,LLT_visitante,LL%_visitante,EN_visitante,BR_visitante,B/E_visitante,TO_visitante,FC_visitante,T/FC_visitante,ET_visitante,VI_visitante,EF_visitante
86,77,2014-03-15,14,2,2013-2014,Coop/São José Basketball,Sesi Franca,1,82.2,26.2,41.46666666666667,14.533333333333333,36.46666666666667,10.0,26.466666666666665,16.533333333333335,14.266666666666667,1.2793333333333332,8.733333333333333,24.0,36.54333333333333,20.733333333333334,38.13333333333333,54.51200000000001,14.533333333333333,18.866666666666667,78.79733333333334,0.26666666666666666,8.6,0.6159999999999999,2.2,17.066666666666666,0.15199999999999997,14.266666666666667,2.933333333333333,94.73333333333333,82.73333333333333,22.0,45.333333333333336,15.4,35.13333333333333,11.933333333333334,23.2,14.0,13.466666666666667,1.096,7.333333333333333,19.466666666666665,37.59400000000001,22.666666666666668,42.6,53.350666666666676,15.4,20.266666666666666,74.364,2.3333333333333335,10.0,0.7719999999999999,3.0,19.4,0.15266666666666664,13.466666666666667,2.0,94.4
