placar_casa,placar_visitante,data,round,stage,ano,equipe_casa,equipe_visitante,resultado,Pts_casa,3P_casa,2P_casa,LL_casa,RT_casa,RO_casa,RD_casa,AS_casa,ER_casa,IA%_casa,3PC_casa,3PT_casa,3P%_casa,2PC_casa,2PT_casa,2P%_casa,LLC_casa,LLT_casa,LL%_casa,EN_casa,BR_casa,B/E_casa,TO_casa,FC_casa,T/FC_casa,ET_casa,VI_casa,EF_casa,Pts_visitante,3P_visitante,2P_visitante,LL_visitante,RT_visitante,RO_visitante,RD_visitante,AS_visitante,ER_visitante,IA%_visitante,3PC_visitante,3PT_visitante,3P%_visitante,2PC_visitante,2PT_visitante,2P%_visitante,LLC_visitante,LLT_visitante,LL%_visitante,EN_visitante,BR_visitante,B/E_visitante,TO_visitante,FC_visitante,T/FC_visitante,ET_visitante,VI_visitante,EF_visitante
79,66,2013-04-19,2,3,2012-2013,Fortaleza B. C. / CFO,Paulistano,1,83.26666666666667,44.8,47.333333333333336,14.333333333333334,29.066666666666666,8.333333333333334,20.733333333333334,16.266666666666666,11.0,1.9066666666666667,7.2,21.133333333333333,34.071999999999996,23.666666666666668,43.53333333333333,54.54733333333333,14.333333333333334,18.8,77.76866666666665,1.1333333333333333,8.733333333333333,0.9640000000000001,2.466666666666667,21.2,0.12933333333333333,11.0,2.6,94.06666666666666,84.53333333333333,50.4,40.53333333333333,15.6,32.86666666666667,9.4,23.466666666666665,14.6,12.933333333333334,1.248,9.466666666666667,24.0,41.041333333333334,20.266666666666666,39.8,51.31333333333334,15.6,24.133333333333333,65.358,1.9333333333333333,6.333333333333333,0.5386666666666666,2.2,22.133333333333333,0.10400000000000001,12.933333333333334,2.1333333333333333,91.53333333333333
