placar_casa,placar_visitante,data,round,stage,ano,equipe_casa,equipe_visitante,resultado,Pts_casa,3P_casa,2P_casa,LL_casa,RT_casa,RO_casa,RD_casa,AS_casa,ER_casa,IA%_casa,3PC_casa,3PT_casa,3P%_casa,2PC_casa,2PT_casa,2P%_casa,LLC_casa,LLT_casa,LL%_casa,EN_casa,BR_casa,B/E_casa,TO_casa,FC_casa,T/FC_casa,ET_casa,VI_casa,EF_casa,Pts_visitante,3P_visitante,2P_visitante,LL_visitante,RT_visitante,RO_visitante,RD_visitante,AS_visitante,ER_visitante,IA%_visitante,3PC_visitante,3PT_visitante,3P%_visitante,2PC_visitante,2PT_visitante,2P%_visitante,LLC_visitante,LLT_visitante,LL%_visitante,EN_visitante,BR_visitante,B/E_visitante,TO_visitante,FC_visitante,T/FC_visitante,ET_visitante,VI_visitante,EF_visitante
85,44,2013-01-10,13,1,2012-2013,Bauru Basket,Suzano,1,82.7,62.4,41.6,15.0,33.6,10.1,23.5,14.3,13.3,1.135,8.7,22.9,39.884,20.8,40.0,52.696000000000005,15.0,21.0,71.88300000000001,1.7,5.4,0.44200000000000006,1.5,18.8,0.089,13.3,3.4,94.2,76.9090909090909,59.45454545454545,39.63636363636363,13.545454545454545,27.181818181818183,9.727272727272727,17.454545454545453,11.636363636363637,17.727272727272727,0.6827272727272727,7.909090909090909,22.727272727272727,34.86090909090909,19.818181818181817,39.81818181818182,50.24363636363637,13.545454545454545,20.727272727272727,65.71818181818182,0.5454545454545454,8.0,0.489090909090909,2.3636363636363638,19.272727272727273,0.1290909090909091,17.727272727272727,3.272727272727273,76.81818181818181
