placar_casa,placar_visitante,data,round,stage,ano,equipe_casa,equipe_visitante,resultado,Pts_casa,3P_casa,2P_casa,LL_casa,RT_casa,RO_casa,RD_casa,AS_casa,ER_casa,IA%_casa,3PC_casa,3PT_casa,3P%_casa,2PC_casa,2PT_casa,2P%_casa,LLC_casa,LLT_casa,LL%_casa,EN_casa,BR_casa,B/E_casa,TO_casa,FC_casa,T/FC_casa,ET_casa,VI_casa,EF_casa,Pts_visitante,3P_visitante,2P_visitante,LL_visitante,RT_visitante,RO_visitante,RD_visitante,AS_visitante,ER_visitante,IA%_visitante,3PC_visitante,3PT_visitante,3P%_visitante,2PC_visitante,2PT_visitante,2P%_visitante,LLC_visitante,LLT_visitante,LL%_visitante,EN_visitante,BR_visitante,B/E_visitante,TO_visitante,FC_visitante,T/FC_visitante,ET_visitante,VI_visitante,EF_visitante
66,67,2009-12-06,7,1,2009-2010,Espírito Santo,Assis,0,70.0,19.5,35.5,15.0,38.0,12.0,26.0,11.25,17.75,0.6799999999999999,6.5,21.75,26.65,17.75,37.25,48.515,15.0,24.0,64.89500000000001,2.5,8.25,0.515,3.25,22.75,0.14500000000000002,17.75,4.75,69.25,70.33333333333333,13.0,42.666666666666664,14.666666666666666,32.0,12.333333333333334,19.666666666666668,10.333333333333334,11.333333333333334,1.0266666666666666,4.333333333333333,20.333333333333332,20.63,21.333333333333332,42.666666666666664,50.27,14.666666666666666,21.666666666666668,68.71333333333334,2.6666666666666665,3.6666666666666665,0.32666666666666666,1.6666666666666667,18.0,0.09000000000000001,11.333333333333334,2.6666666666666665,62.333333333333336
