placar_casa,placar_visitante,data,round,stage,ano,equipe_casa,equipe_visitante,resultado,Pts_casa,3P_casa,2P_casa,LL_casa,RT_casa,RO_casa,RD_casa,AS_casa,ER_casa,IA%_casa,3PC_casa,3PT_casa,3P%_casa,2PC_casa,2PT_casa,2P%_casa,LLC_casa,LLT_casa,LL%_casa,EN_casa,BR_casa,B/E_casa,TO_casa,FC_casa,T/FC_casa,ET_casa,VI_casa,EF_casa,Pts_visitante,3P_visitante,2P_visitante,LL_visitante,RT_visitante,RO_visitante,RD_visitante,AS_visitante,ER_visitante,IA%_visitante,3PC_visitante,3PT_visitante,3P%_visitante,2PC_visitante,2PT_visitante,2P%_visitante,LLC_visitante,LLT_visitante,LL%_visitante,EN_visitante,BR_visitante,B/E_visitante,TO_visitante,FC_visitante,T/FC_visitante,ET_visitante,VI_visitante,EF_visitante
80,72,2013-05-14,1,5,2012-2013,Coop/São José Basketball,Flamengo,1,78.2,27.8,38.266666666666666,16.733333333333334,31.933333333333334,9.133333333333333,22.8,16.266666666666666,13.6,1.2866666666666666,7.733333333333333,22.4,34.05,19.133333333333333,37.666666666666664,50.572,16.733333333333334,21.666666666666668,76.86133333333333,0.7333333333333333,6.333333333333333,0.494,3.2666666666666666,17.333333333333332,0.20133333333333334,13.6,2.066666666666667,85.0,89.2,40.6,45.86666666666667,16.133333333333333,35.266666666666666,9.4,25.866666666666667,14.666666666666666,12.333333333333334,1.3533333333333333,9.066666666666666,22.6,40.23733333333333,22.933333333333334,41.53333333333333,55.22733333333334,16.133333333333333,22.533333333333335,71.90933333333332,1.9333333333333333,7.133333333333334,0.6359999999999999,1.2666666666666666,19.133333333333333,0.06866666666666665,12.333333333333334,1.7333333333333334,99.33333333333333
