placar_casa,placar_visitante,data,round,stage,ano,equipe_casa,equipe_visitante,resultado,Pts_casa,3P_casa,2P_casa,LL_casa,RT_casa,RO_casa,RD_casa,AS_casa,ER_casa,IA%_casa,3PC_casa,3PT_casa,3P%_casa,2PC_casa,2PT_casa,2P%_casa,LLC_casa,LLT_casa,LL%_casa,EN_casa,BR_casa,B/E_casa,TO_casa,FC_casa,T/FC_casa,ET_casa,VI_casa,EF_casa,Pts_visitante,3P_visitante,2P_visitante,LL_visitante,RT_visitante,RO_visitante,RD_visitante,AS_visitante,ER_visitante,IA%_visitante,3PC_visitante,3PT_visitante,3P%_visitante,2PC_visitante,2PT_visitante,2P%_visitante,LLC_visitante,LLT_visitante,LL%_visitante,EN_visitante,BR_visitante,B/E_visitante,TO_visitante,FC_visitante,T/FC_visitante,ET_visitante,VI_visitante,EF_visitante
85,93,2022-12-08,8,1,2022-2023,União Corinthians,Pato Basquete,0,75.10199999999999,37.2,29.800000000000004,8.099,32.29899999999999,8.402,23.900000000000006,18.401000000000003,12.699,1.5400000000000003,12.398,33.202000000000005,37.805,14.900000000000002,32.00000000000001,46.720000000000006,8.099,10.3,78.24100000000001,1.6990000000000003,6.199,0.49800000000000005,1.9,19.298999999999996,0.099,12.699,2.2,81.10000000000001,73.22727272727273,27.681818181818183,34.54545454545455,11.0,35.0,9.909090909090908,25.09090909090909,12.954545454545455,13.909090909090908,0.9390909090909091,9.227272727272727,29.363636363636363,31.679090909090906,17.272727272727273,36.04545454545455,47.69727272727273,11.0,17.90909090909091,61.876363636363635,0.5909090909090909,8.954545454545455,0.6527272727272728,1.0454545454545454,18.545454545454547,0.05545454545454545,13.909090909090908,3.772727272727273,71.45454545454545
