placar_casa,placar_visitante,data,round,stage,ano,equipe_casa,equipe_visitante,resultado,Pts_casa,3P_casa,2P_casa,LL_casa,RT_casa,RO_casa,RD_casa,AS_casa,ER_casa,IA%_casa,3PC_casa,3PT_casa,3P%_casa,2PC_casa,2PT_casa,2P%_casa,LLC_casa,LLT_casa,LL%_casa,EN_casa,BR_casa,B/E_casa,TO_casa,FC_casa,T/FC_casa,ET_casa,VI_casa,EF_casa,Pts_visitante,3P_visitante,2P_visitante,LL_visitante,RT_visitante,RO_visitante,RD_visitante,AS_visitante,ER_visitante,IA%_visitante,3PC_visitante,3PT_visitante,3P%_visitante,2PC_visitante,2PT_visitante,2P%_visitante,LLC_visitante,LLT_visitante,LL%_visitante,EN_visitante,BR_visitante,B/E_visitante,TO_visitante,FC_visitante,T/FC_visitante,ET_visitante,VI_visitante,EF_visitante
78,72,2017-03-09,25,1,2016-2017,Bauru Basket,Fortaleza B. C. / CFO,1,78.86666666666666,30.2,32.53333333333333,16.133333333333333,38.666666666666664,10.066666666666666,28.6,16.6,13.0,1.3153333333333337,10.066666666666666,30.666666666666668,32.894,16.266666666666666,31.333333333333332,52.67333333333333,16.133333333333333,22.933333333333334,70.48466666666667,0.7333333333333333,7.333333333333333,0.5773333333333334,1.8666666666666667,19.066666666666666,0.10266666666666667,13.0,3.2666666666666666,87.86666666666666,77.0,28.2,34.666666666666664,14.133333333333333,37.666666666666664,10.666666666666666,27.0,14.533333333333333,13.066666666666666,1.1353333333333337,9.4,27.333333333333332,34.38,17.333333333333332,37.666666666666664,45.79666666666666,14.133333333333333,20.866666666666667,67.16733333333333,1.1333333333333333,7.733333333333333,0.6219999999999999,2.4,21.466666666666665,0.11000000000000001,13.066666666666666,2.7333333333333334,81.26666666666667
