placar_casa,placar_visitante,data,round,stage,ano,equipe_casa,equipe_visitante,resultado,Pts_casa,3P_casa,2P_casa,LL_casa,RT_casa,RO_casa,RD_casa,AS_casa,ER_casa,IA%_casa,3PC_casa,3PT_casa,3P%_casa,2PC_casa,2PT_casa,2P%_casa,LLC_casa,LLT_casa,LL%_casa,EN_casa,BR_casa,B/E_casa,TO_casa,FC_casa,T/FC_casa,ET_casa,VI_casa,EF_casa,Pts_visitante,3P_visitante,2P_visitante,LL_visitante,RT_visitante,RO_visitante,RD_visitante,AS_visitante,ER_visitante,IA%_visitante,3PC_visitante,3PT_visitante,3P%_visitante,2PC_visitante,2PT_visitante,2P%_visitante,LLC_visitante,LLT_visitante,LL%_visitante,EN_visitante,BR_visitante,B/E_visitante,TO_visitante,FC_visitante,T/FC_visitante,ET_visitante,VI_visitante,EF_visitante
97,82,2013-01-07,12,1,2012-2013,Pinheiros,Sesi Franca,1,90.11111111111111,57.333333333333336,38.22222222222222,20.555555555555557,30.88888888888889,6.666666666666667,24.22222222222222,15.222222222222221,15.0,1.1366666666666667,10.444444444444445,27.555555555555557,38.988888888888894,19.11111111111111,33.333333333333336,57.95777777777778,20.555555555555557,27.0,75.44666666666666,1.4444444444444444,7.333333333333333,0.5611111111111112,2.5555555555555554,22.0,0.12333333333333335,15.0,1.6666666666666667,101.44444444444444,78.9090909090909,75.0,50.0,12.545454545454545,32.27272727272727,8.818181818181818,23.454545454545453,17.181818181818183,14.909090909090908,1.3909090909090909,5.454545454545454,16.363636363636363,34.17,25.0,45.45454545454545,54.974545454545456,12.545454545454545,19.454545454545453,65.3,3.8181818181818183,10.545454545454545,0.8436363636363636,3.6363636363636362,18.636363636363637,0.19272727272727275,14.909090909090908,3.6363636363636362,99.9090909090909
