placar_casa,placar_visitante,data,round,stage,ano,equipe_casa,equipe_visitante,resultado,Pts_casa,3P_casa,2P_casa,LL_casa,RT_casa,RO_casa,RD_casa,AS_casa,ER_casa,IA%_casa,3PC_casa,3PT_casa,3P%_casa,2PC_casa,2PT_casa,2P%_casa,LLC_casa,LLT_casa,LL%_casa,EN_casa,BR_casa,B/E_casa,TO_casa,FC_casa,T/FC_casa,ET_casa,VI_casa,EF_casa,Pts_visitante,3P_visitante,2P_visitante,LL_visitante,RT_visitante,RO_visitante,RD_visitante,AS_visitante,ER_visitante,IA%_visitante,3PC_visitante,3PT_visitante,3P%_visitante,2PC_visitante,2PT_visitante,2P%_visitante,LLC_visitante,LLT_visitante,LL%_visitante,EN_visitante,BR_visitante,B/E_visitante,TO_visitante,FC_visitante,T/FC_visitante,ET_visitante,VI_visitante,EF_visitante
91,71,2020-02-04,4,2,2019-2020,Coop/São José Basketball,UNIFACISA,1,84.73333333333333,25.0,44.53333333333333,15.2,33.96666666666667,10.4,23.566666666666666,19.433333333333334,15.6,1.2620000000000002,8.333333333333334,22.6,36.80200000000001,22.266666666666666,41.96666666666667,53.261333333333326,15.2,21.0,72.11533333333334,1.6,7.4,0.4786666666666666,2.1333333333333333,22.833333333333332,0.09400000000000003,15.6,2.466666666666667,92.1,81.53266666666669,29.1,38.66733333333333,13.767333333333333,37.56666666666667,10.132666666666667,27.434000000000005,17.800666666666668,12.799333333333333,1.4566666666666668,9.699333333333334,28.234,34.083999999999996,19.332666666666668,36.532666666666664,52.74533333333333,13.767333333333333,17.63266666666667,76.63666666666664,1.9326666666666668,6.933333333333334,0.5806666666666668,2.6006666666666667,20.20066666666667,0.13266666666666668,12.799333333333333,2.0326666666666666,93.9
