placar_casa,placar_visitante,data,round,stage,ano,equipe_casa,equipe_visitante,resultado,Pts_casa,3P_casa,2P_casa,LL_casa,RT_casa,RO_casa,RD_casa,AS_casa,ER_casa,IA%_casa,3PC_casa,3PT_casa,3P%_casa,2PC_casa,2PT_casa,2P%_casa,LLC_casa,LLT_casa,LL%_casa,EN_casa,BR_casa,B/E_casa,TO_casa,FC_casa,T/FC_casa,ET_casa,VI_casa,EF_casa,Pts_visitante,3P_visitante,2P_visitante,LL_visitante,RT_visitante,RO_visitante,RD_visitante,AS_visitante,ER_visitante,IA%_visitante,3PC_visitante,3PT_visitante,3P%_visitante,2PC_visitante,2PT_visitante,2P%_visitante,LLC_visitante,LLT_visitante,LL%_visitante,EN_visitante,BR_visitante,B/E_visitante,TO_visitante,FC_visitante,T/FC_visitante,ET_visitante,VI_visitante,EF_visitante
76,64,2011-12-15,9,1,2011-2012,Tijuca,Espírito Santo,1,74.875,16.5,41.25,17.125,26.375,8.125,18.25,11.75,14.625,0.8525,5.5,18.375,29.83625,20.625,40.25,51.22125,17.125,21.75,79.05000000000001,1.375,5.875,0.40375,2.125,18.75,0.12375,14.625,2.25,69.25,64.85714285714286,22.285714285714285,28.857142857142858,13.714285714285714,26.857142857142858,8.285714285714286,18.571428571428573,8.428571428571429,16.142857142857142,0.5971428571428571,7.428571428571429,21.428571428571427,33.33857142857143,14.428571428571429,34.57142857142857,42.25428571428571,13.714285714285714,18.142857142857142,75.69142857142856,0.42857142857142855,7.857142857142857,0.5042857142857143,1.7142857142857142,21.142857142857142,0.08142857142857142,16.142857142857142,3.0,55.0
