placar_casa,placar_visitante,data,round,stage,ano,equipe_casa,equipe_visitante,resultado,Pts_casa,3P_casa,2P_casa,LL_casa,RT_casa,RO_casa,RD_casa,AS_casa,ER_casa,IA%_casa,3PC_casa,3PT_casa,3P%_casa,2PC_casa,2PT_casa,2P%_casa,LLC_casa,LLT_casa,LL%_casa,EN_casa,BR_casa,B/E_casa,TO_casa,FC_casa,T/FC_casa,ET_casa,VI_casa,EF_casa,Pts_visitante,3P_visitante,2P_visitante,LL_visitante,RT_visitante,RO_visitante,RD_visitante,AS_visitante,ER_visitante,IA%_visitante,3PC_visitante,3PT_visitante,3P%_visitante,2PC_visitante,2PT_visitante,2P%_visitante,LLC_visitante,LLT_visitante,LL%_visitante,EN_visitante,BR_visitante,B/E_visitante,TO_visitante,FC_visitante,T/FC_visitante,ET_visitante,VI_visitante,EF_visitante
74,96,2018-11-05,4,1,2018-2019,Coop/São José Basketball,Mogi,0,80.0,27.0,36.0,17.0,36.666666666666664,10.666666666666666,26.0,20.0,16.0,1.2833333333333334,9.0,26.333333333333332,36.03666666666667,18.0,35.333333333333336,51.26,17.0,22.0,77.39333333333333,0.3333333333333333,7.333333333333333,0.45999999999999996,2.0,23.333333333333332,0.09000000000000001,16.0,2.6666666666666665,89.66666666666667,86.33166666666666,28.5,43.001666666666665,14.834999999999999,40.001666666666665,12.501666666666665,27.5,20.666666666666668,13.498333333333335,1.59,9.501666666666667,23.001666666666665,41.33833333333333,21.498333333333335,41.998333333333335,51.376666666666665,14.834999999999999,19.831666666666667,74.72666666666666,1.3316666666666668,7.168333333333333,0.5383333333333333,2.8349999999999995,19.333333333333332,0.13666666666666666,13.498333333333335,2.668333333333333,104.49833333333333
