placar_casa,placar_visitante,data,round,stage,ano,equipe_casa,equipe_visitante,resultado,Pts_casa,3P_casa,2P_casa,LL_casa,RT_casa,RO_casa,RD_casa,AS_casa,ER_casa,IA%_casa,3PC_casa,3PT_casa,3P%_casa,2PC_casa,2PT_casa,2P%_casa,LLC_casa,LLT_casa,LL%_casa,EN_casa,BR_casa,B/E_casa,TO_casa,FC_casa,T/FC_casa,ET_casa,VI_casa,EF_casa,Pts_visitante,3P_visitante,2P_visitante,LL_visitante,RT_visitante,RO_visitante,RD_visitante,AS_visitante,ER_visitante,IA%_visitante,3PC_visitante,3PT_visitante,3P%_visitante,2PC_visitante,2PT_visitante,2P%_visitante,LLC_visitante,LLT_visitante,LL%_visitante,EN_visitante,BR_visitante,B/E_visitante,TO_visitante,FC_visitante,T/FC_visitante,ET_visitante,VI_visitante,EF_visitante
85,91,2019-01-23,3,2,2018-2019,Paulistano,Pinheiros,0,82.56599999999999,30.6,35.93333333333333,16.032666666666668,42.299333333333344,12.433999999999997,29.867333333333338,16.90066666666667,14.232666666666663,1.2233333333333332,10.2,30.00066666666667,34.330000000000005,17.966666666666665,34.467333333333336,51.915333333333336,16.032666666666668,21.8,73.64533333333334,2.800666666666667,6.166666666666667,0.44666666666666655,2.5340000000000003,21.0,0.12266666666666666,14.232666666666663,2.066666666666667,93.90066666666668,82.02266666666668,33.333333333333336,35.82266666666667,12.866666666666667,34.77733333333333,10.822666666666667,23.956000000000003,14.577333333333334,11.910666666666666,1.3573333333333333,11.110666666666667,29.622666666666667,37.84866666666666,17.910666666666664,35.266666666666666,51.35666666666667,12.866666666666667,17.444,74.29266666666666,1.0,7.6,0.6999999999999998,1.7106666666666668,18.689333333333334,0.09066666666666669,11.910666666666666,2.3333333333333335,88.26666666666667
