placar_casa,placar_visitante,data,round,stage,ano,equipe_casa,equipe_visitante,resultado,Pts_casa,3P_casa,2P_casa,LL_casa,RT_casa,RO_casa,RD_casa,AS_casa,ER_casa,IA%_casa,3PC_casa,3PT_casa,3P%_casa,2PC_casa,2PT_casa,2P%_casa,LLC_casa,LLT_casa,LL%_casa,EN_casa,BR_casa,B/E_casa,TO_casa,FC_casa,T/FC_casa,ET_casa,VI_casa,EF_casa,Pts_visitante,3P_visitante,2P_visitante,LL_visitante,RT_visitante,RO_visitante,RD_visitante,AS_visitante,ER_visitante,IA%_visitante,3PC_visitante,3PT_visitante,3P%_visitante,2PC_visitante,2PT_visitante,2P%_visitante,LLC_visitante,LLT_visitante,LL%_visitante,EN_visitante,BR_visitante,B/E_visitante,TO_visitante,FC_visitante,T/FC_visitante,ET_visitante,VI_visitante,EF_visitante
73,61,2010-02-07,2,2,2009-2010,Espírito Santo,Coop/São José Basketball,1,72.9090909090909,21.0,36.90909090909091,15.0,35.90909090909091,12.090909090909092,23.818181818181817,11.090909090909092,15.818181818181818,0.7545454545454544,7.0,21.181818181818183,32.055454545454545,18.454545454545453,39.63636363636363,46.97545454545455,15.0,24.636363636363637,61.46727272727273,2.4545454545454546,8.545454545454545,0.5918181818181819,3.090909090909091,21.181818181818183,0.14545454545454548,15.818181818181818,4.090909090909091,70.72727272727273,71.71428571428571,26.142857142857142,34.57142857142857,11.0,29.857142857142858,9.428571428571429,20.428571428571427,14.714285714285714,14.0,1.1371428571428572,8.714285714285714,27.285714285714285,31.034285714285716,17.285714285714285,29.571428571428573,58.550000000000004,11.0,17.714285714285715,63.23428571428572,1.1428571428571428,8.0,0.6185714285714285,1.2857142857142858,17.0,0.07714285714285714,14.0,1.5714285714285714,74.0
