placar_casa,placar_visitante,data,round,stage,ano,equipe_casa,equipe_visitante,resultado,Pts_casa,3P_casa,2P_casa,LL_casa,RT_casa,RO_casa,RD_casa,AS_casa,ER_casa,IA%_casa,3PC_casa,3PT_casa,3P%_casa,2PC_casa,2PT_casa,2P%_casa,LLC_casa,LLT_casa,LL%_casa,EN_casa,BR_casa,B/E_casa,TO_casa,FC_casa,T/FC_casa,ET_casa,VI_casa,EF_casa,Pts_visitante,3P_visitante,2P_visitante,LL_visitante,RT_visitante,RO_visitante,RD_visitante,AS_visitante,ER_visitante,IA%_visitante,3PC_visitante,3PT_visitante,3P%_visitante,2PC_visitante,2PT_visitante,2P%_visitante,LLC_visitante,LLT_visitante,LL%_visitante,EN_visitante,BR_visitante,B/E_visitante,TO_visitante,FC_visitante,T/FC_visitante,ET_visitante,VI_visitante,EF_visitante
96,66,2016-01-08,15,1,2015-2016,Flamengo,Macaé Basquete,1,84.6923076923077,26.53846153846154,43.53846153846154,14.615384615384615,34.69230769230769,8.692307692307692,26.0,20.076923076923077,13.384615384615385,1.5884615384615384,8.846153846153847,22.846153846153847,38.40769230769231,21.76923076923077,38.84615384615385,55.596923076923076,14.615384615384615,18.53846153846154,78.10461538461539,1.1538461538461537,10.538461538461538,0.8284615384615386,2.1538461538461537,18.153846153846153,0.1223076923076923,13.384615384615385,1.3846153846153846,103.76923076923077,78.38461538461539,22.384615384615383,35.69230769230769,20.307692307692307,32.61538461538461,9.076923076923077,23.53846153846154,11.615384615384615,13.692307692307692,0.9423076923076922,7.461538461538462,22.615384615384617,33.128461538461536,17.846153846153847,36.53846153846154,49.158461538461545,20.307692307692307,24.615384615384617,82.45923076923076,0.7692307692307693,10.0,0.7661538461538461,1.0769230769230769,22.307692307692307,0.05230769230769232,13.692307692307692,3.3846153846153846,81.84615384615384
