placar_casa,placar_visitante,data,round,stage,ano,equipe_casa,equipe_visitante,resultado,Pts_casa,3P_casa,2P_casa,LL_casa,RT_casa,RO_casa,RD_casa,AS_casa,ER_casa,IA%_casa,3PC_casa,3PT_casa,3P%_casa,2PC_casa,2PT_casa,2P%_casa,LLC_casa,LLT_casa,LL%_casa,EN_casa,BR_casa,B/E_casa,TO_casa,FC_casa,T/FC_casa,ET_casa,VI_casa,EF_casa,Pts_visitante,3P_visitante,2P_visitante,LL_visitante,RT_visitante,RO_visitante,RD_visitante,AS_visitante,ER_visitante,IA%_visitante,3PC_visitante,3PT_visitante,3P%_visitante,2PC_visitante,2PT_visitante,2P%_visitante,LLC_visitante,LLT_visitante,LL%_visitante,EN_visitante,BR_visitante,B/E_visitante,TO_visitante,FC_visitante,T/FC_visitante,ET_visitante,VI_visitante,EF_visitante
75,74,2010-03-19,9,2,2009-2010,Joinville,Assis,1,78.6,27.8,35.2,15.6,31.433333333333334,9.1,22.333333333333332,12.6,12.566666666666666,1.1326666666666665,9.266666666666667,25.966666666666665,35.758,17.6,35.766666666666666,49.648,15.6,22.266666666666666,69.51466666666666,1.5,6.7,0.592,1.9,19.233333333333334,0.10800000000000003,12.566666666666666,2.3333333333333335,77.13333333333334,79.6,27.0,38.13333333333333,14.466666666666667,31.866666666666667,9.333333333333334,22.533333333333335,11.666666666666666,11.466666666666667,1.2126666666666666,9.0,25.2,36.441333333333326,19.066666666666666,36.0,53.19266666666667,14.466666666666667,20.866666666666667,68.30733333333335,1.7333333333333334,6.0,0.5746666666666668,2.533333333333333,18.933333333333334,0.136,11.466666666666667,2.6,80.66666666666667
