placar_casa,placar_visitante,data,round,stage,ano,equipe_casa,equipe_visitante,resultado,Pts_casa,3P_casa,2P_casa,LL_casa,RT_casa,RO_casa,RD_casa,AS_casa,ER_casa,IA%_casa,3PC_casa,3PT_casa,3P%_casa,2PC_casa,2PT_casa,2P%_casa,LLC_casa,LLT_casa,LL%_casa,EN_casa,BR_casa,B/E_casa,TO_casa,FC_casa,T/FC_casa,ET_casa,VI_casa,EF_casa,Pts_visitante,3P_visitante,2P_visitante,LL_visitante,RT_visitante,RO_visitante,RD_visitante,AS_visitante,ER_visitante,IA%_visitante,3PC_visitante,3PT_visitante,3P%_visitante,2PC_visitante,2PT_visitante,2P%_visitante,LLC_visitante,LLT_visitante,LL%_visitante,EN_visitante,BR_visitante,B/E_visitante,TO_visitante,FC_visitante,T/FC_visitante,ET_visitante,VI_visitante,EF_visitante
79,74,2019-02-23,7,2,2018-2019,Botafogo,R10 Score Vasco da Gama,1,74.9,23.3,39.666666666666664,11.933333333333334,34.266666666666666,10.966666666666667,23.3,17.233333333333334,14.866666666666667,1.2253333333333336,7.766666666666667,22.033333333333335,35.876666666666665,19.833333333333332,38.6,51.37133333333333,11.933333333333334,17.1,70.882,1.6,7.5,0.5066666666666667,1.6333333333333333,23.2,0.07200000000000001,14.866666666666667,3.033333333333333,82.33333333333333,75.4,23.2,37.733333333333334,14.466666666666667,38.0,11.266666666666667,26.733333333333334,16.466666666666665,14.266666666666667,1.1986666666666665,7.733333333333333,24.466666666666665,31.34666666666667,18.866666666666667,40.53333333333333,46.40666666666667,14.466666666666667,19.933333333333334,72.54133333333334,0.5333333333333333,7.266666666666667,0.5306666666666666,0.9333333333333333,19.533333333333335,0.050666666666666665,14.266666666666667,1.8,79.86666666666666
