placar_casa,placar_visitante,data,round,stage,ano,equipe_casa,equipe_visitante,resultado,Pts_casa,3P_casa,2P_casa,LL_casa,RT_casa,RO_casa,RD_casa,AS_casa,ER_casa,IA%_casa,3PC_casa,3PT_casa,3P%_casa,2PC_casa,2PT_casa,2P%_casa,LLC_casa,LLT_casa,LL%_casa,EN_casa,BR_casa,B/E_casa,TO_casa,FC_casa,T/FC_casa,ET_casa,VI_casa,EF_casa,Pts_visitante,3P_visitante,2P_visitante,LL_visitante,RT_visitante,RO_visitante,RD_visitante,AS_visitante,ER_visitante,IA%_visitante,3PC_visitante,3PT_visitante,3P%_visitante,2PC_visitante,2PT_visitante,2P%_visitante,LLC_visitante,LLT_visitante,LL%_visitante,EN_visitante,BR_visitante,B/E_visitante,TO_visitante,FC_visitante,T/FC_visitante,ET_visitante,VI_visitante,EF_visitante
89,82,2020-12-23,7,1,2020-2021,Minas,Sesi Franca,1,89.3190909090909,30.818181818181817,41.272727272727266,17.225454545454543,39.86363636363637,11.271818181818183,28.59181818181818,20.40818181818182,13.861818181818183,1.4981818181818183,10.272727272727273,26.410909090909094,39.085454545454546,20.636363636363637,38.18181818181819,53.89090909090908,17.225454545454543,21.681818181818183,78.0190909090909,1.59,7.2272727272727275,0.5236363636363637,2.3172727272727274,21.820000000000004,0.10818181818181817,13.861818181818183,2.817272727272727,107.13636363636364,86.16666666666667,29.875,39.333333333333336,16.958333333333332,38.58416666666667,10.334166666666667,28.25,20.9575,13.417499999999999,1.5791666666666666,9.958333333333334,26.750833333333333,36.87916666666667,19.666666666666668,37.54083333333333,52.857499999999995,16.958333333333332,20.833333333333332,81.6375,1.8325000000000002,6.0008333333333335,0.4558333333333333,2.6658333333333335,19.500833333333333,0.14083333333333334,13.417499999999999,1.3741666666666668,102.41583333333334
