placar_casa,placar_visitante,data,round,stage,ano,equipe_casa,equipe_visitante,resultado,Pts_casa,3P_casa,2P_casa,LL_casa,RT_casa,RO_casa,RD_casa,AS_casa,ER_casa,IA%_casa,3PC_casa,3PT_casa,3P%_casa,2PC_casa,2PT_casa,2P%_casa,LLC_casa,LLT_casa,LL%_casa,EN_casa,BR_casa,B/E_casa,TO_casa,FC_casa,T/FC_casa,ET_casa,VI_casa,EF_casa,Pts_visitante,3P_visitante,2P_visitante,LL_visitante,RT_visitante,RO_visitante,RD_visitante,AS_visitante,ER_visitante,IA%_visitante,3PC_visitante,3PT_visitante,3P%_visitante,2PC_visitante,2PT_visitante,2P%_visitante,LLC_visitante,LLT_visitante,LL%_visitante,EN_visitante,BR_visitante,B/E_visitante,TO_visitante,FC_visitante,T/FC_visitante,ET_visitante,VI_visitante,EF_visitante
73,62,2014-01-25,2,2,2013-2014,Minas,Espírito Santo,1,70.2,15.2,39.86666666666667,15.133333333333333,31.333333333333332,7.533333333333333,23.8,13.866666666666667,13.266666666666667,1.114666666666667,5.066666666666666,16.0,31.986666666666665,19.933333333333334,39.733333333333334,50.48133333333333,15.133333333333333,21.0,73.01266666666668,1.7333333333333334,9.066666666666666,0.7086666666666666,2.4,23.533333333333335,0.10600000000000002,13.266666666666667,2.6666666666666665,77.0,69.0,25.5,32.0,11.5,29.0,9.285714285714286,19.714285714285715,11.571428571428571,13.142857142857142,1.0042857142857142,8.5,24.714285714285715,34.53285714285715,16.0,33.142857142857146,48.597142857142856,11.5,16.214285714285715,72.42,1.2857142857142858,7.285714285714286,0.6264285714285714,0.9285714285714286,19.357142857142858,0.04785714285714286,13.142857142857142,3.0,66.57142857142857
