placar_casa,placar_visitante,data,round,stage,ano,equipe_casa,equipe_visitante,resultado,Pts_casa,3P_casa,2P_casa,LL_casa,RT_casa,RO_casa,RD_casa,AS_casa,ER_casa,IA%_casa,3PC_casa,3PT_casa,3P%_casa,2PC_casa,2PT_casa,2P%_casa,LLC_casa,LLT_casa,LL%_casa,EN_casa,BR_casa,B/E_casa,TO_casa,FC_casa,T/FC_casa,ET_casa,VI_casa,EF_casa,Pts_visitante,3P_visitante,2P_visitante,LL_visitante,RT_visitante,RO_visitante,RD_visitante,AS_visitante,ER_visitante,IA%_visitante,3PC_visitante,3PT_visitante,3P%_visitante,2PC_visitante,2PT_visitante,2P%_visitante,LLC_visitante,LLT_visitante,LL%_visitante,EN_visitante,BR_visitante,B/E_visitante,TO_visitante,FC_visitante,T/FC_visitante,ET_visitante,VI_visitante,EF_visitante
82,78,2021-11-20,5,1,2021-2022,Sesi Franca,Paulistano,1,92.71428571428571,32.142857142857146,44.714285714285715,15.857142857142858,41.5,9.0,32.5,20.214285714285715,12.428571428571429,1.6414285714285712,10.714285714285714,28.0,38.13142857142857,22.357142857142858,36.785714285714285,60.94571428571429,15.857142857142858,21.428571428571427,74.56428571428572,3.4285714285714284,6.571428571428571,0.5342857142857144,2.857142857142857,16.357142857142858,0.17857142857142858,12.428571428571429,1.7142857142857142,114.14285714285714,74.41666666666667,26.0,36.0,12.416666666666666,37.166666666666664,10.75,26.416666666666668,15.5,13.583333333333334,1.21,8.666666666666666,26.5,32.695,18.0,37.583333333333336,47.99666666666666,12.416666666666666,18.0,68.67333333333333,1.25,8.25,0.615,1.9166666666666667,20.166666666666668,0.09666666666666666,13.583333333333334,3.8333333333333335,80.66666666666667
