placar_casa,placar_visitante,data,round,stage,ano,equipe_casa,equipe_visitante,resultado,Pts_casa,3P_casa,2P_casa,LL_casa,RT_casa,RO_casa,RD_casa,AS_casa,ER_casa,IA%_casa,3PC_casa,3PT_casa,3P%_casa,2PC_casa,2PT_casa,2P%_casa,LLC_casa,LLT_casa,LL%_casa,EN_casa,BR_casa,B/E_casa,TO_casa,FC_casa,T/FC_casa,ET_casa,VI_casa,EF_casa,Pts_visitante,3P_visitante,2P_visitante,LL_visitante,RT_visitante,RO_visitante,RD_visitante,AS_visitante,ER_visitante,IA%_visitante,3PC_visitante,3PT_visitante,3P%_visitante,2PC_visitante,2PT_visitante,2P%_visitante,LLC_visitante,LLT_visitante,LL%_visitante,EN_visitante,BR_visitante,B/E_visitante,TO_visitante,FC_visitante,T/FC_visitante,ET_visitante,VI_visitante,EF_visitante
74,70,2021-02-10,3,2,2020-2021,Bauru Basket,Sesi Franca,1,76.20133333333334,27.6,36.33266666666667,12.266666666666667,35.09866666666667,8.834,26.26866666666667,16.36733333333333,11.567333333333332,1.424,9.2,28.333333333333336,32.096666666666664,18.167333333333332,34.666666666666664,52.99666666666668,12.266666666666667,17.331999999999997,70.48866666666667,1.2020000000000002,7.866,0.6906666666666667,1.8326666666666662,18.865333333333332,0.09666666666666668,11.567333333333332,1.8680000000000008,85.09866666666667,85.222,29.066666666666666,40.53333333333333,15.621999999999998,35.956,8.044666666666666,27.911333333333335,20.133333333333333,13.756,1.4773333333333332,9.688666666666668,25.733333333333334,37.39933333333333,20.266666666666666,38.26666666666666,53.63933333333333,15.621999999999998,19.333333333333332,81.158,1.2886666666666666,6.178,0.45199999999999996,2.6,19.733333333333334,0.13200000000000003,13.756,1.5106666666666664,98.57733333333333
