placar_casa,placar_visitante,data,round,stage,ano,equipe_casa,equipe_visitante,resultado,Pts_casa,3P_casa,2P_casa,LL_casa,RT_casa,RO_casa,RD_casa,AS_casa,ER_casa,IA%_casa,3PC_casa,3PT_casa,3P%_casa,2PC_casa,2PT_casa,2P%_casa,LLC_casa,LLT_casa,LL%_casa,EN_casa,BR_casa,B/E_casa,TO_casa,FC_casa,T/FC_casa,ET_casa,VI_casa,EF_casa,Pts_visitante,3P_visitante,2P_visitante,LL_visitante,RT_visitante,RO_visitante,RD_visitante,AS_visitante,ER_visitante,IA%_visitante,3PC_visitante,3PT_visitante,3P%_visitante,2PC_visitante,2PT_visitante,2P%_visitante,LLC_visitante,LLT_visitante,LL%_visitante,EN_visitante,BR_visitante,B/E_visitante,TO_visitante,FC_visitante,T/FC_visitante,ET_visitante,VI_visitante,EF_visitante
74,66,2022-03-09,6,2,2021-2022,Minas,Cerrado,1,87.73333333333333,33.4,40.8,13.533333333333333,38.36666666666667,10.1,28.266666666666666,17.766666666666666,12.333333333333334,1.4959999999999998,11.133333333333333,29.5,37.62333333333333,20.4,34.233333333333334,59.44200000000001,13.533333333333333,18.433333333333334,73.25999999999999,2.8666666666666667,6.833333333333333,0.5693333333333331,2.3333333333333335,17.666666666666668,0.13333333333333333,12.333333333333334,2.7333333333333334,103.6,76.86666666666666,25.4,40.4,11.066666666666666,40.86666666666667,12.066666666666666,28.8,14.933333333333334,13.133333333333333,1.1926666666666665,8.466666666666667,30.2,27.62066666666667,20.2,39.8,50.621999999999986,11.066666666666666,15.166666666666666,73.07333333333332,2.3333333333333335,5.866666666666666,0.466,3.1,17.7,0.1746666666666667,13.133333333333333,2.6333333333333333,83.06666666666666
