placar_casa,placar_visitante,data,round,stage,ano,equipe_casa,equipe_visitante,resultado,Pts_casa,3P_casa,2P_casa,LL_casa,RT_casa,RO_casa,RD_casa,AS_casa,ER_casa,IA%_casa,3PC_casa,3PT_casa,3P%_casa,2PC_casa,2PT_casa,2P%_casa,LLC_casa,LLT_casa,LL%_casa,EN_casa,BR_casa,B/E_casa,TO_casa,FC_casa,T/FC_casa,ET_casa,VI_casa,EF_casa,Pts_visitante,3P_visitante,2P_visitante,LL_visitante,RT_visitante,RO_visitante,RD_visitante,AS_visitante,ER_visitante,IA%_visitante,3PC_visitante,3PT_visitante,3P%_visitante,2PC_visitante,2PT_visitante,2P%_visitante,LLC_visitante,LLT_visitante,LL%_visitante,EN_visitante,BR_visitante,B/E_visitante,TO_visitante,FC_visitante,T/FC_visitante,ET_visitante,VI_visitante,EF_visitante
86,77,2014-05-09,5,4,2013-2014,Paulistano,Sesi Franca,1,82.26666666666667,27.4,36.266666666666666,18.6,35.4,9.933333333333334,25.466666666666665,12.733333333333333,14.333333333333334,0.9466666666666667,9.133333333333333,24.933333333333334,36.57000000000001,18.133333333333333,36.4,49.919333333333334,18.6,22.4,82.26733333333335,1.1333333333333333,10.666666666666666,0.7726666666666665,1.1333333333333333,21.6,0.05400000000000001,14.333333333333334,3.0,90.0,78.0,21.0,44.4,12.6,36.333333333333336,11.533333333333333,24.8,13.333333333333334,14.133333333333333,0.9919999999999999,7.0,20.533333333333335,34.11933333333333,22.2,42.53333333333333,52.188,12.6,18.266666666666666,68.374,1.6666666666666667,8.6,0.6333333333333333,3.466666666666667,20.266666666666666,0.18000000000000002,14.133333333333333,2.2,86.06666666666666
