placar_casa,placar_visitante,data,round,stage,ano,equipe_casa,equipe_visitante,resultado,Pts_casa,3P_casa,2P_casa,LL_casa,RT_casa,RO_casa,RD_casa,AS_casa,ER_casa,IA%_casa,3PC_casa,3PT_casa,3P%_casa,2PC_casa,2PT_casa,2P%_casa,LLC_casa,LLT_casa,LL%_casa,EN_casa,BR_casa,B/E_casa,TO_casa,FC_casa,T/FC_casa,ET_casa,VI_casa,EF_casa,Pts_visitante,3P_visitante,2P_visitante,LL_visitante,RT_visitante,RO_visitante,RD_visitante,AS_visitante,ER_visitante,IA%_visitante,3PC_visitante,3PT_visitante,3P%_visitante,2PC_visitante,2PT_visitante,2P%_visitante,LLC_visitante,LLT_visitante,LL%_visitante,EN_visitante,BR_visitante,B/E_visitante,TO_visitante,FC_visitante,T/FC_visitante,ET_visitante,VI_visitante,EF_visitante
82,78,2015-04-03,15,2,2014-2015,Uberlândia,Palmeiras,1,73.33333333333333,18.4,38.666666666666664,16.266666666666666,32.8,7.933333333333334,24.866666666666667,13.933333333333334,15.066666666666666,0.9966666666666667,6.133333333333334,20.133333333333333,30.275999999999996,19.333333333333332,37.266666666666666,52.57066666666666,16.266666666666666,19.8,82.09133333333332,1.1333333333333333,9.266666666666667,0.6586666666666668,2.7333333333333334,21.466666666666665,0.13933333333333336,15.066666666666666,2.933333333333333,81.53333333333333,78.4,23.0,42.53333333333333,12.866666666666667,34.06666666666667,11.2,22.866666666666667,15.866666666666667,14.733333333333333,1.15,7.666666666666667,23.533333333333335,32.80666666666666,21.266666666666666,39.8,53.368,12.866666666666667,18.066666666666666,72.27199999999999,2.533333333333333,11.266666666666667,0.8153333333333332,1.6,19.066666666666666,0.08800000000000001,14.733333333333333,2.7333333333333334,86.86666666666666
