placar_casa,placar_visitante,data,round,stage,ano,equipe_casa,equipe_visitante,resultado,Pts_casa,3P_casa,2P_casa,LL_casa,RT_casa,RO_casa,RD_casa,AS_casa,ER_casa,IA%_casa,3PC_casa,3PT_casa,3P%_casa,2PC_casa,2PT_casa,2P%_casa,LLC_casa,LLT_casa,LL%_casa,EN_casa,BR_casa,B/E_casa,TO_casa,FC_casa,T/FC_casa,ET_casa,VI_casa,EF_casa,Pts_visitante,3P_visitante,2P_visitante,LL_visitante,RT_visitante,RO_visitante,RD_visitante,AS_visitante,ER_visitante,IA%_visitante,3PC_visitante,3PT_visitante,3P%_visitante,2PC_visitante,2PT_visitante,2P%_visitante,LLC_visitante,LLT_visitante,LL%_visitante,EN_visitante,BR_visitante,B/E_visitante,TO_visitante,FC_visitante,T/FC_visitante,ET_visitante,VI_visitante,EF_visitante
107,86,2015-01-06,14,1,2014-2015,Pinheiros,Uberlândia,1,80.91666666666667,27.5,40.0,13.416666666666666,33.583333333333336,10.416666666666666,23.166666666666668,14.916666666666666,13.916666666666666,1.1725,9.166666666666666,25.666666666666668,35.994166666666665,20.0,39.083333333333336,51.182500000000005,13.416666666666666,18.25,70.49583333333332,2.1666666666666665,10.833333333333334,0.8300000000000001,2.4166666666666665,20.583333333333332,0.12250000000000001,13.916666666666666,2.1666666666666665,88.33333333333333,76.58333333333333,28.75,36.166666666666664,11.666666666666666,30.916666666666668,9.25,21.666666666666668,14.416666666666666,14.0,1.1166666666666667,9.583333333333334,26.166666666666668,35.5575,18.083333333333332,35.416666666666664,50.50416666666666,11.666666666666666,15.166666666666666,76.69916666666667,1.25,9.333333333333334,0.7349999999999999,2.5,22.0,0.11666666666666668,14.0,2.5,82.33333333333333
