placar_casa,placar_visitante,data,round,stage,ano,equipe_casa,equipe_visitante,resultado,Pts_casa,3P_casa,2P_casa,LL_casa,RT_casa,RO_casa,RD_casa,AS_casa,ER_casa,IA%_casa,3PC_casa,3PT_casa,3P%_casa,2PC_casa,2PT_casa,2P%_casa,LLC_casa,LLT_casa,LL%_casa,EN_casa,BR_casa,B/E_casa,TO_casa,FC_casa,T/FC_casa,ET_casa,VI_casa,EF_casa,Pts_visitante,3P_visitante,2P_visitante,LL_visitante,RT_visitante,RO_visitante,RD_visitante,AS_visitante,ER_visitante,IA%_visitante,3PC_visitante,3PT_visitante,3P%_visitante,2PC_visitante,2PT_visitante,2P%_visitante,LLC_visitante,LLT_visitante,LL%_visitante,EN_visitante,BR_visitante,B/E_visitante,TO_visitante,FC_visitante,T/FC_visitante,ET_visitante,VI_visitante,EF_visitante
69,99,2009-03-04,10,1,2008-2009,Espírito Santo,Minas,0,76.5,19.125,41.5,15.875,27.375,7.5,19.875,9.875,11.875,0.8999999999999999,6.375,22.0,28.673750000000002,20.75,37.875,55.66875,15.875,25.375,63.90124999999999,0.625,9.875,0.8375,1.125,22.75,0.051250000000000004,11.875,0.0,70.625,82.85714285714286,21.857142857142858,45.714285714285715,15.285714285714286,36.857142857142854,10.714285714285714,26.142857142857142,17.142857142857142,15.571428571428571,1.132857142857143,7.285714285714286,21.571428571428573,35.065714285714286,22.857142857142858,41.57142857142857,54.92285714285715,15.285714285714286,21.571428571428573,71.75428571428571,1.1428571428571428,6.285714285714286,0.40714285714285714,1.7142857142857142,20.0,0.10428571428571429,15.571428571428571,0.0,90.0
