placar_casa,placar_visitante,data,round,stage,ano,equipe_casa,equipe_visitante,resultado,Pts_casa,3P_casa,2P_casa,LL_casa,RT_casa,RO_casa,RD_casa,AS_casa,ER_casa,IA%_casa,3PC_casa,3PT_casa,3P%_casa,2PC_casa,2PT_casa,2P%_casa,LLC_casa,LLT_casa,LL%_casa,EN_casa,BR_casa,B/E_casa,TO_casa,FC_casa,T/FC_casa,ET_casa,VI_casa,EF_casa,Pts_visitante,3P_visitante,2P_visitante,LL_visitante,RT_visitante,RO_visitante,RD_visitante,AS_visitante,ER_visitante,IA%_visitante,3PC_visitante,3PT_visitante,3P%_visitante,2PC_visitante,2PT_visitante,2P%_visitante,LLC_visitante,LLT_visitante,LL%_visitante,EN_visitante,BR_visitante,B/E_visitante,TO_visitante,FC_visitante,T/FC_visitante,ET_visitante,VI_visitante,EF_visitante
93,85,2014-03-27,17,2,2013-2014,Bauru Basket,Brasília,1,83.46666666666667,29.0,38.13333333333333,16.333333333333332,33.53333333333333,9.733333333333333,23.8,15.8,12.333333333333334,1.3806666666666663,9.666666666666666,23.8,41.059333333333335,19.066666666666666,35.93333333333333,54.11066666666667,16.333333333333332,20.266666666666666,81.22200000000001,1.8666666666666667,8.133333333333333,0.7426666666666666,2.4,19.733333333333334,0.12000000000000002,12.333333333333334,2.1333333333333333,96.06666666666666,90.86666666666666,37.8,36.8,16.266666666666666,37.8,8.933333333333334,28.866666666666667,19.066666666666666,11.0,1.9773333333333332,12.6,32.4,38.88199999999999,18.4,31.666666666666668,58.89333333333334,16.266666666666666,19.866666666666667,82.23533333333333,1.5333333333333334,8.866666666666667,0.9319999999999999,3.8666666666666667,17.866666666666667,0.22666666666666666,11.0,1.3333333333333333,112.8
