placar_casa,placar_visitante,data,round,stage,ano,equipe_casa,equipe_visitante,resultado,Pts_casa,3P_casa,2P_casa,LL_casa,RT_casa,RO_casa,RD_casa,AS_casa,ER_casa,IA%_casa,3PC_casa,3PT_casa,3P%_casa,2PC_casa,2PT_casa,2P%_casa,LLC_casa,LLT_casa,LL%_casa,EN_casa,BR_casa,B/E_casa,TO_casa,FC_casa,T/FC_casa,ET_casa,VI_casa,EF_casa,Pts_visitante,3P_visitante,2P_visitante,LL_visitante,RT_visitante,RO_visitante,RD_visitante,AS_visitante,ER_visitante,IA%_visitante,3PC_visitante,3PT_visitante,3P%_visitante,2PC_visitante,2PT_visitante,2P%_visitante,LLC_visitante,LLT_visitante,LL%_visitante,EN_visitante,BR_visitante,B/E_visitante,TO_visitante,FC_visitante,T/FC_visitante,ET_visitante,VI_visitante,EF_visitante
76,63,2018-12-05,8,1,2018-2019,Fortaleza B. C. / CFO,Brasília,1,71.101,22.5,38.201,10.4,39.301,12.7,26.601,12.401,14.699000000000002,0.909,7.5,23.499000000000002,31.499000000000002,19.099,40.4,47.865,10.4,15.999,65.46000000000001,2.001,6.7,0.471,2.2990000000000004,19.201,0.12200000000000003,14.699000000000002,3.5,74.099,79.0,30.333333333333332,32.22222222222222,16.444444444444443,35.333333333333336,10.11111111111111,25.22222222222222,15.666666666666666,14.222222222222221,1.1288888888888888,10.11111111111111,27.88888888888889,36.477777777777774,16.11111111111111,34.666666666666664,46.885555555555555,16.444444444444443,21.88888888888889,76.21111111111111,0.6666666666666666,5.555555555555555,0.38999999999999996,2.7777777777777777,23.333333333333332,0.11888888888888889,14.222222222222221,1.6666666666666667,82.22222222222223
