placar_casa,placar_visitante,data,round,stage,ano,equipe_casa,equipe_visitante,resultado,Pts_casa,3P_casa,2P_casa,LL_casa,RT_casa,RO_casa,RD_casa,AS_casa,ER_casa,IA%_casa,3PC_casa,3PT_casa,3P%_casa,2PC_casa,2PT_casa,2P%_casa,LLC_casa,LLT_casa,LL%_casa,EN_casa,BR_casa,B/E_casa,TO_casa,FC_casa,T/FC_casa,ET_casa,VI_casa,EF_casa,Pts_visitante,3P_visitante,2P_visitante,LL_visitante,RT_visitante,RO_visitante,RD_visitante,AS_visitante,ER_visitante,IA%_visitante,3PC_visitante,3PT_visitante,3P%_visitante,2PC_visitante,2PT_visitante,2P%_visitante,LLC_visitante,LLT_visitante,LL%_visitante,EN_visitante,BR_visitante,B/E_visitante,TO_visitante,FC_visitante,T/FC_visitante,ET_visitante,VI_visitante,EF_visitante
87,78,2019-03-30,1,3,2018-2019,Brasília,Corinthians,1,77.75600000000001,24.0,39.28933333333334,14.466666666666667,36.53333333333333,9.977333333333332,26.556,16.2,16.0,1.0933333333333335,8.0,24.97733333333333,32.06999999999999,19.644,37.62266666666667,52.092666666666666,14.466666666666667,20.622666666666667,69.80866666666667,0.6,6.933333333333334,0.46799999999999997,3.2666666666666666,23.066666666666666,0.14266666666666666,16.0,2.2893333333333334,83.11066666666666,81.86666666666666,22.8,41.132666666666665,17.934,35.6,9.566,26.034,17.499333333333333,14.232666666666667,1.2980000000000003,7.600666666666667,22.399333333333335,34.099999999999994,20.567333333333334,38.632666666666665,53.43133333333333,17.934,22.466,80.10799999999999,2.1666666666666665,7.766666666666667,0.5613333333333332,2.167333333333333,22.600666666666665,0.098,14.232666666666667,1.7,93.134
