placar_casa,placar_visitante,data,round,stage,ano,equipe_casa,equipe_visitante,resultado,Pts_casa,3P_casa,2P_casa,LL_casa,RT_casa,RO_casa,RD_casa,AS_casa,ER_casa,IA%_casa,3PC_casa,3PT_casa,3P%_casa,2PC_casa,2PT_casa,2P%_casa,LLC_casa,LLT_casa,LL%_casa,EN_casa,BR_casa,B/E_casa,TO_casa,FC_casa,T/FC_casa,ET_casa,VI_casa,EF_casa,Pts_visitante,3P_visitante,2P_visitante,LL_visitante,RT_visitante,RO_visitante,RD_visitante,AS_visitante,ER_visitante,IA%_visitante,3PC_visitante,3PT_visitante,3P%_visitante,2PC_visitante,2PT_visitante,2P%_visitante,LLC_visitante,LLT_visitante,LL%_visitante,EN_visitante,BR_visitante,B/E_visitante,TO_visitante,FC_visitante,T/FC_visitante,ET_visitante,VI_visitante,EF_visitante
75,67,2012-04-14,1,3,2011-2012,Tijuca,Uberlândia,1,80.53333333333333,17.0,45.733333333333334,17.8,28.466666666666665,8.266666666666667,20.2,11.6,12.933333333333334,0.9139999999999998,5.666666666666667,17.866666666666667,30.752,22.866666666666667,42.266666666666666,54.934666666666665,17.8,23.466666666666665,75.13533333333335,1.1333333333333333,7.466666666666667,0.5820000000000001,1.3333333333333333,21.466666666666665,0.06666666666666668,12.933333333333334,2.3333333333333335,83.86666666666666,83.53333333333333,24.8,42.666666666666664,16.066666666666666,29.466666666666665,7.933333333333334,21.533333333333335,14.933333333333334,10.8,1.5300000000000002,8.266666666666667,22.333333333333332,35.88533333333333,21.333333333333332,40.266666666666666,52.90133333333335,16.066666666666666,20.666666666666668,77.92200000000001,3.533333333333333,6.6,0.6893333333333332,3.2666666666666666,18.6,0.18533333333333332,10.8,1.8,93.2
