placar_casa,placar_visitante,data,round,stage,ano,equipe_casa,equipe_visitante,resultado,Pts_casa,3P_casa,2P_casa,LL_casa,RT_casa,RO_casa,RD_casa,AS_casa,ER_casa,IA%_casa,3PC_casa,3PT_casa,3P%_casa,2PC_casa,2PT_casa,2P%_casa,LLC_casa,LLT_casa,LL%_casa,EN_casa,BR_casa,B/E_casa,TO_casa,FC_casa,T/FC_casa,ET_casa,VI_casa,EF_casa,Pts_visitante,3P_visitante,2P_visitante,LL_visitante,RT_visitante,RO_visitante,RD_visitante,AS_visitante,ER_visitante,IA%_visitante,3PC_visitante,3PT_visitante,3P%_visitante,2PC_visitante,2PT_visitante,2P%_visitante,LLC_visitante,LLT_visitante,LL%_visitante,EN_visitante,BR_visitante,B/E_visitante,TO_visitante,FC_visitante,T/FC_visitante,ET_visitante,VI_visitante,EF_visitante
76,74,2017-02-23,23,1,2016-2017,Caxias do Sul Basquete,Bauru Basket,1,73.4,20.0,38.13333333333333,15.266666666666667,33.13333333333333,9.4,23.733333333333334,15.466666666666667,15.6,1.0473333333333332,6.666666666666667,21.2,30.146000000000004,19.066666666666666,39.4,48.373333333333335,15.266666666666667,21.6,71.17466666666665,1.6666666666666667,7.666666666666667,0.4880000000000001,1.6666666666666667,23.2,0.08066666666666668,15.6,2.6666666666666665,74.53333333333333,79.66666666666667,32.2,33.86666666666667,13.6,39.333333333333336,9.666666666666666,29.666666666666668,17.333333333333332,13.2,1.3566666666666667,10.733333333333333,30.2,35.51133333333333,16.933333333333334,31.933333333333334,53.737333333333325,13.6,20.0,68.17266666666667,0.8,7.2,0.5599999999999999,1.5333333333333334,18.0,0.09066666666666667,13.2,3.1333333333333333,91.0
