placar_casa,placar_visitante,data,round,stage,ano,equipe_casa,equipe_visitante,resultado,Pts_casa,3P_casa,2P_casa,LL_casa,RT_casa,RO_casa,RD_casa,AS_casa,ER_casa,IA%_casa,3PC_casa,3PT_casa,3P%_casa,2PC_casa,2PT_casa,2P%_casa,LLC_casa,LLT_casa,LL%_casa,EN_casa,BR_casa,B/E_casa,TO_casa,FC_casa,T/FC_casa,ET_casa,VI_casa,EF_casa,Pts_visitante,3P_visitante,2P_visitante,LL_visitante,RT_visitante,RO_visitante,RD_visitante,AS_visitante,ER_visitante,IA%_visitante,3PC_visitante,3PT_visitante,3P%_visitante,2PC_visitante,2PT_visitante,2P%_visitante,LLC_visitante,LLT_visitante,LL%_visitante,EN_visitante,BR_visitante,B/E_visitante,TO_visitante,FC_visitante,T/FC_visitante,ET_visitante,VI_visitante,EF_visitante
78,88,2022-11-22,6,1,2022-2023,Bauru Basket,Sesi Franca,0,79.28571428571429,28.714285714285715,38.857142857142854,11.714285714285714,36.42857142857143,12.142857142857142,24.285714285714285,16.857142857142858,9.857142857142858,1.9500000000000004,9.571428571428571,29.857142857142858,32.11571428571428,19.428571428571427,36.857142857142854,52.877142857142864,11.714285714285714,16.428571428571427,69.96142857142857,2.142857142857143,6.285714285714286,0.7328571428571429,2.0,17.714285714285715,0.12428571428571429,9.857142857142858,2.0,88.57142857142857,89.375,36.375,36.75,16.25,43.375,10.75,32.625,18.125,14.125,1.3575,12.125,30.625,39.8175,18.375,31.375,58.75749999999999,16.25,22.875,70.3475,1.25,4.75,0.3725,2.125,15.625,0.1375,14.125,2.5,105.5
