placar_casa,placar_visitante,data,round,stage,ano,equipe_casa,equipe_visitante,resultado,Pts_casa,3P_casa,2P_casa,LL_casa,RT_casa,RO_casa,RD_casa,AS_casa,ER_casa,IA%_casa,3PC_casa,3PT_casa,3P%_casa,2PC_casa,2PT_casa,2P%_casa,LLC_casa,LLT_casa,LL%_casa,EN_casa,BR_casa,B/E_casa,TO_casa,FC_casa,T/FC_casa,ET_casa,VI_casa,EF_casa,Pts_visitante,3P_visitante,2P_visitante,LL_visitante,RT_visitante,RO_visitante,RD_visitante,AS_visitante,ER_visitante,IA%_visitante,3PC_visitante,3PT_visitante,3P%_visitante,2PC_visitante,2PT_visitante,2P%_visitante,LLC_visitante,LLT_visitante,LL%_visitante,EN_visitante,BR_visitante,B/E_visitante,TO_visitante,FC_visitante,T/FC_visitante,ET_visitante,VI_visitante,EF_visitante
84,67,2025-05-12,2,4,2024-2025,Bauru Basket,São Paulo,1,79.4,25.8,40.00066666666667,13.599333333333334,36.934,9.734,27.2,18.867333333333338,14.599333333333334,1.3646666666666667,8.599333333333334,27.267333333333337,31.333333333333336,19.99933333333333,35.6,56.604,13.599333333333334,17.467333333333332,77.89266666666666,1.6666666666666667,8.2,0.5966666666666668,2.5340000000000003,21.065999999999995,0.12000000000000002,14.599333333333334,2.134,93.19933333333334,76.33333333333333,24.8,36.4,15.133333333333333,36.0,8.266666666666667,27.733333333333334,18.866666666666667,13.533333333333333,1.502,8.266666666666667,26.466666666666665,31.25333333333333,18.2,33.4,55.07133333333333,15.133333333333333,21.133333333333333,71.784,0.8666666666666667,6.533333333333333,0.5186666666666666,1.8666666666666667,18.733333333333334,0.10600000000000001,13.533333333333333,2.0,86.66666666666667
