placar_casa,placar_visitante,data,round,stage,ano,equipe_casa,equipe_visitante,resultado,Pts_casa,3P_casa,2P_casa,LL_casa,RT_casa,RO_casa,RD_casa,AS_casa,ER_casa,IA%_casa,3PC_casa,3PT_casa,3P%_casa,2PC_casa,2PT_casa,2P%_casa,LLC_casa,LLT_casa,LL%_casa,EN_casa,BR_casa,B/E_casa,TO_casa,FC_casa,T/FC_casa,ET_casa,VI_casa,EF_casa,Pts_visitante,3P_visitante,2P_visitante,LL_visitante,RT_visitante,RO_visitante,RD_visitante,AS_visitante,ER_visitante,IA%_visitante,3PC_visitante,3PT_visitante,3P%_visitante,2PC_visitante,2PT_visitante,2P%_visitante,LLC_visitante,LLT_visitante,LL%_visitante,EN_visitante,BR_visitante,B/E_visitante,TO_visitante,FC_visitante,T/FC_visitante,ET_visitante,VI_visitante,EF_visitante
92,80,2022-04-16,11,2,2021-2022,Pinheiros,Flamengo,1,83.77733333333332,29.333333333333332,41.6,12.844000000000001,39.644000000000005,12.733333333333333,26.910666666666664,17.843999999999998,14.266666666666667,1.2873333333333332,9.777333333333335,28.17733333333333,34.732,20.8,40.6,51.498000000000005,12.844000000000001,17.444000000000003,72.282,2.3106666666666666,8.110666666666667,0.5619999999999999,2.4,17.089333333333336,0.13533333333333333,14.266666666666667,2.7560000000000002,94.71066666666665,88.59933333333333,42.2,33.132666666666665,13.266666666666667,41.266666666666666,11.332666666666666,29.934000000000005,19.3,11.7,1.7539999999999998,14.06733333333333,38.132666666666665,37.11066666666667,16.56733333333333,29.267333333333337,56.196,13.266666666666667,17.0,76.65533333333335,1.634,5.666666666666667,0.5146666666666667,3.0673333333333335,16.534000000000002,0.19066666666666668,11.7,1.7340000000000004,105.69933333333331
