placar_casa,placar_visitante,data,round,stage,ano,equipe_casa,equipe_visitante,resultado,Pts_casa,3P_casa,2P_casa,LL_casa,RT_casa,RO_casa,RD_casa,AS_casa,ER_casa,IA%_casa,3PC_casa,3PT_casa,3P%_casa,2PC_casa,2PT_casa,2P%_casa,LLC_casa,LLT_casa,LL%_casa,EN_casa,BR_casa,B/E_casa,TO_casa,FC_casa,T/FC_casa,ET_casa,VI_casa,EF_casa,Pts_visitante,3P_visitante,2P_visitante,LL_visitante,RT_visitante,RO_visitante,RD_visitante,AS_visitante,ER_visitante,IA%_visitante,3PC_visitante,3PT_visitante,3P%_visitante,2PC_visitante,2PT_visitante,2P%_visitante,LLC_visitante,LLT_visitante,LL%_visitante,EN_visitante,BR_visitante,B/E_visitante,TO_visitante,FC_visitante,T/FC_visitante,ET_visitante,VI_visitante,EF_visitante
72,88,2021-04-08,8,2,2020-2021,UNIFACISA,Bauru Basket,0,81.82333333333332,28.533333333333335,41.955333333333336,11.334666666666667,35.088,9.643333333333333,25.445333333333338,18.644,14.200666666666667,1.4273333333333331,9.511333333333333,25.311333333333337,37.751999999999995,20.978,40.378,51.92066666666666,11.334666666666667,15.578666666666665,71.77533333333332,1.0,8.001333333333333,0.628,2.4,20.843999999999998,0.12000000000000002,14.200666666666667,2.578,92.31266666666667,81.35600000000001,29.4,39.110666666666674,12.845333333333334,37.266,10.133999999999999,27.134,17.378666666666668,11.689333333333332,1.5059999999999998,9.799333333333333,28.0,34.40866666666667,19.556,37.15533333333334,52.67600000000001,12.845333333333334,19.022000000000002,67.098,1.2006666666666665,8.332666666666666,0.7173333333333335,2.0433333333333334,19.88866666666667,0.10400000000000001,11.689333333333332,1.3566666666666667,92.71
