placar_casa,placar_visitante,data,round,stage,ano,equipe_casa,equipe_visitante,resultado,Pts_casa,3P_casa,2P_casa,LL_casa,RT_casa,RO_casa,RD_casa,AS_casa,ER_casa,IA%_casa,3PC_casa,3PT_casa,3P%_casa,2PC_casa,2PT_casa,2P%_casa,LLC_casa,LLT_casa,LL%_casa,EN_casa,BR_casa,B/E_casa,TO_casa,FC_casa,T/FC_casa,ET_casa,VI_casa,EF_casa,Pts_visitante,3P_visitante,2P_visitante,LL_visitante,RT_visitante,RO_visitante,RD_visitante,AS_visitante,ER_visitante,IA%_visitante,3PC_visitante,3PT_visitante,3P%_visitante,2PC_visitante,2PT_visitante,2P%_visitante,LLC_visitante,LLT_visitante,LL%_visitante,EN_visitante,BR_visitante,B/E_visitante,TO_visitante,FC_visitante,T/FC_visitante,ET_visitante,VI_visitante,EF_visitante
80,84,2016-02-18,8,2,2015-2016,Pinheiros,Paulistano,0,83.06666666666666,21.2,42.666666666666664,19.2,38.53333333333333,12.533333333333333,26.0,15.0,15.2,1.024,7.066666666666666,19.466666666666665,36.74466666666667,21.333333333333332,43.733333333333334,49.263333333333335,19.2,24.133333333333333,80.07333333333335,1.6,10.266666666666667,0.7020000000000001,3.533333333333333,20.266666666666666,0.19066666666666665,15.2,2.533333333333333,95.46666666666667,80.33333333333333,28.0,40.4,11.933333333333334,36.733333333333334,10.866666666666667,25.866666666666667,16.266666666666666,14.333333333333334,1.2913333333333334,9.333333333333334,25.066666666666666,37.483333333333334,20.2,38.46666666666667,53.51466666666667,11.933333333333334,16.133333333333333,72.61666666666666,2.0,10.933333333333334,0.848,1.4666666666666666,19.133333333333333,0.084,14.333333333333334,3.1333333333333333,93.2
