placar_casa,placar_visitante,data,round,stage,ano,equipe_casa,equipe_visitante,resultado,Pts_casa,3P_casa,2P_casa,LL_casa,RT_casa,RO_casa,RD_casa,AS_casa,ER_casa,IA%_casa,3PC_casa,3PT_casa,3P%_casa,2PC_casa,2PT_casa,2P%_casa,LLC_casa,LLT_casa,LL%_casa,EN_casa,BR_casa,B/E_casa,TO_casa,FC_casa,T/FC_casa,ET_casa,VI_casa,EF_casa,Pts_visitante,3P_visitante,2P_visitante,LL_visitante,RT_visitante,RO_visitante,RD_visitante,AS_visitante,ER_visitante,IA%_visitante,3PC_visitante,3PT_visitante,3P%_visitante,2PC_visitante,2PT_visitante,2P%_visitante,LLC_visitante,LLT_visitante,LL%_visitante,EN_visitante,BR_visitante,B/E_visitante,TO_visitante,FC_visitante,T/FC_visitante,ET_visitante,VI_visitante,EF_visitante
81,77,2013-12-12,9,1,2013-2014,Goiânia,Palmeiras,1,74.14285714285714,26.571428571428573,34.57142857142857,13.0,31.142857142857142,7.571428571428571,23.571428571428573,12.142857142857142,12.857142857142858,1.1528571428571428,8.857142857142858,23.428571428571427,38.50142857142857,17.285714285714285,33.714285714285715,51.478571428571435,13.0,18.0,72.23142857142857,0.8571428571428571,7.857142857142857,0.6614285714285714,1.2857142857142858,21.714285714285715,0.06142857142857142,12.857142857142858,2.857142857142857,77.71428571428571,75.375,21.375,36.5,17.5,37.375,12.75,24.625,13.25,13.375,1.125,7.125,23.125,30.582500000000003,18.25,38.25,48.89874999999999,17.5,25.0,71.0525,2.625,9.125,0.76125,2.625,22.5,0.115,13.375,2.625,80.875
