placar_casa,placar_visitante,data,round,stage,ano,equipe_casa,equipe_visitante,resultado,Pts_casa,3P_casa,2P_casa,LL_casa,RT_casa,RO_casa,RD_casa,AS_casa,ER_casa,IA%_casa,3PC_casa,3PT_casa,3P%_casa,2PC_casa,2PT_casa,2P%_casa,LLC_casa,LLT_casa,LL%_casa,EN_casa,BR_casa,B/E_casa,TO_casa,FC_casa,T/FC_casa,ET_casa,VI_casa,EF_casa,Pts_visitante,3P_visitante,2P_visitante,LL_visitante,RT_visitante,RO_visitante,RD_visitante,AS_visitante,ER_visitante,IA%_visitante,3PC_visitante,3PT_visitante,3P%_visitante,2PC_visitante,2PT_visitante,2P%_visitante,LLC_visitante,LLT_visitante,LL%_visitante,EN_visitante,BR_visitante,B/E_visitante,TO_visitante,FC_visitante,T/FC_visitante,ET_visitante,VI_visitante,EF_visitante
82,76,2024-05-27,5,5,2023-2024,Sesi Franca,Minas,1,86.00066666666666,29.2,40.532666666666664,16.266000000000002,39.400666666666666,10.133333333333333,29.267333333333333,19.733333333333334,12.600666666666665,1.6433333333333333,9.733333333333333,26.2,37.34866666666667,20.267333333333333,36.00066666666667,56.75066666666667,16.266000000000002,20.933333333333334,77.67399999999999,2.2006666666666663,6.066000000000001,0.5333333333333333,2.466,19.733999999999998,0.12533333333333335,12.600666666666665,2.2006666666666663,104.20066666666666,84.11133333333333,30.4,37.022,16.688666666666666,40.15533333333333,11.844666666666667,28.311333333333334,18.778000000000002,12.844666666666667,1.6060000000000003,10.133333333333333,29.333333333333332,34.406666666666666,18.511333333333333,34.022,54.696,16.688666666666666,21.711333333333336,77.09533333333334,1.6886666666666665,6.533333333333333,0.5586666666666668,2.5780000000000003,18.911333333333335,0.138,12.844666666666667,2.022,99.578
