placar_casa,placar_visitante,data,round,stage,ano,equipe_casa,equipe_visitante,resultado,Pts_casa,3P_casa,2P_casa,LL_casa,RT_casa,RO_casa,RD_casa,AS_casa,ER_casa,IA%_casa,3PC_casa,3PT_casa,3P%_casa,2PC_casa,2PT_casa,2P%_casa,LLC_casa,LLT_casa,LL%_casa,EN_casa,BR_casa,B/E_casa,TO_casa,FC_casa,T/FC_casa,ET_casa,VI_casa,EF_casa,Pts_visitante,3P_visitante,2P_visitante,LL_visitante,RT_visitante,RO_visitante,RD_visitante,AS_visitante,ER_visitante,IA%_visitante,3PC_visitante,3PT_visitante,3P%_visitante,2PC_visitante,2PT_visitante,2P%_visitante,LLC_visitante,LLT_visitante,LL%_visitante,EN_visitante,BR_visitante,B/E_visitante,TO_visitante,FC_visitante,T/FC_visitante,ET_visitante,VI_visitante,EF_visitante
66,50,2015-12-22,14,1,2015-2016,Fortaleza B. C. / CFO,Caxias do Sul Basquete,1,79.91666666666667,28.25,37.166666666666664,14.5,36.5,11.0,25.5,11.666666666666666,13.25,1.0541666666666667,9.416666666666666,27.25,35.45583333333334,18.583333333333332,37.0,50.42166666666666,14.5,20.0,72.11,1.9166666666666667,9.25,0.7816666666666667,2.25,21.416666666666668,0.10166666666666667,13.25,2.4166666666666665,84.58333333333333,65.33333333333333,20.0,31.0,14.333333333333334,32.083333333333336,8.666666666666666,23.416666666666668,12.5,14.833333333333334,0.9275000000000002,6.666666666666667,23.083333333333332,29.838333333333335,15.5,35.416666666666664,44.22833333333333,14.333333333333334,21.0,66.28916666666667,1.0833333333333333,12.583333333333334,0.9316666666666666,1.1666666666666667,22.833333333333332,0.04750000000000001,14.833333333333334,3.1666666666666665,65.83333333333333
