placar_casa,placar_visitante,data,round,stage,ano,equipe_casa,equipe_visitante,resultado,Pts_casa,3P_casa,2P_casa,LL_casa,RT_casa,RO_casa,RD_casa,AS_casa,ER_casa,IA%_casa,3PC_casa,3PT_casa,3P%_casa,2PC_casa,2PT_casa,2P%_casa,LLC_casa,LLT_casa,LL%_casa,EN_casa,BR_casa,B/E_casa,TO_casa,FC_casa,T/FC_casa,ET_casa,VI_casa,EF_casa,Pts_visitante,3P_visitante,2P_visitante,LL_visitante,RT_visitante,RO_visitante,RD_visitante,AS_visitante,ER_visitante,IA%_visitante,3PC_visitante,3PT_visitante,3P%_visitante,2PC_visitante,2PT_visitante,2P%_visitante,LLC_visitante,LLT_visitante,LL%_visitante,EN_visitante,BR_visitante,B/E_visitante,TO_visitante,FC_visitante,T/FC_visitante,ET_visitante,VI_visitante,EF_visitante
85,79,2019-11-15,5,1,2019-2020,Botafogo,Pato Basquete,1,73.64285714285714,25.928571428571427,32.42857142857143,15.285714285714286,35.42857142857143,11.0,24.428571428571427,15.357142857142858,14.571428571428571,1.1242857142857143,8.642857142857142,27.928571428571427,30.830000000000005,16.214285714285715,32.857142857142854,48.90714285714285,15.285714285714286,19.642857142857142,78.48571428571428,1.0,5.285714285714286,0.34142857142857147,2.2857142857142856,23.285714285714285,0.09714285714285713,14.571428571428571,3.0714285714285716,77.14285714285714,62.285714285714285,18.0,33.142857142857146,11.142857142857142,35.142857142857146,11.857142857142858,23.285714285714285,13.642857142857142,16.357142857142858,0.8442857142857142,6.0,25.142857142857142,23.79428571428571,16.571428571428573,37.42857142857143,44.80285714285714,11.142857142857142,17.214285714285715,66.11285714285714,1.5,7.285714285714286,0.4542857142857143,2.0714285714285716,21.428571428571427,0.09857142857142856,16.357142857142858,3.9285714285714284,57.857142857142854
