placar_casa,placar_visitante,data,round,stage,ano,equipe_casa,equipe_visitante,resultado,Pts_casa,3P_casa,2P_casa,LL_casa,RT_casa,RO_casa,RD_casa,AS_casa,ER_casa,IA%_casa,3PC_casa,3PT_casa,3P%_casa,2PC_casa,2PT_casa,2P%_casa,LLC_casa,LLT_casa,LL%_casa,EN_casa,BR_casa,B/E_casa,TO_casa,FC_casa,T/FC_casa,ET_casa,VI_casa,EF_casa,Pts_visitante,3P_visitante,2P_visitante,LL_visitante,RT_visitante,RO_visitante,RD_visitante,AS_visitante,ER_visitante,IA%_visitante,3PC_visitante,3PT_visitante,3P%_visitante,2PC_visitante,2PT_visitante,2P%_visitante,LLC_visitante,LLT_visitante,LL%_visitante,EN_visitante,BR_visitante,B/E_visitante,TO_visitante,FC_visitante,T/FC_visitante,ET_visitante,VI_visitante,EF_visitante
82,67,2020-12-05,4,1,2020-2021,Bauru Basket,Corinthians,1,84.99749999999999,25.5,44.0,15.497499999999999,38.2475,12.002500000000001,26.2525,17.4975,12.002500000000001,1.525,8.502500000000001,23.5,35.9975,22.0,40.9975,53.584999999999994,15.497499999999999,19.0025,81.5,1.2475,9.502500000000001,0.795,1.0,22.5,0.0475,12.002500000000001,2.5,101.75,81.0,34.5,31.333333333333332,15.166666666666666,34.5,8.666666666666666,25.833333333333332,18.0,13.666666666666666,1.3399999999999999,11.5,30.333333333333332,37.90666666666667,15.666666666666666,32.333333333333336,48.46,15.166666666666666,18.333333333333332,83.05333333333333,1.8333333333333333,6.166666666666667,0.4666666666666666,2.8333333333333335,20.5,0.13666666666666663,13.666666666666666,2.6666666666666665,90.16666666666667
