placar_casa,placar_visitante,data,round,stage,ano,equipe_casa,equipe_visitante,resultado,Pts_casa,3P_casa,2P_casa,LL_casa,RT_casa,RO_casa,RD_casa,AS_casa,ER_casa,IA%_casa,3PC_casa,3PT_casa,3P%_casa,2PC_casa,2PT_casa,2P%_casa,LLC_casa,LLT_casa,LL%_casa,EN_casa,BR_casa,B/E_casa,TO_casa,FC_casa,T/FC_casa,ET_casa,VI_casa,EF_casa,Pts_visitante,3P_visitante,2P_visitante,LL_visitante,RT_visitante,RO_visitante,RD_visitante,AS_visitante,ER_visitante,IA%_visitante,3PC_visitante,3PT_visitante,3P%_visitante,2PC_visitante,2PT_visitante,2P%_visitante,LLC_visitante,LLT_visitante,LL%_visitante,EN_visitante,BR_visitante,B/E_visitante,TO_visitante,FC_visitante,T/FC_visitante,ET_visitante,VI_visitante,EF_visitante
74,76,2014-03-08,12,2,2013-2014,Goiânia,Paulistano,0,75.46666666666667,21.4,38.266666666666666,15.8,32.333333333333336,9.6,22.733333333333334,14.933333333333334,12.533333333333333,1.4353333333333333,7.133333333333334,20.266666666666666,35.665333333333336,19.133333333333333,39.0,49.83933333333333,15.8,21.266666666666666,75.48133333333334,0.7333333333333333,8.933333333333334,0.808,1.6666666666666667,22.0,0.07600000000000001,12.533333333333333,2.466666666666667,82.33333333333333,85.93333333333334,27.0,39.46666666666667,19.466666666666665,36.0,12.066666666666666,23.933333333333334,12.533333333333333,13.4,1.0766666666666667,9.0,24.266666666666666,37.023333333333326,19.733333333333334,38.266666666666666,51.67666666666666,19.466666666666665,23.733333333333334,81.10466666666667,1.3333333333333333,10.266666666666667,0.8606666666666668,1.3333333333333333,21.266666666666666,0.06600000000000002,13.4,2.7333333333333334,94.53333333333333
