placar_casa,placar_visitante,data,round,stage,ano,equipe_casa,equipe_visitante,resultado,Pts_casa,3P_casa,2P_casa,LL_casa,RT_casa,RO_casa,RD_casa,AS_casa,ER_casa,IA%_casa,3PC_casa,3PT_casa,3P%_casa,2PC_casa,2PT_casa,2P%_casa,LLC_casa,LLT_casa,LL%_casa,EN_casa,BR_casa,B/E_casa,TO_casa,FC_casa,T/FC_casa,ET_casa,VI_casa,EF_casa,Pts_visitante,3P_visitante,2P_visitante,LL_visitante,RT_visitante,RO_visitante,RD_visitante,AS_visitante,ER_visitante,IA%_visitante,3PC_visitante,3PT_visitante,3P%_visitante,2PC_visitante,2PT_visitante,2P%_visitante,LLC_visitante,LLT_visitante,LL%_visitante,EN_visitante,BR_visitante,B/E_visitante,TO_visitante,FC_visitante,T/FC_visitante,ET_visitante,VI_visitante,EF_visitante
97,85,2024-12-27,1,2,2024-2025,Botafogo,Mogi Basquete,1,71.00066666666666,22.8,37.46666666666667,10.734,37.199333333333335,11.133999999999999,26.067333333333334,16.267333333333333,13.666,1.2253333333333332,7.6,24.999333333333333,30.249999999999996,18.733333333333334,40.733333333333334,46.30666666666666,10.734,16.267333333333333,65.35199999999999,1.2,7.134,0.552,2.3993333333333333,18.332666666666668,0.13066666666666665,13.666,2.6006666666666667,75.4,72.71066666666665,25.533333333333335,32.93333333333333,14.244,32.556000000000004,9.177333333333333,23.377333333333333,15.133333333333333,13.866666666666667,1.1213333333333333,8.510666666666667,25.77733333333333,33.354,16.466666666666665,34.68933333333334,47.66466666666667,14.244,19.77733333333333,72.00733333333334,1.3106666666666666,8.310666666666666,0.6159999999999999,1.7773333333333334,21.889333333333337,0.08133333333333331,13.866666666666667,2.466666666666667,75.6
