placar_casa,placar_visitante,data,round,stage,ano,equipe_casa,equipe_visitante,resultado,Pts_casa,3P_casa,2P_casa,LL_casa,RT_casa,RO_casa,RD_casa,AS_casa,ER_casa,IA%_casa,3PC_casa,3PT_casa,3P%_casa,2PC_casa,2PT_casa,2P%_casa,LLC_casa,LLT_casa,LL%_casa,EN_casa,BR_casa,B/E_casa,TO_casa,FC_casa,T/FC_casa,ET_casa,VI_casa,EF_casa,Pts_visitante,3P_visitante,2P_visitante,LL_visitante,RT_visitante,RO_visitante,RD_visitante,AS_visitante,ER_visitante,IA%_visitante,3PC_visitante,3PT_visitante,3P%_visitante,2PC_visitante,2PT_visitante,2P%_visitante,LLC_visitante,LLT_visitante,LL%_visitante,EN_visitante,BR_visitante,B/E_visitante,TO_visitante,FC_visitante,T/FC_visitante,ET_visitante,VI_visitante,EF_visitante
77,82,2017-01-07,13,1,2016-2017,Fortaleza B. C. / CFO,Vitória,0,76.9090909090909,28.09090909090909,38.90909090909091,9.909090909090908,38.90909090909091,12.454545454545455,26.454545454545453,13.272727272727273,12.909090909090908,1.0463636363636366,9.363636363636363,28.272727272727273,33.14545454545455,19.454545454545453,41.18181818181818,47.00272727272727,9.909090909090908,14.090909090909092,68.74818181818182,1.0909090909090908,8.090909090909092,0.6627272727272726,1.8181818181818181,19.0,0.09363636363636366,12.909090909090908,2.4545454545454546,81.27272727272727,76.2,21.3,39.8,15.1,35.7,9.2,26.5,16.7,14.2,1.2650000000000001,7.1,22.0,31.933999999999997,19.9,38.7,51.575,15.1,20.3,75.89099999999999,1.4,6.2,0.454,1.4,21.4,0.071,14.2,4.1,83.1
