placar_casa,placar_visitante,data,round,stage,ano,equipe_casa,equipe_visitante,resultado,Pts_casa,3P_casa,2P_casa,LL_casa,RT_casa,RO_casa,RD_casa,AS_casa,ER_casa,IA%_casa,3PC_casa,3PT_casa,3P%_casa,2PC_casa,2PT_casa,2P%_casa,LLC_casa,LLT_casa,LL%_casa,EN_casa,BR_casa,B/E_casa,TO_casa,FC_casa,T/FC_casa,ET_casa,VI_casa,EF_casa,Pts_visitante,3P_visitante,2P_visitante,LL_visitante,RT_visitante,RO_visitante,RD_visitante,AS_visitante,ER_visitante,IA%_visitante,3PC_visitante,3PT_visitante,3P%_visitante,2PC_visitante,2PT_visitante,2P%_visitante,LLC_visitante,LLT_visitante,LL%_visitante,EN_visitante,BR_visitante,B/E_visitante,TO_visitante,FC_visitante,T/FC_visitante,ET_visitante,VI_visitante,EF_visitante
94,80,2012-05-03,3,4,2011-2012,Coop/São José Basketball,Sesi Franca,1,88.26666666666667,25.2,42.8,20.266666666666666,33.13333333333333,9.333333333333334,23.8,18.8,14.266666666666667,1.454,8.4,23.4,35.964000000000006,21.4,35.666666666666664,59.816,20.266666666666666,24.466666666666665,83.62200000000003,1.2666666666666666,6.066666666666666,0.4606666666666667,2.8666666666666667,19.4,0.14266666666666666,14.266666666666667,2.1333333333333333,106.73333333333333,84.13333333333334,20.0,45.6,18.533333333333335,29.4,8.133333333333333,21.266666666666666,16.6,13.066666666666666,1.4199999999999997,6.666666666666667,19.2,34.81000000000001,22.8,40.93333333333333,55.702,18.533333333333335,22.533333333333335,83.15200000000002,1.4,7.4,0.6326666666666667,2.933333333333333,23.066666666666666,0.13666666666666666,13.066666666666666,3.066666666666667,99.2
