placar_casa,placar_visitante,data,round,stage,ano,equipe_casa,equipe_visitante,resultado,Pts_casa,3P_casa,2P_casa,LL_casa,RT_casa,RO_casa,RD_casa,AS_casa,ER_casa,IA%_casa,3PC_casa,3PT_casa,3P%_casa,2PC_casa,2PT_casa,2P%_casa,LLC_casa,LLT_casa,LL%_casa,EN_casa,BR_casa,B/E_casa,TO_casa,FC_casa,T/FC_casa,ET_casa,VI_casa,EF_casa,Pts_visitante,3P_visitante,2P_visitante,LL_visitante,RT_visitante,RO_visitante,RD_visitante,AS_visitante,ER_visitante,IA%_visitante,3PC_visitante,3PT_visitante,3P%_visitante,2PC_visitante,2PT_visitante,2P%_visitante,LLC_visitante,LLT_visitante,LL%_visitante,EN_visitante,BR_visitante,B/E_visitante,TO_visitante,FC_visitante,T/FC_visitante,ET_visitante,VI_visitante,EF_visitante
72,59,2016-01-09,15,1,2015-2016,Brasília,Minas,1,89.77777777777777,28.0,44.888888888888886,16.88888888888889,37.55555555555556,11.666666666666666,25.88888888888889,19.555555555555557,15.555555555555555,1.4177777777777778,9.333333333333334,24.0,38.940000000000005,22.444444444444443,41.44444444444444,54.33666666666667,16.88888888888889,20.77777777777778,82.90777777777777,2.0,7.555555555555555,0.5166666666666666,2.3333333333333335,23.22222222222222,0.0977777777777778,15.555555555555555,3.0,103.66666666666667,71.6923076923077,19.615384615384617,38.92307692307692,13.153846153846153,35.46153846153846,9.692307692307692,25.76923076923077,16.46153846153846,14.538461538461538,1.2423076923076921,6.538461538461538,20.0,33.075384615384614,19.46153846153846,38.38461538461539,50.98461538461538,13.153846153846153,18.615384615384617,68.28461538461539,1.6923076923076923,8.76923076923077,0.6569230769230769,2.4615384615384617,19.923076923076923,0.12153846153846153,14.538461538461538,3.3846153846153846,82.46153846153847
