placar_casa,placar_visitante,data,round,stage,ano,equipe_casa,equipe_visitante,resultado,Pts_casa,3P_casa,2P_casa,LL_casa,RT_casa,RO_casa,RD_casa,AS_casa,ER_casa,IA%_casa,3PC_casa,3PT_casa,3P%_casa,2PC_casa,2PT_casa,2P%_casa,LLC_casa,LLT_casa,LL%_casa,EN_casa,BR_casa,B/E_casa,TO_casa,FC_casa,T/FC_casa,ET_casa,VI_casa,EF_casa,Pts_visitante,3P_visitante,2P_visitante,LL_visitante,RT_visitante,RO_visitante,RD_visitante,AS_visitante,ER_visitante,IA%_visitante,3PC_visitante,3PT_visitante,3P%_visitante,2PC_visitante,2PT_visitante,2P%_visitante,LLC_visitante,LLT_visitante,LL%_visitante,EN_visitante,BR_visitante,B/E_visitante,TO_visitante,FC_visitante,T/FC_visitante,ET_visitante,VI_visitante,EF_visitante
73,91,2016-01-20,4,2,2015-2016,Rio Claro,Flamengo,0,73.53333333333333,23.8,37.6,12.133333333333333,32.06666666666667,8.333333333333334,23.733333333333334,17.333333333333332,16.133333333333333,1.129333333333333,7.933333333333334,22.866666666666667,34.39666666666666,18.8,35.06666666666667,53.45066666666667,12.133333333333333,18.066666666666666,67.01933333333334,2.2666666666666666,11.133333333333333,0.7120000000000001,2.933333333333333,22.466666666666665,0.134,16.133333333333333,3.933333333333333,83.73333333333333,86.13333333333334,26.8,44.53333333333333,14.8,35.0,9.066666666666666,25.933333333333334,19.6,13.066666666666666,1.5826666666666669,8.933333333333334,22.866666666666667,38.80799999999999,22.266666666666666,39.333333333333336,56.25666666666667,14.8,18.933333333333334,77.062,1.2666666666666666,10.733333333333333,0.8626666666666666,2.3333333333333335,18.0,0.13333333333333333,13.066666666666666,1.4666666666666666,105.6
