placar_casa,placar_visitante,data,round,stage,ano,equipe_casa,equipe_visitante,resultado,Pts_casa,3P_casa,2P_casa,LL_casa,RT_casa,RO_casa,RD_casa,AS_casa,ER_casa,IA%_casa,3PC_casa,3PT_casa,3P%_casa,2PC_casa,2PT_casa,2P%_casa,LLC_casa,LLT_casa,LL%_casa,EN_casa,BR_casa,B/E_casa,TO_casa,FC_casa,T/FC_casa,ET_casa,VI_casa,EF_casa,Pts_visitante,3P_visitante,2P_visitante,LL_visitante,RT_visitante,RO_visitante,RD_visitante,AS_visitante,ER_visitante,IA%_visitante,3PC_visitante,3PT_visitante,3P%_visitante,2PC_visitante,2PT_visitante,2P%_visitante,LLC_visitante,LLT_visitante,LL%_visitante,EN_visitante,BR_visitante,B/E_visitante,TO_visitante,FC_visitante,T/FC_visitante,ET_visitante,VI_visitante,EF_visitante
84,81,2013-02-07,4,2,2012-2013,Uberlândia,L. Sorocabana,1,84.0,64.6,43.06666666666667,14.933333333333334,30.933333333333334,7.666666666666667,23.266666666666666,16.933333333333334,13.333333333333334,1.3593333333333333,8.666666666666666,21.733333333333334,40.24400000000001,21.533333333333335,37.46666666666667,58.296,14.933333333333334,18.666666666666668,80.50800000000001,2.6,4.933333333333334,0.4006666666666668,1.9333333333333333,18.666666666666668,0.10733333333333334,13.333333333333334,2.6,99.0,79.06666666666666,64.0,42.666666666666664,16.2,27.133333333333333,8.266666666666667,18.866666666666667,11.866666666666667,12.4,1.0006666666666666,6.733333333333333,21.8,30.613999999999997,21.333333333333332,40.4,52.82666666666667,16.2,21.466666666666665,75.67733333333332,1.8,9.6,0.8286666666666668,1.8,19.933333333333334,0.09133333333333335,12.4,2.7333333333333334,85.66666666666667
