placar_casa,placar_visitante,data,round,stage,ano,equipe_casa,equipe_visitante,resultado,Pts_casa,3P_casa,2P_casa,LL_casa,RT_casa,RO_casa,RD_casa,AS_casa,ER_casa,IA%_casa,3PC_casa,3PT_casa,3P%_casa,2PC_casa,2PT_casa,2P%_casa,LLC_casa,LLT_casa,LL%_casa,EN_casa,BR_casa,B/E_casa,TO_casa,FC_casa,T/FC_casa,ET_casa,VI_casa,EF_casa,Pts_visitante,3P_visitante,2P_visitante,LL_visitante,RT_visitante,RO_visitante,RD_visitante,AS_visitante,ER_visitante,IA%_visitante,3PC_visitante,3PT_visitante,3P%_visitante,2PC_visitante,2PT_visitante,2P%_visitante,LLC_visitante,LLT_visitante,LL%_visitante,EN_visitante,BR_visitante,B/E_visitante,TO_visitante,FC_visitante,T/FC_visitante,ET_visitante,VI_visitante,EF_visitante
82,89,2020-12-30,8,1,2020-2021,Sesi Franca,Bauru Basket,0,86.25,30.214285714285715,39.642857142857146,16.392857142857142,37.35785714285714,9.500714285714285,27.857142857142858,20.71357142857143,13.322142857142856,1.5692857142857142,10.071428571428571,26.679285714285715,37.36,19.821428571428573,37.14214285714286,54.061428571428564,16.392857142857142,20.178571428571427,81.42214285714286,1.7135714285714287,5.8221428571428575,0.44357142857142856,2.6421428571428573,19.500714285714285,0.1385714285714286,13.322142857142856,1.3921428571428573,101.74928571428572,82.69999999999999,29.7,39.29899999999999,13.697999999999999,35.397999999999996,9.452000000000002,25.952000000000005,17.299,11.702000000000002,1.5220000000000002,9.902000000000001,26.848999999999997,36.843,19.651,35.649,55.302,13.697999999999999,17.700000000000003,77.206,1.4,9.001000000000001,0.7769999999999999,1.0,20.298999999999996,0.049999999999999996,11.702000000000002,2.5,96.74900000000001
