placar_casa,placar_visitante,data,round,stage,ano,equipe_casa,equipe_visitante,resultado,Pts_casa,3P_casa,2P_casa,LL_casa,RT_casa,RO_casa,RD_casa,AS_casa,ER_casa,IA%_casa,3PC_casa,3PT_casa,3P%_casa,2PC_casa,2PT_casa,2P%_casa,LLC_casa,LLT_casa,LL%_casa,EN_casa,BR_casa,B/E_casa,TO_casa,FC_casa,T/FC_casa,ET_casa,VI_casa,EF_casa,Pts_visitante,3P_visitante,2P_visitante,LL_visitante,RT_visitante,RO_visitante,RD_visitante,AS_visitante,ER_visitante,IA%_visitante,3PC_visitante,3PT_visitante,3P%_visitante,2PC_visitante,2PT_visitante,2P%_visitante,LLC_visitante,LLT_visitante,LL%_visitante,EN_visitante,BR_visitante,B/E_visitante,TO_visitante,FC_visitante,T/FC_visitante,ET_visitante,VI_visitante,EF_visitante
83,73,2015-11-19,6,1,2015-2016,Vitória,Brasília,1,66.4,15.6,36.8,14.0,33.4,10.8,22.6,9.6,14.8,0.67,5.2,18.4,29.003999999999998,18.4,39.2,47.733999999999995,14.0,19.2,71.30999999999999,0.8,9.6,0.6980000000000001,1.4,16.2,0.092,14.8,5.2,66.4,89.66666666666667,30.0,45.333333333333336,14.333333333333334,38.333333333333336,9.666666666666666,28.666666666666668,21.333333333333332,18.333333333333332,1.1433333333333333,10.0,21.666666666666668,47.080000000000005,22.666666666666668,37.666666666666664,59.96666666666667,14.333333333333334,17.0,85.02,2.3333333333333335,7.0,0.39999999999999997,2.0,21.333333333333332,0.09666666666666666,18.333333333333332,4.666666666666667,110.66666666666667
