placar_casa,placar_visitante,data,round,stage,ano,equipe_casa,equipe_visitante,resultado,Pts_casa,3P_casa,2P_casa,LL_casa,RT_casa,RO_casa,RD_casa,AS_casa,ER_casa,IA%_casa,3PC_casa,3PT_casa,3P%_casa,2PC_casa,2PT_casa,2P%_casa,LLC_casa,LLT_casa,LL%_casa,EN_casa,BR_casa,B/E_casa,TO_casa,FC_casa,T/FC_casa,ET_casa,VI_casa,EF_casa,Pts_visitante,3P_visitante,2P_visitante,LL_visitante,RT_visitante,RO_visitante,RD_visitante,AS_visitante,ER_visitante,IA%_visitante,3PC_visitante,3PT_visitante,3P%_visitante,2PC_visitante,2PT_visitante,2P%_visitante,LLC_visitante,LLT_visitante,LL%_visitante,EN_visitante,BR_visitante,B/E_visitante,TO_visitante,FC_visitante,T/FC_visitante,ET_visitante,VI_visitante,EF_visitante
81,67,2016-02-14,6,2,2015-2016,Brasília,Vitória,1,87.93333333333334,31.6,41.86666666666667,14.466666666666667,35.333333333333336,10.466666666666667,24.866666666666667,18.466666666666665,14.333333333333334,1.6053333333333335,10.533333333333333,26.0,40.16733333333333,20.933333333333334,38.733333333333334,54.38466666666667,14.466666666666667,17.4,83.64200000000001,2.066666666666667,9.266666666666667,0.7026666666666667,2.466666666666667,23.666666666666668,0.10866666666666668,14.333333333333334,2.8666666666666667,102.93333333333334,74.53333333333333,19.2,40.8,14.533333333333333,33.46666666666667,11.333333333333334,22.133333333333333,13.133333333333333,14.2,0.9780000000000001,6.4,19.666666666666668,32.50933333333333,20.4,41.8,49.26866666666667,14.533333333333333,20.866666666666667,69.89799999999998,1.2666666666666666,11.4,0.8413333333333333,1.4666666666666666,19.266666666666666,0.08066666666666666,14.2,3.466666666666667,78.73333333333333
