placar_casa,placar_visitante,data,round,stage,ano,equipe_casa,equipe_visitante,resultado,Pts_casa,3P_casa,2P_casa,LL_casa,RT_casa,RO_casa,RD_casa,AS_casa,ER_casa,IA%_casa,3PC_casa,3PT_casa,3P%_casa,2PC_casa,2PT_casa,2P%_casa,LLC_casa,LLT_casa,LL%_casa,EN_casa,BR_casa,B/E_casa,TO_casa,FC_casa,T/FC_casa,ET_casa,VI_casa,EF_casa,Pts_visitante,3P_visitante,2P_visitante,LL_visitante,RT_visitante,RO_visitante,RD_visitante,AS_visitante,ER_visitante,IA%_visitante,3PC_visitante,3PT_visitante,3P%_visitante,2PC_visitante,2PT_visitante,2P%_visitante,LLC_visitante,LLT_visitante,LL%_visitante,EN_visitante,BR_visitante,B/E_visitante,TO_visitante,FC_visitante,T/FC_visitante,ET_visitante,VI_visitante,EF_visitante
78,94,2025-06-12,2,6,2024-2025,Minas,Sesi Franca,0,79.06666666666666,26.7,38.132666666666665,14.234,43.032666666666664,12.400666666666666,30.634,16.166,12.332666666666666,1.3659999999999999,8.9,28.666,31.21533333333333,19.067333333333334,36.7,51.767999999999994,14.234,19.766666666666666,73.122,1.7660000000000002,6.433999999999999,0.5413333333333333,2.634,17.566,0.15866666666666665,12.332666666666666,2.932666666666667,92.06733333333334,86.4,33.4,36.53333333333333,16.466666666666665,34.333333333333336,7.8,26.533333333333335,16.133333333333333,10.933333333333334,1.762,11.133333333333333,28.0,39.44799999999999,18.266666666666666,32.733333333333334,55.77133333333333,16.466666666666665,19.333333333333332,85.008,1.9333333333333333,6.4,0.7346666666666668,2.933333333333333,17.933333333333334,0.1633333333333333,10.933333333333334,1.6,101.06666666666666
