placar_casa,placar_visitante,data,round,stage,ano,equipe_casa,equipe_visitante,resultado,Pts_casa,3P_casa,2P_casa,LL_casa,RT_casa,RO_casa,RD_casa,AS_casa,ER_casa,IA%_casa,3PC_casa,3PT_casa,3P%_casa,2PC_casa,2PT_casa,2P%_casa,LLC_casa,LLT_casa,LL%_casa,EN_casa,BR_casa,B/E_casa,TO_casa,FC_casa,T/FC_casa,ET_casa,VI_casa,EF_casa,Pts_visitante,3P_visitante,2P_visitante,LL_visitante,RT_visitante,RO_visitante,RD_visitante,AS_visitante,ER_visitante,IA%_visitante,3PC_visitante,3PT_visitante,3P%_visitante,2PC_visitante,2PT_visitante,2P%_visitante,LLC_visitante,LLT_visitante,LL%_visitante,EN_visitante,BR_visitante,B/E_visitante,TO_visitante,FC_visitante,T/FC_visitante,ET_visitante,VI_visitante,EF_visitante
69,77,2015-01-07,14,1,2014-2015,Fortaleza B. C. / CFO,Paulistano,0,73.54545454545455,26.727272727272727,34.72727272727273,12.090909090909092,34.18181818181818,10.636363636363637,23.545454545454547,13.363636363636363,13.818181818181818,1.0572727272727271,8.909090909090908,28.545454545454547,31.181818181818183,17.363636363636363,36.09090909090909,48.59181818181819,12.090909090909092,17.09090909090909,72.97363636363636,0.6363636363636364,9.545454545454545,0.7081818181818181,2.4545454545454546,17.272727272727273,0.14636363636363636,13.818181818181818,2.5454545454545454,75.9090909090909,81.0,21.0,42.76923076923077,17.23076923076923,38.76923076923077,13.76923076923077,25.0,11.307692307692308,12.692307692307692,0.9930769230769232,7.0,22.615384615384617,31.190769230769227,21.384615384615383,43.61538461538461,49.15384615384616,17.23076923076923,23.307692307692307,75.45538461538462,2.076923076923077,9.384615384615385,0.8092307692307692,1.3076923076923077,25.0,0.05153846153846153,12.692307692307692,2.6153846153846154,85.15384615384616
