placar_casa,placar_visitante,data,round,stage,ano,equipe_casa,equipe_visitante,resultado,Pts_casa,3P_casa,2P_casa,LL_casa,RT_casa,RO_casa,RD_casa,AS_casa,ER_casa,IA%_casa,3PC_casa,3PT_casa,3P%_casa,2PC_casa,2PT_casa,2P%_casa,LLC_casa,LLT_casa,LL%_casa,EN_casa,BR_casa,B/E_casa,TO_casa,FC_casa,T/FC_casa,ET_casa,VI_casa,EF_casa,Pts_visitante,3P_visitante,2P_visitante,LL_visitante,RT_visitante,RO_visitante,RD_visitante,AS_visitante,ER_visitante,IA%_visitante,3PC_visitante,3PT_visitante,3P%_visitante,2PC_visitante,2PT_visitante,2P%_visitante,LLC_visitante,LLT_visitante,LL%_visitante,EN_visitante,BR_visitante,B/E_visitante,TO_visitante,FC_visitante,T/FC_visitante,ET_visitante,VI_visitante,EF_visitante
70,96,2015-12-03,8,1,2015-2016,Vitória,Flamengo,0,71.57142857142857,19.285714285714285,38.57142857142857,13.714285714285714,34.42857142857143,11.0,23.428571428571427,11.142857142857142,13.571428571428571,0.9071428571428573,6.428571428571429,20.0,32.027142857142856,19.285714285714285,39.42857142857143,49.567142857142855,13.714285714285714,18.571428571428573,73.29142857142857,1.1428571428571428,9.714285714285714,0.7842857142857144,1.1428571428571428,16.857142857142858,0.07428571428571429,13.571428571428571,4.571428571428571,75.85714285714286,80.83333333333333,22.0,44.333333333333336,14.5,33.333333333333336,7.333333333333333,26.0,19.0,14.0,1.4483333333333333,7.333333333333333,19.5,37.62666666666667,22.166666666666668,38.666666666666664,56.701666666666675,14.5,18.5,77.64,1.1666666666666667,10.5,0.8166666666666668,2.3333333333333335,18.5,0.13333333333333333,14.0,1.6666666666666667,99.33333333333333
