placar_casa,placar_visitante,data,round,stage,ano,equipe_casa,equipe_visitante,resultado,Pts_casa,3P_casa,2P_casa,LL_casa,RT_casa,RO_casa,RD_casa,AS_casa,ER_casa,IA%_casa,3PC_casa,3PT_casa,3P%_casa,2PC_casa,2PT_casa,2P%_casa,LLC_casa,LLT_casa,LL%_casa,EN_casa,BR_casa,B/E_casa,TO_casa,FC_casa,T/FC_casa,ET_casa,VI_casa,EF_casa,Pts_visitante,3P_visitante,2P_visitante,LL_visitante,RT_visitante,RO_visitante,RD_visitante,AS_visitante,ER_visitante,IA%_visitante,3PC_visitante,3PT_visitante,3P%_visitante,2PC_visitante,2PT_visitante,2P%_visitante,LLC_visitante,LLT_visitante,LL%_visitante,EN_visitante,BR_visitante,B/E_visitante,TO_visitante,FC_visitante,T/FC_visitante,ET_visitante,VI_visitante,EF_visitante
73,78,2013-03-26,16,2,2012-2013,L. Sorocabana,Paulistano,0,79.33333333333333,54.0,39.86666666666667,14.866666666666667,26.4,8.4,18.0,10.733333333333333,12.133333333333333,0.9586666666666666,8.2,23.0,35.45666666666667,19.933333333333334,38.266666666666666,53.08866666666667,14.866666666666667,18.866666666666667,78.88466666666666,1.0,7.866666666666666,0.6793333333333335,1.2,19.066666666666666,0.06266666666666668,12.133333333333333,3.2,82.06666666666666,81.33333333333333,59.2,40.93333333333333,16.0,32.2,10.733333333333333,21.466666666666665,12.933333333333334,13.133333333333333,1.1046666666666667,8.133333333333333,22.333333333333332,38.02733333333333,20.466666666666665,40.733333333333334,50.440666666666665,16.0,25.333333333333332,63.95199999999999,2.2,7.0,0.5786666666666667,1.7333333333333334,21.933333333333334,0.08333333333333333,13.133333333333333,2.3333333333333335,88.93333333333334
