placar_casa,placar_visitante,data,round,stage,ano,equipe_casa,equipe_visitante,resultado,Pts_casa,3P_casa,2P_casa,LL_casa,RT_casa,RO_casa,RD_casa,AS_casa,ER_casa,IA%_casa,3PC_casa,3PT_casa,3P%_casa,2PC_casa,2PT_casa,2P%_casa,LLC_casa,LLT_casa,LL%_casa,EN_casa,BR_casa,B/E_casa,TO_casa,FC_casa,T/FC_casa,ET_casa,VI_casa,EF_casa,Pts_visitante,3P_visitante,2P_visitante,LL_visitante,RT_visitante,RO_visitante,RD_visitante,AS_visitante,ER_visitante,IA%_visitante,3PC_visitante,3PT_visitante,3P%_visitante,2PC_visitante,2PT_visitante,2P%_visitante,LLC_visitante,LLT_visitante,LL%_visitante,EN_visitante,BR_visitante,B/E_visitante,TO_visitante,FC_visitante,T/FC_visitante,ET_visitante,VI_visitante,EF_visitante
95,69,2017-03-30,29,1,2016-2017,Pinheiros,Caxias do Sul Basquete,1,79.13333333333334,18.2,41.733333333333334,19.2,37.666666666666664,10.0,27.666666666666668,17.0,14.666666666666666,1.2053333333333334,6.066666666666666,18.6,33.59466666666666,20.866666666666667,41.4,50.542666666666655,19.2,27.6,69.89800000000001,1.4,7.333333333333333,0.5286666666666666,2.3333333333333335,21.8,0.11066666666666668,14.666666666666666,3.1333333333333333,87.33333333333333,73.93333333333334,21.6,35.2,17.133333333333333,33.93333333333333,8.8,25.133333333333333,15.2,15.2,1.0486666666666664,7.2,21.666666666666668,33.473333333333336,17.6,36.2,48.925333333333334,17.133333333333333,23.666666666666668,73.04400000000001,1.4,8.333333333333334,0.5393333333333333,1.7333333333333334,24.266666666666666,0.08066666666666668,15.2,2.6,78.33333333333333
