placar_casa,placar_visitante,data,round,stage,ano,equipe_casa,equipe_visitante,resultado,Pts_casa,3P_casa,2P_casa,LL_casa,RT_casa,RO_casa,RD_casa,AS_casa,ER_casa,IA%_casa,3PC_casa,3PT_casa,3P%_casa,2PC_casa,2PT_casa,2P%_casa,LLC_casa,LLT_casa,LL%_casa,EN_casa,BR_casa,B/E_casa,TO_casa,FC_casa,T/FC_casa,ET_casa,VI_casa,EF_casa,Pts_visitante,3P_visitante,2P_visitante,LL_visitante,RT_visitante,RO_visitante,RD_visitante,AS_visitante,ER_visitante,IA%_visitante,3PC_visitante,3PT_visitante,3P%_visitante,2PC_visitante,2PT_visitante,2P%_visitante,LLC_visitante,LLT_visitante,LL%_visitante,EN_visitante,BR_visitante,B/E_visitante,TO_visitante,FC_visitante,T/FC_visitante,ET_visitante,VI_visitante,EF_visitante
83,54,2017-04-01,30,1,2016-2017,Bauru Basket,VipTech CMB,1,80.93333333333334,28.4,35.333333333333336,17.2,37.86666666666667,9.466666666666667,28.4,17.133333333333333,13.933333333333334,1.2606666666666668,9.466666666666667,29.733333333333334,32.224000000000004,17.666666666666668,31.8,56.245333333333335,17.2,24.2,70.82,0.8,8.066666666666666,0.5993333333333334,2.3333333333333335,19.8,0.12333333333333331,13.933333333333334,3.1333333333333333,91.0,78.0,26.0,34.266666666666666,17.733333333333334,36.8,10.733333333333333,26.066666666666666,14.6,14.8,1.0873333333333335,8.666666666666666,24.533333333333335,35.21066666666666,17.133333333333333,37.8,45.556,17.733333333333334,23.466666666666665,75.054,1.1333333333333333,8.4,0.6,1.9333333333333333,20.4,0.09200000000000003,14.8,3.3333333333333335,82.66666666666667
