placar_casa,placar_visitante,data,round,stage,ano,equipe_casa,equipe_visitante,resultado,Pts_casa,3P_casa,2P_casa,LL_casa,RT_casa,RO_casa,RD_casa,AS_casa,ER_casa,IA%_casa,3PC_casa,3PT_casa,3P%_casa,2PC_casa,2PT_casa,2P%_casa,LLC_casa,LLT_casa,LL%_casa,EN_casa,BR_casa,B/E_casa,TO_casa,FC_casa,T/FC_casa,ET_casa,VI_casa,EF_casa,Pts_visitante,3P_visitante,2P_visitante,LL_visitante,RT_visitante,RO_visitante,RD_visitante,AS_visitante,ER_visitante,IA%_visitante,3PC_visitante,3PT_visitante,3P%_visitante,2PC_visitante,2PT_visitante,2P%_visitante,LLC_visitante,LLT_visitante,LL%_visitante,EN_visitante,BR_visitante,B/E_visitante,TO_visitante,FC_visitante,T/FC_visitante,ET_visitante,VI_visitante,EF_visitante
88,60,2016-04-11,4,3,2015-2016,Sesi Franca,Rio Claro,1,78.2,21.6,38.8,17.8,32.93333333333333,9.4,23.533333333333335,14.266666666666667,16.6,0.8933333333333332,7.2,20.666666666666668,35.468,19.4,37.6,52.08533333333334,17.8,23.466666666666665,75.79533333333333,1.4,8.533333333333333,0.5379999999999999,2.6,20.666666666666668,0.13,16.6,3.6666666666666665,82.6,75.33333333333333,26.6,36.0,12.733333333333333,36.6,10.4,26.2,15.666666666666666,16.066666666666666,1.0546666666666669,8.866666666666667,25.2,35.22866666666666,18.0,34.46666666666667,51.69066666666666,12.733333333333333,18.533333333333335,68.47466666666668,2.1333333333333333,9.6,0.6353333333333333,2.0,23.266666666666666,0.08866666666666669,16.066666666666666,3.6666666666666665,84.53333333333333
