placar_casa,placar_visitante,data,round,stage,ano,equipe_casa,equipe_visitante,resultado,Pts_casa,3P_casa,2P_casa,LL_casa,RT_casa,RO_casa,RD_casa,AS_casa,ER_casa,IA%_casa,3PC_casa,3PT_casa,3P%_casa,2PC_casa,2PT_casa,2P%_casa,LLC_casa,LLT_casa,LL%_casa,EN_casa,BR_casa,B/E_casa,TO_casa,FC_casa,T/FC_casa,ET_casa,VI_casa,EF_casa,Pts_visitante,3P_visitante,2P_visitante,LL_visitante,RT_visitante,RO_visitante,RD_visitante,AS_visitante,ER_visitante,IA%_visitante,3PC_visitante,3PT_visitante,3P%_visitante,2PC_visitante,2PT_visitante,2P%_visitante,LLC_visitante,LLT_visitante,LL%_visitante,EN_visitante,BR_visitante,B/E_visitante,TO_visitante,FC_visitante,T/FC_visitante,ET_visitante,VI_visitante,EF_visitante
74,73,2009-05-22,4,4,2008-2009,Sesi Franca,Brasília,1,82.66666666666667,23.4,40.53333333333333,18.733333333333334,29.466666666666665,8.266666666666667,21.2,15.2,12.866666666666667,1.2880000000000003,7.8,22.533333333333335,35.59866666666667,20.266666666666666,40.86666666666667,49.266,18.733333333333334,24.4,77.19333333333334,0.4666666666666667,8.2,0.6819999999999998,2.2666666666666666,24.6,0.09533333333333334,12.866666666666667,0.0,83.93333333333334,86.4,22.0,44.666666666666664,19.733333333333334,31.866666666666667,7.733333333333333,24.133333333333333,15.666666666666666,15.933333333333334,1.1440000000000003,7.333333333333333,22.066666666666666,33.58266666666667,22.333333333333332,38.4,58.28333333333334,19.733333333333334,26.0,75.73933333333335,2.2,8.733333333333333,0.5913333333333334,3.3333333333333335,23.2,0.158,15.933333333333334,0.0,93.0
