placar_casa,placar_visitante,data,round,stage,ano,equipe_casa,equipe_visitante,resultado,Pts_casa,3P_casa,2P_casa,LL_casa,RT_casa,RO_casa,RD_casa,AS_casa,ER_casa,IA%_casa,3PC_casa,3PT_casa,3P%_casa,2PC_casa,2PT_casa,2P%_casa,LLC_casa,LLT_casa,LL%_casa,EN_casa,BR_casa,B/E_casa,TO_casa,FC_casa,T/FC_casa,ET_casa,VI_casa,EF_casa,Pts_visitante,3P_visitante,2P_visitante,LL_visitante,RT_visitante,RO_visitante,RD_visitante,AS_visitante,ER_visitante,IA%_visitante,3PC_visitante,3PT_visitante,3P%_visitante,2PC_visitante,2PT_visitante,2P%_visitante,LLC_visitante,LLT_visitante,LL%_visitante,EN_visitante,BR_visitante,B/E_visitante,TO_visitante,FC_visitante,T/FC_visitante,ET_visitante,VI_visitante,EF_visitante
81,78,2020-02-15,5,2,2019-2020,Pinheiros,Corinthians,1,79.73333333333333,26.1,39.666666666666664,13.966666666666667,35.166666666666664,9.433333333333334,25.733333333333334,16.233333333333334,14.233333333333333,1.2006666666666665,8.7,22.966666666666665,37.89133333333334,19.833333333333332,38.1,52.083999999999996,13.966666666666667,19.966666666666665,70.71866666666666,1.1333333333333333,6.966666666666667,0.5086666666666667,1.6333333333333333,20.166666666666668,0.082,14.233333333333333,2.2666666666666666,86.83333333333333,80.80066666666667,25.3,41.46666666666667,14.033999999999999,35.966,11.066666666666666,24.899333333333335,17.066,12.5,1.402666666666667,8.433333333333334,23.733999999999998,35.972,20.733333333333334,40.13333333333333,51.620000000000005,14.033999999999999,19.967333333333332,70.35,1.7339999999999998,8.332666666666666,0.696,2.0993333333333335,21.9,0.09800000000000002,12.5,1.6993333333333334,90.86666666666666
