placar_casa,placar_visitante,data,round,stage,ano,equipe_casa,equipe_visitante,resultado,Pts_casa,3P_casa,2P_casa,LL_casa,RT_casa,RO_casa,RD_casa,AS_casa,ER_casa,IA%_casa,3PC_casa,3PT_casa,3P%_casa,2PC_casa,2PT_casa,2P%_casa,LLC_casa,LLT_casa,LL%_casa,EN_casa,BR_casa,B/E_casa,TO_casa,FC_casa,T/FC_casa,ET_casa,VI_casa,EF_casa,Pts_visitante,3P_visitante,2P_visitante,LL_visitante,RT_visitante,RO_visitante,RD_visitante,AS_visitante,ER_visitante,IA%_visitante,3PC_visitante,3PT_visitante,3P%_visitante,2PC_visitante,2PT_visitante,2P%_visitante,LLC_visitante,LLT_visitante,LL%_visitante,EN_visitante,BR_visitante,B/E_visitante,TO_visitante,FC_visitante,T/FC_visitante,ET_visitante,VI_visitante,EF_visitante
81,68,2014-12-19,12,1,2014-2015,Sesi Franca,Pinheiros,1,77.72727272727273,22.90909090909091,38.54545454545455,16.272727272727273,35.81818181818182,11.272727272727273,24.545454545454547,12.454545454545455,15.272727272727273,0.868181818181818,7.636363636363637,22.181818181818183,35.10636363636364,19.272727272727273,37.90909090909091,51.193636363636365,16.272727272727273,21.545454545454547,74.90545454545455,2.727272727272727,10.272727272727273,0.7163636363636364,2.8181818181818183,20.454545454545453,0.14181818181818182,15.272727272727273,3.272727272727273,85.36363636363636,83.8,27.9,41.8,14.1,32.7,10.3,22.4,15.0,13.2,1.2360000000000002,9.3,25.2,37.047000000000004,20.9,40.2,52.16799999999999,14.1,18.9,71.261,2.5,11.7,0.915,2.5,20.4,0.128,13.2,2.2,92.5
