placar_casa,placar_visitante,data,round,stage,ano,equipe_casa,equipe_visitante,resultado,Pts_casa,3P_casa,2P_casa,LL_casa,RT_casa,RO_casa,RD_casa,AS_casa,ER_casa,IA%_casa,3PC_casa,3PT_casa,3P%_casa,2PC_casa,2PT_casa,2P%_casa,LLC_casa,LLT_casa,LL%_casa,EN_casa,BR_casa,B/E_casa,TO_casa,FC_casa,T/FC_casa,ET_casa,VI_casa,EF_casa,Pts_visitante,3P_visitante,2P_visitante,LL_visitante,RT_visitante,RO_visitante,RD_visitante,AS_visitante,ER_visitante,IA%_visitante,3PC_visitante,3PT_visitante,3P%_visitante,2PC_visitante,2PT_visitante,2P%_visitante,LLC_visitante,LLT_visitante,LL%_visitante,EN_visitante,BR_visitante,B/E_visitante,TO_visitante,FC_visitante,T/FC_visitante,ET_visitante,VI_visitante,EF_visitante
104,61,2024-03-20,9,2,2023-2024,Mogi,BRB/Brasília,1,72.93333333333334,27.8,32.4,12.733333333333333,34.2,10.733333333333333,23.466666666666665,16.266666666666666,12.866666666666667,1.3286666666666667,9.266666666666667,26.933333333333334,34.16,16.2,35.6,45.60133333333333,12.733333333333333,18.0,71.35333333333334,0.8666666666666667,6.6,0.5346666666666667,1.0666666666666667,22.466666666666665,0.04933333333333335,12.866666666666667,2.6,75.86666666666666,73.13333333333334,28.2,33.86666666666667,11.066666666666666,31.666666666666668,9.2,22.466666666666665,14.133333333333333,12.333333333333334,1.2646666666666666,9.4,27.933333333333334,33.16133333333334,16.933333333333334,37.333333333333336,45.622666666666674,11.066666666666666,15.6,68.26199999999999,1.2666666666666666,6.666666666666667,0.5946666666666668,1.7333333333333334,18.666666666666668,0.09266666666666667,12.333333333333334,2.2,71.53333333333333
