placar_casa,placar_visitante,data,round,stage,ano,equipe_casa,equipe_visitante,resultado,Pts_casa,3P_casa,2P_casa,LL_casa,RT_casa,RO_casa,RD_casa,AS_casa,ER_casa,IA%_casa,3PC_casa,3PT_casa,3P%_casa,2PC_casa,2PT_casa,2P%_casa,LLC_casa,LLT_casa,LL%_casa,EN_casa,BR_casa,B/E_casa,TO_casa,FC_casa,T/FC_casa,ET_casa,VI_casa,EF_casa,Pts_visitante,3P_visitante,2P_visitante,LL_visitante,RT_visitante,RO_visitante,RD_visitante,AS_visitante,ER_visitante,IA%_visitante,3PC_visitante,3PT_visitante,3P%_visitante,2PC_visitante,2PT_visitante,2P%_visitante,LLC_visitante,LLT_visitante,LL%_visitante,EN_visitante,BR_visitante,B/E_visitante,TO_visitante,FC_visitante,T/FC_visitante,ET_visitante,VI_visitante,EF_visitante
116,55,2014-12-17,11,1,2014-2015,Bauru Basket,Pinheiros,1,85.625,29.625,37.25,18.75,37.625,10.0,27.625,15.75,14.125,1.145,9.875,27.875,35.247499999999995,18.625,31.875,58.668749999999996,18.75,23.875,78.47375,1.375,9.5,0.69,1.5,17.375,0.09875,14.125,2.5,99.5,87.0,29.333333333333332,42.666666666666664,15.0,32.666666666666664,10.11111111111111,22.555555555555557,15.555555555555555,12.88888888888889,1.3033333333333335,9.777777777777779,25.11111111111111,39.02666666666667,21.333333333333332,40.111111111111114,53.35777777777778,15.0,19.444444444444443,74.41666666666666,2.6666666666666665,12.222222222222221,0.9677777777777778,2.6666666666666665,20.666666666666668,0.13555555555555554,12.88888888888889,2.4444444444444446,98.66666666666667
