placar_casa,placar_visitante,data,round,stage,ano,equipe_casa,equipe_visitante,resultado,Pts_casa,3P_casa,2P_casa,LL_casa,RT_casa,RO_casa,RD_casa,AS_casa,ER_casa,IA%_casa,3PC_casa,3PT_casa,3P%_casa,2PC_casa,2PT_casa,2P%_casa,LLC_casa,LLT_casa,LL%_casa,EN_casa,BR_casa,B/E_casa,TO_casa,FC_casa,T/FC_casa,ET_casa,VI_casa,EF_casa,Pts_visitante,3P_visitante,2P_visitante,LL_visitante,RT_visitante,RO_visitante,RD_visitante,AS_visitante,ER_visitante,IA%_visitante,3PC_visitante,3PT_visitante,3P%_visitante,2PC_visitante,2PT_visitante,2P%_visitante,LLC_visitante,LLT_visitante,LL%_visitante,EN_visitante,BR_visitante,B/E_visitante,TO_visitante,FC_visitante,T/FC_visitante,ET_visitante,VI_visitante,EF_visitante
72,58,2025-05-04,5,3,2024-2025,Pinheiros,UNIFACISA,1,77.23333333333333,26.3,37.0,13.933333333333334,40.5,13.233333333333333,27.266666666666666,14.733333333333333,13.933333333333334,1.1146666666666667,8.766666666666667,27.933333333333334,31.416666666666664,18.5,34.2,54.324,13.933333333333334,19.366666666666667,71.83733333333332,1.9666666666666666,4.9,0.36066666666666664,1.2666666666666666,21.5,0.06199999999999999,13.933333333333334,2.0,84.4,75.33333333333333,30.6,33.733333333333334,11.0,35.333333333333336,9.8,25.533333333333335,15.2,12.666666666666666,1.2646666666666668,10.2,27.666666666666668,37.166000000000004,16.866666666666667,34.86666666666667,48.517333333333326,11.0,16.533333333333335,67.124,1.0666666666666667,7.933333333333334,0.6313333333333334,2.2666666666666666,19.466666666666665,0.11466666666666668,12.666666666666666,2.8,82.4
