placar_casa,placar_visitante,data,round,stage,ano,equipe_casa,equipe_visitante,resultado,Pts_casa,3P_casa,2P_casa,LL_casa,RT_casa,RO_casa,RD_casa,AS_casa,ER_casa,IA%_casa,3PC_casa,3PT_casa,3P%_casa,2PC_casa,2PT_casa,2P%_casa,LLC_casa,LLT_casa,LL%_casa,EN_casa,BR_casa,B/E_casa,TO_casa,FC_casa,T/FC_casa,ET_casa,VI_casa,EF_casa,Pts_visitante,3P_visitante,2P_visitante,LL_visitante,RT_visitante,RO_visitante,RD_visitante,AS_visitante,ER_visitante,IA%_visitante,3PC_visitante,3PT_visitante,3P%_visitante,2PC_visitante,2PT_visitante,2P%_visitante,LLC_visitante,LLT_visitante,LL%_visitante,EN_visitante,BR_visitante,B/E_visitante,TO_visitante,FC_visitante,T/FC_visitante,ET_visitante,VI_visitante,EF_visitante
90,73,2023-04-15,10,2,2022-2023,Corinthians,BRB/Brasília,1,80.0,27.2,39.2,13.6,38.699333333333335,10.166666666666666,28.532666666666668,17.63266666666667,15.300666666666666,1.2813333333333334,9.067333333333332,26.966666666666665,34.02400000000001,19.6,35.466,55.298,13.6,19.732666666666667,70.17533333333333,4.133333333333334,5.133333333333334,0.374,3.3666666666666667,20.433333333333334,0.166,15.300666666666666,3.234,89.63333333333334,77.4,29.1,32.266666666666666,16.033333333333335,36.2,10.433333333333334,25.766666666666666,16.566666666666666,16.7,1.0299999999999998,9.7,28.366666666666667,34.040666666666674,16.133333333333333,34.63333333333333,46.32666666666667,16.033333333333335,22.166666666666668,72.452,1.9,6.266666666666667,0.38466666666666677,1.4666666666666666,20.366666666666667,0.07066666666666667,16.7,3.3333333333333335,77.9
