placar_casa,placar_visitante,data,round,stage,ano,equipe_casa,equipe_visitante,resultado,Pts_casa,3P_casa,2P_casa,LL_casa,RT_casa,RO_casa,RD_casa,AS_casa,ER_casa,IA%_casa,3PC_casa,3PT_casa,3P%_casa,2PC_casa,2PT_casa,2P%_casa,LLC_casa,LLT_casa,LL%_casa,EN_casa,BR_casa,B/E_casa,TO_casa,FC_casa,T/FC_casa,ET_casa,VI_casa,EF_casa,Pts_visitante,3P_visitante,2P_visitante,LL_visitante,RT_visitante,RO_visitante,RD_visitante,AS_visitante,ER_visitante,IA%_visitante,3PC_visitante,3PT_visitante,3P%_visitante,2PC_visitante,2PT_visitante,2P%_visitante,LLC_visitante,LLT_visitante,LL%_visitante,EN_visitante,BR_visitante,B/E_visitante,TO_visitante,FC_visitante,T/FC_visitante,ET_visitante,VI_visitante,EF_visitante
91,64,2024-10-21,3,1,2024-2025,Minas,São José Basketball,1,77.33333333333333,19.0,41.333333333333336,17.0,44.333333333333336,10.666666666666666,33.666666666666664,16.333333333333332,17.333333333333332,0.9766666666666667,6.333333333333333,21.666666666666668,29.816666666666663,20.666666666666668,41.0,50.42666666666667,17.0,24.0,71.54,1.0,6.0,0.36333333333333334,4.0,20.666666666666668,0.19333333333333336,17.333333333333332,4.0,88.0,64.0,15.0,32.666666666666664,16.333333333333332,35.0,8.333333333333334,26.666666666666668,15.333333333333334,14.666666666666666,1.07,5.0,20.666666666666668,24.213333333333335,16.333333333333332,37.333333333333336,43.696666666666665,16.333333333333332,21.333333333333332,76.62333333333333,2.6666666666666665,8.333333333333334,0.5933333333333333,3.0,19.333333333333332,0.15666666666666665,14.666666666666666,2.0,69.33333333333333
