placar_casa,placar_visitante,data,round,stage,ano,equipe_casa,equipe_visitante,resultado,Pts_casa,3P_casa,2P_casa,LL_casa,RT_casa,RO_casa,RD_casa,AS_casa,ER_casa,IA%_casa,3PC_casa,3PT_casa,3P%_casa,2PC_casa,2PT_casa,2P%_casa,LLC_casa,LLT_casa,LL%_casa,EN_casa,BR_casa,B/E_casa,TO_casa,FC_casa,T/FC_casa,ET_casa,VI_casa,EF_casa,Pts_visitante,3P_visitante,2P_visitante,LL_visitante,RT_visitante,RO_visitante,RD_visitante,AS_visitante,ER_visitante,IA%_visitante,3PC_visitante,3PT_visitante,3P%_visitante,2PC_visitante,2PT_visitante,2P%_visitante,LLC_visitante,LLT_visitante,LL%_visitante,EN_visitante,BR_visitante,B/E_visitante,TO_visitante,FC_visitante,T/FC_visitante,ET_visitante,VI_visitante,EF_visitante
85,87,2022-12-20,10,1,2022-2023,Rio Claro,BRB/Brasília,0,72.66666666666667,20.75,38.833333333333336,13.083333333333334,34.166666666666664,10.75,23.416666666666668,13.333333333333334,11.166666666666666,1.2733333333333332,6.916666666666667,24.583333333333332,27.234166666666663,19.416666666666668,40.666666666666664,48.123333333333335,13.083333333333334,18.916666666666668,70.05166666666668,1.6666666666666667,6.916666666666667,0.6558333333333334,1.8333333333333333,21.0,0.08833333333333336,11.166666666666666,2.1666666666666665,73.0,75.41666666666667,26.25,36.166666666666664,13.0,37.166666666666664,9.75,27.416666666666668,15.333333333333334,14.416666666666666,1.1408333333333331,8.75,28.25,31.359999999999996,18.083333333333332,34.25,52.37083333333334,13.0,20.083333333333332,64.40666666666667,2.0833333333333335,5.166666666666667,0.38999999999999996,0.6666666666666666,20.083333333333332,0.035,14.416666666666666,2.8333333333333335,76.58333333333333
