placar_casa,placar_visitante,data,round,stage,ano,equipe_casa,equipe_visitante,resultado,Pts_casa,3P_casa,2P_casa,LL_casa,RT_casa,RO_casa,RD_casa,AS_casa,ER_casa,IA%_casa,3PC_casa,3PT_casa,3P%_casa,2PC_casa,2PT_casa,2P%_casa,LLC_casa,LLT_casa,LL%_casa,EN_casa,BR_casa,B/E_casa,TO_casa,FC_casa,T/FC_casa,ET_casa,VI_casa,EF_casa,Pts_visitante,3P_visitante,2P_visitante,LL_visitante,RT_visitante,RO_visitante,RD_visitante,AS_visitante,ER_visitante,IA%_visitante,3PC_visitante,3PT_visitante,3P%_visitante,2PC_visitante,2PT_visitante,2P%_visitante,LLC_visitante,LLT_visitante,LL%_visitante,EN_visitante,BR_visitante,B/E_visitante,TO_visitante,FC_visitante,T/FC_visitante,ET_visitante,VI_visitante,EF_visitante
81,69,2019-05-09,2,5,2018-2019,Flamengo,Botafogo,1,87.23333333333333,28.7,44.333333333333336,14.2,44.2,13.066666666666666,31.133333333333333,19.1,14.0,1.4439999999999997,9.566666666666666,27.066666666666666,34.948,22.166666666666668,39.86666666666667,56.07199999999999,14.2,18.533333333333335,76.45266666666666,1.3,7.833333333333333,0.6,1.5333333333333334,19.166666666666668,0.08133333333333334,14.0,1.8666666666666667,106.36666666666666,77.33333333333333,27.5,35.266666666666666,14.566666666666666,34.53333333333333,12.266666666666667,22.266666666666666,15.633333333333333,12.9,1.2993333333333335,9.166666666666666,26.233333333333334,35.464000000000006,17.633333333333333,36.2,48.75,14.566666666666666,18.9,77.17333333333333,0.9333333333333333,6.4,0.56,2.1,22.266666666666666,0.096,12.9,2.3666666666666667,83.0
