placar_casa,placar_visitante,data,round,stage,ano,equipe_casa,equipe_visitante,resultado,Pts_casa,3P_casa,2P_casa,LL_casa,RT_casa,RO_casa,RD_casa,AS_casa,ER_casa,IA%_casa,3PC_casa,3PT_casa,3P%_casa,2PC_casa,2PT_casa,2P%_casa,LLC_casa,LLT_casa,LL%_casa,EN_casa,BR_casa,B/E_casa,TO_casa,FC_casa,T/FC_casa,ET_casa,VI_casa,EF_casa,Pts_visitante,3P_visitante,2P_visitante,LL_visitante,RT_visitante,RO_visitante,RD_visitante,AS_visitante,ER_visitante,IA%_visitante,3PC_visitante,3PT_visitante,3P%_visitante,2PC_visitante,2PT_visitante,2P%_visitante,LLC_visitante,LLT_visitante,LL%_visitante,EN_visitante,BR_visitante,B/E_visitante,TO_visitante,FC_visitante,T/FC_visitante,ET_visitante,VI_visitante,EF_visitante
80,92,2022-04-14,11,2,2021-2022,Bauru Basket,Flamengo,0,80.43333333333334,33.0,35.266666666666666,12.166666666666666,34.36666666666667,8.266666666666667,26.1,16.033333333333335,11.8,1.434,11.0,29.666666666666668,36.648,17.633333333333333,33.333333333333336,52.98199999999999,12.166666666666666,16.233333333333334,73.94666666666667,0.9333333333333333,7.066666666666666,0.61,1.1666666666666667,18.666666666666668,0.06466666666666666,11.8,3.033333333333333,88.83333333333333,88.266,41.4,33.866,13.0,41.13333333333333,11.066,30.067333333333337,19.2,11.933333333333334,1.7226666666666663,13.800666666666665,37.666000000000004,36.797333333333334,16.933999999999997,29.60066666666667,56.744,13.0,16.333333333333332,78.76066666666665,1.600666666666667,5.933333333333334,0.5253333333333334,3.1340000000000003,16.20066666666667,0.19733333333333336,11.933333333333334,1.8673333333333337,105.86599999999999
