placar_casa,placar_visitante,data,round,stage,ano,equipe_casa,equipe_visitante,resultado,Pts_casa,3P_casa,2P_casa,LL_casa,RT_casa,RO_casa,RD_casa,AS_casa,ER_casa,IA%_casa,3PC_casa,3PT_casa,3P%_casa,2PC_casa,2PT_casa,2P%_casa,LLC_casa,LLT_casa,LL%_casa,EN_casa,BR_casa,B/E_casa,TO_casa,FC_casa,T/FC_casa,ET_casa,VI_casa,EF_casa,Pts_visitante,3P_visitante,2P_visitante,LL_visitante,RT_visitante,RO_visitante,RD_visitante,AS_visitante,ER_visitante,IA%_visitante,3PC_visitante,3PT_visitante,3P%_visitante,2PC_visitante,2PT_visitante,2P%_visitante,LLC_visitante,LLT_visitante,LL%_visitante,EN_visitante,BR_visitante,B/E_visitante,TO_visitante,FC_visitante,T/FC_visitante,ET_visitante,VI_visitante,EF_visitante
81,68,2018-11-08,4,1,2018-2019,Bauru Basket,Minas,1,79.66857142857144,29.142857142857142,35.42857142857143,15.097142857142858,36.04857142857143,8.382857142857144,27.66714285714286,17.617142857142856,12.904285714285715,1.3699999999999999,9.712857142857143,25.189999999999998,38.81857142857143,17.714285714285715,34.23857142857143,51.76428571428572,15.097142857142858,21.19142857142857,70.79285714285716,0.8114285714285714,5.524285714285715,0.4242857142857143,1.4285714285714286,21.047142857142855,0.06571428571428571,12.904285714285715,2.858571428571428,89.28571428571429,79.16666666666667,28.0,36.335,14.831666666666665,37.41833333333333,8.581666666666665,28.831666666666667,17.5,14.0,1.29,9.335,26.25,35.08333333333334,18.165,34.41833333333333,52.971666666666664,14.831666666666665,20.24833333333333,72.68666666666665,1.835,6.918333333333334,0.515,2.5833333333333335,20.166666666666668,0.13166666666666668,14.0,1.915,91.00166666666667
