placar_casa,placar_visitante,data,round,stage,ano,equipe_casa,equipe_visitante,resultado,Pts_casa,3P_casa,2P_casa,LL_casa,RT_casa,RO_casa,RD_casa,AS_casa,ER_casa,IA%_casa,3PC_casa,3PT_casa,3P%_casa,2PC_casa,2PT_casa,2P%_casa,LLC_casa,LLT_casa,LL%_casa,EN_casa,BR_casa,B/E_casa,TO_casa,FC_casa,T/FC_casa,ET_casa,VI_casa,EF_casa,Pts_visitante,3P_visitante,2P_visitante,LL_visitante,RT_visitante,RO_visitante,RD_visitante,AS_visitante,ER_visitante,IA%_visitante,3PC_visitante,3PT_visitante,3P%_visitante,2PC_visitante,2PT_visitante,2P%_visitante,LLC_visitante,LLT_visitante,LL%_visitante,EN_visitante,BR_visitante,B/E_visitante,TO_visitante,FC_visitante,T/FC_visitante,ET_visitante,VI_visitante,EF_visitante
81,75,2022-06-04,3,6,2021-2022,Flamengo,Sesi Franca,1,84.11066666666666,37.06666666666667,33.11066666666667,13.933333333333334,39.733333333333334,12.710666666666667,27.02266666666667,18.6,11.666666666666666,1.6920000000000002,12.356,34.977333333333334,35.652,16.556,30.889333333333337,53.388,13.933333333333334,18.933333333333334,71.37266666666667,1.756,6.8,0.6273333333333333,1.6893333333333334,17.622666666666667,0.10333333333333335,11.666666666666666,2.4893333333333336,97.31066666666666,82.46666666666667,29.6,38.8,14.066666666666666,41.06666666666667,10.6,30.466666666666665,17.333333333333332,11.2,1.614666666666667,9.866666666666667,29.666666666666668,33.175999999999995,19.4,37.2,52.39733333333333,14.066666666666666,18.8,75.00533333333333,2.4,5.466666666666667,0.516,2.8666666666666667,19.2,0.15866666666666668,11.2,1.4,95.66666666666667
