placar_casa,placar_visitante,data,round,stage,ano,equipe_casa,equipe_visitante,resultado,Pts_casa,3P_casa,2P_casa,LL_casa,RT_casa,RO_casa,RD_casa,AS_casa,ER_casa,IA%_casa,3PC_casa,3PT_casa,3P%_casa,2PC_casa,2PT_casa,2P%_casa,LLC_casa,LLT_casa,LL%_casa,EN_casa,BR_casa,B/E_casa,TO_casa,FC_casa,T/FC_casa,ET_casa,VI_casa,EF_casa,Pts_visitante,3P_visitante,2P_visitante,LL_visitante,RT_visitante,RO_visitante,RD_visitante,AS_visitante,ER_visitante,IA%_visitante,3PC_visitante,3PT_visitante,3P%_visitante,2PC_visitante,2PT_visitante,2P%_visitante,LLC_visitante,LLT_visitante,LL%_visitante,EN_visitante,BR_visitante,B/E_visitante,TO_visitante,FC_visitante,T/FC_visitante,ET_visitante,VI_visitante,EF_visitante
103,101,2020-12-17,6,1,2020-2021,Paulistano,VipTech CMB,1,73.50125,26.25,36.00000000000001,11.247499999999999,40.25125,12.375,27.872499999999995,16.50125,12.62375,1.3587500000000001,8.752500000000001,26.25,33.198750000000004,18.0,38.87625,46.43,11.247499999999999,13.99875,80.24000000000001,1.75,6.6225,0.5512499999999999,1.75125,17.8725,0.10375000000000001,12.62375,2.0,84.87499999999999,72.29777777777777,30.444444444444443,31.853333333333335,10.0,38.11,11.593333333333332,26.52,16.666666666666668,14.297777777777775,1.2266666666666668,10.148888888888887,30.221111111111114,34.032222222222224,15.924444444444443,34.63,45.72,10.0,15.889999999999999,63.1888888888889,0.7777777777777778,4.702222222222222,0.34444444444444444,1.9622222222222223,20.297777777777778,0.09777777777777778,14.297777777777775,2.4444444444444446,74.77777777777777
