placar_casa,placar_visitante,data,round,stage,ano,equipe_casa,equipe_visitante,resultado,Pts_casa,3P_casa,2P_casa,LL_casa,RT_casa,RO_casa,RD_casa,AS_casa,ER_casa,IA%_casa,3PC_casa,3PT_casa,3P%_casa,2PC_casa,2PT_casa,2P%_casa,LLC_casa,LLT_casa,LL%_casa,EN_casa,BR_casa,B/E_casa,TO_casa,FC_casa,T/FC_casa,ET_casa,VI_casa,EF_casa,Pts_visitante,3P_visitante,2P_visitante,LL_visitante,RT_visitante,RO_visitante,RD_visitante,AS_visitante,ER_visitante,IA%_visitante,3PC_visitante,3PT_visitante,3P%_visitante,2PC_visitante,2PT_visitante,2P%_visitante,LLC_visitante,LLT_visitante,LL%_visitante,EN_visitante,BR_visitante,B/E_visitante,TO_visitante,FC_visitante,T/FC_visitante,ET_visitante,VI_visitante,EF_visitante
67,63,2016-02-02,5,2,2015-2016,Rio Claro,Coop/São José Basketball,1,72.73333333333333,23.4,37.6,11.733333333333333,32.93333333333333,9.133333333333333,23.8,16.533333333333335,15.6,1.1153333333333333,7.8,23.133333333333333,33.598,18.8,36.06666666666667,51.908666666666676,11.733333333333333,17.733333333333334,66.44266666666667,2.2,10.866666666666667,0.7260000000000002,2.8666666666666667,23.0,0.12733333333333335,15.6,3.8,81.73333333333333,77.06666666666666,26.0,34.266666666666666,16.8,31.2,8.0,23.2,14.8,15.266666666666667,1.092,8.666666666666666,23.6,37.06266666666667,17.133333333333333,34.8,49.604,16.8,21.666666666666668,77.14333333333335,0.8,8.466666666666667,0.5946666666666667,1.7333333333333334,22.733333333333334,0.07866666666666668,15.266666666666667,3.6666666666666665,80.53333333333333
