placar_casa,placar_visitante,data,round,stage,ano,equipe_casa,equipe_visitante,resultado,Pts_casa,3P_casa,2P_casa,LL_casa,RT_casa,RO_casa,RD_casa,AS_casa,ER_casa,IA%_casa,3PC_casa,3PT_casa,3P%_casa,2PC_casa,2PT_casa,2P%_casa,LLC_casa,LLT_casa,LL%_casa,EN_casa,BR_casa,B/E_casa,TO_casa,FC_casa,T/FC_casa,ET_casa,VI_casa,EF_casa,Pts_visitante,3P_visitante,2P_visitante,LL_visitante,RT_visitante,RO_visitante,RD_visitante,AS_visitante,ER_visitante,IA%_visitante,3PC_visitante,3PT_visitante,3P%_visitante,2PC_visitante,2PT_visitante,2P%_visitante,LLC_visitante,LLT_visitante,LL%_visitante,EN_visitante,BR_visitante,B/E_visitante,TO_visitante,FC_visitante,T/FC_visitante,ET_visitante,VI_visitante,EF_visitante
80,93,2021-01-26,1,2,2020-2021,Cerrado,Minas,0,74.46733333333333,23.8,37.73266666666667,12.932666666666666,36.86466666666667,11.133999999999997,25.734666666666673,15.267333333333333,13.267333333333333,1.178,7.933999999999999,23.934666666666672,33.287333333333336,18.86733333333333,38.20066666666666,49.29066666666665,12.932666666666666,18.734,68.81933333333333,1.2660000000000002,6.600666666666667,0.4953333333333332,1.8673333333333333,20.335333333333338,0.09200000000000003,13.267333333333333,2.132,80.66666666666667,87.4292857142857,31.5,39.142857142857146,16.784285714285712,39.785714285714285,10.499285714285715,29.28642857142857,19.856428571428573,14.070000000000002,1.4357142857142857,10.5,26.28714285714286,40.08642857142858,19.571428571428573,36.50000000000001,53.42571428571428,16.784285714285712,20.928571428571427,79.01928571428572,1.3564285714285715,6.928571428571429,0.495,2.1421428571428573,21.430000000000003,0.10142857142857142,14.070000000000002,2.642142857142857,105.21428571428571
