placar_casa,placar_visitante,data,round,stage,ano,equipe_casa,equipe_visitante,resultado,Pts_casa,3P_casa,2P_casa,LL_casa,RT_casa,RO_casa,RD_casa,AS_casa,ER_casa,IA%_casa,3PC_casa,3PT_casa,3P%_casa,2PC_casa,2PT_casa,2P%_casa,LLC_casa,LLT_casa,LL%_casa,EN_casa,BR_casa,B/E_casa,TO_casa,FC_casa,T/FC_casa,ET_casa,VI_casa,EF_casa,Pts_visitante,3P_visitante,2P_visitante,LL_visitante,RT_visitante,RO_visitante,RD_visitante,AS_visitante,ER_visitante,IA%_visitante,3PC_visitante,3PT_visitante,3P%_visitante,2PC_visitante,2PT_visitante,2P%_visitante,LLC_visitante,LLT_visitante,LL%_visitante,EN_visitante,BR_visitante,B/E_visitante,TO_visitante,FC_visitante,T/FC_visitante,ET_visitante,VI_visitante,EF_visitante
62,75,2024-11-08,5,1,2024-2025,São José Basketball,Paulistano,0,67.57142857142857,14.142857142857142,37.857142857142854,15.571428571428571,36.142857142857146,9.785714285714286,26.357142857142858,14.785714285714286,14.857142857142858,1.0085714285714287,4.714285714285714,22.285714285714285,21.204285714285714,18.928571428571427,36.714285714285715,51.730000000000004,15.571428571428571,20.714285714285715,75.42285714285715,1.8571428571428572,7.5,0.5114285714285713,1.9285714285714286,20.285714285714285,0.09714285714285717,14.857142857142858,1.8571428571428572,72.57142857142857,80.00142857142858,28.928571428571427,36.857142857142854,14.215714285714286,35.21285714285714,10.787142857142857,24.43,17.287142857142857,15.287142857142857,1.15,9.644285714285715,24.357142857142858,39.368571428571435,18.428571428571427,35.57285714285715,51.69857142857143,14.215714285714286,19.287142857142857,74.38428571428572,2.072857142857143,8.357142857142858,0.5442857142857143,2.644285714285714,19.212857142857143,0.13714285714285715,15.287142857142857,2.0714285714285716,91.28714285714285
