placar_casa,placar_visitante,data,round,stage,ano,equipe_casa,equipe_visitante,resultado,Pts_casa,3P_casa,2P_casa,LL_casa,RT_casa,RO_casa,RD_casa,AS_casa,ER_casa,IA%_casa,3PC_casa,3PT_casa,3P%_casa,2PC_casa,2PT_casa,2P%_casa,LLC_casa,LLT_casa,LL%_casa,EN_casa,BR_casa,B/E_casa,TO_casa,FC_casa,T/FC_casa,ET_casa,VI_casa,EF_casa,Pts_visitante,3P_visitante,2P_visitante,LL_visitante,RT_visitante,RO_visitante,RD_visitante,AS_visitante,ER_visitante,IA%_visitante,3PC_visitante,3PT_visitante,3P%_visitante,2PC_visitante,2PT_visitante,2P%_visitante,LLC_visitante,LLT_visitante,LL%_visitante,EN_visitante,BR_visitante,B/E_visitante,TO_visitante,FC_visitante,T/FC_visitante,ET_visitante,VI_visitante,EF_visitante
88,77,2014-01-30,3,2,2013-2014,Fortaleza B. C. / CFO,Brasília,1,74.2,17.2,43.86666666666667,13.133333333333333,35.266666666666666,10.6,24.666666666666668,11.8,13.2,1.0126666666666668,5.733333333333333,18.466666666666665,31.418000000000003,21.933333333333334,43.86666666666667,50.158,13.133333333333333,18.533333333333335,69.95266666666666,2.6,10.066666666666666,0.8373333333333333,1.9333333333333333,19.666666666666668,0.09733333333333333,13.2,2.933333333333333,80.0,85.26666666666667,35.4,37.46666666666667,12.4,36.53333333333333,8.8,27.733333333333334,17.266666666666666,10.4,1.8973333333333333,11.8,29.866666666666667,39.756666666666675,18.733333333333334,35.93333333333333,52.94866666666667,12.4,15.266666666666667,80.852,1.4,8.266666666666667,0.854,3.066666666666667,17.6,0.1826666666666667,10.4,1.2,101.86666666666666
