placar_casa,placar_visitante,data,round,stage,ano,equipe_casa,equipe_visitante,resultado,Pts_casa,3P_casa,2P_casa,LL_casa,RT_casa,RO_casa,RD_casa,AS_casa,ER_casa,IA%_casa,3PC_casa,3PT_casa,3P%_casa,2PC_casa,2PT_casa,2P%_casa,LLC_casa,LLT_casa,LL%_casa,EN_casa,BR_casa,B/E_casa,TO_casa,FC_casa,T/FC_casa,ET_casa,VI_casa,EF_casa,Pts_visitante,3P_visitante,2P_visitante,LL_visitante,RT_visitante,RO_visitante,RD_visitante,AS_visitante,ER_visitante,IA%_visitante,3PC_visitante,3PT_visitante,3P%_visitante,2PC_visitante,2PT_visitante,2P%_visitante,LLC_visitante,LLT_visitante,LL%_visitante,EN_visitante,BR_visitante,B/E_visitante,TO_visitante,FC_visitante,T/FC_visitante,ET_visitante,VI_visitante,EF_visitante
75,88,2018-12-14,9,1,2018-2019,R10 Score Vasco da Gama,Mogi,0,71.75,22.125,36.75,12.875,37.125,10.0,27.125,16.416666666666668,14.291666666666666,1.1766666666666667,7.375,23.791666666666668,30.768333333333334,18.375,39.666666666666664,46.185,12.875,19.208333333333332,66.915,0.9166666666666666,7.125,0.5116666666666666,1.5416666666666667,19.125,0.08333333333333333,14.291666666666666,2.375,75.625,88.16583333333334,26.75,44.50083333333333,16.9175,38.335,10.916666666666666,27.415833333333328,20.334166666666672,12.998333333333335,1.6266666666666667,8.916666666666666,23.50166666666667,37.927499999999995,22.249166666666667,40.99916666666667,54.50583333333333,16.9175,22.83333333333334,74.24249999999999,1.3316666666666668,7.333333333333333,0.5824999999999999,3.001666666666667,19.999166666666664,0.14833333333333332,12.998333333333335,2.2499999999999996,104.83333333333333
