placar_casa,placar_visitante,data,round,stage,ano,equipe_casa,equipe_visitante,resultado,Pts_casa,3P_casa,2P_casa,LL_casa,RT_casa,RO_casa,RD_casa,AS_casa,ER_casa,IA%_casa,3PC_casa,3PT_casa,3P%_casa,2PC_casa,2PT_casa,2P%_casa,LLC_casa,LLT_casa,LL%_casa,EN_casa,BR_casa,B/E_casa,TO_casa,FC_casa,T/FC_casa,ET_casa,VI_casa,EF_casa,Pts_visitante,3P_visitante,2P_visitante,LL_visitante,RT_visitante,RO_visitante,RD_visitante,AS_visitante,ER_visitante,IA%_visitante,3PC_visitante,3PT_visitante,3P%_visitante,2PC_visitante,2PT_visitante,2P%_visitante,LLC_visitante,LLT_visitante,LL%_visitante,EN_visitante,BR_visitante,B/E_visitante,TO_visitante,FC_visitante,T/FC_visitante,ET_visitante,VI_visitante,EF_visitante
87,76,2012-04-06,15,2,2011-2012,Brasília,Minas,1,86.86666666666666,24.6,43.6,18.666666666666668,33.13333333333333,8.6,24.533333333333335,14.466666666666667,13.6,1.1493333333333333,8.2,23.0,35.294,21.8,38.13333333333333,57.06866666666666,18.666666666666668,22.733333333333334,82.32999999999998,1.2666666666666666,6.4,0.5013333333333334,3.2,21.933333333333334,0.154,13.6,2.6,98.4,79.46666666666667,20.2,42.666666666666664,16.6,27.933333333333334,9.333333333333334,18.6,13.0,12.533333333333333,1.1213333333333335,6.733333333333333,18.2,37.66666666666667,21.333333333333332,41.4,51.69533333333333,16.6,21.266666666666666,78.58466666666666,1.3333333333333333,6.666666666666667,0.5660000000000001,2.6,22.466666666666665,0.116,12.533333333333333,3.2,84.8
