placar_casa,placar_visitante,data,round,stage,ano,equipe_casa,equipe_visitante,resultado,Pts_casa,3P_casa,2P_casa,LL_casa,RT_casa,RO_casa,RD_casa,AS_casa,ER_casa,IA%_casa,3PC_casa,3PT_casa,3P%_casa,2PC_casa,2PT_casa,2P%_casa,LLC_casa,LLT_casa,LL%_casa,EN_casa,BR_casa,B/E_casa,TO_casa,FC_casa,T/FC_casa,ET_casa,VI_casa,EF_casa,Pts_visitante,3P_visitante,2P_visitante,LL_visitante,RT_visitante,RO_visitante,RD_visitante,AS_visitante,ER_visitante,IA%_visitante,3PC_visitante,3PT_visitante,3P%_visitante,2PC_visitante,2PT_visitante,2P%_visitante,LLC_visitante,LLT_visitante,LL%_visitante,EN_visitante,BR_visitante,B/E_visitante,TO_visitante,FC_visitante,T/FC_visitante,ET_visitante,VI_visitante,EF_visitante
88,82,2014-05-12,1,5,2013-2014,Flamengo,Mogi,1,88.33333333333333,33.2,39.6,15.533333333333333,36.666666666666664,10.133333333333333,26.533333333333335,18.333333333333332,11.933333333333334,1.7173333333333334,11.066666666666666,28.466666666666665,39.11266666666667,19.8,34.13333333333333,58.34133333333333,15.533333333333333,20.2,74.53266666666667,2.3333333333333335,9.733333333333333,0.9066666666666666,1.5333333333333334,18.933333333333334,0.08733333333333333,11.933333333333334,1.6666666666666667,106.26666666666667,82.93333333333334,28.0,36.93333333333333,18.0,36.8,12.666666666666666,24.133333333333333,15.4,13.933333333333334,1.1473333333333333,9.333333333333334,22.466666666666665,40.824,18.466666666666665,38.266666666666666,47.726666666666674,18.0,23.2,76.95333333333333,1.6666666666666667,9.066666666666666,0.6726666666666666,1.8666666666666667,21.866666666666667,0.09200000000000001,13.933333333333334,3.8666666666666667,94.0
