placar_casa,placar_visitante,data,round,stage,ano,equipe_casa,equipe_visitante,resultado,Pts_casa,3P_casa,2P_casa,LL_casa,RT_casa,RO_casa,RD_casa,AS_casa,ER_casa,IA%_casa,3PC_casa,3PT_casa,3P%_casa,2PC_casa,2PT_casa,2P%_casa,LLC_casa,LLT_casa,LL%_casa,EN_casa,BR_casa,B/E_casa,TO_casa,FC_casa,T/FC_casa,ET_casa,VI_casa,EF_casa,Pts_visitante,3P_visitante,2P_visitante,LL_visitante,RT_visitante,RO_visitante,RD_visitante,AS_visitante,ER_visitante,IA%_visitante,3PC_visitante,3PT_visitante,3P%_visitante,2PC_visitante,2PT_visitante,2P%_visitante,LLC_visitante,LLT_visitante,LL%_visitante,EN_visitante,BR_visitante,B/E_visitante,TO_visitante,FC_visitante,T/FC_visitante,ET_visitante,VI_visitante,EF_visitante
75,99,2023-02-16,4,2,2022-2023,Fortaleza B. C. / CFO,Rio Claro,0,74.09933333333335,22.9,38.60066666666667,12.600666666666664,40.333333333333336,12.799333333333335,27.534000000000002,13.966666666666667,14.833333333333334,0.9853333333333334,7.632666666666666,25.10066666666667,31.24133333333334,19.29933333333333,40.53333333333333,46.900666666666666,12.600666666666664,19.59933333333333,64.73733333333332,1.3340000000000003,6.067333333333334,0.44066666666666665,1.9326666666666663,20.365999999999996,0.09933333333333334,14.833333333333334,3.1340000000000003,75.86733333333332,74.03333333333333,23.0,39.666666666666664,11.366666666666667,30.466666666666665,9.466666666666667,21.0,17.0,12.166666666666666,1.46,7.666666666666667,24.1,32.18733333333334,19.833333333333332,39.8,49.85266666666667,11.366666666666667,17.133333333333333,65.98333333333332,0.9333333333333333,6.8,0.6093333333333334,1.8666666666666667,21.2,0.09600000000000003,12.166666666666666,2.3,75.83333333333333
