placar_casa,placar_visitante,data,round,stage,ano,equipe_casa,equipe_visitante,resultado,Pts_casa,3P_casa,2P_casa,LL_casa,RT_casa,RO_casa,RD_casa,AS_casa,ER_casa,IA%_casa,3PC_casa,3PT_casa,3P%_casa,2PC_casa,2PT_casa,2P%_casa,LLC_casa,LLT_casa,LL%_casa,EN_casa,BR_casa,B/E_casa,TO_casa,FC_casa,T/FC_casa,ET_casa,VI_casa,EF_casa,Pts_visitante,3P_visitante,2P_visitante,LL_visitante,RT_visitante,RO_visitante,RD_visitante,AS_visitante,ER_visitante,IA%_visitante,3PC_visitante,3PT_visitante,3P%_visitante,2PC_visitante,2PT_visitante,2P%_visitante,LLC_visitante,LLT_visitante,LL%_visitante,EN_visitante,BR_visitante,B/E_visitante,TO_visitante,FC_visitante,T/FC_visitante,ET_visitante,VI_visitante,EF_visitante
87,78,2024-04-11,12,2,2023-2024,R10 Score Vasco da Gama,Corinthians,1,78.53333333333333,25.9,37.0,15.633333333333333,35.333333333333336,8.833333333333334,26.5,19.566666666666666,14.0,1.4726666666666663,8.633333333333333,26.933333333333334,32.72866666666667,18.5,32.56666666666667,56.71000000000001,15.633333333333333,20.666666666666668,75.96133333333333,2.2,6.9,0.4973333333333333,2.8,21.333333333333332,0.13399999999999998,14.0,2.7666666666666666,91.73333333333333,83.33333333333333,33.8,37.6,11.933333333333334,35.7,8.966666666666667,26.733333333333334,20.033333333333335,13.266666666666667,1.6226666666666667,11.266666666666667,29.2,38.01200000000001,18.8,34.06666666666667,55.146,11.933333333333334,16.7,73.59266666666666,1.7666666666666666,6.8,0.5306666666666666,2.033333333333333,16.1,0.134,13.266666666666667,2.033333333333333,96.66666666666667
