placar_casa,placar_visitante,data,round,stage,ano,equipe_casa,equipe_visitante,resultado,Pts_casa,3P_casa,2P_casa,LL_casa,RT_casa,RO_casa,RD_casa,AS_casa,ER_casa,IA%_casa,3PC_casa,3PT_casa,3P%_casa,2PC_casa,2PT_casa,2P%_casa,LLC_casa,LLT_casa,LL%_casa,EN_casa,BR_casa,B/E_casa,TO_casa,FC_casa,T/FC_casa,ET_casa,VI_casa,EF_casa,Pts_visitante,3P_visitante,2P_visitante,LL_visitante,RT_visitante,RO_visitante,RD_visitante,AS_visitante,ER_visitante,IA%_visitante,3PC_visitante,3PT_visitante,3P%_visitante,2PC_visitante,2PT_visitante,2P%_visitante,LLC_visitante,LLT_visitante,LL%_visitante,EN_visitante,BR_visitante,B/E_visitante,TO_visitante,FC_visitante,T/FC_visitante,ET_visitante,VI_visitante,EF_visitante
97,91,2009-03-25,1,2,2008-2009,Araraquara,Espírito Santo,1,75.28571428571429,26.142857142857142,35.714285714285715,13.428571428571429,29.571428571428573,6.785714285714286,22.785714285714285,16.142857142857142,15.428571428571429,1.1257142857142857,8.714285714285714,26.071428571428573,33.479285714285716,17.857142857142858,33.857142857142854,52.94714285714286,13.428571428571429,19.928571428571427,66.78857142857143,1.9285714285714286,7.357142857142857,0.4892857142857143,4.428571428571429,20.857142857142858,0.22142857142857145,15.428571428571429,0.0,77.5,74.33333333333333,20.0,39.6,14.733333333333333,26.533333333333335,7.2,19.333333333333332,10.933333333333334,11.466666666666667,1.0386666666666666,6.666666666666667,21.0,31.82266666666667,19.8,36.666666666666664,54.896,14.733333333333333,22.4,67.30666666666666,0.4666666666666667,7.466666666666667,0.6666666666666667,1.3333333333333333,22.133333333333333,0.06333333333333332,11.466666666666667,0.0,70.26666666666667
