placar_casa,placar_visitante,data,round,stage,ano,equipe_casa,equipe_visitante,resultado,Pts_casa,3P_casa,2P_casa,LL_casa,RT_casa,RO_casa,RD_casa,AS_casa,ER_casa,IA%_casa,3PC_casa,3PT_casa,3P%_casa,2PC_casa,2PT_casa,2P%_casa,LLC_casa,LLT_casa,LL%_casa,EN_casa,BR_casa,B/E_casa,TO_casa,FC_casa,T/FC_casa,ET_casa,VI_casa,EF_casa,Pts_visitante,3P_visitante,2P_visitante,LL_visitante,RT_visitante,RO_visitante,RD_visitante,AS_visitante,ER_visitante,IA%_visitante,3PC_visitante,3PT_visitante,3P%_visitante,2PC_visitante,2PT_visitante,2P%_visitante,LLC_visitante,LLT_visitante,LL%_visitante,EN_visitante,BR_visitante,B/E_visitante,TO_visitante,FC_visitante,T/FC_visitante,ET_visitante,VI_visitante,EF_visitante
83,85,2021-04-07,7,2,2020-2021,Caxias do Sul Basquete,Pato Basquete,0,77.19933333333334,26.0,36.400666666666666,14.800666666666666,36.93266666666667,10.133333333333333,26.799333333333333,16.666666666666668,12.533999999999999,1.3546666666666665,8.666,24.800000000000004,35.354,18.199333333333332,36.001333333333335,50.42066666666666,14.800666666666666,21.400666666666666,69.17533333333334,1.1326666666666667,5.468000000000001,0.44133333333333336,1.3326666666666669,20.199333333333335,0.06666666666666667,12.533999999999999,2.067333333333333,84.53333333333333,74.4,23.866666666666667,35.91133333333333,14.623333333333331,36.109333333333325,10.577333333333335,25.534000000000002,14.934666666666669,14.13466666666667,1.2513333333333336,7.954666666666666,23.932,33.582,17.955333333333332,39.64466666666667,45.29933333333334,14.623333333333331,20.578666666666667,70.88733333333333,1.512666666666667,7.600666666666667,0.56,1.4453333333333334,21.420666666666662,0.06866666666666668,14.13466666666667,2.777333333333333,76.73333333333333
