placar_casa,placar_visitante,data,round,stage,ano,equipe_casa,equipe_visitante,resultado,Pts_casa,3P_casa,2P_casa,LL_casa,RT_casa,RO_casa,RD_casa,AS_casa,ER_casa,IA%_casa,3PC_casa,3PT_casa,3P%_casa,2PC_casa,2PT_casa,2P%_casa,LLC_casa,LLT_casa,LL%_casa,EN_casa,BR_casa,B/E_casa,TO_casa,FC_casa,T/FC_casa,ET_casa,VI_casa,EF_casa,Pts_visitante,3P_visitante,2P_visitante,LL_visitante,RT_visitante,RO_visitante,RD_visitante,AS_visitante,ER_visitante,IA%_visitante,3PC_visitante,3PT_visitante,3P%_visitante,2PC_visitante,2PT_visitante,2P%_visitante,LLC_visitante,LLT_visitante,LL%_visitante,EN_visitante,BR_visitante,B/E_visitante,TO_visitante,FC_visitante,T/FC_visitante,ET_visitante,VI_visitante,EF_visitante
67,74,2023-02-14,4,2,2022-2023,Pinheiros,Paulistano,0,82.49933333333334,25.5,42.93333333333333,14.066000000000003,42.434,14.066666666666666,28.367333333333338,18.365999999999996,13.93266666666667,1.4246666666666665,8.5,26.632666666666662,31.614,21.466666666666665,42.300666666666665,50.705999999999996,14.066000000000003,20.7,67.75266666666668,1.799333333333333,7.866,0.5926666666666667,1.999333333333333,20.39933333333333,0.10133333333333334,13.93266666666667,2.532666666666666,93.63333333333334,78.86599999999999,26.2,41.86600000000001,10.8,38.99933333333334,12.066666666666666,26.932666666666663,14.79933333333333,10.999333333333336,1.384666666666667,8.734,25.2,34.72333333333333,20.934000000000005,43.53266666666668,48.367333333333335,10.8,15.333333333333334,70.19399999999999,1.799333333333333,7.266,0.6866666666666668,1.9340000000000004,19.067333333333337,0.10933333333333334,10.999333333333336,1.7326666666666664,87.26733333333335
