placar_casa,placar_visitante,data,round,stage,ano,equipe_casa,equipe_visitante,resultado,Pts_casa,3P_casa,2P_casa,LL_casa,RT_casa,RO_casa,RD_casa,AS_casa,ER_casa,IA%_casa,3PC_casa,3PT_casa,3P%_casa,2PC_casa,2PT_casa,2P%_casa,LLC_casa,LLT_casa,LL%_casa,EN_casa,BR_casa,B/E_casa,TO_casa,FC_casa,T/FC_casa,ET_casa,VI_casa,EF_casa,Pts_visitante,3P_visitante,2P_visitante,LL_visitante,RT_visitante,RO_visitante,RD_visitante,AS_visitante,ER_visitante,IA%_visitante,3PC_visitante,3PT_visitante,3P%_visitante,2PC_visitante,2PT_visitante,2P%_visitante,LLC_visitante,LLT_visitante,LL%_visitante,EN_visitante,BR_visitante,B/E_visitante,TO_visitante,FC_visitante,T/FC_visitante,ET_visitante,VI_visitante,EF_visitante
66,91,2022-12-20,10,1,2022-2023,São Paulo,Flamengo,0,88.66666666666667,36.75,38.666666666666664,13.25,36.0,7.833333333333333,28.166666666666668,18.166666666666668,12.166666666666666,1.5583333333333336,12.25,30.916666666666668,39.59666666666667,19.333333333333332,33.75,57.37,13.25,17.5,76.05000000000001,0.4166666666666667,7.416666666666667,0.6091666666666667,1.4166666666666667,20.0,0.06666666666666667,12.166666666666666,1.8333333333333333,102.16666666666667,82.16666666666667,36.0,34.666666666666664,11.5,43.916666666666664,12.583333333333334,31.333333333333332,20.0,13.083333333333334,1.5741666666666667,12.0,35.0,34.16333333333333,17.333333333333332,30.916666666666668,56.37916666666666,11.5,16.583333333333332,69.52583333333334,1.5,6.25,0.5016666666666667,2.25,16.0,0.14083333333333334,13.083333333333334,2.5833333333333335,99.83333333333333
