placar_casa,placar_visitante,data,round,stage,ano,equipe_casa,equipe_visitante,resultado,Pts_casa,3P_casa,2P_casa,LL_casa,RT_casa,RO_casa,RD_casa,AS_casa,ER_casa,IA%_casa,3PC_casa,3PT_casa,3P%_casa,2PC_casa,2PT_casa,2P%_casa,LLC_casa,LLT_casa,LL%_casa,EN_casa,BR_casa,B/E_casa,TO_casa,FC_casa,T/FC_casa,ET_casa,VI_casa,EF_casa,Pts_visitante,3P_visitante,2P_visitante,LL_visitante,RT_visitante,RO_visitante,RD_visitante,AS_visitante,ER_visitante,IA%_visitante,3PC_visitante,3PT_visitante,3P%_visitante,2PC_visitante,2PT_visitante,2P%_visitante,LLC_visitante,LLT_visitante,LL%_visitante,EN_visitante,BR_visitante,B/E_visitante,TO_visitante,FC_visitante,T/FC_visitante,ET_visitante,VI_visitante,EF_visitante
71,77,2014-02-06,5,2,2013-2014,Minas,Bauru Basket,0,68.13333333333334,13.2,39.733333333333334,15.2,31.6,8.733333333333333,22.866666666666667,13.066666666666666,12.733333333333333,1.1053333333333335,4.4,16.4,27.422666666666665,19.866666666666667,40.4,49.36866666666666,15.2,20.733333333333334,75.10333333333332,1.6,9.333333333333334,0.7893333333333332,2.2666666666666666,22.933333333333334,0.10600000000000002,12.733333333333333,2.533333333333333,73.6,82.86666666666666,26.8,38.266666666666666,17.8,32.06666666666667,9.666666666666666,22.4,15.666666666666666,10.933333333333334,1.6093333333333333,8.933333333333334,24.066666666666666,38.126,19.133333333333333,35.4,54.19533333333334,17.8,22.733333333333334,78.91666666666667,2.2,9.0,0.9153333333333332,1.9333333333333333,18.333333333333332,0.114,10.933333333333334,1.4666666666666666,94.2
