placar_casa,placar_visitante,data,round,stage,ano,equipe_casa,equipe_visitante,resultado,Pts_casa,3P_casa,2P_casa,LL_casa,RT_casa,RO_casa,RD_casa,AS_casa,ER_casa,IA%_casa,3PC_casa,3PT_casa,3P%_casa,2PC_casa,2PT_casa,2P%_casa,LLC_casa,LLT_casa,LL%_casa,EN_casa,BR_casa,B/E_casa,TO_casa,FC_casa,T/FC_casa,ET_casa,VI_casa,EF_casa,Pts_visitante,3P_visitante,2P_visitante,LL_visitante,RT_visitante,RO_visitante,RD_visitante,AS_visitante,ER_visitante,IA%_visitante,3PC_visitante,3PT_visitante,3P%_visitante,2PC_visitante,2PT_visitante,2P%_visitante,LLC_visitante,LLT_visitante,LL%_visitante,EN_visitante,BR_visitante,B/E_visitante,TO_visitante,FC_visitante,T/FC_visitante,ET_visitante,VI_visitante,EF_visitante
92,86,2019-04-04,2,3,2018-2019,Corinthians,Brasília,1,81.4,22.4,41.199333333333335,17.800666666666665,35.0,9.399333333333335,25.600666666666665,17.13266666666667,14.066,1.2873333333333332,7.4673333333333325,22.332666666666668,33.60466666666667,20.600666666666665,38.532666666666664,53.635999999999996,17.800666666666665,22.13266666666667,80.46399999999998,2.1333333333333333,7.666666666666667,0.5573333333333331,2.2006666666666663,22.534,0.09933333333333333,14.066,1.6666666666666667,92.06733333333334,78.11133333333333,23.8,39.64466666666667,14.666666666666666,37.13333333333333,10.222,26.911333333333335,15.866666666666667,16.066666666666666,1.0500000000000003,7.933333333333334,24.422,32.56466666666667,19.822,37.91133333333334,52.12533333333334,14.666666666666666,20.84466666666667,70.01466666666667,0.7333333333333333,6.733333333333333,0.44466666666666665,3.3333333333333335,23.266666666666666,0.1446666666666667,16.066666666666666,2.444666666666667,83.88866666666667
