placar_casa,placar_visitante,data,round,stage,ano,equipe_casa,equipe_visitante,resultado,Pts_casa,3P_casa,2P_casa,LL_casa,RT_casa,RO_casa,RD_casa,AS_casa,ER_casa,IA%_casa,3PC_casa,3PT_casa,3P%_casa,2PC_casa,2PT_casa,2P%_casa,LLC_casa,LLT_casa,LL%_casa,EN_casa,BR_casa,B/E_casa,TO_casa,FC_casa,T/FC_casa,ET_casa,VI_casa,EF_casa,Pts_visitante,3P_visitante,2P_visitante,LL_visitante,RT_visitante,RO_visitante,RD_visitante,AS_visitante,ER_visitante,IA%_visitante,3PC_visitante,3PT_visitante,3P%_visitante,2PC_visitante,2PT_visitante,2P%_visitante,LLC_visitante,LLT_visitante,LL%_visitante,EN_visitante,BR_visitante,B/E_visitante,TO_visitante,FC_visitante,T/FC_visitante,ET_visitante,VI_visitante,EF_visitante
82,74,2019-01-12,1,2,2018-2019,Sesi Franca,Fortaleza B. C. / CFO,1,87.6923076923077,32.07692307692308,39.69230769230769,15.923076923076923,34.69230769230769,7.923076923076923,26.76923076923077,17.53846153846154,11.615384615384615,1.5307692307692307,10.692307692307692,29.23076923076923,36.23538461538461,19.846153846153847,31.923076923076923,62.30538461538462,15.923076923076923,19.0,83.41846153846153,2.3076923076923075,5.538461538461538,0.49307692307692313,1.6153846153846154,17.76923076923077,0.09384615384615386,11.615384615384615,1.5384615384615385,101.61538461538461,70.89357142857143,22.821428571428573,38.14357142857143,9.928571428571429,39.67928571428571,13.0,26.679285714285715,12.572142857142856,14.713571428571429,0.9078571428571429,7.607142857142857,23.820714285714285,31.66071428571429,19.070714285714285,40.25,47.80357142857143,9.928571428571429,16.285,61.53928571428571,2.1078571428571427,7.071428571428571,0.4942857142857143,2.1421428571428573,19.000714285714285,0.11357142857142859,14.713571428571429,3.5357142857142856,73.67785714285715
