placar_casa,placar_visitante,data,round,stage,ano,equipe_casa,equipe_visitante,resultado,Pts_casa,3P_casa,2P_casa,LL_casa,RT_casa,RO_casa,RD_casa,AS_casa,ER_casa,IA%_casa,3PC_casa,3PT_casa,3P%_casa,2PC_casa,2PT_casa,2P%_casa,LLC_casa,LLT_casa,LL%_casa,EN_casa,BR_casa,B/E_casa,TO_casa,FC_casa,T/FC_casa,ET_casa,VI_casa,EF_casa,Pts_visitante,3P_visitante,2P_visitante,LL_visitante,RT_visitante,RO_visitante,RD_visitante,AS_visitante,ER_visitante,IA%_visitante,3PC_visitante,3PT_visitante,3P%_visitante,2PC_visitante,2PT_visitante,2P%_visitante,LLC_visitante,LLT_visitante,LL%_visitante,EN_visitante,BR_visitante,B/E_visitante,TO_visitante,FC_visitante,T/FC_visitante,ET_visitante,VI_visitante,EF_visitante
87,55,2017-02-02,19,1,2016-2017,Bauru Basket,L. Sorocabana,1,77.53333333333333,31.4,32.4,13.733333333333333,38.0,9.0,29.0,16.4,13.533333333333333,1.2886666666666668,10.466666666666667,28.733333333333334,36.45466666666667,16.2,32.06666666666667,50.78733333333333,13.733333333333333,19.333333333333332,71.70733333333334,0.8,6.666666666666667,0.5206666666666667,1.4,17.266666666666666,0.08466666666666667,13.533333333333333,3.066666666666667,86.73333333333333,70.2,22.8,35.333333333333336,12.066666666666666,33.6,11.466666666666667,22.133333333333333,14.2,16.333333333333332,0.8866666666666666,7.6,24.733333333333334,31.234,17.666666666666668,36.266666666666666,49.00266666666667,12.066666666666666,16.066666666666666,76.652,1.5333333333333334,7.6,0.47266666666666673,1.6666666666666667,23.8,0.07400000000000001,16.333333333333332,6.0,71.2
