placar_casa,placar_visitante,data,round,stage,ano,equipe_casa,equipe_visitante,resultado,Pts_casa,3P_casa,2P_casa,LL_casa,RT_casa,RO_casa,RD_casa,AS_casa,ER_casa,IA%_casa,3PC_casa,3PT_casa,3P%_casa,2PC_casa,2PT_casa,2P%_casa,LLC_casa,LLT_casa,LL%_casa,EN_casa,BR_casa,B/E_casa,TO_casa,FC_casa,T/FC_casa,ET_casa,VI_casa,EF_casa,Pts_visitante,3P_visitante,2P_visitante,LL_visitante,RT_visitante,RO_visitante,RD_visitante,AS_visitante,ER_visitante,IA%_visitante,3PC_visitante,3PT_visitante,3P%_visitante,2PC_visitante,2PT_visitante,2P%_visitante,LLC_visitante,LLT_visitante,LL%_visitante,EN_visitante,BR_visitante,B/E_visitante,TO_visitante,FC_visitante,T/FC_visitante,ET_visitante,VI_visitante,EF_visitante
96,85,2010-01-17,10,1,2009-2010,Brasília,Saldanha,1,92.85714285714286,24.0,51.42857142857143,17.428571428571427,32.42857142857143,9.857142857142858,22.571428571428573,18.714285714285715,13.285714285714286,1.5271428571428571,8.0,22.857142857142858,36.137142857142855,25.714285714285715,42.42857142857143,61.14285714285713,17.428571428571427,22.714285714285715,75.56142857142858,2.7142857142857144,8.571428571428571,0.687142857142857,2.5714285714285716,16.571428571428573,0.1685714285714286,13.285714285714286,3.0,105.0,72.85714285714286,20.142857142857142,41.142857142857146,11.571428571428571,26.428571428571427,7.428571428571429,19.0,8.428571428571429,11.571428571428571,0.7685714285714286,6.714285714285714,20.714285714285715,32.35428571428571,20.571428571428573,39.285714285714285,53.22857142857142,11.571428571428571,20.142857142857142,55.85857142857143,1.1428571428571428,9.428571428571429,0.8671428571428572,1.2857142857142858,17.428571428571427,0.07285714285714286,11.571428571428571,3.0,65.57142857142857
