placar_casa,placar_visitante,data,round,stage,ano,equipe_casa,equipe_visitante,resultado,Pts_casa,3P_casa,2P_casa,LL_casa,RT_casa,RO_casa,RD_casa,AS_casa,ER_casa,IA%_casa,3PC_casa,3PT_casa,3P%_casa,2PC_casa,2PT_casa,2P%_casa,LLC_casa,LLT_casa,LL%_casa,EN_casa,BR_casa,B/E_casa,TO_casa,FC_casa,T/FC_casa,ET_casa,VI_casa,EF_casa,Pts_visitante,3P_visitante,2P_visitante,LL_visitante,RT_visitante,RO_visitante,RD_visitante,AS_visitante,ER_visitante,IA%_visitante,3PC_visitante,3PT_visitante,3P%_visitante,2PC_visitante,2PT_visitante,2P%_visitante,LLC_visitante,LLT_visitante,LL%_visitante,EN_visitante,BR_visitante,B/E_visitante,TO_visitante,FC_visitante,T/FC_visitante,ET_visitante,VI_visitante,EF_visitante
73,64,2019-11-18,6,1,2019-2020,Mogi,Pato Basquete,1,82.28571428571429,30.0,33.142857142857146,19.142857142857142,34.42857142857143,7.571428571428571,26.857142857142858,16.285714285714285,12.571428571428571,1.3442857142857143,10.0,26.714285714285715,37.42857142857143,16.571428571428573,34.714285714285715,48.050000000000004,19.142857142857142,23.285714285714285,81.92142857142858,0.7142857142857143,8.428571428571429,0.6785714285714287,2.4285714285714284,20.857142857142858,0.1242857142857143,12.571428571428571,2.142857142857143,92.28571428571429,63.125,18.75,33.25,11.125,35.0,11.75,23.25,13.875,16.875,0.8337499999999999,6.25,25.375,24.523749999999996,16.625,36.875,45.6425,11.125,17.375,65.28125,1.375,7.5,0.4525,2.25,21.875,0.10375,16.875,3.875,59.125
