placar_casa,placar_visitante,data,round,stage,ano,equipe_casa,equipe_visitante,resultado,Pts_casa,3P_casa,2P_casa,LL_casa,RT_casa,RO_casa,RD_casa,AS_casa,ER_casa,IA%_casa,3PC_casa,3PT_casa,3P%_casa,2PC_casa,2PT_casa,2P%_casa,LLC_casa,LLT_casa,LL%_casa,EN_casa,BR_casa,B/E_casa,TO_casa,FC_casa,T/FC_casa,ET_casa,VI_casa,EF_casa,Pts_visitante,3P_visitante,2P_visitante,LL_visitante,RT_visitante,RO_visitante,RD_visitante,AS_visitante,ER_visitante,IA%_visitante,3PC_visitante,3PT_visitante,3P%_visitante,2PC_visitante,2PT_visitante,2P%_visitante,LLC_visitante,LLT_visitante,LL%_visitante,EN_visitante,BR_visitante,B/E_visitante,TO_visitante,FC_visitante,T/FC_visitante,ET_visitante,VI_visitante,EF_visitante
79,85,2009-02-11,4,1,2008-2009,Limeira,Minas,0,80.33333333333333,31.0,31.333333333333332,18.0,28.666666666666668,6.333333333333333,22.333333333333332,14.666666666666666,25.666666666666668,0.6066666666666668,10.333333333333334,28.333333333333332,36.92,15.666666666666666,29.0,54.10333333333333,18.0,21.333333333333332,84.21666666666665,1.6666666666666667,5.333333333333333,0.21,3.0,21.333333333333332,0.13333333333333333,25.666666666666668,0.0,71.66666666666667,80.66666666666667,20.0,46.666666666666664,14.0,31.333333333333332,8.666666666666666,22.666666666666668,19.0,14.666666666666666,1.3166666666666667,6.666666666666667,21.333333333333332,31.820000000000004,23.333333333333332,42.333333333333336,55.31,14.0,21.0,67.25333333333333,1.0,5.333333333333333,0.36999999999999994,1.3333333333333333,21.666666666666668,0.06666666666666667,14.666666666666666,0.0,82.33333333333333
