placar_casa,placar_visitante,data,round,stage,ano,equipe_casa,equipe_visitante,resultado,Pts_casa,3P_casa,2P_casa,LL_casa,RT_casa,RO_casa,RD_casa,AS_casa,ER_casa,IA%_casa,3PC_casa,3PT_casa,3P%_casa,2PC_casa,2PT_casa,2P%_casa,LLC_casa,LLT_casa,LL%_casa,EN_casa,BR_casa,B/E_casa,TO_casa,FC_casa,T/FC_casa,ET_casa,VI_casa,EF_casa,Pts_visitante,3P_visitante,2P_visitante,LL_visitante,RT_visitante,RO_visitante,RD_visitante,AS_visitante,ER_visitante,IA%_visitante,3PC_visitante,3PT_visitante,3P%_visitante,2PC_visitante,2PT_visitante,2P%_visitante,LLC_visitante,LLT_visitante,LL%_visitante,EN_visitante,BR_visitante,B/E_visitante,TO_visitante,FC_visitante,T/FC_visitante,ET_visitante,VI_visitante,EF_visitante
78,73,2020-01-27,3,2,2019-2020,Mogi,Fortaleza B. C. / CFO,1,82.2,27.8,36.0,18.4,36.8,9.266666666666667,27.533333333333335,16.666666666666668,14.133333333333333,1.2566666666666666,9.266666666666667,25.733333333333334,36.21666666666667,18.0,35.6,50.74,18.4,23.6,77.89666666666668,1.0,7.666666666666667,0.5660000000000001,2.466666666666667,20.2,0.12800000000000003,14.133333333333333,2.1333333333333333,92.26666666666667,73.13399999999999,23.0,37.066,13.066,38.132666666666665,11.266666666666667,26.865999999999996,12.466666666666667,12.932666666666668,0.962,7.666666666666667,25.2,30.718,18.534000000000002,38.53333333333333,48.385999999999996,13.066,19.20066666666667,68.06200000000001,1.4,7.133333333333334,0.5513333333333335,2.4673333333333334,23.066666666666666,0.11000000000000001,12.932666666666668,2.1333333333333333,76.39933333333335
