placar_casa,placar_visitante,data,round,stage,ano,equipe_casa,equipe_visitante,resultado,Pts_casa,3P_casa,2P_casa,LL_casa,RT_casa,RO_casa,RD_casa,AS_casa,ER_casa,IA%_casa,3PC_casa,3PT_casa,3P%_casa,2PC_casa,2PT_casa,2P%_casa,LLC_casa,LLT_casa,LL%_casa,EN_casa,BR_casa,B/E_casa,TO_casa,FC_casa,T/FC_casa,ET_casa,VI_casa,EF_casa,Pts_visitante,3P_visitante,2P_visitante,LL_visitante,RT_visitante,RO_visitante,RD_visitante,AS_visitante,ER_visitante,IA%_visitante,3PC_visitante,3PT_visitante,3P%_visitante,2PC_visitante,2PT_visitante,2P%_visitante,LLC_visitante,LLT_visitante,LL%_visitante,EN_visitante,BR_visitante,B/E_visitante,TO_visitante,FC_visitante,T/FC_visitante,ET_visitante,VI_visitante,EF_visitante
79,86,2019-12-21,10,1,2019-2020,Brasília,Pinheiros,0,75.38461538461539,21.346153846153847,39.69230769230769,14.346153846153847,37.42307692307692,10.961538461538462,26.46153846153846,16.692307692307693,15.076923076923077,1.1530769230769229,7.115384615384615,22.692307692307693,31.083846153846157,19.846153846153847,39.96153846153846,49.919999999999995,14.346153846153847,21.423076923076923,68.15923076923079,1.6923076923076923,7.3076923076923075,0.5023076923076923,2.0,21.423076923076923,0.09461538461538463,15.076923076923077,2.230769230769231,80.65384615384616,79.23,24.576923076923077,39.69307692307692,14.962307692307691,36.96153846153846,10.731538461538461,26.23,15.193076923076923,14.308461538461538,1.083846153846154,8.192307692307692,24.0,33.79230769230769,19.845384615384617,38.03769230769231,52.6223076923077,14.962307692307691,20.385384615384616,73.84153846153848,1.4223076923076925,7.537692307692309,0.5315384615384615,1.9238461538461538,20.307692307692307,0.09615384615384616,14.308461538461538,3.039230769230769,87.07615384615384
