placar_casa,placar_visitante,data,round,stage,ano,equipe_casa,equipe_visitante,resultado,Pts_casa,3P_casa,2P_casa,LL_casa,RT_casa,RO_casa,RD_casa,AS_casa,ER_casa,IA%_casa,3PC_casa,3PT_casa,3P%_casa,2PC_casa,2PT_casa,2P%_casa,LLC_casa,LLT_casa,LL%_casa,EN_casa,BR_casa,B/E_casa,TO_casa,FC_casa,T/FC_casa,ET_casa,VI_casa,EF_casa,Pts_visitante,3P_visitante,2P_visitante,LL_visitante,RT_visitante,RO_visitante,RD_visitante,AS_visitante,ER_visitante,IA%_visitante,3PC_visitante,3PT_visitante,3P%_visitante,2PC_visitante,2PT_visitante,2P%_visitante,LLC_visitante,LLT_visitante,LL%_visitante,EN_visitante,BR_visitante,B/E_visitante,TO_visitante,FC_visitante,T/FC_visitante,ET_visitante,VI_visitante,EF_visitante
85,88,2020-12-14,6,1,2020-2021,Fortaleza B. C. / CFO,Mogi,0,73.0,22.125,37.998749999999994,12.87625,37.872499999999995,9.7525,28.127500000000005,14.62375,12.875000000000002,1.1337499999999998,7.376250000000001,23.75,31.178749999999994,19.00125,39.998749999999994,47.445,12.87625,18.5,68.9225,1.37625,6.375,0.495,3.4974999999999996,21.49875,0.16249999999999998,12.875000000000002,2.7525000000000004,79.49875,81.42857142857143,32.57142857142857,36.0,12.857142857142858,35.57142857142857,9.0,26.571428571428573,20.285714285714285,14.428571428571429,1.6528571428571428,10.857142857142858,28.428571428571427,38.38857142857143,18.0,34.857142857142854,51.527142857142856,12.857142857142858,17.428571428571427,77.05571428571429,1.2857142857142858,6.714285714285714,0.5157142857142858,2.0,21.714285714285715,0.09285714285714285,14.428571428571429,2.142857142857143,92.57142857142857
