placar_casa,placar_visitante,data,round,stage,ano,equipe_casa,equipe_visitante,resultado,Pts_casa,3P_casa,2P_casa,LL_casa,RT_casa,RO_casa,RD_casa,AS_casa,ER_casa,IA%_casa,3PC_casa,3PT_casa,3P%_casa,2PC_casa,2PT_casa,2P%_casa,LLC_casa,LLT_casa,LL%_casa,EN_casa,BR_casa,B/E_casa,TO_casa,FC_casa,T/FC_casa,ET_casa,VI_casa,EF_casa,Pts_visitante,3P_visitante,2P_visitante,LL_visitante,RT_visitante,RO_visitante,RD_visitante,AS_visitante,ER_visitante,IA%_visitante,3PC_visitante,3PT_visitante,3P%_visitante,2PC_visitante,2PT_visitante,2P%_visitante,LLC_visitante,LLT_visitante,LL%_visitante,EN_visitante,BR_visitante,B/E_visitante,TO_visitante,FC_visitante,T/FC_visitante,ET_visitante,VI_visitante,EF_visitante
76,66,2023-01-13,1,2,2022-2023,Paulistano,Rio Claro,1,75.23333333333333,25.0,40.6,9.633333333333333,40.9,13.966666666666667,26.933333333333334,15.1,11.733333333333333,1.3679999999999999,8.333333333333334,27.066666666666666,31.264,20.3,43.666666666666664,47.105999999999995,9.633333333333333,13.933333333333334,69.182,1.4666666666666666,8.333333333333334,0.7766666666666667,2.7,18.433333333333334,0.15466666666666667,11.733333333333333,1.3666666666666667,84.13333333333334,71.53333333333333,21.4,38.2,11.933333333333334,32.56666666666667,10.466666666666667,22.1,14.733333333333333,11.3,1.4126666666666667,7.133333333333334,24.133333333333333,28.992,19.1,40.8,46.96466666666666,11.933333333333334,17.866666666666667,66.532,1.1,7.1,0.6873333333333334,2.066666666666667,20.633333333333333,0.10733333333333334,11.3,2.2666666666666666,72.06666666666666
