placar_casa,placar_visitante,data,round,stage,ano,equipe_casa,equipe_visitante,resultado,Pts_casa,3P_casa,2P_casa,LL_casa,RT_casa,RO_casa,RD_casa,AS_casa,ER_casa,IA%_casa,3PC_casa,3PT_casa,3P%_casa,2PC_casa,2PT_casa,2P%_casa,LLC_casa,LLT_casa,LL%_casa,EN_casa,BR_casa,B/E_casa,TO_casa,FC_casa,T/FC_casa,ET_casa,VI_casa,EF_casa,Pts_visitante,3P_visitante,2P_visitante,LL_visitante,RT_visitante,RO_visitante,RD_visitante,AS_visitante,ER_visitante,IA%_visitante,3PC_visitante,3PT_visitante,3P%_visitante,2PC_visitante,2PT_visitante,2P%_visitante,LLC_visitante,LLT_visitante,LL%_visitante,EN_visitante,BR_visitante,B/E_visitante,TO_visitante,FC_visitante,T/FC_visitante,ET_visitante,VI_visitante,EF_visitante
83,88,2023-12-27,11,1,2023-2024,Pinheiros,Flamengo,0,75.93266666666666,27.6,34.934,13.40066666666667,36.93333333333333,11.53266666666667,25.40066666666667,16.732666666666663,13.466000000000003,1.281333333333333,9.199333333333334,27.8,33.58333333333333,17.465999999999998,34.39933333333333,50.82733333333332,13.40066666666667,19.800666666666668,66.70533333333331,1.400666666666667,5.333333333333333,0.41200000000000003,1.800666666666667,18.333333333333332,0.09866666666666667,13.466000000000003,2.4659999999999997,81.33266666666665,83.85714285714286,27.428571428571427,40.42857142857143,16.0,38.857142857142854,12.714285714285714,26.142857142857142,19.571428571428573,11.857142857142858,1.7442857142857147,9.142857142857142,30.071428571428573,30.55,20.214285714285715,34.5,58.63571428571429,16.0,20.571428571428573,77.76857142857143,2.0714285714285716,7.714285714285714,0.66,1.6428571428571428,17.642857142857142,0.09571428571428572,11.857142857142858,2.5714285714285716,100.0
