placar_casa,placar_visitante,data,round,stage,ano,equipe_casa,equipe_visitante,resultado,Pts_casa,3P_casa,2P_casa,LL_casa,RT_casa,RO_casa,RD_casa,AS_casa,ER_casa,IA%_casa,3PC_casa,3PT_casa,3P%_casa,2PC_casa,2PT_casa,2P%_casa,LLC_casa,LLT_casa,LL%_casa,EN_casa,BR_casa,B/E_casa,TO_casa,FC_casa,T/FC_casa,ET_casa,VI_casa,EF_casa,Pts_visitante,3P_visitante,2P_visitante,LL_visitante,RT_visitante,RO_visitante,RD_visitante,AS_visitante,ER_visitante,IA%_visitante,3PC_visitante,3PT_visitante,3P%_visitante,2PC_visitante,2PT_visitante,2P%_visitante,LLC_visitante,LLT_visitante,LL%_visitante,EN_visitante,BR_visitante,B/E_visitante,TO_visitante,FC_visitante,T/FC_visitante,ET_visitante,VI_visitante,EF_visitante
94,87,2009-04-29,11,2,2008-2009,Assis,Lajeado,1,73.26666666666667,21.8,32.8,18.666666666666668,28.0,7.8,20.2,11.666666666666666,14.0,0.9413333333333334,7.266666666666667,22.133333333333333,33.21866666666667,16.4,32.2,51.01199999999999,18.666666666666668,25.133333333333333,75.13866666666668,1.2666666666666666,6.333333333333333,0.49266666666666664,3.3333333333333335,21.6,0.16333333333333336,14.0,0.0,71.46666666666667,72.53333333333333,18.4,39.06666666666667,15.066666666666666,25.8,8.066666666666666,17.733333333333334,11.4,12.933333333333334,0.9626666666666668,6.133333333333334,19.6,30.464666666666666,19.533333333333335,38.266666666666666,51.76866666666667,15.066666666666666,20.8,71.82133333333333,0.13333333333333333,7.2,0.6026666666666666,1.2,21.2,0.06266666666666665,12.933333333333334,0.0,67.26666666666667
