placar_casa,placar_visitante,data,round,stage,ano,equipe_casa,equipe_visitante,resultado,Pts_casa,3P_casa,2P_casa,LL_casa,RT_casa,RO_casa,RD_casa,AS_casa,ER_casa,IA%_casa,3PC_casa,3PT_casa,3P%_casa,2PC_casa,2PT_casa,2P%_casa,LLC_casa,LLT_casa,LL%_casa,EN_casa,BR_casa,B/E_casa,TO_casa,FC_casa,T/FC_casa,ET_casa,VI_casa,EF_casa,Pts_visitante,3P_visitante,2P_visitante,LL_visitante,RT_visitante,RO_visitante,RD_visitante,AS_visitante,ER_visitante,IA%_visitante,3PC_visitante,3PT_visitante,3P%_visitante,2PC_visitante,2PT_visitante,2P%_visitante,LLC_visitante,LLT_visitante,LL%_visitante,EN_visitante,BR_visitante,B/E_visitante,TO_visitante,FC_visitante,T/FC_visitante,ET_visitante,VI_visitante,EF_visitante
91,73,2024-03-30,10,2,2023-2024,Minas,Corinthians,1,88.28866666666667,33.2,39.77666666666667,15.310666666666668,39.97733333333334,10.888666666666666,29.09,19.288666666666668,12.755999999999998,1.583333333333333,11.067333333333332,28.934,38.24133333333334,19.89,33.77733333333333,59.01,15.310666666666668,21.69,70.37466666666666,1.9106666666666665,6.534000000000001,0.5266666666666667,1.8900000000000001,19.223333333333336,0.0986666666666667,12.755999999999998,2.5106666666666664,105.08933333333334,80.46666666666667,31.8,36.733333333333334,11.933333333333334,35.1,8.733333333333333,26.366666666666667,18.7,11.666666666666666,1.7033333333333331,10.6,28.333333333333332,36.97,18.366666666666667,34.6,53.076666666666675,11.933333333333334,16.9,71.89666666666668,1.7333333333333334,6.933333333333334,0.6173333333333333,2.2666666666666666,17.8,0.126,11.666666666666666,1.6,92.86666666666666
