placar_casa,placar_visitante,data,round,stage,ano,equipe_casa,equipe_visitante,resultado,Pts_casa,3P_casa,2P_casa,LL_casa,RT_casa,RO_casa,RD_casa,AS_casa,ER_casa,IA%_casa,3PC_casa,3PT_casa,3P%_casa,2PC_casa,2PT_casa,2P%_casa,LLC_casa,LLT_casa,LL%_casa,EN_casa,BR_casa,B/E_casa,TO_casa,FC_casa,T/FC_casa,ET_casa,VI_casa,EF_casa,Pts_visitante,3P_visitante,2P_visitante,LL_visitante,RT_visitante,RO_visitante,RD_visitante,AS_visitante,ER_visitante,IA%_visitante,3PC_visitante,3PT_visitante,3P%_visitante,2PC_visitante,2PT_visitante,2P%_visitante,LLC_visitante,LLT_visitante,LL%_visitante,EN_visitante,BR_visitante,B/E_visitante,TO_visitante,FC_visitante,T/FC_visitante,ET_visitante,VI_visitante,EF_visitante
83,73,2016-01-16,2,2,2015-2016,Flamengo,Sesi Franca,1,85.46666666666667,26.6,43.86666666666667,15.0,34.666666666666664,8.733333333333333,25.933333333333334,20.133333333333333,13.2,1.6119999999999999,8.866666666666667,22.6,38.842,21.933333333333334,38.93333333333333,55.992666666666665,15.0,19.0,77.75466666666667,1.1333333333333333,10.666666666666666,0.85,2.2666666666666666,18.4,0.12533333333333332,13.2,1.6,105.26666666666667,75.2,21.4,37.86666666666667,15.933333333333334,31.266666666666666,8.466666666666667,22.8,14.333333333333334,15.266666666666667,1.0046666666666666,7.133333333333334,20.733333333333334,32.84133333333334,18.933333333333334,35.2,55.67266666666667,15.933333333333334,22.2,72.81333333333332,2.7333333333333334,8.066666666666666,0.5786666666666668,3.0,20.666666666666668,0.14666666666666667,15.266666666666667,2.6666666666666665,80.46666666666667
