placar_casa,placar_visitante,data,round,stage,ano,equipe_casa,equipe_visitante,resultado,Pts_casa,3P_casa,2P_casa,LL_casa,RT_casa,RO_casa,RD_casa,AS_casa,ER_casa,IA%_casa,3PC_casa,3PT_casa,3P%_casa,2PC_casa,2PT_casa,2P%_casa,LLC_casa,LLT_casa,LL%_casa,EN_casa,BR_casa,B/E_casa,TO_casa,FC_casa,T/FC_casa,ET_casa,VI_casa,EF_casa,Pts_visitante,3P_visitante,2P_visitante,LL_visitante,RT_visitante,RO_visitante,RD_visitante,AS_visitante,ER_visitante,IA%_visitante,3PC_visitante,3PT_visitante,3P%_visitante,2PC_visitante,2PT_visitante,2P%_visitante,LLC_visitante,LLT_visitante,LL%_visitante,EN_visitante,BR_visitante,B/E_visitante,TO_visitante,FC_visitante,T/FC_visitante,ET_visitante,VI_visitante,EF_visitante
74,94,2022-11-19,5,1,2022-2023,BRB/Brasília,Minas,0,71.66666666666667,24.5,33.333333333333336,13.833333333333334,36.166666666666664,8.5,27.666666666666668,13.666666666666666,14.333333333333334,0.9933333333333332,8.166666666666666,27.166666666666668,30.316666666666666,16.666666666666668,31.833333333333332,51.73000000000001,13.833333333333334,21.0,66.08,1.5,5.333333333333333,0.38999999999999996,0.0,21.5,0.0,14.333333333333334,2.8333333333333335,71.16666666666667,84.28571428571429,29.785714285714285,43.285714285714285,11.214285714285714,39.785714285714285,10.642857142857142,29.142857142857142,19.214285714285715,14.857142857142858,1.352857142857143,9.928571428571429,25.428571428571427,39.49857142857143,21.642857142857142,38.642857142857146,55.71714285714285,11.214285714285714,14.142857142857142,78.78857142857143,1.8571428571428572,6.214285714285714,0.4471428571428571,1.8571428571428572,18.714285714285715,0.10571428571428572,14.857142857142858,4.071428571428571,101.07142857142857
