placar_casa,placar_visitante,data,round,stage,ano,equipe_casa,equipe_visitante,resultado,Pts_casa,3P_casa,2P_casa,LL_casa,RT_casa,RO_casa,RD_casa,AS_casa,ER_casa,IA%_casa,3PC_casa,3PT_casa,3P%_casa,2PC_casa,2PT_casa,2P%_casa,LLC_casa,LLT_casa,LL%_casa,EN_casa,BR_casa,B/E_casa,TO_casa,FC_casa,T/FC_casa,ET_casa,VI_casa,EF_casa,Pts_visitante,3P_visitante,2P_visitante,LL_visitante,RT_visitante,RO_visitante,RD_visitante,AS_visitante,ER_visitante,IA%_visitante,3PC_visitante,3PT_visitante,3P%_visitante,2PC_visitante,2PT_visitante,2P%_visitante,LLC_visitante,LLT_visitante,LL%_visitante,EN_visitante,BR_visitante,B/E_visitante,TO_visitante,FC_visitante,T/FC_visitante,ET_visitante,VI_visitante,EF_visitante
69,75,2020-02-12,5,2,2019-2020,Pato Basquete,Botafogo,0,71.73333333333333,21.6,36.93333333333333,13.2,33.53333333333333,10.2,23.333333333333332,17.666666666666668,15.6,1.2126666666666668,7.2,22.866666666666667,32.096666666666664,18.466666666666665,39.2,46.74933333333333,13.2,18.533333333333335,70.81133333333332,1.4,7.4,0.49000000000000005,2.0,22.466666666666665,0.088,15.6,3.066666666666667,74.93333333333334,80.2,33.0,33.60066666666667,13.59933333333333,34.39933333333333,9.733333333333333,24.665999999999997,18.532666666666664,13.666666666666666,1.434666666666667,11.0,29.732666666666663,37.15733333333333,16.79933333333333,32.79933333333333,52.035333333333334,13.59933333333333,16.800666666666668,81.64733333333334,1.0673333333333332,5.999333333333333,0.4806666666666665,2.400666666666667,23.134000000000004,0.10933333333333331,13.666666666666666,2.2673333333333336,89.8
