placar_casa,placar_visitante,data,round,stage,ano,equipe_casa,equipe_visitante,resultado,Pts_casa,3P_casa,2P_casa,LL_casa,RT_casa,RO_casa,RD_casa,AS_casa,ER_casa,IA%_casa,3PC_casa,3PT_casa,3P%_casa,2PC_casa,2PT_casa,2P%_casa,LLC_casa,LLT_casa,LL%_casa,EN_casa,BR_casa,B/E_casa,TO_casa,FC_casa,T/FC_casa,ET_casa,VI_casa,EF_casa,Pts_visitante,3P_visitante,2P_visitante,LL_visitante,RT_visitante,RO_visitante,RD_visitante,AS_visitante,ER_visitante,IA%_visitante,3PC_visitante,3PT_visitante,3P%_visitante,2PC_visitante,2PT_visitante,2P%_visitante,LLC_visitante,LLT_visitante,LL%_visitante,EN_visitante,BR_visitante,B/E_visitante,TO_visitante,FC_visitante,T/FC_visitante,ET_visitante,VI_visitante,EF_visitante
70,78,2017-02-01,18,1,2016-2017,Brasília,Vitória,0,82.73333333333333,27.8,42.0,12.933333333333334,37.733333333333334,10.133333333333333,27.6,20.4,13.6,1.7106666666666663,9.266666666666667,24.4,36.82933333333333,21.0,38.53333333333333,54.221999999999994,12.933333333333334,17.466666666666665,72.25333333333334,1.2,5.6,0.4453333333333333,2.3333333333333335,18.6,0.13266666666666665,13.6,2.8666666666666667,98.0,76.13333333333334,21.2,37.6,17.333333333333332,36.2,9.133333333333333,27.066666666666666,16.733333333333334,14.533333333333333,1.2673333333333332,7.066666666666666,21.4,33.12866666666666,18.8,37.93333333333333,49.45933333333333,17.333333333333332,22.333333333333332,77.80799999999999,1.3333333333333333,6.0,0.436,1.4,21.6,0.06733333333333333,14.533333333333333,3.8666666666666667,83.46666666666667
