placar_casa,placar_visitante,data,round,stage,ano,equipe_casa,equipe_visitante,resultado,Pts_casa,3P_casa,2P_casa,LL_casa,RT_casa,RO_casa,RD_casa,AS_casa,ER_casa,IA%_casa,3PC_casa,3PT_casa,3P%_casa,2PC_casa,2PT_casa,2P%_casa,LLC_casa,LLT_casa,LL%_casa,EN_casa,BR_casa,B/E_casa,TO_casa,FC_casa,T/FC_casa,ET_casa,VI_casa,EF_casa,Pts_visitante,3P_visitante,2P_visitante,LL_visitante,RT_visitante,RO_visitante,RD_visitante,AS_visitante,ER_visitante,IA%_visitante,3PC_visitante,3PT_visitante,3P%_visitante,2PC_visitante,2PT_visitante,2P%_visitante,LLC_visitante,LLT_visitante,LL%_visitante,EN_visitante,BR_visitante,B/E_visitante,TO_visitante,FC_visitante,T/FC_visitante,ET_visitante,VI_visitante,EF_visitante
78,80,2014-05-17,3,5,2013-2014,Mogi,Flamengo,0,81.73333333333333,27.2,37.06666666666667,17.466666666666665,37.0,12.666666666666666,24.333333333333332,14.866666666666667,13.666666666666666,1.13,9.066666666666666,21.733333333333334,40.82066666666667,18.533333333333335,38.266666666666666,47.906,17.466666666666665,22.6,76.45933333333332,1.6666666666666667,8.6,0.6493333333333334,1.6666666666666667,22.0,0.08066666666666668,13.666666666666666,3.8,92.66666666666667,86.0,32.2,39.333333333333336,14.466666666666667,36.666666666666664,10.6,26.066666666666666,18.066666666666666,12.0,1.6826666666666668,10.733333333333333,29.466666666666665,36.482000000000006,19.666666666666668,35.06666666666667,56.32533333333333,14.466666666666667,18.866666666666667,74.41000000000001,2.3333333333333335,9.733333333333333,0.9046666666666666,1.6,19.2,0.08866666666666669,12.0,1.9333333333333333,101.53333333333333
