placar_casa,placar_visitante,data,round,stage,ano,equipe_casa,equipe_visitante,resultado,Pts_casa,3P_casa,2P_casa,LL_casa,RT_casa,RO_casa,RD_casa,AS_casa,ER_casa,IA%_casa,3PC_casa,3PT_casa,3P%_casa,2PC_casa,2PT_casa,2P%_casa,LLC_casa,LLT_casa,LL%_casa,EN_casa,BR_casa,B/E_casa,TO_casa,FC_casa,T/FC_casa,ET_casa,VI_casa,EF_casa,Pts_visitante,3P_visitante,2P_visitante,LL_visitante,RT_visitante,RO_visitante,RD_visitante,AS_visitante,ER_visitante,IA%_visitante,3PC_visitante,3PT_visitante,3P%_visitante,2PC_visitante,2PT_visitante,2P%_visitante,LLC_visitante,LLT_visitante,LL%_visitante,EN_visitante,BR_visitante,B/E_visitante,TO_visitante,FC_visitante,T/FC_visitante,ET_visitante,VI_visitante,EF_visitante
81,94,2017-03-22,27,1,2016-2017,Fortaleza B. C. / CFO,Flamengo,0,75.13333333333334,27.8,33.333333333333336,14.0,37.2,10.0,27.2,14.666666666666666,14.2,1.07,9.266666666666667,26.733333333333334,34.61666666666667,16.666666666666668,37.4,44.553999999999995,14.0,20.733333333333334,65.96,1.3333333333333333,7.466666666666667,0.5486666666666667,2.3333333333333335,21.266666666666666,0.10666666666666667,14.2,2.933333333333333,77.66666666666667,85.86666666666666,26.6,41.86666666666667,17.4,40.666666666666664,11.2,29.466666666666665,20.666666666666668,13.266666666666667,1.6233333333333335,8.866666666666667,25.0,35.01866666666667,20.933333333333334,37.93333333333333,55.67733333333333,17.4,23.4,74.77666666666667,1.4666666666666666,5.933333333333334,0.4560000000000001,2.533333333333333,19.333333333333332,0.13466666666666666,13.266666666666667,3.1333333333333333,103.26666666666667
