placar_casa,placar_visitante,data,round,stage,ano,equipe_casa,equipe_visitante,resultado,Pts_casa,3P_casa,2P_casa,LL_casa,RT_casa,RO_casa,RD_casa,AS_casa,ER_casa,IA%_casa,3PC_casa,3PT_casa,3P%_casa,2PC_casa,2PT_casa,2P%_casa,LLC_casa,LLT_casa,LL%_casa,EN_casa,BR_casa,B/E_casa,TO_casa,FC_casa,T/FC_casa,ET_casa,VI_casa,EF_casa,Pts_visitante,3P_visitante,2P_visitante,LL_visitante,RT_visitante,RO_visitante,RD_visitante,AS_visitante,ER_visitante,IA%_visitante,3PC_visitante,3PT_visitante,3P%_visitante,2PC_visitante,2PT_visitante,2P%_visitante,LLC_visitante,LLT_visitante,LL%_visitante,EN_visitante,BR_visitante,B/E_visitante,TO_visitante,FC_visitante,T/FC_visitante,ET_visitante,VI_visitante,EF_visitante
68,101,2016-01-15,2,2,2015-2016,Macaé Basquete,Bauru Basket,0,77.2,22.0,35.06666666666667,20.133333333333333,33.06666666666667,9.733333333333333,23.333333333333332,11.4,13.4,0.9459999999999998,7.333333333333333,22.666666666666668,32.352666666666664,17.533333333333335,37.0,47.77066666666667,20.133333333333333,24.6,81.80999999999999,0.8,9.8,0.7713333333333332,1.2,22.866666666666667,0.054666666666666676,13.4,3.2,80.0,84.6,31.4,36.266666666666666,16.933333333333334,37.0,8.866666666666667,28.133333333333333,17.466666666666665,13.0,1.513333333333333,10.466666666666667,27.666666666666668,38.01133333333333,18.133333333333333,32.06666666666667,57.13200000000001,16.933333333333334,21.6,77.57666666666667,1.5333333333333334,8.333333333333334,0.6953333333333332,1.0666666666666667,18.133333333333333,0.060000000000000005,13.0,1.8666666666666667,99.66666666666667
