placar_casa,placar_visitante,data,round,stage,ano,equipe_casa,equipe_visitante,resultado,Pts_casa,3P_casa,2P_casa,LL_casa,RT_casa,RO_casa,RD_casa,AS_casa,ER_casa,IA%_casa,3PC_casa,3PT_casa,3P%_casa,2PC_casa,2PT_casa,2P%_casa,LLC_casa,LLT_casa,LL%_casa,EN_casa,BR_casa,B/E_casa,TO_casa,FC_casa,T/FC_casa,ET_casa,VI_casa,EF_casa,Pts_visitante,3P_visitante,2P_visitante,LL_visitante,RT_visitante,RO_visitante,RD_visitante,AS_visitante,ER_visitante,IA%_visitante,3PC_visitante,3PT_visitante,3P%_visitante,2PC_visitante,2PT_visitante,2P%_visitante,LLC_visitante,LLT_visitante,LL%_visitante,EN_visitante,BR_visitante,B/E_visitante,TO_visitante,FC_visitante,T/FC_visitante,ET_visitante,VI_visitante,EF_visitante
66,79,2014-02-13,7,2,2013-2014,Mogi,Paulistano,0,78.4,20.0,39.6,18.8,36.4,13.333333333333334,23.066666666666666,13.266666666666667,14.2,1.0386666666666668,6.666666666666667,19.933333333333334,33.92466666666666,19.8,40.86666666666667,48.25600000000001,18.8,25.666666666666668,72.444,0.8666666666666667,11.133333333333333,0.8406666666666666,0.8666666666666667,21.933333333333334,0.04133333333333333,14.2,3.0,84.66666666666667,88.0,26.0,42.93333333333333,19.066666666666666,33.86666666666667,12.0,21.866666666666667,13.466666666666667,12.066666666666666,1.2633333333333332,8.666666666666666,24.066666666666666,35.94466666666667,21.466666666666665,39.06666666666667,55.065999999999995,19.066666666666666,23.666666666666668,79.48066666666666,1.0,10.8,0.9733333333333334,1.3333333333333333,21.133333333333333,0.06933333333333333,12.066666666666666,2.4,97.73333333333333
