placar_casa,placar_visitante,data,round,stage,ano,equipe_casa,equipe_visitante,resultado,Pts_casa,3P_casa,2P_casa,LL_casa,RT_casa,RO_casa,RD_casa,AS_casa,ER_casa,IA%_casa,3PC_casa,3PT_casa,3P%_casa,2PC_casa,2PT_casa,2P%_casa,LLC_casa,LLT_casa,LL%_casa,EN_casa,BR_casa,B/E_casa,TO_casa,FC_casa,T/FC_casa,ET_casa,VI_casa,EF_casa,Pts_visitante,3P_visitante,2P_visitante,LL_visitante,RT_visitante,RO_visitante,RD_visitante,AS_visitante,ER_visitante,IA%_visitante,3PC_visitante,3PT_visitante,3P%_visitante,2PC_visitante,2PT_visitante,2P%_visitante,LLC_visitante,LLT_visitante,LL%_visitante,EN_visitante,BR_visitante,B/E_visitante,TO_visitante,FC_visitante,T/FC_visitante,ET_visitante,VI_visitante,EF_visitante
96,90,2015-04-11,2,3,2014-2015,Pinheiros,Brasília,1,83.33333333333333,31.2,38.666666666666664,13.466666666666667,35.266666666666666,11.133333333333333,24.133333333333333,15.6,12.8,1.2913333333333332,10.4,25.2,41.30266666666667,19.333333333333332,39.86666666666667,49.03066666666667,13.466666666666667,17.933333333333334,75.19800000000001,1.6666666666666667,8.4,0.6833333333333333,2.6666666666666665,21.866666666666667,0.12533333333333332,12.8,2.8666666666666667,92.66666666666667,85.66666666666667,29.0,39.733333333333334,16.933333333333334,33.4,7.066666666666666,26.333333333333332,17.733333333333334,14.466666666666667,1.3613333333333333,9.666666666666666,24.4,39.73533333333333,19.866666666666667,35.06666666666667,57.31333333333334,16.933333333333334,21.066666666666666,79.48466666666667,2.2666666666666666,7.066666666666666,0.5619999999999998,3.0,21.6,0.14533333333333334,14.466666666666667,2.1333333333333333,98.33333333333333
