placar_casa,placar_visitante,data,round,stage,ano,equipe_casa,equipe_visitante,resultado,Pts_casa,3P_casa,2P_casa,LL_casa,RT_casa,RO_casa,RD_casa,AS_casa,ER_casa,IA%_casa,3PC_casa,3PT_casa,3P%_casa,2PC_casa,2PT_casa,2P%_casa,LLC_casa,LLT_casa,LL%_casa,EN_casa,BR_casa,B/E_casa,TO_casa,FC_casa,T/FC_casa,ET_casa,VI_casa,EF_casa,Pts_visitante,3P_visitante,2P_visitante,LL_visitante,RT_visitante,RO_visitante,RD_visitante,AS_visitante,ER_visitante,IA%_visitante,3PC_visitante,3PT_visitante,3P%_visitante,2PC_visitante,2PT_visitante,2P%_visitante,LLC_visitante,LLT_visitante,LL%_visitante,EN_visitante,BR_visitante,B/E_visitante,TO_visitante,FC_visitante,T/FC_visitante,ET_visitante,VI_visitante,EF_visitante
89,84,2013-12-06,7,1,2013-2014,Palmeiras,Sesi Franca,1,74.33333333333333,21.5,35.666666666666664,17.166666666666668,36.666666666666664,13.333333333333334,23.333333333333332,13.166666666666666,14.666666666666666,0.9766666666666667,7.166666666666667,23.0,30.933333333333334,17.833333333333332,38.0,48.77333333333333,17.166666666666668,24.666666666666668,71.37,2.6666666666666665,8.833333333333334,0.6683333333333333,2.5,22.333333333333332,0.11,14.666666666666666,3.0,77.33333333333333,69.0,10.8,39.6,18.6,35.8,12.4,23.4,12.0,16.6,0.8879999999999999,3.6,15.4,21.014000000000003,19.8,41.8,47.092000000000006,18.6,25.4,73.77600000000001,0.8,10.2,0.66,3.2,18.2,0.20000000000000004,16.6,2.6,73.0
