placar_casa,placar_visitante,data,round,stage,ano,equipe_casa,equipe_visitante,resultado,Pts_casa,3P_casa,2P_casa,LL_casa,RT_casa,RO_casa,RD_casa,AS_casa,ER_casa,IA%_casa,3PC_casa,3PT_casa,3P%_casa,2PC_casa,2PT_casa,2P%_casa,LLC_casa,LLT_casa,LL%_casa,EN_casa,BR_casa,B/E_casa,TO_casa,FC_casa,T/FC_casa,ET_casa,VI_casa,EF_casa,Pts_visitante,3P_visitante,2P_visitante,LL_visitante,RT_visitante,RO_visitante,RD_visitante,AS_visitante,ER_visitante,IA%_visitante,3PC_visitante,3PT_visitante,3P%_visitante,2PC_visitante,2PT_visitante,2P%_visitante,LLC_visitante,LLT_visitante,LL%_visitante,EN_visitante,BR_visitante,B/E_visitante,TO_visitante,FC_visitante,T/FC_visitante,ET_visitante,VI_visitante,EF_visitante
90,68,2017-01-31,18,1,2016-2017,Sesi Franca,L. Sorocabana,1,77.2,23.0,37.86666666666667,16.333333333333332,35.733333333333334,9.733333333333333,26.0,16.066666666666666,14.333333333333334,1.2040000000000002,7.666666666666667,22.6,33.71266666666667,18.933333333333334,36.46666666666667,52.581999999999994,16.333333333333332,23.2,70.53666666666666,1.4,6.266666666666667,0.49266666666666664,1.6666666666666667,21.733333333333334,0.08000000000000002,14.333333333333334,3.3333333333333335,83.26666666666667,71.46666666666667,23.4,36.4,11.666666666666666,34.93333333333333,12.466666666666667,22.466666666666665,14.466666666666667,16.4,0.9,7.8,24.933333333333334,31.822000000000003,18.2,37.333333333333336,49.092666666666666,11.666666666666666,15.533333333333333,77.09666666666666,1.4,7.4,0.4566666666666667,1.6,23.6,0.07200000000000001,16.4,6.0,73.33333333333333
