placar_casa,placar_visitante,data,round,stage,ano,equipe_casa,equipe_visitante,resultado,Pts_casa,3P_casa,2P_casa,LL_casa,RT_casa,RO_casa,RD_casa,AS_casa,ER_casa,IA%_casa,3PC_casa,3PT_casa,3P%_casa,2PC_casa,2PT_casa,2P%_casa,LLC_casa,LLT_casa,LL%_casa,EN_casa,BR_casa,B/E_casa,TO_casa,FC_casa,T/FC_casa,ET_casa,VI_casa,EF_casa,Pts_visitante,3P_visitante,2P_visitante,LL_visitante,RT_visitante,RO_visitante,RD_visitante,AS_visitante,ER_visitante,IA%_visitante,3PC_visitante,3PT_visitante,3P%_visitante,2PC_visitante,2PT_visitante,2P%_visitante,LLC_visitante,LLT_visitante,LL%_visitante,EN_visitante,BR_visitante,B/E_visitante,TO_visitante,FC_visitante,T/FC_visitante,ET_visitante,VI_visitante,EF_visitante
75,86,2016-12-20,11,1,2016-2017,Bauru Basket,Minas,0,81.44444444444444,34.666666666666664,33.55555555555556,13.222222222222221,39.666666666666664,8.666666666666666,31.0,17.0,15.444444444444445,1.1544444444444446,11.555555555555555,29.22222222222222,39.67444444444445,16.77777777777778,33.55555555555556,49.33777777777778,13.222222222222221,18.333333333333332,72.66888888888889,0.8888888888888888,5.666666666666667,0.39888888888888885,1.2222222222222223,17.555555555555557,0.06666666666666668,15.444444444444445,4.555555555555555,90.0,78.88888888888889,22.666666666666668,42.888888888888886,13.333333333333334,36.77777777777778,11.88888888888889,24.88888888888889,17.22222222222222,16.0,1.0955555555555556,7.555555555555555,24.555555555555557,31.401111111111113,21.444444444444443,39.22222222222222,54.28777777777778,13.333333333333334,18.555555555555557,72.99000000000001,1.8888888888888888,7.444444444444445,0.48111111111111104,1.1111111111111112,22.0,0.05444444444444444,16.0,4.888888888888889,85.44444444444444
