placar_casa,placar_visitante,data,round,stage,ano,equipe_casa,equipe_visitante,resultado,Pts_casa,3P_casa,2P_casa,LL_casa,RT_casa,RO_casa,RD_casa,AS_casa,ER_casa,IA%_casa,3PC_casa,3PT_casa,3P%_casa,2PC_casa,2PT_casa,2P%_casa,LLC_casa,LLT_casa,LL%_casa,EN_casa,BR_casa,B/E_casa,TO_casa,FC_casa,T/FC_casa,ET_casa,VI_casa,EF_casa,Pts_visitante,3P_visitante,2P_visitante,LL_visitante,RT_visitante,RO_visitante,RD_visitante,AS_visitante,ER_visitante,IA%_visitante,3PC_visitante,3PT_visitante,3P%_visitante,2PC_visitante,2PT_visitante,2P%_visitante,LLC_visitante,LLT_visitante,LL%_visitante,EN_visitante,BR_visitante,B/E_visitante,TO_visitante,FC_visitante,T/FC_visitante,ET_visitante,VI_visitante,EF_visitante
84,85,2023-03-04,5,2,2022-2023,Corinthians,Fortaleza B. C. / CFO,0,83.0,28.5,41.0,13.5,40.099333333333334,10.0,30.09933333333333,17.266,15.300666666666665,1.19,9.500666666666666,27.4,34.632666666666665,20.5,36.599333333333334,56.55466666666667,13.5,18.232666666666667,73.948,4.833333333333333,4.833333333333333,0.32599999999999996,2.8,18.5,0.15400000000000003,15.300666666666665,3.400666666666667,93.96666666666667,74.53266666666669,24.8,36.134,13.600666666666665,39.03333333333333,12.099333333333334,26.934000000000005,13.466666666666667,15.0,0.9266666666666666,8.266,25.467333333333336,33.235333333333344,18.065999999999995,38.46666666666667,46.36333333333333,13.600666666666665,20.932666666666663,65.01933333333334,1.3673333333333335,5.734,0.4066666666666666,1.7659999999999996,20.199333333333332,0.09133333333333335,15.0,3.200666666666667,74.60066666666665
