placar_casa,placar_visitante,data,round,stage,ano,equipe_casa,equipe_visitante,resultado,Pts_casa,3P_casa,2P_casa,LL_casa,RT_casa,RO_casa,RD_casa,AS_casa,ER_casa,IA%_casa,3PC_casa,3PT_casa,3P%_casa,2PC_casa,2PT_casa,2P%_casa,LLC_casa,LLT_casa,LL%_casa,EN_casa,BR_casa,B/E_casa,TO_casa,FC_casa,T/FC_casa,ET_casa,VI_casa,EF_casa,Pts_visitante,3P_visitante,2P_visitante,LL_visitante,RT_visitante,RO_visitante,RD_visitante,AS_visitante,ER_visitante,IA%_visitante,3PC_visitante,3PT_visitante,3P%_visitante,2PC_visitante,2PT_visitante,2P%_visitante,LLC_visitante,LLT_visitante,LL%_visitante,EN_visitante,BR_visitante,B/E_visitante,TO_visitante,FC_visitante,T/FC_visitante,ET_visitante,VI_visitante,EF_visitante
97,84,2018-11-16,5,1,2018-2019,Paulistano,Flamengo,1,78.85714285714286,25.714285714285715,37.142857142857146,16.0,41.142857142857146,11.285714285714286,29.857142857142858,15.714285714285714,12.428571428571429,1.3085714285714285,8.571428571428571,30.857142857142858,28.09,18.571428571428573,34.57142857142857,53.91428571428572,16.0,21.285714285714285,75.19571428571429,2.2857142857142856,7.0,0.5599999999999999,2.0,22.142857142857142,0.09142857142857144,12.428571428571429,1.8571428571428572,88.57142857142857,78.69800000000001,26.25,39.897999999999996,12.55,43.748,14.152000000000001,29.602000000000004,17.95,13.45,1.3800000000000001,8.75,28.101000000000006,31.471999999999998,19.952000000000005,40.898999999999994,49.149,12.55,16.549999999999997,75.862,0.95,7.449000000000001,0.5890000000000001,1.652,19.551000000000005,0.08399999999999999,13.45,2.0479999999999996,91.64999999999999
