placar_casa,placar_visitante,data,round,stage,ano,equipe_casa,equipe_visitante,resultado,Pts_casa,3P_casa,2P_casa,LL_casa,RT_casa,RO_casa,RD_casa,AS_casa,ER_casa,IA%_casa,3PC_casa,3PT_casa,3P%_casa,2PC_casa,2PT_casa,2P%_casa,LLC_casa,LLT_casa,LL%_casa,EN_casa,BR_casa,B/E_casa,TO_casa,FC_casa,T/FC_casa,ET_casa,VI_casa,EF_casa,Pts_visitante,3P_visitante,2P_visitante,LL_visitante,RT_visitante,RO_visitante,RD_visitante,AS_visitante,ER_visitante,IA%_visitante,3PC_visitante,3PT_visitante,3P%_visitante,2PC_visitante,2PT_visitante,2P%_visitante,LLC_visitante,LLT_visitante,LL%_visitante,EN_visitante,BR_visitante,B/E_visitante,TO_visitante,FC_visitante,T/FC_visitante,ET_visitante,VI_visitante,EF_visitante
81,68,2014-05-23,5,5,2013-2014,Paulistano,Coop/São José Basketball,1,81.0,26.8,37.733333333333334,16.466666666666665,34.06666666666667,10.066666666666666,24.0,12.866666666666667,12.933333333333334,1.0706666666666669,8.933333333333334,25.4,35.50533333333333,18.866666666666667,36.6,51.52266666666666,16.466666666666665,20.6,79.32666666666668,0.8666666666666667,10.533333333333333,0.8580000000000001,1.0,21.733333333333334,0.04933333333333334,12.933333333333334,2.8,88.2,78.8,25.0,38.13333333333333,15.666666666666666,40.666666666666664,11.8,28.866666666666667,16.133333333333333,14.266666666666667,1.1866666666666668,8.333333333333334,24.6,33.638,19.066666666666666,38.266666666666666,49.86799999999999,15.666666666666666,20.933333333333334,73.52333333333334,0.6,8.066666666666666,0.5726666666666667,2.7333333333333334,18.466666666666665,0.15533333333333338,14.266666666666667,2.8,91.4
