placar_casa,placar_visitante,data,round,stage,ano,equipe_casa,equipe_visitante,resultado,Pts_casa,3P_casa,2P_casa,LL_casa,RT_casa,RO_casa,RD_casa,AS_casa,ER_casa,IA%_casa,3PC_casa,3PT_casa,3P%_casa,2PC_casa,2PT_casa,2P%_casa,LLC_casa,LLT_casa,LL%_casa,EN_casa,BR_casa,B/E_casa,TO_casa,FC_casa,T/FC_casa,ET_casa,VI_casa,EF_casa,Pts_visitante,3P_visitante,2P_visitante,LL_visitante,RT_visitante,RO_visitante,RD_visitante,AS_visitante,ER_visitante,IA%_visitante,3PC_visitante,3PT_visitante,3P%_visitante,2PC_visitante,2PT_visitante,2P%_visitante,LLC_visitante,LLT_visitante,LL%_visitante,EN_visitante,BR_visitante,B/E_visitante,TO_visitante,FC_visitante,T/FC_visitante,ET_visitante,VI_visitante,EF_visitante
89,80,2017-02-18,21,1,2016-2017,Fortaleza B. C. / CFO,R10 Score Vasco da Gama,1,75.93333333333334,28.0,35.6,12.333333333333334,39.13333333333333,11.666666666666666,27.466666666666665,13.8,12.8,1.1126666666666667,9.333333333333334,27.533333333333335,33.58,17.8,39.0,45.174,12.333333333333334,18.133333333333333,66.94733333333333,1.2666666666666666,7.6,0.6233333333333334,2.066666666666667,19.466666666666665,0.10333333333333333,12.8,2.1333333333333333,80.53333333333333,72.86666666666666,21.0,35.86666666666667,16.0,32.733333333333334,8.666666666666666,24.066666666666666,15.2,14.066666666666666,1.1913333333333334,7.0,22.0,31.661333333333335,17.933333333333334,35.4,51.06666666666667,16.0,20.266666666666666,79.68666666666667,0.6666666666666666,7.0,0.544,1.4,21.2,0.07133333333333333,14.066666666666666,3.2666666666666666,78.4
