placar_casa,placar_visitante,data,round,stage,ano,equipe_casa,equipe_visitante,resultado,Pts_casa,3P_casa,2P_casa,LL_casa,RT_casa,RO_casa,RD_casa,AS_casa,ER_casa,IA%_casa,3PC_casa,3PT_casa,3P%_casa,2PC_casa,2PT_casa,2P%_casa,LLC_casa,LLT_casa,LL%_casa,EN_casa,BR_casa,B/E_casa,TO_casa,FC_casa,T/FC_casa,ET_casa,VI_casa,EF_casa,Pts_visitante,3P_visitante,2P_visitante,LL_visitante,RT_visitante,RO_visitante,RD_visitante,AS_visitante,ER_visitante,IA%_visitante,3PC_visitante,3PT_visitante,3P%_visitante,2PC_visitante,2PT_visitante,2P%_visitante,LLC_visitante,LLT_visitante,LL%_visitante,EN_visitante,BR_visitante,B/E_visitante,TO_visitante,FC_visitante,T/FC_visitante,ET_visitante,VI_visitante,EF_visitante
79,69,2015-01-23,2,2,2014-2015,Palmeiras,Limeira,1,78.26666666666667,24.0,41.06666666666667,13.2,36.333333333333336,11.2,25.133333333333333,16.333333333333332,14.066666666666666,1.2726666666666668,8.0,22.466666666666665,35.982,20.533333333333335,39.4,52.186,13.2,18.0,71.80866666666667,2.8,8.8,0.6759999999999999,1.3333333333333333,17.6,0.08200000000000002,14.066666666666666,3.6,88.86666666666666,83.26666666666667,29.2,42.0,12.066666666666666,31.333333333333332,8.6,22.733333333333334,18.733333333333334,11.6,1.6633333333333336,9.733333333333333,24.0,41.18533333333334,21.0,37.93333333333333,55.076666666666675,12.066666666666666,15.2,78.81533333333333,2.2,10.0,0.8746666666666667,2.6,19.933333333333334,0.12866666666666665,11.6,2.4,100.0
