placar_casa,placar_visitante,data,round,stage,ano,equipe_casa,equipe_visitante,resultado,Pts_casa,3P_casa,2P_casa,LL_casa,RT_casa,RO_casa,RD_casa,AS_casa,ER_casa,IA%_casa,3PC_casa,3PT_casa,3P%_casa,2PC_casa,2PT_casa,2P%_casa,LLC_casa,LLT_casa,LL%_casa,EN_casa,BR_casa,B/E_casa,TO_casa,FC_casa,T/FC_casa,ET_casa,VI_casa,EF_casa,Pts_visitante,3P_visitante,2P_visitante,LL_visitante,RT_visitante,RO_visitante,RD_visitante,AS_visitante,ER_visitante,IA%_visitante,3PC_visitante,3PT_visitante,3P%_visitante,2PC_visitante,2PT_visitante,2P%_visitante,LLC_visitante,LLT_visitante,LL%_visitante,EN_visitante,BR_visitante,B/E_visitante,TO_visitante,FC_visitante,T/FC_visitante,ET_visitante,VI_visitante,EF_visitante
64,70,2009-04-15,7,2,2008-2009,Araraquara,Bauru Basket,0,78.13333333333334,26.6,36.8,14.733333333333333,28.6,7.066666666666666,21.533333333333335,16.866666666666667,17.2,1.0606666666666664,8.866666666666667,24.4,36.13533333333333,18.4,33.86666666666667,54.45333333333333,14.733333333333333,20.266666666666666,72.43266666666668,2.2,7.933333333333334,0.47933333333333333,4.066666666666666,22.066666666666666,0.20600000000000002,17.2,0.0,81.86666666666666,81.53333333333333,27.0,38.93333333333333,15.6,28.933333333333334,9.4,19.533333333333335,14.066666666666666,10.933333333333334,1.6159999999999997,9.0,24.333333333333332,36.328,19.466666666666665,35.666666666666664,54.918000000000006,15.6,21.266666666666666,74.734,1.4,6.6,0.7546666666666667,1.8,18.4,0.09933333333333332,10.933333333333334,0.0,84.8
