placar_casa,placar_visitante,data,round,stage,ano,equipe_casa,equipe_visitante,resultado,Pts_casa,3P_casa,2P_casa,LL_casa,RT_casa,RO_casa,RD_casa,AS_casa,ER_casa,IA%_casa,3PC_casa,3PT_casa,3P%_casa,2PC_casa,2PT_casa,2P%_casa,LLC_casa,LLT_casa,LL%_casa,EN_casa,BR_casa,B/E_casa,TO_casa,FC_casa,T/FC_casa,ET_casa,VI_casa,EF_casa,Pts_visitante,3P_visitante,2P_visitante,LL_visitante,RT_visitante,RO_visitante,RD_visitante,AS_visitante,ER_visitante,IA%_visitante,3PC_visitante,3PT_visitante,3P%_visitante,2PC_visitante,2PT_visitante,2P%_visitante,LLC_visitante,LLT_visitante,LL%_visitante,EN_visitante,BR_visitante,B/E_visitante,TO_visitante,FC_visitante,T/FC_visitante,ET_visitante,VI_visitante,EF_visitante
98,86,2024-02-09,4,2,2023-2024,R10 Score Vasco da Gama,Botafogo,1,75.46666666666667,28.0,34.4,13.066666666666666,35.13333333333333,9.533333333333333,25.6,19.733333333333334,15.7,1.3153333333333335,9.333333333333334,27.133333333333333,34.288,17.2,32.1,53.68533333333333,13.066666666666666,16.8,77.64333333333335,1.5,7.333333333333333,0.4726666666666666,3.0,21.566666666666666,0.14333333333333334,15.7,4.033333333333333,88.53333333333333,79.13466666666666,26.8,37.266666666666666,15.066,34.9,10.666,24.234,16.632666666666662,13.099333333333334,1.3373333333333335,8.933333333333334,26.63266666666667,33.684,18.63333333333333,38.03333333333333,48.95666666666666,15.066,20.666,73.43933333333334,0.43333333333333335,6.432666666666666,0.5146666666666667,1.7333333333333334,20.999333333333333,0.08266666666666667,13.099333333333334,2.6006666666666667,83.03266666666667
