placar_casa,placar_visitante,data,round,stage,ano,equipe_casa,equipe_visitante,resultado,Pts_casa,3P_casa,2P_casa,LL_casa,RT_casa,RO_casa,RD_casa,AS_casa,ER_casa,IA%_casa,3PC_casa,3PT_casa,3P%_casa,2PC_casa,2PT_casa,2P%_casa,LLC_casa,LLT_casa,LL%_casa,EN_casa,BR_casa,B/E_casa,TO_casa,FC_casa,T/FC_casa,ET_casa,VI_casa,EF_casa,Pts_visitante,3P_visitante,2P_visitante,LL_visitante,RT_visitante,RO_visitante,RD_visitante,AS_visitante,ER_visitante,IA%_visitante,3PC_visitante,3PT_visitante,3P%_visitante,2PC_visitante,2PT_visitante,2P%_visitante,LLC_visitante,LLT_visitante,LL%_visitante,EN_visitante,BR_visitante,B/E_visitante,TO_visitante,FC_visitante,T/FC_visitante,ET_visitante,VI_visitante,EF_visitante
98,76,2021-03-13,6,2,2020-2021,São Paulo,Fortaleza B. C. / CFO,1,85.63399999999999,32.4,38.532666666666664,14.699333333333335,38.70066666666666,9.532666666666668,29.165999999999997,17.967333333333336,12.199333333333334,1.4986666666666666,10.800666666666666,28.9,37.715999999999994,19.267333333333337,34.99933333333333,55.024,14.699333333333335,18.3,80.59933333333332,2.1673333333333336,6.700666666666667,0.5486666666666667,2.7666666666666666,15.233999999999998,0.18933333333333333,12.199333333333334,1.799333333333333,102.134,79.73333333333333,24.2,43.733333333333334,11.8,37.46666666666667,9.666666666666666,27.8,14.133333333333333,12.666666666666666,1.210666666666667,8.066666666666666,26.466666666666665,30.16933333333333,21.866666666666667,41.4,52.83466666666667,11.8,16.6,71.27466666666668,1.0666666666666667,9.466666666666667,0.7673333333333332,3.1333333333333333,18.8,0.17866666666666664,12.666666666666666,2.4,88.53333333333333
