placar_casa,placar_visitante,data,round,stage,ano,equipe_casa,equipe_visitante,resultado,Pts_casa,3P_casa,2P_casa,LL_casa,RT_casa,RO_casa,RD_casa,AS_casa,ER_casa,IA%_casa,3PC_casa,3PT_casa,3P%_casa,2PC_casa,2PT_casa,2P%_casa,LLC_casa,LLT_casa,LL%_casa,EN_casa,BR_casa,B/E_casa,TO_casa,FC_casa,T/FC_casa,ET_casa,VI_casa,EF_casa,Pts_visitante,3P_visitante,2P_visitante,LL_visitante,RT_visitante,RO_visitante,RD_visitante,AS_visitante,ER_visitante,IA%_visitante,3PC_visitante,3PT_visitante,3P%_visitante,2PC_visitante,2PT_visitante,2P%_visitante,LLC_visitante,LLT_visitante,LL%_visitante,EN_visitante,BR_visitante,B/E_visitante,TO_visitante,FC_visitante,T/FC_visitante,ET_visitante,VI_visitante,EF_visitante
68,46,2021-01-09,9,1,2020-2021,Paulistano,Pinheiros,1,75.48846153846154,29.46153846153846,35.38461538461539,10.639999999999997,41.35923076923076,12.949230769230768,28.409230769230767,16.846923076923076,12.665384615384617,1.3792307692307693,9.821538461538463,30.51230769230769,32.23538461538462,17.692307692307693,37.25769230769231,47.58076923076923,10.639999999999997,13.99923076923077,76.28307692307693,1.4876923076923079,6.69076923076923,0.5453846153846154,1.8976923076923073,17.56307692307692,0.1123076923076923,12.665384615384617,2.358461538461538,86.0,72.84538461538462,24.923076923076923,36.0,11.922307692307694,37.308461538461536,11.23076923076923,26.07769230769231,17.077692307692306,15.924615384615386,1.0976923076923077,8.307692307692308,24.23076923076923,34.60307692307693,18.0,41.30615384615385,43.673076923076934,11.922307692307694,17.614615384615384,66.77461538461537,0.5376923076923077,7.153846153846154,0.4646153846153846,2.076923076923077,20.308461538461536,0.10384615384615387,15.924615384615386,2.537692307692308,75.61615384615385
