placar_casa,placar_visitante,data,round,stage,ano,equipe_casa,equipe_visitante,resultado,Pts_casa,3P_casa,2P_casa,LL_casa,RT_casa,RO_casa,RD_casa,AS_casa,ER_casa,IA%_casa,3PC_casa,3PT_casa,3P%_casa,2PC_casa,2PT_casa,2P%_casa,LLC_casa,LLT_casa,LL%_casa,EN_casa,BR_casa,B/E_casa,TO_casa,FC_casa,T/FC_casa,ET_casa,VI_casa,EF_casa,Pts_visitante,3P_visitante,2P_visitante,LL_visitante,RT_visitante,RO_visitante,RD_visitante,AS_visitante,ER_visitante,IA%_visitante,3PC_visitante,3PT_visitante,3P%_visitante,2PC_visitante,2PT_visitante,2P%_visitante,LLC_visitante,LLT_visitante,LL%_visitante,EN_visitante,BR_visitante,B/E_visitante,TO_visitante,FC_visitante,T/FC_visitante,ET_visitante,VI_visitante,EF_visitante
90,58,2023-04-27,1,4,2022-2023,Flamengo,Bauru Basket,1,86.10066666666667,33.2,41.06666666666667,11.834,41.132,11.6,29.534000000000002,20.066666666666666,12.900666666666666,1.6886666666666665,11.066666666666666,31.133333333333333,35.67266666666667,20.533333333333335,34.43333333333333,59.34733333333334,11.834,16.067333333333334,74.06466666666667,1.2333333333333334,6.434666666666668,0.5306666666666667,2.0326666666666666,17.198666666666668,0.11933333333333336,12.900666666666666,2.466666666666667,104.66600000000001,77.534,31.0,33.73266666666667,12.799333333333333,32.534000000000006,7.999333333333333,24.532666666666668,17.134,11.800666666666666,1.5013333333333336,10.332666666666666,28.533333333333335,36.065333333333335,16.86733333333333,31.266666666666666,53.87733333333333,12.799333333333333,15.932666666666668,78.36066666666666,1.0673333333333332,7.532666666666667,0.6433333333333332,1.2660000000000002,19.332666666666668,0.06733333333333333,11.800666666666666,2.866,88.46666666666667
