placar_casa,placar_visitante,data,round,stage,ano,equipe_casa,equipe_visitante,resultado,Pts_casa,3P_casa,2P_casa,LL_casa,RT_casa,RO_casa,RD_casa,AS_casa,ER_casa,IA%_casa,3PC_casa,3PT_casa,3P%_casa,2PC_casa,2PT_casa,2P%_casa,LLC_casa,LLT_casa,LL%_casa,EN_casa,BR_casa,B/E_casa,TO_casa,FC_casa,T/FC_casa,ET_casa,VI_casa,EF_casa,Pts_visitante,3P_visitante,2P_visitante,LL_visitante,RT_visitante,RO_visitante,RD_visitante,AS_visitante,ER_visitante,IA%_visitante,3PC_visitante,3PT_visitante,3P%_visitante,2PC_visitante,2PT_visitante,2P%_visitante,LLC_visitante,LLT_visitante,LL%_visitante,EN_visitante,BR_visitante,B/E_visitante,TO_visitante,FC_visitante,T/FC_visitante,ET_visitante,VI_visitante,EF_visitante
90,69,2024-03-02,6,2,2023-2024,Fortaleza B. C. / CFO,Pato Basquete,1,79.33266666666667,20.1,41.866,17.366666666666667,38.63333333333333,9.333333333333334,29.3,14.767333333333333,14.666,1.066,6.700666666666666,22.299333333333333,29.053333333333335,20.934,36.36666666666667,57.31600000000001,17.366666666666667,23.966666666666665,71.91933333333333,1.9326666666666668,6.0326666666666675,0.4366666666666667,1.566,20.899333333333335,0.07533333333333335,14.666,2.3333333333333335,88.03266666666667,78.49933333333335,27.0,40.93266666666667,10.566666666666666,38.266666666666666,12.0,26.266666666666666,17.099333333333334,10.6,1.7053333333333336,8.999333333333334,28.965999999999998,30.98266666666667,20.467333333333336,37.699333333333335,54.434666666666665,10.566666666666666,15.099333333333334,69.77466666666668,1.3993333333333335,4.134,0.4046666666666667,1.0993333333333335,19.60066666666667,0.056666666666666685,10.6,1.6326666666666667,86.76733333333331
