placar_casa,placar_visitante,data,round,stage,ano,equipe_casa,equipe_visitante,resultado,Pts_casa,3P_casa,2P_casa,LL_casa,RT_casa,RO_casa,RD_casa,AS_casa,ER_casa,IA%_casa,3PC_casa,3PT_casa,3P%_casa,2PC_casa,2PT_casa,2P%_casa,LLC_casa,LLT_casa,LL%_casa,EN_casa,BR_casa,B/E_casa,TO_casa,FC_casa,T/FC_casa,ET_casa,VI_casa,EF_casa,Pts_visitante,3P_visitante,2P_visitante,LL_visitante,RT_visitante,RO_visitante,RD_visitante,AS_visitante,ER_visitante,IA%_visitante,3PC_visitante,3PT_visitante,3P%_visitante,2PC_visitante,2PT_visitante,2P%_visitante,LLC_visitante,LLT_visitante,LL%_visitante,EN_visitante,BR_visitante,B/E_visitante,TO_visitante,FC_visitante,T/FC_visitante,ET_visitante,VI_visitante,EF_visitante
65,78,2022-05-16,3,5,2021-2022,São Paulo,Sesi Franca,0,85.4,30.4,41.2,13.8,38.666666666666664,7.733333333333333,30.933333333333334,17.866666666666667,11.2,1.6833333333333331,10.133333333333333,28.666666666666668,35.07733333333333,20.6,33.8,61.083999999999996,13.8,19.266666666666666,72.36466666666666,2.3333333333333335,6.333333333333333,0.5893333333333334,2.7333333333333334,18.2,0.16599999999999998,11.2,1.2666666666666666,102.6,87.03333333333333,30.1,42.666666666666664,14.266666666666667,38.666666666666664,9.033333333333333,29.633333333333333,17.833333333333332,9.566666666666666,1.976,10.033333333333333,29.266666666666666,34.156666666666666,21.333333333333332,37.9,56.86333333333334,14.266666666666667,18.833333333333332,75.794,2.966666666666667,5.766666666666667,0.642,2.2666666666666666,18.7,0.13066666666666665,9.566666666666666,1.3333333333333333,101.63333333333334
