placar_casa,placar_visitante,data,round,stage,ano,equipe_casa,equipe_visitante,resultado,Pts_casa,3P_casa,2P_casa,LL_casa,RT_casa,RO_casa,RD_casa,AS_casa,ER_casa,IA%_casa,3PC_casa,3PT_casa,3P%_casa,2PC_casa,2PT_casa,2P%_casa,LLC_casa,LLT_casa,LL%_casa,EN_casa,BR_casa,B/E_casa,TO_casa,FC_casa,T/FC_casa,ET_casa,VI_casa,EF_casa,Pts_visitante,3P_visitante,2P_visitante,LL_visitante,RT_visitante,RO_visitante,RD_visitante,AS_visitante,ER_visitante,IA%_visitante,3PC_visitante,3PT_visitante,3P%_visitante,2PC_visitante,2PT_visitante,2P%_visitante,LLC_visitante,LLT_visitante,LL%_visitante,EN_visitante,BR_visitante,B/E_visitante,TO_visitante,FC_visitante,T/FC_visitante,ET_visitante,VI_visitante,EF_visitante
76,87,2013-04-04,17,2,2012-2013,Coop/São José Basketball,Fortaleza B. C. / CFO,0,82.46666666666667,59.8,40.4,16.466666666666665,30.6,6.666666666666667,23.933333333333334,18.8,12.733333333333333,1.5466666666666669,8.533333333333333,23.066666666666666,37.03333333333333,20.2,36.53333333333333,55.276,16.466666666666665,21.266666666666666,77.00066666666666,0.3333333333333333,5.6,0.45133333333333336,2.533333333333333,18.666666666666668,0.14466666666666667,12.733333333333333,2.0,97.73333333333333,80.93333333333334,55.6,43.06666666666667,15.666666666666666,30.066666666666666,8.666666666666666,21.4,13.666666666666666,10.4,1.6873333333333336,7.4,21.8,34.11266666666666,21.533333333333335,41.53333333333333,52.094,15.666666666666666,20.133333333333333,78.43599999999999,1.0,7.0,0.862,2.7333333333333334,21.066666666666666,0.14133333333333334,10.4,2.533333333333333,91.13333333333334
