placar_casa,placar_visitante,data,round,stage,ano,equipe_casa,equipe_visitante,resultado,Pts_casa,3P_casa,2P_casa,LL_casa,RT_casa,RO_casa,RD_casa,AS_casa,ER_casa,IA%_casa,3PC_casa,3PT_casa,3P%_casa,2PC_casa,2PT_casa,2P%_casa,LLC_casa,LLT_casa,LL%_casa,EN_casa,BR_casa,B/E_casa,TO_casa,FC_casa,T/FC_casa,ET_casa,VI_casa,EF_casa,Pts_visitante,3P_visitante,2P_visitante,LL_visitante,RT_visitante,RO_visitante,RD_visitante,AS_visitante,ER_visitante,IA%_visitante,3PC_visitante,3PT_visitante,3P%_visitante,2PC_visitante,2PT_visitante,2P%_visitante,LLC_visitante,LLT_visitante,LL%_visitante,EN_visitante,BR_visitante,B/E_visitante,TO_visitante,FC_visitante,T/FC_visitante,ET_visitante,VI_visitante,EF_visitante
97,71,2020-03-03,7,2,2019-2020,Sesi Franca,Brasília,1,86.23266666666667,33.1,36.46666666666667,16.666000000000004,35.20066666666666,7.5,27.70066666666667,18.432666666666663,11.7,1.6179999999999997,11.032666666666668,27.467333333333336,39.84799999999999,18.233333333333334,33.1,55.46,16.666000000000004,20.733333333333334,80.95466666666665,1.699333333333333,5.467333333333333,0.482,2.5,19.867333333333338,0.12866666666666665,11.7,1.6673333333333331,100.7,76.53333333333333,22.2,37.93333333333333,16.4,37.166666666666664,11.133333333333333,26.033333333333335,15.7,15.266666666666667,1.0839999999999999,7.4,23.166666666666668,31.798666666666666,18.966666666666665,38.666666666666664,48.868,16.4,23.566666666666666,70.14466666666667,1.0333333333333334,6.533333333333333,0.4366666666666666,1.8333333333333333,20.1,0.09400000000000001,15.266666666666667,1.9,79.73333333333333
