placar_casa,placar_visitante,data,round,stage,ano,equipe_casa,equipe_visitante,resultado,Pts_casa,3P_casa,2P_casa,LL_casa,RT_casa,RO_casa,RD_casa,AS_casa,ER_casa,IA%_casa,3PC_casa,3PT_casa,3P%_casa,2PC_casa,2PT_casa,2P%_casa,LLC_casa,LLT_casa,LL%_casa,EN_casa,BR_casa,B/E_casa,TO_casa,FC_casa,T/FC_casa,ET_casa,VI_casa,EF_casa,Pts_visitante,3P_visitante,2P_visitante,LL_visitante,RT_visitante,RO_visitante,RD_visitante,AS_visitante,ER_visitante,IA%_visitante,3PC_visitante,3PT_visitante,3P%_visitante,2PC_visitante,2PT_visitante,2P%_visitante,LLC_visitante,LLT_visitante,LL%_visitante,EN_visitante,BR_visitante,B/E_visitante,TO_visitante,FC_visitante,T/FC_visitante,ET_visitante,VI_visitante,EF_visitante
79,60,2019-04-17,2,4,2018-2019,Flamengo,Corinthians,1,88.4,29.4,44.0,15.0,45.0,13.733333333333333,31.266666666666666,19.466666666666665,13.8,1.4973333333333332,9.8,27.066666666666666,36.302,22.0,40.06666666666667,55.31466666666666,15.0,19.466666666666665,77.29866666666666,1.1333333333333333,7.133333333333334,0.5586666666666668,1.3333333333333333,19.2,0.07066666666666667,13.8,1.5333333333333334,107.73333333333333,81.33333333333333,22.533333333333335,41.288666666666664,17.511333333333333,35.8,9.421999999999999,26.378,17.422,14.088666666666665,1.3226666666666667,7.511333333333334,22.488666666666667,33.20933333333333,20.64466666666667,39.48866666666666,52.42733333333334,17.511333333333333,22.288666666666664,79.01466666666668,2.2666666666666666,8.0,0.5966666666666668,2.7113333333333336,22.244666666666667,0.12266666666666667,14.088666666666665,1.6666666666666667,92.51133333333334
