placar_casa,placar_visitante,data,round,stage,ano,equipe_casa,equipe_visitante,resultado,Pts_casa,3P_casa,2P_casa,LL_casa,RT_casa,RO_casa,RD_casa,AS_casa,ER_casa,IA%_casa,3PC_casa,3PT_casa,3P%_casa,2PC_casa,2PT_casa,2P%_casa,LLC_casa,LLT_casa,LL%_casa,EN_casa,BR_casa,B/E_casa,TO_casa,FC_casa,T/FC_casa,ET_casa,VI_casa,EF_casa,Pts_visitante,3P_visitante,2P_visitante,LL_visitante,RT_visitante,RO_visitante,RD_visitante,AS_visitante,ER_visitante,IA%_visitante,3PC_visitante,3PT_visitante,3P%_visitante,2PC_visitante,2PT_visitante,2P%_visitante,LLC_visitante,LLT_visitante,LL%_visitante,EN_visitante,BR_visitante,B/E_visitante,TO_visitante,FC_visitante,T/FC_visitante,ET_visitante,VI_visitante,EF_visitante
81,86,2009-05-08,14,2,2008-2009,Sesi Franca,Flamengo,0,82.8,20.8,43.733333333333334,18.266666666666666,29.6,8.8,20.8,16.666666666666668,14.2,1.2613333333333334,6.933333333333334,20.066666666666666,36.297333333333334,21.866666666666667,41.86666666666667,52.105333333333334,18.266666666666666,22.866666666666667,79.502,0.8666666666666667,8.8,0.6613333333333334,2.066666666666667,22.933333333333334,0.09000000000000001,14.2,0.0,88.0,92.86666666666666,28.0,43.86666666666667,21.0,34.93333333333333,8.4,26.533333333333335,18.2,14.133333333333333,1.3373333333333333,9.333333333333334,25.6,36.50866666666668,21.933333333333334,36.4,60.586,21.0,27.333333333333332,78.60933333333334,1.6666666666666667,9.6,0.6926666666666667,2.4,20.533333333333335,0.11800000000000001,14.133333333333333,0.0,106.8
