placar_casa,placar_visitante,data,round,stage,ano,equipe_casa,equipe_visitante,resultado,Pts_casa,3P_casa,2P_casa,LL_casa,RT_casa,RO_casa,RD_casa,AS_casa,ER_casa,IA%_casa,3PC_casa,3PT_casa,3P%_casa,2PC_casa,2PT_casa,2P%_casa,LLC_casa,LLT_casa,LL%_casa,EN_casa,BR_casa,B/E_casa,TO_casa,FC_casa,T/FC_casa,ET_casa,VI_casa,EF_casa,Pts_visitante,3P_visitante,2P_visitante,LL_visitante,RT_visitante,RO_visitante,RD_visitante,AS_visitante,ER_visitante,IA%_visitante,3PC_visitante,3PT_visitante,3P%_visitante,2PC_visitante,2PT_visitante,2P%_visitante,LLC_visitante,LLT_visitante,LL%_visitante,EN_visitante,BR_visitante,B/E_visitante,TO_visitante,FC_visitante,T/FC_visitante,ET_visitante,VI_visitante,EF_visitante
75,77,2022-04-13,11,2,2021-2022,Fortaleza B. C. / CFO,Cerrado,0,73.8,23.0,38.934,11.866000000000001,36.266,10.533999999999999,25.733999999999998,13.734,13.4,1.0346666666666666,7.666666666666667,26.400666666666666,29.43533333333334,19.466,38.20066666666666,51.279333333333334,11.866000000000001,19.334,61.824666666666666,1.5326666666666668,7.266666666666667,0.56,2.1993333333333336,19.399333333333335,0.116,13.4,3.1993333333333336,74.93333333333334,75.4,23.0,39.6,12.8,42.2,12.466666666666667,29.733333333333334,14.666666666666666,11.533333333333333,1.3086666666666666,7.666666666666667,28.0,27.528000000000002,19.8,40.0,49.78133333333334,12.8,17.666666666666668,72.852,1.8666666666666667,4.866666666666666,0.42933333333333323,3.1333333333333333,17.333333333333332,0.18466666666666665,11.533333333333333,2.3333333333333335,83.33333333333333
