placar_casa,placar_visitante,data,round,stage,ano,equipe_casa,equipe_visitante,resultado,Pts_casa,3P_casa,2P_casa,LL_casa,RT_casa,RO_casa,RD_casa,AS_casa,ER_casa,IA%_casa,3PC_casa,3PT_casa,3P%_casa,2PC_casa,2PT_casa,2P%_casa,LLC_casa,LLT_casa,LL%_casa,EN_casa,BR_casa,B/E_casa,TO_casa,FC_casa,T/FC_casa,ET_casa,VI_casa,EF_casa,Pts_visitante,3P_visitante,2P_visitante,LL_visitante,RT_visitante,RO_visitante,RD_visitante,AS_visitante,ER_visitante,IA%_visitante,3PC_visitante,3PT_visitante,3P%_visitante,2PC_visitante,2PT_visitante,2P%_visitante,LLC_visitante,LLT_visitante,LL%_visitante,EN_visitante,BR_visitante,B/E_visitante,TO_visitante,FC_visitante,T/FC_visitante,ET_visitante,VI_visitante,EF_visitante
92,98,2019-12-27,11,1,2019-2020,Pinheiros,Botafogo,0,78.92785714285715,24.642857142857142,39.00071428571429,15.286428571428571,37.0,10.715,26.285,15.000714285714285,14.143571428571429,1.0807142857142857,8.214285714285714,24.142857142857142,33.71357142857142,19.499285714285715,37.85642857142857,51.88142857142858,15.286428571428571,20.857857142857142,73.72571428571429,1.3564285714285715,7.713571428571429,0.5528571428571428,1.8578571428571427,20.285714285714285,0.09285714285714286,14.143571428571429,3.072142857142857,86.42785714285715,76.35714285714286,29.785714285714285,33.142857142857146,13.428571428571429,35.214285714285715,10.785714285714286,24.428571428571427,16.785714285714285,14.5,1.237857142857143,9.928571428571429,29.428571428571427,33.90428571428571,16.571428571428573,33.142857142857146,49.622857142857136,13.428571428571429,16.714285714285715,81.285,0.8571428571428571,5.571428571428571,0.41071428571428575,2.2857142857142856,23.642857142857142,0.09785714285714286,14.5,2.9285714285714284,82.21428571428571
