placar_casa,placar_visitante,data,round,stage,ano,equipe_casa,equipe_visitante,resultado,Pts_casa,3P_casa,2P_casa,LL_casa,RT_casa,RO_casa,RD_casa,AS_casa,ER_casa,IA%_casa,3PC_casa,3PT_casa,3P%_casa,2PC_casa,2PT_casa,2P%_casa,LLC_casa,LLT_casa,LL%_casa,EN_casa,BR_casa,B/E_casa,TO_casa,FC_casa,T/FC_casa,ET_casa,VI_casa,EF_casa,Pts_visitante,3P_visitante,2P_visitante,LL_visitante,RT_visitante,RO_visitante,RD_visitante,AS_visitante,ER_visitante,IA%_visitante,3PC_visitante,3PT_visitante,3P%_visitante,2PC_visitante,2PT_visitante,2P%_visitante,LLC_visitante,LLT_visitante,LL%_visitante,EN_visitante,BR_visitante,B/E_visitante,TO_visitante,FC_visitante,T/FC_visitante,ET_visitante,VI_visitante,EF_visitante
103,78,2015-02-23,11,2,2014-2015,Flamengo,Macaé Basquete,1,87.2,28.6,42.93333333333333,15.666666666666666,37.6,10.466666666666667,27.133333333333333,17.333333333333332,12.4,1.5433333333333334,9.533333333333333,23.466666666666665,40.190000000000005,21.466666666666665,38.53333333333333,55.19733333333333,15.666666666666666,20.266666666666666,77.698,2.066666666666667,8.266666666666667,0.7046666666666666,1.7333333333333334,17.933333333333334,0.10000000000000003,12.4,1.6666666666666667,104.13333333333334,76.6,22.0,37.333333333333336,17.266666666666666,33.333333333333336,10.066666666666666,23.266666666666666,11.8,12.733333333333333,1.048,7.333333333333333,20.6,35.254,18.666666666666668,38.93333333333333,47.95933333333334,17.266666666666666,21.466666666666665,80.69333333333334,1.2666666666666666,8.066666666666666,0.6973333333333335,1.4,20.333333333333332,0.074,12.733333333333333,3.466666666666667,80.73333333333333
