placar_casa,placar_visitante,data,round,stage,ano,equipe_casa,equipe_visitante,resultado,Pts_casa,3P_casa,2P_casa,LL_casa,RT_casa,RO_casa,RD_casa,AS_casa,ER_casa,IA%_casa,3PC_casa,3PT_casa,3P%_casa,2PC_casa,2PT_casa,2P%_casa,LLC_casa,LLT_casa,LL%_casa,EN_casa,BR_casa,B/E_casa,TO_casa,FC_casa,T/FC_casa,ET_casa,VI_casa,EF_casa,Pts_visitante,3P_visitante,2P_visitante,LL_visitante,RT_visitante,RO_visitante,RD_visitante,AS_visitante,ER_visitante,IA%_visitante,3PC_visitante,3PT_visitante,3P%_visitante,2PC_visitante,2PT_visitante,2P%_visitante,LLC_visitante,LLT_visitante,LL%_visitante,EN_visitante,BR_visitante,B/E_visitante,TO_visitante,FC_visitante,T/FC_visitante,ET_visitante,VI_visitante,EF_visitante
72,81,2019-06-08,5,6,2018-2019,Sesi Franca,Flamengo,0,85.6,33.8,39.06666666666667,12.733333333333333,37.2,9.2,28.0,17.466666666666665,11.0,1.68,11.266666666666667,29.2,38.60333333333334,19.533333333333335,34.86666666666667,56.190000000000005,12.733333333333333,17.2,74.46733333333333,1.7333333333333334,7.333333333333333,0.7066666666666668,1.4,18.2,0.08133333333333334,11.0,1.5333333333333334,100.13333333333334,85.4,30.6,40.4,14.4,41.06666666666667,11.8,29.266666666666666,19.0,12.4,1.6740000000000002,10.2,28.2,35.88333333333333,20.2,36.93333333333333,54.70133333333334,14.4,19.333333333333332,75.68,1.0,7.933333333333334,0.6866666666666664,1.4666666666666666,19.2,0.08133333333333334,12.4,1.6666666666666667,102.8
