placar_casa,placar_visitante,data,round,stage,ano,equipe_casa,equipe_visitante,resultado,Pts_casa,3P_casa,2P_casa,LL_casa,RT_casa,RO_casa,RD_casa,AS_casa,ER_casa,IA%_casa,3PC_casa,3PT_casa,3P%_casa,2PC_casa,2PT_casa,2P%_casa,LLC_casa,LLT_casa,LL%_casa,EN_casa,BR_casa,B/E_casa,TO_casa,FC_casa,T/FC_casa,ET_casa,VI_casa,EF_casa,Pts_visitante,3P_visitante,2P_visitante,LL_visitante,RT_visitante,RO_visitante,RD_visitante,AS_visitante,ER_visitante,IA%_visitante,3PC_visitante,3PT_visitante,3P%_visitante,2PC_visitante,2PT_visitante,2P%_visitante,LLC_visitante,LLT_visitante,LL%_visitante,EN_visitante,BR_visitante,B/E_visitante,TO_visitante,FC_visitante,T/FC_visitante,ET_visitante,VI_visitante,EF_visitante
82,78,2017-04-01,30,1,2016-2017,Sesi Franca,Mogi,1,82.6,24.2,36.53333333333333,21.866666666666667,37.93333333333333,10.8,27.133333333333333,16.133333333333333,15.333333333333334,1.1466666666666667,8.066666666666666,24.133333333333333,33.144,18.266666666666666,36.2,50.66866666666667,21.866666666666667,28.866666666666667,76.278,1.6666666666666667,6.866666666666666,0.478,1.8666666666666667,23.666666666666668,0.07866666666666666,15.333333333333334,2.533333333333333,89.06666666666666,80.8,32.2,32.53333333333333,16.066666666666666,38.86666666666667,11.733333333333333,27.133333333333333,17.733333333333334,13.333333333333334,1.636,10.733333333333333,30.0,36.104,16.266666666666666,32.6,50.08266666666667,16.066666666666666,22.733333333333334,70.81,1.4,7.8,0.6753333333333332,1.0666666666666667,20.266666666666666,0.05466666666666666,13.333333333333334,3.4,90.66666666666667
