placar_casa,placar_visitante,data,round,stage,ano,equipe_casa,equipe_visitante,resultado,Pts_casa,3P_casa,2P_casa,LL_casa,RT_casa,RO_casa,RD_casa,AS_casa,ER_casa,IA%_casa,3PC_casa,3PT_casa,3P%_casa,2PC_casa,2PT_casa,2P%_casa,LLC_casa,LLT_casa,LL%_casa,EN_casa,BR_casa,B/E_casa,TO_casa,FC_casa,T/FC_casa,ET_casa,VI_casa,EF_casa,Pts_visitante,3P_visitante,2P_visitante,LL_visitante,RT_visitante,RO_visitante,RD_visitante,AS_visitante,ER_visitante,IA%_visitante,3PC_visitante,3PT_visitante,3P%_visitante,2PC_visitante,2PT_visitante,2P%_visitante,LLC_visitante,LLT_visitante,LL%_visitante,EN_visitante,BR_visitante,B/E_visitante,TO_visitante,FC_visitante,T/FC_visitante,ET_visitante,VI_visitante,EF_visitante
75,81,2024-01-13,1,2,2023-2024,Fortaleza B. C. / CFO,São Paulo,0,78.76600000000002,23.5,41.99933333333333,13.266666666666667,37.233333333333334,8.633333333333333,28.6,16.70066666666667,13.33266666666667,1.3140000000000003,7.8340000000000005,22.89933333333333,33.88266666666667,21.00066666666667,36.7,56.90266666666667,13.266666666666667,19.2,67.64266666666666,1.6326666666666667,5.532666666666667,0.4446666666666666,1.9659999999999997,18.932666666666663,0.1126666666666667,13.33266666666667,2.2666666666666666,90.166,77.66733333333333,25.45,37.599333333333334,14.616000000000001,33.815999999999995,9.0,24.815999999999995,15.949333333333334,11.750666666666666,1.374666666666667,8.483333333333333,26.115999999999996,32.422,18.800666666666665,33.14933333333333,56.02599999999999,14.616000000000001,19.299333333333333,75.67599999999999,0.8833333333333333,6.034000000000001,0.5186666666666667,2.749333333333333,17.832666666666668,0.15533333333333327,11.750666666666666,1.884,87.80066666666666
