placar_casa,placar_visitante,data,round,stage,ano,equipe_casa,equipe_visitante,resultado,Pts_casa,3P_casa,2P_casa,LL_casa,RT_casa,RO_casa,RD_casa,AS_casa,ER_casa,IA%_casa,3PC_casa,3PT_casa,3P%_casa,2PC_casa,2PT_casa,2P%_casa,LLC_casa,LLT_casa,LL%_casa,EN_casa,BR_casa,B/E_casa,TO_casa,FC_casa,T/FC_casa,ET_casa,VI_casa,EF_casa,Pts_visitante,3P_visitante,2P_visitante,LL_visitante,RT_visitante,RO_visitante,RD_visitante,AS_visitante,ER_visitante,IA%_visitante,3PC_visitante,3PT_visitante,3P%_visitante,2PC_visitante,2PT_visitante,2P%_visitante,LLC_visitante,LLT_visitante,LL%_visitante,EN_visitante,BR_visitante,B/E_visitante,TO_visitante,FC_visitante,T/FC_visitante,ET_visitante,VI_visitante,EF_visitante
79,89,2019-12-03,8,1,2019-2020,São Paulo,UNIFACISA,0,85.88888888888889,33.666666666666664,39.55555555555556,12.666666666666666,42.666666666666664,10.333333333333334,32.333333333333336,20.77777777777778,13.444444444444445,1.6599999999999997,11.222222222222221,31.0,35.9,19.77777777777778,34.77777777777778,57.28222222222222,12.666666666666666,18.11111111111111,70.50777777777779,2.6666666666666665,5.666666666666667,0.42444444444444446,3.5555555555555554,18.11111111111111,0.20333333333333334,13.444444444444445,1.6666666666666667,104.88888888888889,82.75,27.0,43.3,12.45,38.0,10.75,27.25,18.55,12.55,1.5059999999999998,9.0,28.3,31.982999999999997,21.65,39.05,55.62199999999999,12.45,17.15,73.31299999999999,1.6,7.5,0.6209999999999999,2.2,20.55,0.10900000000000001,12.55,2.15,94.95
