placar_casa,placar_visitante,data,round,stage,ano,equipe_casa,equipe_visitante,resultado,Pts_casa,3P_casa,2P_casa,LL_casa,RT_casa,RO_casa,RD_casa,AS_casa,ER_casa,IA%_casa,3PC_casa,3PT_casa,3P%_casa,2PC_casa,2PT_casa,2P%_casa,LLC_casa,LLT_casa,LL%_casa,EN_casa,BR_casa,B/E_casa,TO_casa,FC_casa,T/FC_casa,ET_casa,VI_casa,EF_casa,Pts_visitante,3P_visitante,2P_visitante,LL_visitante,RT_visitante,RO_visitante,RD_visitante,AS_visitante,ER_visitante,IA%_visitante,3PC_visitante,3PT_visitante,3P%_visitante,2PC_visitante,2PT_visitante,2P%_visitante,LLC_visitante,LLT_visitante,LL%_visitante,EN_visitante,BR_visitante,B/E_visitante,TO_visitante,FC_visitante,T/FC_visitante,ET_visitante,VI_visitante,EF_visitante
80,88,2016-03-23,13,2,2015-2016,Coop/São José Basketball,Flamengo,0,71.0,22.6,34.53333333333333,13.866666666666667,30.8,8.266666666666667,22.533333333333335,13.733333333333333,14.533333333333333,1.1199999999999999,7.533333333333333,23.8,31.839999999999996,17.266666666666666,34.53333333333333,50.01800000000001,13.866666666666667,18.533333333333335,74.12866666666667,0.4666666666666667,9.333333333333334,0.7059999999999998,1.3333333333333333,21.133333333333333,0.064,14.533333333333333,3.466666666666667,73.46666666666667,84.33333333333333,24.4,45.333333333333336,14.6,36.333333333333336,10.266666666666667,26.066666666666666,19.133333333333333,12.8,1.569333333333333,8.133333333333333,21.4,38.24133333333334,22.666666666666668,41.53333333333333,54.63466666666667,14.6,19.0,73.61999999999999,1.5333333333333334,10.933333333333334,0.886,2.7333333333333334,17.4,0.16133333333333338,12.8,1.9333333333333333,104.13333333333334
