placar_casa,placar_visitante,data,round,stage,ano,equipe_casa,equipe_visitante,resultado,Pts_casa,3P_casa,2P_casa,LL_casa,RT_casa,RO_casa,RD_casa,AS_casa,ER_casa,IA%_casa,3PC_casa,3PT_casa,3P%_casa,2PC_casa,2PT_casa,2P%_casa,LLC_casa,LLT_casa,LL%_casa,EN_casa,BR_casa,B/E_casa,TO_casa,FC_casa,T/FC_casa,ET_casa,VI_casa,EF_casa,Pts_visitante,3P_visitante,2P_visitante,LL_visitante,RT_visitante,RO_visitante,RD_visitante,AS_visitante,ER_visitante,IA%_visitante,3PC_visitante,3PT_visitante,3P%_visitante,2PC_visitante,2PT_visitante,2P%_visitante,LLC_visitante,LLT_visitante,LL%_visitante,EN_visitante,BR_visitante,B/E_visitante,TO_visitante,FC_visitante,T/FC_visitante,ET_visitante,VI_visitante,EF_visitante
62,69,2017-03-30,29,1,2016-2017,L. Sorocabana,Vitória,0,66.33333333333333,18.6,34.266666666666666,13.466666666666667,35.0,12.6,22.4,13.466666666666667,16.333333333333332,0.8593333333333334,6.2,23.4,27.494000000000007,17.133333333333333,36.8,46.852,13.466666666666667,19.333333333333332,70.71466666666667,1.0666666666666667,7.4,0.4853333333333333,1.2666666666666666,24.133333333333333,0.05933333333333334,16.333333333333332,6.133333333333334,64.4,76.73333333333333,22.0,38.266666666666666,16.466666666666665,35.6,8.666666666666666,26.933333333333334,16.6,14.6,1.2353333333333334,7.333333333333333,23.4,32.272666666666666,19.133333333333333,38.733333333333334,49.34866666666666,16.466666666666665,22.533333333333335,71.35866666666669,1.4666666666666666,9.2,0.6793333333333333,1.5333333333333334,21.866666666666667,0.07066666666666667,14.6,3.2,83.33333333333333
