placar_casa,placar_visitante,data,round,stage,ano,equipe_casa,equipe_visitante,resultado,Pts_casa,3P_casa,2P_casa,LL_casa,RT_casa,RO_casa,RD_casa,AS_casa,ER_casa,IA%_casa,3PC_casa,3PT_casa,3P%_casa,2PC_casa,2PT_casa,2P%_casa,LLC_casa,LLT_casa,LL%_casa,EN_casa,BR_casa,B/E_casa,TO_casa,FC_casa,T/FC_casa,ET_casa,VI_casa,EF_casa,Pts_visitante,3P_visitante,2P_visitante,LL_visitante,RT_visitante,RO_visitante,RD_visitante,AS_visitante,ER_visitante,IA%_visitante,3PC_visitante,3PT_visitante,3P%_visitante,2PC_visitante,2PT_visitante,2P%_visitante,LLC_visitante,LLT_visitante,LL%_visitante,EN_visitante,BR_visitante,B/E_visitante,TO_visitante,FC_visitante,T/FC_visitante,ET_visitante,VI_visitante,EF_visitante
78,82,2019-04-30,5,4,2018-2019,Pinheiros,Botafogo,0,81.43333333333334,30.6,35.333333333333336,15.5,37.2,11.333333333333334,25.866666666666667,15.233333333333333,14.133333333333333,1.1520000000000001,10.2,26.6,38.41533333333334,17.666666666666668,34.733333333333334,50.422,15.5,21.6,72.32133333333334,1.0333333333333334,7.333333333333333,0.5599999999999999,1.5333333333333334,19.6,0.08266666666666668,14.133333333333333,2.8,88.9,76.13333333333334,26.4,36.0,13.733333333333333,34.8,12.666666666666666,22.133333333333333,15.533333333333333,12.933333333333334,1.2746666666666664,8.8,26.666666666666668,33.246,18.0,36.733333333333334,48.959333333333326,13.733333333333333,18.2,75.35533333333333,1.0,6.533333333333333,0.5693333333333331,1.9333333333333333,22.266666666666666,0.08866666666666667,12.933333333333334,2.6,80.8
