placar_casa,placar_visitante,data,round,stage,ano,equipe_casa,equipe_visitante,resultado,Pts_casa,3P_casa,2P_casa,LL_casa,RT_casa,RO_casa,RD_casa,AS_casa,ER_casa,IA%_casa,3PC_casa,3PT_casa,3P%_casa,2PC_casa,2PT_casa,2P%_casa,LLC_casa,LLT_casa,LL%_casa,EN_casa,BR_casa,B/E_casa,TO_casa,FC_casa,T/FC_casa,ET_casa,VI_casa,EF_casa,Pts_visitante,3P_visitante,2P_visitante,LL_visitante,RT_visitante,RO_visitante,RD_visitante,AS_visitante,ER_visitante,IA%_visitante,3PC_visitante,3PT_visitante,3P%_visitante,2PC_visitante,2PT_visitante,2P%_visitante,LLC_visitante,LLT_visitante,LL%_visitante,EN_visitante,BR_visitante,B/E_visitante,TO_visitante,FC_visitante,T/FC_visitante,ET_visitante,VI_visitante,EF_visitante
86,70,2021-11-18,5,1,2021-2022,São Paulo,Pinheiros,1,77.25,23.5,45.333333333333336,8.416666666666666,32.583333333333336,6.0,26.583333333333332,18.333333333333332,12.0,1.5599999999999998,7.833333333333333,25.75,30.55666666666666,22.666666666666668,36.916666666666664,61.97333333333332,8.416666666666666,12.666666666666666,66.665,1.5833333333333333,7.333333333333333,0.6083333333333333,2.3333333333333335,15.666666666666666,0.14833333333333332,12.0,1.8333333333333333,89.41666666666667,81.0,28.0,40.0,13.0,47.166666666666664,18.833333333333332,28.333333333333332,18.5,12.833333333333334,1.45,9.333333333333334,30.333333333333332,31.27666666666666,20.0,44.333333333333336,45.349999999999994,13.0,19.0,67.85666666666667,2.8333333333333335,7.333333333333333,0.5800000000000001,3.3333333333333335,19.833333333333332,0.16666666666666666,12.833333333333334,1.6666666666666667,93.16666666666667
