placar_casa,placar_visitante,data,round,stage,ano,equipe_casa,equipe_visitante,resultado,Pts_casa,3P_casa,2P_casa,LL_casa,RT_casa,RO_casa,RD_casa,AS_casa,ER_casa,IA%_casa,3PC_casa,3PT_casa,3P%_casa,2PC_casa,2PT_casa,2P%_casa,LLC_casa,LLT_casa,LL%_casa,EN_casa,BR_casa,B/E_casa,TO_casa,FC_casa,T/FC_casa,ET_casa,VI_casa,EF_casa,Pts_visitante,3P_visitante,2P_visitante,LL_visitante,RT_visitante,RO_visitante,RD_visitante,AS_visitante,ER_visitante,IA%_visitante,3PC_visitante,3PT_visitante,3P%_visitante,2PC_visitante,2PT_visitante,2P%_visitante,LLC_visitante,LLT_visitante,LL%_visitante,EN_visitante,BR_visitante,B/E_visitante,TO_visitante,FC_visitante,T/FC_visitante,ET_visitante,VI_visitante,EF_visitante
105,70,2023-04-03,9,2,2022-2023,Minas,Paulistano,1,85.33266666666667,29.4,41.601333333333336,14.333333333333337,40.266,10.467333333333332,29.800666666666668,20.667333333333335,13.665333333333336,1.5373333333333334,9.799333333333333,26.531999999999993,36.808666666666674,20.79866666666666,37.266666666666666,55.71666666666667,14.333333333333337,19.932666666666663,71.77866666666668,3.1326666666666663,5.534000000000001,0.40733333333333327,1.5993333333333335,18.667333333333332,0.08600000000000002,13.665333333333336,2.8006666666666664,100.93400000000001,78.93266666666668,24.4,41.599333333333334,12.933333333333334,40.99933333333333,14.0,26.99933333333333,14.466000000000001,11.932666666666668,1.2266666666666666,8.134,25.133333333333333,32.55,20.800666666666668,44.132666666666665,47.37,12.933333333333334,17.6,73.1,1.866,8.065999999999999,0.6826666666666668,1.9340000000000004,19.60066666666667,0.10600000000000002,11.932666666666668,2.266,87.46733333333331
