placar_casa,placar_visitante,data,round,stage,ano,equipe_casa,equipe_visitante,resultado,Pts_casa,3P_casa,2P_casa,LL_casa,RT_casa,RO_casa,RD_casa,AS_casa,ER_casa,IA%_casa,3PC_casa,3PT_casa,3P%_casa,2PC_casa,2PT_casa,2P%_casa,LLC_casa,LLT_casa,LL%_casa,EN_casa,BR_casa,B/E_casa,TO_casa,FC_casa,T/FC_casa,ET_casa,VI_casa,EF_casa,Pts_visitante,3P_visitante,2P_visitante,LL_visitante,RT_visitante,RO_visitante,RD_visitante,AS_visitante,ER_visitante,IA%_visitante,3PC_visitante,3PT_visitante,3P%_visitante,2PC_visitante,2PT_visitante,2P%_visitante,LLC_visitante,LLT_visitante,LL%_visitante,EN_visitante,BR_visitante,B/E_visitante,TO_visitante,FC_visitante,T/FC_visitante,ET_visitante,VI_visitante,EF_visitante
80,58,2021-12-19,8,1,2021-2022,Rio Claro,BRB/Brasília,1,70.95833333333333,21.75,36.083333333333336,13.125,34.375,10.0,24.375,15.75,11.875,1.375,7.25,25.25,29.204999999999995,18.041666666666668,37.875,47.576666666666675,13.125,18.166666666666668,71.705,1.625,7.833333333333333,0.68,1.5416666666666667,22.333333333333332,0.06749999999999999,11.875,2.4166666666666665,75.70833333333333,67.25083333333332,18.5,34.33416666666667,14.416666666666666,41.58416666666667,10.5825,30.999166666666664,12.74916666666667,15.25,0.8849999999999998,6.165833333333333,22.0,27.9975,17.165833333333328,38.0,45.67083333333333,14.416666666666666,20.665833333333328,70.32666666666667,0.9991666666666666,3.665833333333333,0.255,2.9175000000000004,17.415833333333328,0.1666666666666667,15.25,2.250833333333334,70.0
