placar_casa,placar_visitante,data,round,stage,ano,equipe_casa,equipe_visitante,resultado,Pts_casa,3P_casa,2P_casa,LL_casa,RT_casa,RO_casa,RD_casa,AS_casa,ER_casa,IA%_casa,3PC_casa,3PT_casa,3P%_casa,2PC_casa,2PT_casa,2P%_casa,LLC_casa,LLT_casa,LL%_casa,EN_casa,BR_casa,B/E_casa,TO_casa,FC_casa,T/FC_casa,ET_casa,VI_casa,EF_casa,Pts_visitante,3P_visitante,2P_visitante,LL_visitante,RT_visitante,RO_visitante,RD_visitante,AS_visitante,ER_visitante,IA%_visitante,3PC_visitante,3PT_visitante,3P%_visitante,2PC_visitante,2PT_visitante,2P%_visitante,LLC_visitante,LLT_visitante,LL%_visitante,EN_visitante,BR_visitante,B/E_visitante,TO_visitante,FC_visitante,T/FC_visitante,ET_visitante,VI_visitante,EF_visitante
64,81,2017-06-10,4,6,2016-2017,Paulistano,Bauru Basket,0,80.06666666666666,31.4,30.8,17.866666666666667,37.46666666666667,11.4,26.066666666666666,13.6,13.466666666666667,1.1420000000000001,10.466666666666667,29.933333333333334,35.14533333333333,15.4,32.2,48.74133333333334,17.866666666666667,23.333333333333332,77.19333333333333,1.3333333333333333,5.866666666666666,0.4686666666666666,2.466666666666667,21.933333333333334,0.11333333333333334,13.466666666666667,2.6666666666666665,84.26666666666667,82.66666666666667,26.8,39.46666666666667,16.4,37.4,10.533333333333333,26.866666666666667,17.2,14.866666666666667,1.1873333333333334,8.933333333333334,25.666666666666668,35.163999999999994,19.733333333333334,35.2,56.68066666666667,16.4,22.466666666666665,73.46533333333333,1.6,7.2,0.4953333333333333,2.4,23.333333333333332,0.10066666666666667,14.866666666666667,3.533333333333333,93.73333333333333
