placar_casa,placar_visitante,data,round,stage,ano,equipe_casa,equipe_visitante,resultado,Pts_casa,3P_casa,2P_casa,LL_casa,RT_casa,RO_casa,RD_casa,AS_casa,ER_casa,IA%_casa,3PC_casa,3PT_casa,3P%_casa,2PC_casa,2PT_casa,2P%_casa,LLC_casa,LLT_casa,LL%_casa,EN_casa,BR_casa,B/E_casa,TO_casa,FC_casa,T/FC_casa,ET_casa,VI_casa,EF_casa,Pts_visitante,3P_visitante,2P_visitante,LL_visitante,RT_visitante,RO_visitante,RD_visitante,AS_visitante,ER_visitante,IA%_visitante,3PC_visitante,3PT_visitante,3P%_visitante,2PC_visitante,2PT_visitante,2P%_visitante,LLC_visitante,LLT_visitante,LL%_visitante,EN_visitante,BR_visitante,B/E_visitante,TO_visitante,FC_visitante,T/FC_visitante,ET_visitante,VI_visitante,EF_visitante
65,102,2023-02-14,4,2,2022-2023,Fortaleza B. C. / CFO,Sesi Franca,0,74.666,21.6,40.534,12.533999999999997,41.86666666666667,13.399333333333336,28.467333333333336,14.0,14.6,1.0073333333333332,7.199333333333333,24.867333333333338,29.88933333333334,20.266,42.0,47.57600000000001,12.533999999999997,19.79933333333333,63.75666666666667,1.3340000000000003,6.400666666666667,0.47866666666666663,1.9326666666666663,20.532666666666664,0.09933333333333334,14.6,3.000666666666667,77.60066666666667,89.44466666666668,31.866666666666667,40.75533333333333,16.822,39.93333333333333,8.911333333333333,31.022,18.244666666666667,12.4,1.5606666666666669,10.622000000000002,27.266666666666666,39.059999999999995,20.378,35.355333333333334,57.32733333333333,16.822,21.044666666666668,80.68666666666667,2.2886666666666664,6.266666666666667,0.5319999999999999,2.6886666666666668,16.622,0.16266666666666668,12.4,2.2,108.33333333333333
