placar_casa,placar_visitante,data,round,stage,ano,equipe_casa,equipe_visitante,resultado,Pts_casa,3P_casa,2P_casa,LL_casa,RT_casa,RO_casa,RD_casa,AS_casa,ER_casa,IA%_casa,3PC_casa,3PT_casa,3P%_casa,2PC_casa,2PT_casa,2P%_casa,LLC_casa,LLT_casa,LL%_casa,EN_casa,BR_casa,B/E_casa,TO_casa,FC_casa,T/FC_casa,ET_casa,VI_casa,EF_casa,Pts_visitante,3P_visitante,2P_visitante,LL_visitante,RT_visitante,RO_visitante,RD_visitante,AS_visitante,ER_visitante,IA%_visitante,3PC_visitante,3PT_visitante,3P%_visitante,2PC_visitante,2PT_visitante,2P%_visitante,LLC_visitante,LLT_visitante,LL%_visitante,EN_visitante,BR_visitante,B/E_visitante,TO_visitante,FC_visitante,T/FC_visitante,ET_visitante,VI_visitante,EF_visitante
67,73,2019-03-01,8,2,2018-2019,Botafogo,Flamengo,0,73.93333333333334,22.8,39.333333333333336,11.8,34.13333333333333,11.066666666666666,23.066666666666666,16.6,15.0,1.151333333333333,7.6,22.2,35.044000000000004,19.666666666666668,37.93333333333333,51.65733333333333,11.8,17.133333333333333,69.95800000000001,1.4,7.6,0.5100000000000001,1.6,23.066666666666666,0.07133333333333333,15.0,3.0,80.6,84.288,25.2,44.132666666666665,14.955333333333332,42.132666666666665,13.000666666666666,29.134,18.733999999999998,12.466666666666667,1.5786666666666667,8.4,26.622666666666667,32.168,22.067333333333334,39.88866666666666,55.44266666666667,14.955333333333332,19.000666666666667,78.52000000000001,1.1333333333333333,6.822666666666667,0.6106666666666666,1.512,19.689333333333334,0.07800000000000001,12.466666666666667,1.3993333333333335,100.86733333333333
