placar_casa,placar_visitante,data,round,stage,ano,equipe_casa,equipe_visitante,resultado,Pts_casa,3P_casa,2P_casa,LL_casa,RT_casa,RO_casa,RD_casa,AS_casa,ER_casa,IA%_casa,3PC_casa,3PT_casa,3P%_casa,2PC_casa,2PT_casa,2P%_casa,LLC_casa,LLT_casa,LL%_casa,EN_casa,BR_casa,B/E_casa,TO_casa,FC_casa,T/FC_casa,ET_casa,VI_casa,EF_casa,Pts_visitante,3P_visitante,2P_visitante,LL_visitante,RT_visitante,RO_visitante,RD_visitante,AS_visitante,ER_visitante,IA%_visitante,3PC_visitante,3PT_visitante,3P%_visitante,2PC_visitante,2PT_visitante,2P%_visitante,LLC_visitante,LLT_visitante,LL%_visitante,EN_visitante,BR_visitante,B/E_visitante,TO_visitante,FC_visitante,T/FC_visitante,ET_visitante,VI_visitante,EF_visitante
78,62,2009-04-29,11,2,2008-2009,Paulistano,Araraquara,1,78.6,21.8,40.666666666666664,16.133333333333333,31.866666666666667,11.0,20.866666666666667,14.2,16.6,0.95,7.266666666666667,22.6,32.77266666666666,20.333333333333332,39.93333333333333,50.63933333333334,16.133333333333333,23.066666666666666,69.984,0.9333333333333333,8.4,0.5493333333333335,3.066666666666667,24.266666666666666,0.13066666666666665,16.6,0.0,77.66666666666667,75.73333333333333,24.2,35.333333333333336,16.2,27.733333333333334,7.266666666666667,20.466666666666665,15.4,17.4,0.946,8.066666666666666,23.533333333333335,34.498000000000005,17.666666666666668,33.4,53.18533333333333,16.2,21.8,73.69733333333333,1.9333333333333333,8.066666666666666,0.4913333333333334,3.2666666666666666,23.0,0.158,17.4,0.0,76.0
