placar_casa,placar_visitante,data,round,stage,ano,equipe_casa,equipe_visitante,resultado,Pts_casa,3P_casa,2P_casa,LL_casa,RT_casa,RO_casa,RD_casa,AS_casa,ER_casa,IA%_casa,3PC_casa,3PT_casa,3P%_casa,2PC_casa,2PT_casa,2P%_casa,LLC_casa,LLT_casa,LL%_casa,EN_casa,BR_casa,B/E_casa,TO_casa,FC_casa,T/FC_casa,ET_casa,VI_casa,EF_casa,Pts_visitante,3P_visitante,2P_visitante,LL_visitante,RT_visitante,RO_visitante,RD_visitante,AS_visitante,ER_visitante,IA%_visitante,3PC_visitante,3PT_visitante,3P%_visitante,2PC_visitante,2PT_visitante,2P%_visitante,LLC_visitante,LLT_visitante,LL%_visitante,EN_visitante,BR_visitante,B/E_visitante,TO_visitante,FC_visitante,T/FC_visitante,ET_visitante,VI_visitante,EF_visitante
83,79,2024-03-25,10,2,2023-2024,Botafogo,São Paulo,1,79.80066666666667,26.6,37.60066666666667,15.6,33.6,9.999333333333334,23.600666666666665,16.599333333333334,13.666666666666666,1.26,8.866666666666667,27.933333333333334,32.192,18.799333333333333,37.534,49.894,15.6,21.733333333333334,71.07866666666668,0.8006666666666666,6.8660000000000005,0.5033333333333334,1.9333333333333333,21.2,0.092,13.666666666666666,3.066666666666667,81.2,79.53333333333333,28.2,36.666666666666664,14.666666666666666,36.6,8.8,27.8,17.066666666666666,13.266666666666667,1.299333333333333,9.4,27.733333333333334,33.91266666666666,18.333333333333332,32.4,56.278,14.666666666666666,19.133333333333333,77.00200000000001,1.1333333333333333,5.733333333333333,0.44333333333333336,2.2666666666666666,18.333333333333332,0.12733333333333335,13.266666666666667,1.6,91.06666666666666
