placar_casa,placar_visitante,data,round,stage,ano,equipe_casa,equipe_visitante,resultado,Pts_casa,3P_casa,2P_casa,LL_casa,RT_casa,RO_casa,RD_casa,AS_casa,ER_casa,IA%_casa,3PC_casa,3PT_casa,3P%_casa,2PC_casa,2PT_casa,2P%_casa,LLC_casa,LLT_casa,LL%_casa,EN_casa,BR_casa,B/E_casa,TO_casa,FC_casa,T/FC_casa,ET_casa,VI_casa,EF_casa,Pts_visitante,3P_visitante,2P_visitante,LL_visitante,RT_visitante,RO_visitante,RD_visitante,AS_visitante,ER_visitante,IA%_visitante,3PC_visitante,3PT_visitante,3P%_visitante,2PC_visitante,2PT_visitante,2P%_visitante,LLC_visitante,LLT_visitante,LL%_visitante,EN_visitante,BR_visitante,B/E_visitante,TO_visitante,FC_visitante,T/FC_visitante,ET_visitante,VI_visitante,EF_visitante
89,97,2019-11-23,6,1,2019-2020,Minas,Sesi Franca,0,83.0,27.0,41.285714285714285,14.714285714285714,40.0,13.214285714285714,26.785714285714285,17.642857142857142,11.714285714285714,1.5757142857142854,9.0,29.214285714285715,30.550000000000004,20.642857142857142,37.642857142857146,55.47000000000001,14.714285714285714,19.571428571428573,75.61428571428571,1.2857142857142858,7.071428571428571,0.612857142857143,1.7142857142857142,24.214285714285715,0.06857142857142857,11.714285714285714,1.8571428571428572,95.5,88.88888888888889,33.333333333333336,36.55555555555556,19.0,38.388888888888886,8.88888888888889,29.5,20.11111111111111,13.0,1.5777777777777777,11.11111111111111,27.333333333333332,40.57555555555555,18.27777777777778,33.0,55.25,19.0,24.055555555555557,78.85444444444444,1.6666666666666667,5.555555555555555,0.4444444444444444,2.611111111111111,18.833333333333332,0.1433333333333333,13.0,1.6111111111111112,106.44444444444444
