placar_casa,placar_visitante,data,round,stage,ano,equipe_casa,equipe_visitante,resultado,Pts_casa,3P_casa,2P_casa,LL_casa,RT_casa,RO_casa,RD_casa,AS_casa,ER_casa,IA%_casa,3PC_casa,3PT_casa,3P%_casa,2PC_casa,2PT_casa,2P%_casa,LLC_casa,LLT_casa,LL%_casa,EN_casa,BR_casa,B/E_casa,TO_casa,FC_casa,T/FC_casa,ET_casa,VI_casa,EF_casa,Pts_visitante,3P_visitante,2P_visitante,LL_visitante,RT_visitante,RO_visitante,RD_visitante,AS_visitante,ER_visitante,IA%_visitante,3PC_visitante,3PT_visitante,3P%_visitante,2PC_visitante,2PT_visitante,2P%_visitante,LLC_visitante,LLT_visitante,LL%_visitante,EN_visitante,BR_visitante,B/E_visitante,TO_visitante,FC_visitante,T/FC_visitante,ET_visitante,VI_visitante,EF_visitante
74,95,2014-01-23,2,2,2013-2014,Goiânia,Flamengo,0,76.26666666666667,22.0,39.86666666666667,14.4,32.13333333333333,8.066666666666666,24.066666666666666,14.8,12.133333333333333,1.5266666666666666,7.333333333333333,21.733333333333334,35.12933333333333,19.933333333333334,37.06666666666667,54.398,14.4,18.666666666666668,77.75999999999999,1.1333333333333333,7.733333333333333,0.7760000000000001,1.4666666666666666,22.6,0.06599999999999999,12.133333333333333,3.066666666666667,84.46666666666667,80.93333333333334,25.2,38.8,16.933333333333334,36.733333333333334,11.6,25.133333333333333,15.133333333333333,14.133333333333333,1.1246666666666667,8.4,24.2,34.782666666666664,19.4,36.733333333333334,53.355333333333334,16.933333333333334,22.2,76.67466666666668,2.0,8.866666666666667,0.6446666666666668,2.2,20.2,0.1106666666666667,14.133333333333333,2.4,91.33333333333333
