placar_casa,placar_visitante,data,round,stage,ano,equipe_casa,equipe_visitante,resultado,Pts_casa,3P_casa,2P_casa,LL_casa,RT_casa,RO_casa,RD_casa,AS_casa,ER_casa,IA%_casa,3PC_casa,3PT_casa,3P%_casa,2PC_casa,2PT_casa,2P%_casa,LLC_casa,LLT_casa,LL%_casa,EN_casa,BR_casa,B/E_casa,TO_casa,FC_casa,T/FC_casa,ET_casa,VI_casa,EF_casa,Pts_visitante,3P_visitante,2P_visitante,LL_visitante,RT_visitante,RO_visitante,RD_visitante,AS_visitante,ER_visitante,IA%_visitante,3PC_visitante,3PT_visitante,3P%_visitante,2PC_visitante,2PT_visitante,2P%_visitante,LLC_visitante,LLT_visitante,LL%_visitante,EN_visitante,BR_visitante,B/E_visitante,TO_visitante,FC_visitante,T/FC_visitante,ET_visitante,VI_visitante,EF_visitante
75,76,2015-04-07,1,3,2014-2015,Paulistano,Coop/São José Basketball,0,82.66666666666667,21.8,44.53333333333333,16.333333333333332,38.0,12.733333333333333,25.266666666666666,13.066666666666666,12.0,1.2453333333333336,7.266666666666667,22.133333333333333,32.809333333333335,22.266666666666666,45.6,49.260666666666665,16.333333333333332,21.266666666666666,77.818,1.2666666666666666,10.466666666666667,0.9553333333333335,0.9333333333333333,21.333333333333332,0.044666666666666674,12.0,2.6666666666666665,90.0,80.2,20.2,47.733333333333334,12.266666666666667,34.6,10.4,24.2,19.6,13.6,1.5433333333333332,6.733333333333333,18.933333333333334,35.53999999999999,23.866666666666667,45.0,53.39666666666666,12.266666666666667,15.133333333333333,79.91066666666666,0.9333333333333333,7.533333333333333,0.5740000000000001,2.8,18.8,0.16133333333333333,13.6,2.8666666666666667,94.93333333333334
