placar_casa,placar_visitante,data,round,stage,ano,equipe_casa,equipe_visitante,resultado,Pts_casa,3P_casa,2P_casa,LL_casa,RT_casa,RO_casa,RD_casa,AS_casa,ER_casa,IA%_casa,3PC_casa,3PT_casa,3P%_casa,2PC_casa,2PT_casa,2P%_casa,LLC_casa,LLT_casa,LL%_casa,EN_casa,BR_casa,B/E_casa,TO_casa,FC_casa,T/FC_casa,ET_casa,VI_casa,EF_casa,Pts_visitante,3P_visitante,2P_visitante,LL_visitante,RT_visitante,RO_visitante,RD_visitante,AS_visitante,ER_visitante,IA%_visitante,3PC_visitante,3PT_visitante,3P%_visitante,2PC_visitante,2PT_visitante,2P%_visitante,LLC_visitante,LLT_visitante,LL%_visitante,EN_visitante,BR_visitante,B/E_visitante,TO_visitante,FC_visitante,T/FC_visitante,ET_visitante,VI_visitante,EF_visitante
83,82,2019-12-21,10,1,2019-2020,Minas,Corinthians,1,85.07692307692308,28.96153846153846,40.61538461538461,15.5,40.11538461538461,13.26923076923077,26.846153846153847,18.03846153846154,11.461538461538462,1.6607692307692308,9.653846153846153,30.23076923076923,31.770769230769226,20.307692307692307,37.42307692307692,54.64538461538462,15.5,20.03846153846154,77.55000000000001,1.3846153846153846,6.5,0.5815384615384617,1.8076923076923077,24.23076923076923,0.07384615384615387,11.461538461538462,1.7307692307692308,97.76923076923077,84.1930769230769,27.346153846153847,44.46230769230769,12.384615384615385,36.26923076923077,11.307692307692308,24.961538461538456,18.84461538461538,12.692307692307692,1.5699999999999998,9.114615384615384,22.61538461538462,40.46923076923077,22.23,42.03923076923077,52.86230769230769,12.384615384615385,18.38461538461539,67.35538461538462,2.270769230769231,7.384615384615385,0.6061538461538462,2.3838461538461533,21.50076923076923,0.11153846153846153,12.692307692307692,1.806153846153846,96.80692307692308
