placar_casa,placar_visitante,data,round,stage,ano,equipe_casa,equipe_visitante,resultado,Pts_casa,3P_casa,2P_casa,LL_casa,RT_casa,RO_casa,RD_casa,AS_casa,ER_casa,IA%_casa,3PC_casa,3PT_casa,3P%_casa,2PC_casa,2PT_casa,2P%_casa,LLC_casa,LLT_casa,LL%_casa,EN_casa,BR_casa,B/E_casa,TO_casa,FC_casa,T/FC_casa,ET_casa,VI_casa,EF_casa,Pts_visitante,3P_visitante,2P_visitante,LL_visitante,RT_visitante,RO_visitante,RD_visitante,AS_visitante,ER_visitante,IA%_visitante,3PC_visitante,3PT_visitante,3P%_visitante,2PC_visitante,2PT_visitante,2P%_visitante,LLC_visitante,LLT_visitante,LL%_visitante,EN_visitante,BR_visitante,B/E_visitante,TO_visitante,FC_visitante,T/FC_visitante,ET_visitante,VI_visitante,EF_visitante
76,83,2014-01-23,1,2,2013-2014,Uberlândia,Fortaleza B. C. / CFO,0,85.33333333333333,30.0,41.2,14.133333333333333,33.13333333333333,9.733333333333333,23.4,18.666666666666668,12.666666666666666,1.59,10.0,22.466666666666665,44.03666666666666,20.6,38.333333333333336,54.26466666666666,14.133333333333333,18.2,79.55866666666665,3.4,8.066666666666666,0.66,2.533333333333333,20.333333333333332,0.126,12.666666666666666,3.2,100.8,74.93333333333334,16.8,45.06666666666667,13.066666666666666,34.86666666666667,10.666666666666666,24.2,11.933333333333334,13.0,1.0126666666666668,5.6,18.6,29.984,22.533333333333335,44.13333333333333,51.176,13.066666666666666,18.4,69.986,2.533333333333333,10.466666666666667,0.8866666666666665,2.2666666666666666,20.333333333333332,0.10933333333333335,13.0,3.2666666666666666,81.53333333333333
