placar_casa,placar_visitante,data,round,stage,ano,equipe_casa,equipe_visitante,resultado,Pts_casa,3P_casa,2P_casa,LL_casa,RT_casa,RO_casa,RD_casa,AS_casa,ER_casa,IA%_casa,3PC_casa,3PT_casa,3P%_casa,2PC_casa,2PT_casa,2P%_casa,LLC_casa,LLT_casa,LL%_casa,EN_casa,BR_casa,B/E_casa,TO_casa,FC_casa,T/FC_casa,ET_casa,VI_casa,EF_casa,Pts_visitante,3P_visitante,2P_visitante,LL_visitante,RT_visitante,RO_visitante,RD_visitante,AS_visitante,ER_visitante,IA%_visitante,3PC_visitante,3PT_visitante,3P%_visitante,2PC_visitante,2PT_visitante,2P%_visitante,LLC_visitante,LLT_visitante,LL%_visitante,EN_visitante,BR_visitante,B/E_visitante,TO_visitante,FC_visitante,T/FC_visitante,ET_visitante,VI_visitante,EF_visitante
85,76,2017-01-19,17,1,2016-2017,R10 Score Vasco da Gama,Brasília,1,74.0,22.384615384615383,36.0,15.615384615384615,32.38461538461539,8.307692307692308,24.076923076923077,15.23076923076923,14.076923076923077,1.146153846153846,7.461538461538462,22.46153846153846,32.18846153846154,18.0,35.07692307692308,51.81923076923077,15.615384615384615,19.692307692307693,79.26307692307691,1.1538461538461537,7.153846153846154,0.5438461538461539,1.4615384615384615,19.307692307692307,0.08461538461538462,14.076923076923077,4.076923076923077,80.0,83.92857142857143,29.571428571428573,41.857142857142854,12.5,37.857142857142854,9.785714285714286,28.071428571428573,20.785714285714285,13.214285714285714,1.8107142857142855,9.857142857142858,24.714285714285715,39.125,20.928571428571427,38.642857142857146,53.96785714285714,12.5,17.142857142857142,70.98214285714286,1.4285714285714286,5.071428571428571,0.42071428571428576,2.5714285714285716,18.142857142857142,0.145,13.214285714285714,3.357142857142857,99.78571428571429
