placar_casa,placar_visitante,data,round,stage,ano,equipe_casa,equipe_visitante,resultado,Pts_casa,3P_casa,2P_casa,LL_casa,RT_casa,RO_casa,RD_casa,AS_casa,ER_casa,IA%_casa,3PC_casa,3PT_casa,3P%_casa,2PC_casa,2PT_casa,2P%_casa,LLC_casa,LLT_casa,LL%_casa,EN_casa,BR_casa,B/E_casa,TO_casa,FC_casa,T/FC_casa,ET_casa,VI_casa,EF_casa,Pts_visitante,3P_visitante,2P_visitante,LL_visitante,RT_visitante,RO_visitante,RD_visitante,AS_visitante,ER_visitante,IA%_visitante,3PC_visitante,3PT_visitante,3P%_visitante,2PC_visitante,2PT_visitante,2P%_visitante,LLC_visitante,LLT_visitante,LL%_visitante,EN_visitante,BR_visitante,B/E_visitante,TO_visitante,FC_visitante,T/FC_visitante,ET_visitante,VI_visitante,EF_visitante
90,93,2010-03-12,7,2,2009-2010,Araraquara,Joinville,0,77.4,28.0,37.06666666666667,12.333333333333334,29.466666666666665,7.666666666666667,21.8,14.533333333333333,14.0,1.0906666666666667,9.333333333333334,24.133333333333333,39.27066666666666,18.533333333333335,35.6,52.10733333333334,12.333333333333334,16.533333333333335,74.77600000000001,1.6,7.6,0.5833333333333335,2.3333333333333335,21.8,0.114,14.0,2.7333333333333334,81.26666666666667,79.26666666666667,27.2,36.53333333333333,15.533333333333333,32.833333333333336,10.5,22.333333333333332,12.0,12.1,1.1193333333333333,9.066666666666666,26.033333333333335,35.236,18.266666666666666,37.36666666666667,49.13933333333333,15.533333333333333,21.933333333333334,70.262,1.5666666666666667,6.633333333333334,0.6053333333333334,1.9,19.366666666666667,0.10866666666666669,12.1,2.6666666666666665,78.06666666666666
