placar_casa,placar_visitante,data,round,stage,ano,equipe_casa,equipe_visitante,resultado,Pts_casa,3P_casa,2P_casa,LL_casa,RT_casa,RO_casa,RD_casa,AS_casa,ER_casa,IA%_casa,3PC_casa,3PT_casa,3P%_casa,2PC_casa,2PT_casa,2P%_casa,LLC_casa,LLT_casa,LL%_casa,EN_casa,BR_casa,B/E_casa,TO_casa,FC_casa,T/FC_casa,ET_casa,VI_casa,EF_casa,Pts_visitante,3P_visitante,2P_visitante,LL_visitante,RT_visitante,RO_visitante,RD_visitante,AS_visitante,ER_visitante,IA%_visitante,3PC_visitante,3PT_visitante,3P%_visitante,2PC_visitante,2PT_visitante,2P%_visitante,LLC_visitante,LLT_visitante,LL%_visitante,EN_visitante,BR_visitante,B/E_visitante,TO_visitante,FC_visitante,T/FC_visitante,ET_visitante,VI_visitante,EF_visitante
70,71,2010-03-14,8,2,2009-2010,Pinheiros,Coop/São José Basketball,0,89.46666666666667,27.2,43.06666666666667,19.2,29.666666666666668,8.066666666666666,21.6,14.266666666666667,13.866666666666667,1.0893333333333335,9.066666666666666,23.333333333333332,39.220666666666666,21.533333333333335,38.13333333333333,55.97,19.2,24.533333333333335,78.32133333333331,2.4,6.866666666666666,0.5173333333333334,2.8666666666666667,19.333333333333332,0.16266666666666665,13.866666666666667,2.2,93.06666666666666,77.6,28.2,36.4,13.0,31.333333333333332,9.933333333333334,21.4,17.066666666666666,14.6,1.2193333333333334,9.4,27.2,33.906,18.2,32.13333333333333,56.62,13.0,19.6,66.966,1.3333333333333333,7.533333333333333,0.5640000000000001,1.5333333333333334,19.533333333333335,0.08133333333333334,14.6,1.4,82.13333333333334
