placar_casa,placar_visitante,data,round,stage,ano,equipe_casa,equipe_visitante,resultado,Pts_casa,3P_casa,2P_casa,LL_casa,RT_casa,RO_casa,RD_casa,AS_casa,ER_casa,IA%_casa,3PC_casa,3PT_casa,3P%_casa,2PC_casa,2PT_casa,2P%_casa,LLC_casa,LLT_casa,LL%_casa,EN_casa,BR_casa,B/E_casa,TO_casa,FC_casa,T/FC_casa,ET_casa,VI_casa,EF_casa,Pts_visitante,3P_visitante,2P_visitante,LL_visitante,RT_visitante,RO_visitante,RD_visitante,AS_visitante,ER_visitante,IA%_visitante,3PC_visitante,3PT_visitante,3P%_visitante,2PC_visitante,2PT_visitante,2P%_visitante,LLC_visitante,LLT_visitante,LL%_visitante,EN_visitante,BR_visitante,B/E_visitante,TO_visitante,FC_visitante,T/FC_visitante,ET_visitante,VI_visitante,EF_visitante
91,83,2020-12-15,6,1,2020-2021,São Paulo,Cerrado,1,97.11333333333332,38.0,44.444444444444436,14.665555555555557,37.55555555555556,8.555555555555555,28.999999999999993,19.666666666666668,9.777777777777779,2.048888888888889,12.666666666666666,30.888888888888896,40.90888888888888,22.22222222222222,37.22111111111111,59.962222222222216,14.665555555555557,18.442222222222217,80.04,3.888888888888889,8.775555555555554,0.9100000000000001,2.8888888888888897,16.334444444444443,0.17777777777777784,9.777777777777779,1.78,119.22111111111111,73.0,24.333333333333332,35.11,13.553333333333335,36.77555555555555,10.88888888888889,25.890000000000004,14.334444444444443,12.778888888888888,1.1422222222222222,8.112222222222222,25.667777777777783,31.505555555555556,17.556666666666665,36.22222222222223,48.43333333333333,13.553333333333335,18.555555555555557,73.52333333333334,0.9988888888888889,6.444444444444444,0.5133333333333333,2.001111111111111,20.002222222222226,0.10222222222222223,12.778888888888888,1.8866666666666667,78.55666666666667
