placar_casa,placar_visitante,data,round,stage,ano,equipe_casa,equipe_visitante,resultado,Pts_casa,3P_casa,2P_casa,LL_casa,RT_casa,RO_casa,RD_casa,AS_casa,ER_casa,IA%_casa,3PC_casa,3PT_casa,3P%_casa,2PC_casa,2PT_casa,2P%_casa,LLC_casa,LLT_casa,LL%_casa,EN_casa,BR_casa,B/E_casa,TO_casa,FC_casa,T/FC_casa,ET_casa,VI_casa,EF_casa,Pts_visitante,3P_visitante,2P_visitante,LL_visitante,RT_visitante,RO_visitante,RD_visitante,AS_visitante,ER_visitante,IA%_visitante,3PC_visitante,3PT_visitante,3P%_visitante,2PC_visitante,2PT_visitante,2P%_visitante,LLC_visitante,LLT_visitante,LL%_visitante,EN_visitante,BR_visitante,B/E_visitante,TO_visitante,FC_visitante,T/FC_visitante,ET_visitante,VI_visitante,EF_visitante
102,112,2022-11-17,5,1,2022-2023,Cerrado,Minas,0,79.16666666666667,36.5,28.333333333333332,14.333333333333334,35.166666666666664,11.333333333333334,23.833333333333332,14.333333333333334,15.0,1.0,12.166666666666666,36.833333333333336,32.595000000000006,14.166666666666666,26.5,53.574999999999996,14.333333333333334,20.166666666666668,71.43499999999999,2.0,7.0,0.4950000000000001,2.1666666666666665,16.166666666666668,0.12666666666666668,15.0,3.1666666666666665,80.0,81.16666666666667,29.5,41.0,10.666666666666666,38.166666666666664,10.5,27.666666666666668,19.166666666666668,14.333333333333334,1.3983333333333334,9.833333333333334,24.833333333333332,40.04666666666667,20.5,38.0,53.82666666666666,10.666666666666666,13.666666666666666,77.705,1.6666666666666667,6.166666666666667,0.46166666666666667,1.8333333333333333,18.333333333333332,0.10666666666666667,14.333333333333334,4.166666666666667,96.66666666666667
