placar_casa,placar_visitante,data,round,stage,ano,equipe_casa,equipe_visitante,resultado,Pts_casa,3P_casa,2P_casa,LL_casa,RT_casa,RO_casa,RD_casa,AS_casa,ER_casa,IA%_casa,3PC_casa,3PT_casa,3P%_casa,2PC_casa,2PT_casa,2P%_casa,LLC_casa,LLT_casa,LL%_casa,EN_casa,BR_casa,B/E_casa,TO_casa,FC_casa,T/FC_casa,ET_casa,VI_casa,EF_casa,Pts_visitante,3P_visitante,2P_visitante,LL_visitante,RT_visitante,RO_visitante,RD_visitante,AS_visitante,ER_visitante,IA%_visitante,3PC_visitante,3PT_visitante,3P%_visitante,2PC_visitante,2PT_visitante,2P%_visitante,LLC_visitante,LLT_visitante,LL%_visitante,EN_visitante,BR_visitante,B/E_visitante,TO_visitante,FC_visitante,T/FC_visitante,ET_visitante,VI_visitante,EF_visitante
77,80,2019-01-16,2,2,2018-2019,Corinthians,Pinheiros,0,78.96666666666667,21.2,40.46600000000001,17.300666666666668,36.13333333333333,10.83266666666667,25.300666666666668,17.165999999999997,14.232666666666669,1.2553333333333332,7.067333333333334,22.232666666666663,32.02733333333334,20.234,40.69933333333334,50.15133333333334,17.300666666666668,22.032666666666664,78.64533333333334,2.033333333333333,7.4,0.5293333333333333,1.500666666666667,24.234,0.06266666666666668,14.232666666666669,2.0,86.43400000000001,82.50066666666666,33.4,36.400666666666666,12.7,34.532666666666664,10.867333333333333,23.667333333333332,14.699333333333334,11.866000000000001,1.3739999999999999,11.132666666666667,29.800666666666665,37.620666666666665,18.199333333333335,35.266666666666666,52.13733333333334,12.7,16.932666666666666,75.30733333333333,1.0333333333333334,7.666666666666667,0.7086666666666666,1.7326666666666668,18.467333333333332,0.09333333333333334,11.866000000000001,2.2,89.23333333333333
