placar_casa,placar_visitante,data,round,stage,ano,equipe_casa,equipe_visitante,resultado,Pts_casa,3P_casa,2P_casa,LL_casa,RT_casa,RO_casa,RD_casa,AS_casa,ER_casa,IA%_casa,3PC_casa,3PT_casa,3P%_casa,2PC_casa,2PT_casa,2P%_casa,LLC_casa,LLT_casa,LL%_casa,EN_casa,BR_casa,B/E_casa,TO_casa,FC_casa,T/FC_casa,ET_casa,VI_casa,EF_casa,Pts_visitante,3P_visitante,2P_visitante,LL_visitante,RT_visitante,RO_visitante,RD_visitante,AS_visitante,ER_visitante,IA%_visitante,3PC_visitante,3PT_visitante,3P%_visitante,2PC_visitante,2PT_visitante,2P%_visitante,LLC_visitante,LLT_visitante,LL%_visitante,EN_visitante,BR_visitante,B/E_visitante,TO_visitante,FC_visitante,T/FC_visitante,ET_visitante,VI_visitante,EF_visitante
79,83,2020-03-05,7,2,2019-2020,Bauru Basket,Brasília,0,80.0,24.0,42.266666666666666,13.733333333333333,37.86666666666667,10.6,27.266666666666666,14.933333333333334,13.733333333333333,1.264,8.0,23.133333333333333,34.23466666666666,21.133333333333333,40.0,53.099333333333334,13.733333333333333,20.2,66.24133333333334,1.2666666666666666,7.866666666666666,0.5913333333333333,1.0,20.2,0.054000000000000006,13.733333333333333,1.6,87.46666666666667,77.2,22.6,37.93333333333333,16.666666666666668,37.46666666666667,11.066666666666666,26.4,15.866666666666667,15.666666666666666,1.0766666666666667,7.533333333333333,23.066666666666666,32.48466666666666,18.966666666666665,38.03333333333333,49.776666666666664,16.666666666666668,24.2,69.38533333333334,0.9666666666666667,6.2,0.41133333333333333,1.7666666666666666,19.966666666666665,0.09133333333333334,15.666666666666666,1.9666666666666666,80.56666666666666
