placar_casa,placar_visitante,data,round,stage,ano,equipe_casa,equipe_visitante,resultado,Pts_casa,3P_casa,2P_casa,LL_casa,RT_casa,RO_casa,RD_casa,AS_casa,ER_casa,IA%_casa,3PC_casa,3PT_casa,3P%_casa,2PC_casa,2PT_casa,2P%_casa,LLC_casa,LLT_casa,LL%_casa,EN_casa,BR_casa,B/E_casa,TO_casa,FC_casa,T/FC_casa,ET_casa,VI_casa,EF_casa,Pts_visitante,3P_visitante,2P_visitante,LL_visitante,RT_visitante,RO_visitante,RD_visitante,AS_visitante,ER_visitante,IA%_visitante,3PC_visitante,3PT_visitante,3P%_visitante,2PC_visitante,2PT_visitante,2P%_visitante,LLC_visitante,LLT_visitante,LL%_visitante,EN_visitante,BR_visitante,B/E_visitante,TO_visitante,FC_visitante,T/FC_visitante,ET_visitante,VI_visitante,EF_visitante
93,92,2009-04-03,4,2,2008-2009,Paulistano,Bauru Basket,1,74.73333333333333,20.2,40.266666666666666,14.266666666666667,30.866666666666667,10.666666666666666,20.2,14.066666666666666,16.266666666666666,0.9953333333333335,6.733333333333333,22.133333333333333,30.82933333333333,20.133333333333333,38.13333333333333,52.552,14.266666666666667,20.6,68.64133333333332,0.9333333333333333,8.2,0.538,3.066666666666667,22.6,0.13799999999999998,16.266666666666666,0.0,74.93333333333334,81.0,25.0,40.8,15.2,28.6,8.333333333333334,20.266666666666666,13.4,11.266666666666667,1.3886666666666665,8.333333333333334,22.533333333333335,36.63866666666667,20.4,37.06666666666667,55.45666666666667,15.2,19.6,78.56266666666666,1.2666666666666666,6.133333333333334,0.6066666666666667,2.4,18.533333333333335,0.13133333333333336,11.266666666666667,0.0,85.0
