placar_casa,placar_visitante,data,round,stage,ano,equipe_casa,equipe_visitante,resultado,Pts_casa,3P_casa,2P_casa,LL_casa,RT_casa,RO_casa,RD_casa,AS_casa,ER_casa,IA%_casa,3PC_casa,3PT_casa,3P%_casa,2PC_casa,2PT_casa,2P%_casa,LLC_casa,LLT_casa,LL%_casa,EN_casa,BR_casa,B/E_casa,TO_casa,FC_casa,T/FC_casa,ET_casa,VI_casa,EF_casa,Pts_visitante,3P_visitante,2P_visitante,LL_visitante,RT_visitante,RO_visitante,RD_visitante,AS_visitante,ER_visitante,IA%_visitante,3PC_visitante,3PT_visitante,3P%_visitante,2PC_visitante,2PT_visitante,2P%_visitante,LLC_visitante,LLT_visitante,LL%_visitante,EN_visitante,BR_visitante,B/E_visitante,TO_visitante,FC_visitante,T/FC_visitante,ET_visitante,VI_visitante,EF_visitante
88,86,2013-01-10,13,1,2012-2013,Uberlândia,Minas,1,83.81818181818181,63.27272727272727,42.18181818181818,13.818181818181818,30.454545454545453,7.0,23.454545454545453,18.0,13.454545454545455,1.3972727272727272,9.272727272727273,24.0,38.93,21.09090909090909,35.09090909090909,60.47272727272727,13.818181818181818,16.727272727272727,81.99818181818182,3.5454545454545454,5.545454545454546,0.44272727272727264,1.5454545454545454,20.454545454545453,0.08090909090909092,13.454545454545455,3.0,100.18181818181819,82.8,63.0,42.0,15.9,26.2,7.3,18.9,14.9,13.0,1.278,8.3,21.7,38.223,21.0,37.0,56.769999999999996,15.9,20.6,76.674,0.8,7.3,0.5959999999999999,2.3,21.6,0.11000000000000001,13.0,3.4,94.5
