placar_casa,placar_visitante,data,round,stage,ano,equipe_casa,equipe_visitante,resultado,Pts_casa,3P_casa,2P_casa,LL_casa,RT_casa,RO_casa,RD_casa,AS_casa,ER_casa,IA%_casa,3PC_casa,3PT_casa,3P%_casa,2PC_casa,2PT_casa,2P%_casa,LLC_casa,LLT_casa,LL%_casa,EN_casa,BR_casa,B/E_casa,TO_casa,FC_casa,T/FC_casa,ET_casa,VI_casa,EF_casa,Pts_visitante,3P_visitante,2P_visitante,LL_visitante,RT_visitante,RO_visitante,RD_visitante,AS_visitante,ER_visitante,IA%_visitante,3PC_visitante,3PT_visitante,3P%_visitante,2PC_visitante,2PT_visitante,2P%_visitante,LLC_visitante,LLT_visitante,LL%_visitante,EN_visitante,BR_visitante,B/E_visitante,TO_visitante,FC_visitante,T/FC_visitante,ET_visitante,VI_visitante,EF_visitante
76,65,2009-03-30,4,2,2008-2009,Flamengo,Limeira,1,95.8,31.8,46.4,17.6,31.733333333333334,9.533333333333333,22.2,18.466666666666665,14.066666666666666,1.4493333333333334,10.6,24.866666666666667,43.02533333333334,23.2,39.86666666666667,57.86666666666665,17.6,22.6,77.51,2.1333333333333333,9.266666666666667,0.7186666666666668,1.2666666666666666,19.533333333333335,0.06133333333333333,14.066666666666666,0.0,106.53333333333333,86.13333333333334,26.4,40.0,19.733333333333334,29.266666666666666,7.4,21.866666666666667,16.066666666666666,15.133333333333333,1.214,8.8,23.266666666666666,37.803333333333335,20.0,37.13333333333333,53.955999999999996,19.733333333333334,25.8,76.52399999999999,2.533333333333333,9.0,0.638,4.4,21.4,0.21266666666666667,15.133333333333333,0.0,92.06666666666666
