placar_casa,placar_visitante,data,round,stage,ano,equipe_casa,equipe_visitante,resultado,Pts_casa,3P_casa,2P_casa,LL_casa,RT_casa,RO_casa,RD_casa,AS_casa,ER_casa,IA%_casa,3PC_casa,3PT_casa,3P%_casa,2PC_casa,2PT_casa,2P%_casa,LLC_casa,LLT_casa,LL%_casa,EN_casa,BR_casa,B/E_casa,TO_casa,FC_casa,T/FC_casa,ET_casa,VI_casa,EF_casa,Pts_visitante,3P_visitante,2P_visitante,LL_visitante,RT_visitante,RO_visitante,RD_visitante,AS_visitante,ER_visitante,IA%_visitante,3PC_visitante,3PT_visitante,3P%_visitante,2PC_visitante,2PT_visitante,2P%_visitante,LLC_visitante,LLT_visitante,LL%_visitante,EN_visitante,BR_visitante,B/E_visitante,TO_visitante,FC_visitante,T/FC_visitante,ET_visitante,VI_visitante,EF_visitante
70,83,2023-12-07,8,1,2023-2024,São Paulo,Flamengo,0,77.88916666666667,26.0,37.61083333333333,14.277499999999998,33.19416666666667,8.583333333333334,24.610833333333332,15.694166666666668,10.389166666666666,1.5250000000000001,8.666666666666666,26.0275,32.62833333333333,18.805833333333332,34.19416666666667,54.5325,14.277499999999998,18.194166666666664,78.07333333333334,1.0,5.389166666666667,0.5166666666666666,2.0275,19.360833333333332,0.11750000000000001,10.389166666666666,1.3891666666666669,87.13916666666667,83.27272727272727,27.954545454545453,39.90909090909091,15.409090909090908,38.68181818181818,12.636363636363637,26.045454545454547,19.727272727272727,11.863636363636363,1.7563636363636368,9.318181818181818,30.727272727272727,30.516363636363636,19.954545454545453,34.22727272727273,58.42545454545455,15.409090909090908,20.0,77.13545454545455,2.1363636363636362,8.090909090909092,0.6900000000000001,1.6818181818181819,17.136363636363637,0.0990909090909091,11.863636363636363,2.5,99.31818181818181
