placar_casa,placar_visitante,data,round,stage,ano,equipe_casa,equipe_visitante,resultado,Pts_casa,3P_casa,2P_casa,LL_casa,RT_casa,RO_casa,RD_casa,AS_casa,ER_casa,IA%_casa,3PC_casa,3PT_casa,3P%_casa,2PC_casa,2PT_casa,2P%_casa,LLC_casa,LLT_casa,LL%_casa,EN_casa,BR_casa,B/E_casa,TO_casa,FC_casa,T/FC_casa,ET_casa,VI_casa,EF_casa,Pts_visitante,3P_visitante,2P_visitante,LL_visitante,RT_visitante,RO_visitante,RD_visitante,AS_visitante,ER_visitante,IA%_visitante,3PC_visitante,3PT_visitante,3P%_visitante,2PC_visitante,2PT_visitante,2P%_visitante,LLC_visitante,LLT_visitante,LL%_visitante,EN_visitante,BR_visitante,B/E_visitante,TO_visitante,FC_visitante,T/FC_visitante,ET_visitante,VI_visitante,EF_visitante
78,65,2021-05-02,3,4,2020-2021,Paulistano,Bauru Basket,1,77.63333333333334,30.9,36.266666666666666,10.466666666666667,41.733333333333334,13.5,28.233333333333334,18.733333333333334,12.566666666666666,1.5266666666666666,10.3,31.533333333333335,32.974000000000004,18.133333333333333,35.766666666666666,50.61933333333333,10.466666666666667,16.733333333333334,62.22000000000001,1.8,8.366666666666667,0.6719999999999999,1.4,18.5,0.07200000000000002,12.566666666666666,2.6,90.16666666666667,85.2,31.0,41.33266666666667,12.867333333333333,36.733333333333334,9.400666666666666,27.332666666666665,19.200666666666667,13.133999999999999,1.5706666666666667,10.333333333333334,27.065999999999995,37.88733333333334,20.667333333333335,35.93266666666667,57.7,12.867333333333333,18.934000000000005,68.75266666666667,1.6660000000000001,8.0,0.638,1.9993333333333334,20.267333333333337,0.09866666666666667,13.133999999999999,2.1333333333333333,99.93266666666666
