placar_casa,placar_visitante,data,round,stage,ano,equipe_casa,equipe_visitante,resultado,Pts_casa,3P_casa,2P_casa,LL_casa,RT_casa,RO_casa,RD_casa,AS_casa,ER_casa,IA%_casa,3PC_casa,3PT_casa,3P%_casa,2PC_casa,2PT_casa,2P%_casa,LLC_casa,LLT_casa,LL%_casa,EN_casa,BR_casa,B/E_casa,TO_casa,FC_casa,T/FC_casa,ET_casa,VI_casa,EF_casa,Pts_visitante,3P_visitante,2P_visitante,LL_visitante,RT_visitante,RO_visitante,RD_visitante,AS_visitante,ER_visitante,IA%_visitante,3PC_visitante,3PT_visitante,3P%_visitante,2PC_visitante,2PT_visitante,2P%_visitante,LLC_visitante,LLT_visitante,LL%_visitante,EN_visitante,BR_visitante,B/E_visitante,TO_visitante,FC_visitante,T/FC_visitante,ET_visitante,VI_visitante,EF_visitante
88,76,2013-05-25,5,5,2012-2013,Flamengo,Coop/São José Basketball,1,89.66666666666667,29.0,47.733333333333334,16.333333333333332,32.13333333333333,9.333333333333334,22.8,13.733333333333333,12.8,1.1546666666666667,8.533333333333333,21.4,40.388,23.866666666666667,42.4,56.12733333333333,16.333333333333332,22.066666666666666,74.69000000000001,1.8666666666666667,7.6,0.6573333333333333,1.5333333333333334,20.066666666666666,0.07933333333333333,12.8,1.6666666666666667,95.0,77.33333333333333,21.4,37.733333333333334,18.2,32.46666666666667,9.8,22.666666666666668,15.133333333333333,14.2,1.2086666666666666,7.133333333333334,22.266666666666666,31.61333333333333,18.866666666666667,37.93333333333333,49.42066666666667,18.2,23.266666666666666,77.65066666666668,0.4666666666666667,6.666666666666667,0.5246666666666667,2.7333333333333334,18.466666666666665,0.15866666666666665,14.2,2.533333333333333,80.86666666666666
