placar_casa,placar_visitante,data,round,stage,ano,equipe_casa,equipe_visitante,resultado,Pts_casa,3P_casa,2P_casa,LL_casa,RT_casa,RO_casa,RD_casa,AS_casa,ER_casa,IA%_casa,3PC_casa,3PT_casa,3P%_casa,2PC_casa,2PT_casa,2P%_casa,LLC_casa,LLT_casa,LL%_casa,EN_casa,BR_casa,B/E_casa,TO_casa,FC_casa,T/FC_casa,ET_casa,VI_casa,EF_casa,Pts_visitante,3P_visitante,2P_visitante,LL_visitante,RT_visitante,RO_visitante,RD_visitante,AS_visitante,ER_visitante,IA%_visitante,3PC_visitante,3PT_visitante,3P%_visitante,2PC_visitante,2PT_visitante,2P%_visitante,LLC_visitante,LLT_visitante,LL%_visitante,EN_visitante,BR_visitante,B/E_visitante,TO_visitante,FC_visitante,T/FC_visitante,ET_visitante,VI_visitante,EF_visitante
76,65,2009-02-23,8,1,2008-2009,Paulistano,Saldanha,1,71.28571428571429,21.428571428571427,35.714285714285715,14.142857142857142,29.857142857142858,10.428571428571429,19.428571428571427,14.571428571428571,16.142857142857142,1.0285714285714285,7.142857142857143,22.285714285714285,32.51714285714286,17.857142857142858,33.42857142857143,53.185714285714276,14.142857142857142,19.714285714285715,69.85285714285715,1.1428571428571428,6.285714285714286,0.42285714285714293,2.857142857142857,22.142857142857142,0.13,16.142857142857142,0.0,72.42857142857143,71.33333333333333,19.5,37.666666666666664,14.166666666666666,30.0,10.166666666666666,19.833333333333332,6.333333333333333,17.833333333333332,0.38999999999999996,6.5,20.666666666666668,31.66166666666666,18.833333333333332,39.333333333333336,49.913333333333334,14.166666666666666,22.0,64.515,3.1666666666666665,9.833333333333334,0.5516666666666666,2.1666666666666665,21.5,0.11,17.833333333333332,0.0,59.333333333333336
