placar_casa,placar_visitante,data,round,stage,ano,equipe_casa,equipe_visitante,resultado,Pts_casa,3P_casa,2P_casa,LL_casa,RT_casa,RO_casa,RD_casa,AS_casa,ER_casa,IA%_casa,3PC_casa,3PT_casa,3P%_casa,2PC_casa,2PT_casa,2P%_casa,LLC_casa,LLT_casa,LL%_casa,EN_casa,BR_casa,B/E_casa,TO_casa,FC_casa,T/FC_casa,ET_casa,VI_casa,EF_casa,Pts_visitante,3P_visitante,2P_visitante,LL_visitante,RT_visitante,RO_visitante,RD_visitante,AS_visitante,ER_visitante,IA%_visitante,3PC_visitante,3PT_visitante,3P%_visitante,2PC_visitante,2PT_visitante,2P%_visitante,LLC_visitante,LLT_visitante,LL%_visitante,EN_visitante,BR_visitante,B/E_visitante,TO_visitante,FC_visitante,T/FC_visitante,ET_visitante,VI_visitante,EF_visitante
89,88,2021-03-11,6,2,2020-2021,Pato Basquete,Pinheiros,1,76.00066666666667,24.2,37.2,14.600666666666665,37.22,10.711333333333332,26.511333333333333,15.490666666666664,13.489333333333331,1.3213333333333332,8.065999999999999,24.13266666666666,34.028666666666666,18.600000000000005,40.4,45.882,14.600666666666665,20.66733333333334,70.844,1.49,7.755333333333334,0.5993333333333335,1.8893333333333335,21.243333333333332,0.09266666666666667,13.489333333333331,2.7326666666666664,80.93400000000001,70.66533333333334,23.8,35.866,10.999333333333334,38.86866666666667,10.866666666666667,28.0,16.865333333333336,14.865333333333338,1.1793333333333331,7.932666666666666,26.866666666666667,29.500666666666664,17.934000000000005,40.53266666666668,44.01466666666667,10.999333333333334,16.133333333333336,67.81200000000001,1.0673333333333332,7.601333333333334,0.5266666666666666,2.201333333333334,18.000666666666675,0.12533333333333335,14.865333333333338,1.8013333333333335,74.66600000000001
