placar_casa,placar_visitante,data,round,stage,ano,equipe_casa,equipe_visitante,resultado,Pts_casa,3P_casa,2P_casa,LL_casa,RT_casa,RO_casa,RD_casa,AS_casa,ER_casa,IA%_casa,3PC_casa,3PT_casa,3P%_casa,2PC_casa,2PT_casa,2P%_casa,LLC_casa,LLT_casa,LL%_casa,EN_casa,BR_casa,B/E_casa,TO_casa,FC_casa,T/FC_casa,ET_casa,VI_casa,EF_casa,Pts_visitante,3P_visitante,2P_visitante,LL_visitante,RT_visitante,RO_visitante,RD_visitante,AS_visitante,ER_visitante,IA%_visitante,3PC_visitante,3PT_visitante,3P%_visitante,2PC_visitante,2PT_visitante,2P%_visitante,LLC_visitante,LLT_visitante,LL%_visitante,EN_visitante,BR_visitante,B/E_visitante,TO_visitante,FC_visitante,T/FC_visitante,ET_visitante,VI_visitante,EF_visitante
91,86,2021-03-04,5,2,2020-2021,Flamengo,Bauru Basket,1,88.65466666666666,40.9,33.888,13.866666666666667,41.83266666666667,12.366000000000001,29.466666666666665,21.666666666666668,11.544000000000002,1.947333333333333,13.632666666666667,38.032666666666664,35.452000000000005,16.945333333333338,29.755333333333333,56.93066666666666,13.866666666666667,18.746,73.57199999999999,1.1540000000000001,6.766666666666667,0.5986666666666667,1.5226666666666666,16.87666666666667,0.09133333333333332,11.544000000000002,1.9780000000000002,106.81066666666669,79.00066666666666,30.7,36.13333333333333,12.167333333333334,35.89933333333333,9.166666666666666,26.73466666666667,17.100666666666665,11.433333333333334,1.5173333333333334,10.232666666666667,28.967333333333332,34.67066666666666,18.066666666666666,34.766666666666666,52.58133333333334,12.167333333333334,17.532666666666664,68.96066666666665,1.1346666666666667,7.632666666666666,0.6773333333333335,1.866,19.266,0.0986666666666667,11.433333333333334,1.5013333333333334,89.26600000000002
