placar_casa,placar_visitante,data,round,stage,ano,equipe_casa,equipe_visitante,resultado,Pts_casa,3P_casa,2P_casa,LL_casa,RT_casa,RO_casa,RD_casa,AS_casa,ER_casa,IA%_casa,3PC_casa,3PT_casa,3P%_casa,2PC_casa,2PT_casa,2P%_casa,LLC_casa,LLT_casa,LL%_casa,EN_casa,BR_casa,B/E_casa,TO_casa,FC_casa,T/FC_casa,ET_casa,VI_casa,EF_casa,Pts_visitante,3P_visitante,2P_visitante,LL_visitante,RT_visitante,RO_visitante,RD_visitante,AS_visitante,ER_visitante,IA%_visitante,3PC_visitante,3PT_visitante,3P%_visitante,2PC_visitante,2PT_visitante,2P%_visitante,LLC_visitante,LLT_visitante,LL%_visitante,EN_visitante,BR_visitante,B/E_visitante,TO_visitante,FC_visitante,T/FC_visitante,ET_visitante,VI_visitante,EF_visitante
85,79,2024-03-04,7,2,2023-2024,UNIFACISA,Pato Basquete,1,87.55600000000001,35.93333333333333,36.266666666666666,15.356,35.68933333333334,9.289333333333333,26.4,18.77733333333333,13.022666666666668,1.467333333333333,11.977333333333332,32.86666666666667,35.99466666666667,18.133333333333333,31.77733333333333,57.27133333333332,15.356,19.489333333333335,77.26866666666666,0.6,7.710666666666667,0.5953333333333333,1.9333333333333333,17.243999999999996,0.11933333333333337,13.022666666666668,2.377333333333333,99.97733333333332,78.466,27.0,41.066,10.4,38.0,11.8,26.2,17.13266666666667,10.8,1.6753333333333336,8.999333333333334,29.132666666666662,30.831333333333337,20.534000000000002,37.199333333333335,55.17999999999999,10.4,15.532666666666668,67.52933333333334,1.3326666666666669,4.267333333333334,0.4033333333333334,1.1993333333333334,19.534,0.06200000000000002,10.8,1.6660000000000001,86.33399999999999
