placar_casa,placar_visitante,data,round,stage,ano,equipe_casa,equipe_visitante,resultado,Pts_casa,3P_casa,2P_casa,LL_casa,RT_casa,RO_casa,RD_casa,AS_casa,ER_casa,IA%_casa,3PC_casa,3PT_casa,3P%_casa,2PC_casa,2PT_casa,2P%_casa,LLC_casa,LLT_casa,LL%_casa,EN_casa,BR_casa,B/E_casa,TO_casa,FC_casa,T/FC_casa,ET_casa,VI_casa,EF_casa,Pts_visitante,3P_visitante,2P_visitante,LL_visitante,RT_visitante,RO_visitante,RD_visitante,AS_visitante,ER_visitante,IA%_visitante,3PC_visitante,3PT_visitante,3P%_visitante,2PC_visitante,2PT_visitante,2P%_visitante,LLC_visitante,LLT_visitante,LL%_visitante,EN_visitante,BR_visitante,B/E_visitante,TO_visitante,FC_visitante,T/FC_visitante,ET_visitante,VI_visitante,EF_visitante
79,72,2016-03-29,15,2,2015-2016,Caxias do Sul Basquete,Pinheiros,1,73.86666666666666,28.6,32.0,13.266666666666667,31.8,9.0,22.8,14.733333333333333,14.2,1.0973333333333335,9.533333333333333,27.466666666666665,35.27066666666667,16.0,32.8,48.64266666666667,13.266666666666667,17.933333333333334,73.98866666666666,1.4,10.333333333333334,0.7473333333333335,1.5333333333333334,22.6,0.07066666666666667,14.2,3.933333333333333,78.66666666666667,83.66666666666667,23.0,42.666666666666664,18.0,39.0,11.8,27.2,16.0,15.466666666666667,1.084666666666667,7.666666666666667,21.4,36.132,21.333333333333332,43.46666666666667,49.561333333333344,18.0,23.0,77.78533333333334,1.6,11.866666666666667,0.8046666666666666,2.4,20.666666666666668,0.12666666666666665,15.466666666666667,3.066666666666667,96.6
