placar_casa,placar_visitante,data,round,stage,ano,equipe_casa,equipe_visitante,resultado,Pts_casa,3P_casa,2P_casa,LL_casa,RT_casa,RO_casa,RD_casa,AS_casa,ER_casa,IA%_casa,3PC_casa,3PT_casa,3P%_casa,2PC_casa,2PT_casa,2P%_casa,LLC_casa,LLT_casa,LL%_casa,EN_casa,BR_casa,B/E_casa,TO_casa,FC_casa,T/FC_casa,ET_casa,VI_casa,EF_casa,Pts_visitante,3P_visitante,2P_visitante,LL_visitante,RT_visitante,RO_visitante,RD_visitante,AS_visitante,ER_visitante,IA%_visitante,3PC_visitante,3PT_visitante,3P%_visitante,2PC_visitante,2PT_visitante,2P%_visitante,LLC_visitante,LLT_visitante,LL%_visitante,EN_visitante,BR_visitante,B/E_visitante,TO_visitante,FC_visitante,T/FC_visitante,ET_visitante,VI_visitante,EF_visitante
81,88,2015-01-29,4,2,2014-2015,Pinheiros,Mogi,0,80.86666666666666,26.2,39.6,15.066666666666666,34.4,10.533333333333333,23.866666666666667,14.4,13.8,1.118,8.733333333333333,26.133333333333333,33.28466666666666,19.8,38.6,51.29866666666666,15.066666666666666,19.8,75.02199999999999,1.8,10.4,0.8086666666666668,2.6,20.6,0.126,13.8,2.2,87.93333333333334,83.33333333333333,24.2,42.0,17.133333333333333,37.733333333333334,13.133333333333333,24.6,15.533333333333333,14.866666666666667,1.1333333333333333,8.066666666666666,20.733333333333334,39.076,21.0,41.06666666666667,51.42733333333334,17.133333333333333,21.866666666666667,77.11533333333334,2.533333333333333,10.0,0.7046666666666668,2.3333333333333335,21.333333333333332,0.10933333333333334,14.866666666666667,2.933333333333333,96.6
