placar_casa,placar_visitante,data,round,stage,ano,equipe_casa,equipe_visitante,resultado,Pts_casa,3P_casa,2P_casa,LL_casa,RT_casa,RO_casa,RD_casa,AS_casa,ER_casa,IA%_casa,3PC_casa,3PT_casa,3P%_casa,2PC_casa,2PT_casa,2P%_casa,LLC_casa,LLT_casa,LL%_casa,EN_casa,BR_casa,B/E_casa,TO_casa,FC_casa,T/FC_casa,ET_casa,VI_casa,EF_casa,Pts_visitante,3P_visitante,2P_visitante,LL_visitante,RT_visitante,RO_visitante,RD_visitante,AS_visitante,ER_visitante,IA%_visitante,3PC_visitante,3PT_visitante,3P%_visitante,2PC_visitante,2PT_visitante,2P%_visitante,LLC_visitante,LLT_visitante,LL%_visitante,EN_visitante,BR_visitante,B/E_visitante,TO_visitante,FC_visitante,T/FC_visitante,ET_visitante,VI_visitante,EF_visitante
95,63,2012-03-03,10,2,2011-2012,Bauru Basket,Araraquara,1,81.91666666666667,23.0,43.666666666666664,15.25,33.083333333333336,10.916666666666666,22.166666666666668,13.0,10.25,1.535,7.666666666666667,22.166666666666668,35.4175,21.833333333333332,41.75,53.0325,15.25,19.25,78.84333333333333,1.8333333333333333,6.416666666666667,0.7599999999999999,2.5,17.75,0.13500000000000004,10.25,2.75,89.91666666666667,78.16666666666667,19.0,45.0,14.166666666666666,24.416666666666668,5.916666666666667,18.5,14.333333333333334,13.666666666666666,1.0675,6.333333333333333,19.0,32.725,22.5,43.083333333333336,52.517500000000005,14.166666666666666,18.583333333333332,75.96333333333334,0.9166666666666666,7.0,0.5208333333333334,2.0833333333333335,22.083333333333332,0.09583333333333334,13.666666666666666,2.9166666666666665,76.08333333333333
