placar_casa,placar_visitante,data,round,stage,ano,equipe_casa,equipe_visitante,resultado,Pts_casa,3P_casa,2P_casa,LL_casa,RT_casa,RO_casa,RD_casa,AS_casa,ER_casa,IA%_casa,3PC_casa,3PT_casa,3P%_casa,2PC_casa,2PT_casa,2P%_casa,LLC_casa,LLT_casa,LL%_casa,EN_casa,BR_casa,B/E_casa,TO_casa,FC_casa,T/FC_casa,ET_casa,VI_casa,EF_casa,Pts_visitante,3P_visitante,2P_visitante,LL_visitante,RT_visitante,RO_visitante,RD_visitante,AS_visitante,ER_visitante,IA%_visitante,3PC_visitante,3PT_visitante,3P%_visitante,2PC_visitante,2PT_visitante,2P%_visitante,LLC_visitante,LLT_visitante,LL%_visitante,EN_visitante,BR_visitante,B/E_visitante,TO_visitante,FC_visitante,T/FC_visitante,ET_visitante,VI_visitante,EF_visitante
79,75,2024-01-12,1,2,2023-2024,União Corinthians,Caxias do Sul Basquete,1,70.6,25.8,32.53333333333333,12.266666666666667,34.06666666666667,9.666666666666666,24.4,14.533333333333333,12.733333333333333,1.1933333333333331,8.6,27.6,31.774666666666672,16.266666666666666,34.733333333333334,46.93066666666667,12.266666666666667,17.133333333333333,70.35933333333334,0.5333333333333333,5.466666666666667,0.44666666666666666,1.6,21.6,0.07800000000000001,12.733333333333333,2.066666666666667,71.2,72.93333333333334,23.4,35.6,13.933333333333334,35.733333333333334,11.333333333333334,24.4,16.0,15.266666666666667,1.066,7.8,25.8,30.62333333333333,17.8,37.53333333333333,47.414,13.933333333333334,20.333333333333332,68.82666666666665,2.6666666666666665,7.4,0.48800000000000004,1.9333333333333333,20.266666666666666,0.09666666666666666,15.266666666666667,3.8666666666666667,74.6
