placar_casa,placar_visitante,data,round,stage,ano,equipe_casa,equipe_visitante,resultado,Pts_casa,3P_casa,2P_casa,LL_casa,RT_casa,RO_casa,RD_casa,AS_casa,ER_casa,IA%_casa,3PC_casa,3PT_casa,3P%_casa,2PC_casa,2PT_casa,2P%_casa,LLC_casa,LLT_casa,LL%_casa,EN_casa,BR_casa,B/E_casa,TO_casa,FC_casa,T/FC_casa,ET_casa,VI_casa,EF_casa,Pts_visitante,3P_visitante,2P_visitante,LL_visitante,RT_visitante,RO_visitante,RD_visitante,AS_visitante,ER_visitante,IA%_visitante,3PC_visitante,3PT_visitante,3P%_visitante,2PC_visitante,2PT_visitante,2P%_visitante,LLC_visitante,LLT_visitante,LL%_visitante,EN_visitante,BR_visitante,B/E_visitante,TO_visitante,FC_visitante,T/FC_visitante,ET_visitante,VI_visitante,EF_visitante
59,69,2024-06-13,4,6,2023-2024,Flamengo,Sesi Franca,0,83.79933333333334,32.6,40.39933333333333,10.8,38.266,10.000666666666666,28.267333333333333,20.666666666666668,12.932666666666668,1.7613333333333334,10.867333333333333,28.199333333333335,39.056000000000004,20.200666666666667,35.134,57.184666666666665,10.8,15.799333333333333,67.72466666666666,2.3333333333333335,9.400666666666666,0.8279999999999998,0.734,18.267333333333333,0.044000000000000004,12.932666666666668,2.266,102.66733333333333,81.44466666666668,27.6,37.95533333333333,15.888666666666666,39.44466666666667,10.333333333333334,29.111333333333334,18.4,13.111333333333334,1.4720000000000004,9.2,26.333333333333332,35.23666666666667,18.978,34.64466666666667,55.10333333333333,15.888666666666666,19.6,81.48666666666668,2.178,6.155333333333333,0.5206666666666667,2.2886666666666664,20.311333333333334,0.11466666666666668,13.111333333333334,2.3113333333333332,98.11133333333333
