placar_casa,placar_visitante,data,round,stage,ano,equipe_casa,equipe_visitante,resultado,Pts_casa,3P_casa,2P_casa,LL_casa,RT_casa,RO_casa,RD_casa,AS_casa,ER_casa,IA%_casa,3PC_casa,3PT_casa,3P%_casa,2PC_casa,2PT_casa,2P%_casa,LLC_casa,LLT_casa,LL%_casa,EN_casa,BR_casa,B/E_casa,TO_casa,FC_casa,T/FC_casa,ET_casa,VI_casa,EF_casa,Pts_visitante,3P_visitante,2P_visitante,LL_visitante,RT_visitante,RO_visitante,RD_visitante,AS_visitante,ER_visitante,IA%_visitante,3PC_visitante,3PT_visitante,3P%_visitante,2PC_visitante,2PT_visitante,2P%_visitante,LLC_visitante,LLT_visitante,LL%_visitante,EN_visitante,BR_visitante,B/E_visitante,TO_visitante,FC_visitante,T/FC_visitante,ET_visitante,VI_visitante,EF_visitante
102,87,2022-02-18,4,2,2021-2022,Bauru Basket,São Paulo,1,77.4,30.6,35.733333333333334,11.066666666666666,33.86666666666667,7.933333333333334,25.933333333333334,17.933333333333334,11.8,1.582,10.2,29.4,34.67333333333333,17.866666666666667,33.6,53.31933333333335,11.066666666666666,15.8,69.954,1.4,6.933333333333334,0.602,1.8,18.266666666666666,0.10400000000000004,11.8,1.8666666666666667,86.46666666666667,83.4,33.0,36.266666666666666,14.133333333333333,34.46666666666667,6.6,27.866666666666667,17.466666666666665,12.166666666666666,1.5433333333333332,11.0,28.9,38.015333333333324,18.133333333333333,31.6,57.16733333333334,14.133333333333333,19.1,73.65666666666668,2.0,7.2,0.6053333333333335,2.6,17.866666666666667,0.14666666666666664,12.166666666666666,2.3666666666666667,96.63333333333334
