placar_casa,placar_visitante,data,round,stage,ano,equipe_casa,equipe_visitante,resultado,Pts_casa,3P_casa,2P_casa,LL_casa,RT_casa,RO_casa,RD_casa,AS_casa,ER_casa,IA%_casa,3PC_casa,3PT_casa,3P%_casa,2PC_casa,2PT_casa,2P%_casa,LLC_casa,LLT_casa,LL%_casa,EN_casa,BR_casa,B/E_casa,TO_casa,FC_casa,T/FC_casa,ET_casa,VI_casa,EF_casa,Pts_visitante,3P_visitante,2P_visitante,LL_visitante,RT_visitante,RO_visitante,RD_visitante,AS_visitante,ER_visitante,IA%_visitante,3PC_visitante,3PT_visitante,3P%_visitante,2PC_visitante,2PT_visitante,2P%_visitante,LLC_visitante,LLT_visitante,LL%_visitante,EN_visitante,BR_visitante,B/E_visitante,TO_visitante,FC_visitante,T/FC_visitante,ET_visitante,VI_visitante,EF_visitante
73,64,2013-01-12,14,1,2012-2013,Uberlândia,Espírito Santo,1,84.16666666666667,62.75,41.833333333333336,15.083333333333334,30.166666666666668,7.25,22.916666666666668,18.083333333333332,13.75,1.3741666666666665,9.083333333333334,23.583333333333332,38.755833333333335,20.916666666666668,35.0,60.089999999999996,15.083333333333334,17.833333333333332,83.22083333333333,3.3333333333333335,5.583333333333333,0.4349999999999999,1.5,20.416666666666668,0.07833333333333334,13.75,2.8333333333333335,100.0,80.5,52.5,35.0,17.5,28.5,8.5,20.0,12.0,13.833333333333334,0.9483333333333334,9.333333333333334,24.75,38.01416666666666,17.5,36.083333333333336,48.63999999999999,17.5,22.833333333333332,75.21333333333334,1.4166666666666667,8.25,0.6325,1.6666666666666667,20.833333333333332,0.08,13.833333333333334,3.9166666666666665,87.0
