placar_casa,placar_visitante,data,round,stage,ano,equipe_casa,equipe_visitante,resultado,Pts_casa,3P_casa,2P_casa,LL_casa,RT_casa,RO_casa,RD_casa,AS_casa,ER_casa,IA%_casa,3PC_casa,3PT_casa,3P%_casa,2PC_casa,2PT_casa,2P%_casa,LLC_casa,LLT_casa,LL%_casa,EN_casa,BR_casa,B/E_casa,TO_casa,FC_casa,T/FC_casa,ET_casa,VI_casa,EF_casa,Pts_visitante,3P_visitante,2P_visitante,LL_visitante,RT_visitante,RO_visitante,RD_visitante,AS_visitante,ER_visitante,IA%_visitante,3PC_visitante,3PT_visitante,3P%_visitante,2PC_visitante,2PT_visitante,2P%_visitante,LLC_visitante,LLT_visitante,LL%_visitante,EN_visitante,BR_visitante,B/E_visitante,TO_visitante,FC_visitante,T/FC_visitante,ET_visitante,VI_visitante,EF_visitante
96,84,2015-03-13,11,2,2014-2015,Fortaleza B. C. / CFO,Brasília,1,77.53333333333333,26.8,35.86666666666667,14.866666666666667,34.13333333333333,11.2,22.933333333333334,13.533333333333333,11.6,1.2373333333333334,8.933333333333334,29.0,31.312000000000005,17.933333333333334,35.2,50.92066666666667,14.866666666666667,20.466666666666665,73.978,0.6666666666666666,9.666666666666666,0.9493333333333333,2.8666666666666667,19.133333333333333,0.16133333333333333,11.6,2.2,83.2,84.73333333333333,27.2,40.8,16.733333333333334,35.266666666666666,7.666666666666667,27.6,18.666666666666668,13.0,1.5593333333333335,9.066666666666666,23.866666666666667,38.149333333333324,20.4,36.266666666666666,56.952,16.733333333333334,21.266666666666666,78.41733333333333,2.2666666666666666,7.2,0.6106666666666667,2.7333333333333334,21.466666666666665,0.12933333333333336,13.0,2.2,100.4
