placar_casa,placar_visitante,data,round,stage,ano,equipe_casa,equipe_visitante,resultado,Pts_casa,3P_casa,2P_casa,LL_casa,RT_casa,RO_casa,RD_casa,AS_casa,ER_casa,IA%_casa,3PC_casa,3PT_casa,3P%_casa,2PC_casa,2PT_casa,2P%_casa,LLC_casa,LLT_casa,LL%_casa,EN_casa,BR_casa,B/E_casa,TO_casa,FC_casa,T/FC_casa,ET_casa,VI_casa,EF_casa,Pts_visitante,3P_visitante,2P_visitante,LL_visitante,RT_visitante,RO_visitante,RD_visitante,AS_visitante,ER_visitante,IA%_visitante,3PC_visitante,3PT_visitante,3P%_visitante,2PC_visitante,2PT_visitante,2P%_visitante,LLC_visitante,LLT_visitante,LL%_visitante,EN_visitante,BR_visitante,B/E_visitante,TO_visitante,FC_visitante,T/FC_visitante,ET_visitante,VI_visitante,EF_visitante
73,77,2015-02-06,6,2,2014-2015,Coop/São José Basketball,Limeira,0,78.06666666666666,18.6,45.2,14.266666666666667,35.8,9.4,26.4,17.0,14.133333333333333,1.3266666666666667,6.2,19.133333333333333,32.49400000000001,22.6,42.666666666666664,53.03933333333334,14.266666666666667,18.266666666666666,76.62533333333333,1.3333333333333333,7.866666666666666,0.6073333333333333,2.1333333333333333,19.266666666666666,0.11200000000000002,14.133333333333333,2.8,89.73333333333333,83.0,28.8,41.333333333333336,12.866666666666667,31.533333333333335,8.666666666666666,22.866666666666667,18.4,12.333333333333334,1.5433333333333332,9.6,23.333333333333332,41.346000000000004,20.666666666666668,37.266666666666666,55.234,12.866666666666667,16.133333333333333,78.92666666666666,2.2666666666666666,9.4,0.7653333333333335,3.066666666666667,19.666666666666668,0.15266666666666667,12.333333333333334,2.533333333333333,99.46666666666667
