placar_casa,placar_visitante,data,round,stage,ano,equipe_casa,equipe_visitante,resultado,Pts_casa,3P_casa,2P_casa,LL_casa,RT_casa,RO_casa,RD_casa,AS_casa,ER_casa,IA%_casa,3PC_casa,3PT_casa,3P%_casa,2PC_casa,2PT_casa,2P%_casa,LLC_casa,LLT_casa,LL%_casa,EN_casa,BR_casa,B/E_casa,TO_casa,FC_casa,T/FC_casa,ET_casa,VI_casa,EF_casa,Pts_visitante,3P_visitante,2P_visitante,LL_visitante,RT_visitante,RO_visitante,RD_visitante,AS_visitante,ER_visitante,IA%_visitante,3PC_visitante,3PT_visitante,3P%_visitante,2PC_visitante,2PT_visitante,2P%_visitante,LLC_visitante,LLT_visitante,LL%_visitante,EN_visitante,BR_visitante,B/E_visitante,TO_visitante,FC_visitante,T/FC_visitante,ET_visitante,VI_visitante,EF_visitante
80,66,2024-05-07,2,4,2023-2024,Bauru Basket,R10 Score Vasco da Gama,1,85.53333333333333,32.0,41.46666666666667,12.066666666666666,34.13333333333333,8.2,25.933333333333334,21.6,12.8,1.7873333333333332,10.666666666666666,27.333333333333332,38.878,20.733333333333334,35.266666666666666,59.330000000000005,12.066666666666666,17.133333333333333,70.958,1.4,7.666666666666667,0.6266666666666667,2.466666666666667,21.866666666666667,0.11733333333333335,12.8,1.8,102.33333333333333,76.66666666666667,27.2,35.06666666666667,14.4,36.46666666666667,9.133333333333333,27.333333333333332,19.666666666666668,14.266666666666667,1.4306666666666668,9.066666666666666,27.533333333333335,33.452,17.533333333333335,32.733333333333334,53.57,14.4,19.066666666666666,75.58733333333335,2.2,6.933333333333334,0.48533333333333334,2.2666666666666666,21.2,0.1106666666666667,14.266666666666667,2.933333333333333,89.4
