placar_casa,placar_visitante,data,round,stage,ano,equipe_casa,equipe_visitante,resultado,Pts_casa,3P_casa,2P_casa,LL_casa,RT_casa,RO_casa,RD_casa,AS_casa,ER_casa,IA%_casa,3PC_casa,3PT_casa,3P%_casa,2PC_casa,2PT_casa,2P%_casa,LLC_casa,LLT_casa,LL%_casa,EN_casa,BR_casa,B/E_casa,TO_casa,FC_casa,T/FC_casa,ET_casa,VI_casa,EF_casa,Pts_visitante,3P_visitante,2P_visitante,LL_visitante,RT_visitante,RO_visitante,RD_visitante,AS_visitante,ER_visitante,IA%_visitante,3PC_visitante,3PT_visitante,3P%_visitante,2PC_visitante,2PT_visitante,2P%_visitante,LLC_visitante,LLT_visitante,LL%_visitante,EN_visitante,BR_visitante,B/E_visitante,TO_visitante,FC_visitante,T/FC_visitante,ET_visitante,VI_visitante,EF_visitante
65,83,2024-04-18,1,3,2023-2024,Corinthians,Paulistano,0,84.46666666666667,34.3,38.06666666666667,12.1,36.06666666666667,9.166666666666666,26.9,20.466666666666665,13.033333333333333,1.6826666666666665,11.433333333333334,29.333333333333332,38.416666666666664,19.033333333333335,34.333333333333336,55.37266666666667,12.1,16.9,73.69999999999999,1.8,6.6,0.524,2.0,16.2,0.13200000000000003,13.033333333333333,1.9,98.56666666666666,77.93333333333334,27.4,39.199333333333335,11.333999999999998,37.266,9.466000000000001,27.8,18.066666666666666,12.266666666666667,1.6179999999999997,9.133999999999999,25.267333333333337,35.78333333333333,19.60066666666667,36.866,52.976,11.333999999999998,17.332666666666665,66.05066666666667,1.9326666666666663,8.065999999999999,0.7026666666666667,2.0673333333333335,19.267333333333337,0.1126666666666667,12.266666666666667,2.8,91.73333333333333
