placar_casa,placar_visitante,data,round,stage,ano,equipe_casa,equipe_visitante,resultado,Pts_casa,3P_casa,2P_casa,LL_casa,RT_casa,RO_casa,RD_casa,AS_casa,ER_casa,IA%_casa,3PC_casa,3PT_casa,3P%_casa,2PC_casa,2PT_casa,2P%_casa,LLC_casa,LLT_casa,LL%_casa,EN_casa,BR_casa,B/E_casa,TO_casa,FC_casa,T/FC_casa,ET_casa,VI_casa,EF_casa,Pts_visitante,3P_visitante,2P_visitante,LL_visitante,RT_visitante,RO_visitante,RD_visitante,AS_visitante,ER_visitante,IA%_visitante,3PC_visitante,3PT_visitante,3P%_visitante,2PC_visitante,2PT_visitante,2P%_visitante,LLC_visitante,LLT_visitante,LL%_visitante,EN_visitante,BR_visitante,B/E_visitante,TO_visitante,FC_visitante,T/FC_visitante,ET_visitante,VI_visitante,EF_visitante
79,63,2023-12-27,11,1,2023-2024,Pato Basquete,União Corinthians,1,75.0,26.8,38.13333333333333,10.066666666666666,36.86666666666667,11.466666666666667,25.4,17.4,11.466666666666667,1.6213333333333333,8.933333333333334,29.0,30.697999999999997,19.066666666666666,36.266666666666666,52.80800000000001,10.066666666666666,15.066666666666666,66.5,1.4666666666666666,5.666666666666667,0.508,0.8,18.4,0.047333333333333345,11.466666666666667,2.466666666666667,82.0,72.6,25.6,33.333333333333336,13.666666666666666,34.6,9.066666666666666,25.533333333333335,14.066666666666666,13.2,1.115333333333333,8.533333333333333,25.466666666666665,33.89266666666666,16.666666666666668,35.0,47.684666666666665,13.666666666666666,18.0,74.66199999999999,0.4666666666666667,5.4,0.4166666666666668,1.9333333333333333,21.2,0.09133333333333334,13.2,2.1333333333333333,75.8
