placar_casa,placar_visitante,data,round,stage,ano,equipe_casa,equipe_visitante,resultado,Pts_casa,3P_casa,2P_casa,LL_casa,RT_casa,RO_casa,RD_casa,AS_casa,ER_casa,IA%_casa,3PC_casa,3PT_casa,3P%_casa,2PC_casa,2PT_casa,2P%_casa,LLC_casa,LLT_casa,LL%_casa,EN_casa,BR_casa,B/E_casa,TO_casa,FC_casa,T/FC_casa,ET_casa,VI_casa,EF_casa,Pts_visitante,3P_visitante,2P_visitante,LL_visitante,RT_visitante,RO_visitante,RD_visitante,AS_visitante,ER_visitante,IA%_visitante,3PC_visitante,3PT_visitante,3P%_visitante,2PC_visitante,2PT_visitante,2P%_visitante,LLC_visitante,LLT_visitante,LL%_visitante,EN_visitante,BR_visitante,B/E_visitante,TO_visitante,FC_visitante,T/FC_visitante,ET_visitante,VI_visitante,EF_visitante
96,74,2022-02-02,2,2,2021-2022,Bauru Basket,BRB/Brasília,1,77.73333333333333,30.0,36.333333333333336,11.4,34.2,8.133333333333333,26.066666666666666,18.366666666666667,11.466666666666667,1.6506666666666665,10.0,30.0,33.304,18.166666666666668,32.46666666666667,56.06333333333334,11.4,15.5,74.01133333333334,1.0,7.133333333333334,0.6359999999999999,2.1,18.533333333333335,0.11933333333333335,11.466666666666667,1.9333333333333333,89.66666666666667,69.96733333333333,19.3,35.934,14.733333333333333,41.534,11.366000000000001,30.165999999999997,12.766,16.1,0.8520000000000001,6.432666666666666,23.566666666666666,26.88533333333333,17.966,37.03333333333333,48.32666666666667,14.733333333333333,21.632666666666662,66.554,1.1326666666666667,4.532666666666667,0.29,2.7340000000000004,18.266000000000002,0.15333333333333332,16.1,2.5673333333333335,72.33333333333333
