placar_casa,placar_visitante,data,round,stage,ano,equipe_casa,equipe_visitante,resultado,Pts_casa,3P_casa,2P_casa,LL_casa,RT_casa,RO_casa,RD_casa,AS_casa,ER_casa,IA%_casa,3PC_casa,3PT_casa,3P%_casa,2PC_casa,2PT_casa,2P%_casa,LLC_casa,LLT_casa,LL%_casa,EN_casa,BR_casa,B/E_casa,TO_casa,FC_casa,T/FC_casa,ET_casa,VI_casa,EF_casa,Pts_visitante,3P_visitante,2P_visitante,LL_visitante,RT_visitante,RO_visitante,RD_visitante,AS_visitante,ER_visitante,IA%_visitante,3PC_visitante,3PT_visitante,3P%_visitante,2PC_visitante,2PT_visitante,2P%_visitante,LLC_visitante,LLT_visitante,LL%_visitante,EN_visitante,BR_visitante,B/E_visitante,TO_visitante,FC_visitante,T/FC_visitante,ET_visitante,VI_visitante,EF_visitante
78,85,2021-04-03,8,2,2020-2021,Corinthians,São Paulo,0,84.39933333333332,35.4,35.244666666666674,13.756,38.288666666666664,10.266,28.022,18.17733333333333,12.755333333333335,1.4940000000000002,11.8,29.732666666666663,39.47266666666667,17.622,35.467333333333336,49.94333333333334,13.756,17.711333333333336,78.90533333333333,1.1113333333333335,5.910666666666667,0.4926666666666667,2.022,19.444666666666667,0.10733333333333335,12.755333333333335,1.3773333333333333,96.31066666666666,86.80066666666666,31.4,41.466,13.932666666666668,39.26733333333333,9.799333333333333,29.465999999999998,18.400666666666666,11.999333333333334,1.5693333333333332,10.467333333333332,28.8,36.43866666666666,20.733999999999998,36.99933333333333,55.957333333333324,13.932666666666668,17.866666666666667,78.32266666666666,2.334,7.800666666666667,0.6633333333333334,2.8666666666666667,14.400666666666666,0.20666666666666667,11.999333333333334,1.6660000000000001,104.60066666666665
