placar_casa,placar_visitante,data,round,stage,ano,equipe_casa,equipe_visitante,resultado,Pts_casa,3P_casa,2P_casa,LL_casa,RT_casa,RO_casa,RD_casa,AS_casa,ER_casa,IA%_casa,3PC_casa,3PT_casa,3P%_casa,2PC_casa,2PT_casa,2P%_casa,LLC_casa,LLT_casa,LL%_casa,EN_casa,BR_casa,B/E_casa,TO_casa,FC_casa,T/FC_casa,ET_casa,VI_casa,EF_casa,Pts_visitante,3P_visitante,2P_visitante,LL_visitante,RT_visitante,RO_visitante,RD_visitante,AS_visitante,ER_visitante,IA%_visitante,3PC_visitante,3PT_visitante,3P%_visitante,2PC_visitante,2PT_visitante,2P%_visitante,LLC_visitante,LLT_visitante,LL%_visitante,EN_visitante,BR_visitante,B/E_visitante,TO_visitante,FC_visitante,T/FC_visitante,ET_visitante,VI_visitante,EF_visitante
80,63,2024-03-05,7,2,2023-2024,Pinheiros,Caxias do Sul Basquete,1,74.53266666666667,24.8,35.60066666666667,14.133999999999999,38.2,11.799333333333333,26.400666666666666,18.199333333333335,12.466000000000001,1.616666666666667,8.266,26.666666666666668,32.144,17.799333333333333,36.73266666666667,48.453333333333326,14.133999999999999,18.934,74.11666666666665,1.2673333333333332,4.866666666666666,0.4146666666666667,2.4673333333333334,19.666666666666668,0.12400000000000004,12.466000000000001,2.332666666666667,83.666,72.76666666666667,20.3,36.53333333333333,15.933333333333334,35.1,11.033333333333333,24.066666666666666,15.366666666666667,14.6,1.140666666666667,6.766666666666667,25.133333333333333,26.791333333333334,18.266666666666666,36.666666666666664,50.05733333333333,15.933333333333334,22.3,71.15333333333334,1.9,6.933333333333334,0.5053333333333333,2.2666666666666666,21.866666666666667,0.10533333333333333,14.6,3.033333333333333,74.7
