placar_casa,placar_visitante,data,round,stage,ano,equipe_casa,equipe_visitante,resultado,Pts_casa,3P_casa,2P_casa,LL_casa,RT_casa,RO_casa,RD_casa,AS_casa,ER_casa,IA%_casa,3PC_casa,3PT_casa,3P%_casa,2PC_casa,2PT_casa,2P%_casa,LLC_casa,LLT_casa,LL%_casa,EN_casa,BR_casa,B/E_casa,TO_casa,FC_casa,T/FC_casa,ET_casa,VI_casa,EF_casa,Pts_visitante,3P_visitante,2P_visitante,LL_visitante,RT_visitante,RO_visitante,RD_visitante,AS_visitante,ER_visitante,IA%_visitante,3PC_visitante,3PT_visitante,3P%_visitante,2PC_visitante,2PT_visitante,2P%_visitante,LLC_visitante,LLT_visitante,LL%_visitante,EN_visitante,BR_visitante,B/E_visitante,TO_visitante,FC_visitante,T/FC_visitante,ET_visitante,VI_visitante,EF_visitante
72,66,2016-12-13,9,1,2016-2017,Minas,VipTech CMB,1,79.14285714285714,21.0,44.285714285714285,13.857142857142858,34.857142857142854,10.285714285714286,24.571428571428573,17.0,16.428571428571427,1.0557142857142858,7.0,23.142857142857142,31.172857142857143,22.142857142857142,39.285714285714285,55.80571428571428,13.857142857142858,19.714285714285715,70.46142857142857,1.7142857142857142,7.857142857142857,0.49999999999999994,0.8571428571428571,22.285714285714285,0.04285714285714286,16.428571428571427,5.857142857142857,84.14285714285714,74.875,27.75,32.25,14.875,36.125,10.875,25.25,14.625,14.375,1.08375,9.25,28.5,32.19625,16.125,33.25,48.78625,14.875,19.75,75.225,1.0,5.875,0.41750000000000004,2.625,21.25,0.12625,14.375,3.25,78.5
