placar_casa,placar_visitante,data,round,stage,ano,equipe_casa,equipe_visitante,resultado,Pts_casa,3P_casa,2P_casa,LL_casa,RT_casa,RO_casa,RD_casa,AS_casa,ER_casa,IA%_casa,3PC_casa,3PT_casa,3P%_casa,2PC_casa,2PT_casa,2P%_casa,LLC_casa,LLT_casa,LL%_casa,EN_casa,BR_casa,B/E_casa,TO_casa,FC_casa,T/FC_casa,ET_casa,VI_casa,EF_casa,Pts_visitante,3P_visitante,2P_visitante,LL_visitante,RT_visitante,RO_visitante,RD_visitante,AS_visitante,ER_visitante,IA%_visitante,3PC_visitante,3PT_visitante,3P%_visitante,2PC_visitante,2PT_visitante,2P%_visitante,LLC_visitante,LLT_visitante,LL%_visitante,EN_visitante,BR_visitante,B/E_visitante,TO_visitante,FC_visitante,T/FC_visitante,ET_visitante,VI_visitante,EF_visitante
82,71,2022-04-22,2,3,2021-2022,Bauru Basket,Pato Basquete,1,79.2,31.8,35.86666666666667,11.533333333333333,35.266666666666666,8.066666666666666,27.2,16.4,11.8,1.4713333333333332,10.6,29.666666666666668,35.07799999999999,17.933333333333334,34.06666666666667,52.717999999999996,11.533333333333333,15.2,74.92333333333335,0.8,7.133333333333334,0.6166666666666667,1.2666666666666666,18.466666666666665,0.07,11.8,2.7333333333333334,88.6,74.93333333333334,28.4,34.53333333333333,12.0,34.266666666666666,9.466666666666667,24.8,12.6,13.533333333333333,0.9993333333333332,9.466666666666667,30.6,30.683999999999994,17.266666666666666,33.93333333333333,50.86533333333334,12.0,16.133333333333333,74.87800000000001,1.8666666666666667,6.866666666666666,0.5419999999999999,1.0666666666666667,20.266666666666666,0.05466666666666667,13.533333333333333,3.533333333333333,74.26666666666667
