placar_casa,placar_visitante,data,round,stage,ano,equipe_casa,equipe_visitante,resultado,Pts_casa,3P_casa,2P_casa,LL_casa,RT_casa,RO_casa,RD_casa,AS_casa,ER_casa,IA%_casa,3PC_casa,3PT_casa,3P%_casa,2PC_casa,2PT_casa,2P%_casa,LLC_casa,LLT_casa,LL%_casa,EN_casa,BR_casa,B/E_casa,TO_casa,FC_casa,T/FC_casa,ET_casa,VI_casa,EF_casa,Pts_visitante,3P_visitante,2P_visitante,LL_visitante,RT_visitante,RO_visitante,RD_visitante,AS_visitante,ER_visitante,IA%_visitante,3PC_visitante,3PT_visitante,3P%_visitante,2PC_visitante,2PT_visitante,2P%_visitante,LLC_visitante,LLT_visitante,LL%_visitante,EN_visitante,BR_visitante,B/E_visitante,TO_visitante,FC_visitante,T/FC_visitante,ET_visitante,VI_visitante,EF_visitante
101,69,2009-05-01,12,2,2008-2009,Pinheiros,Araraquara,1,88.06666666666666,26.6,44.13333333333333,17.333333333333332,31.4,9.6,21.8,15.8,12.133333333333333,1.352,8.866666666666667,24.066666666666666,37.602000000000004,22.066666666666666,38.666666666666664,57.59333333333333,17.333333333333332,23.133333333333333,75.36333333333333,3.2666666666666666,8.133333333333333,0.6873333333333334,1.8666666666666667,17.066666666666666,0.11200000000000002,12.133333333333333,0.0,95.53333333333333,75.8,24.0,36.0,15.8,26.866666666666667,7.066666666666666,19.8,15.133333333333333,16.866666666666667,0.9526666666666667,8.0,23.4,34.389333333333326,18.0,33.666666666666664,53.87866666666667,15.8,21.333333333333332,73.12533333333334,1.9333333333333333,7.933333333333334,0.5000000000000001,3.1333333333333333,22.933333333333334,0.15133333333333335,16.866666666666667,0.0,75.4
