placar_casa,placar_visitante,data,round,stage,ano,equipe_casa,equipe_visitante,resultado,Pts_casa,3P_casa,2P_casa,LL_casa,RT_casa,RO_casa,RD_casa,AS_casa,ER_casa,IA%_casa,3PC_casa,3PT_casa,3P%_casa,2PC_casa,2PT_casa,2P%_casa,LLC_casa,LLT_casa,LL%_casa,EN_casa,BR_casa,B/E_casa,TO_casa,FC_casa,T/FC_casa,ET_casa,VI_casa,EF_casa,Pts_visitante,3P_visitante,2P_visitante,LL_visitante,RT_visitante,RO_visitante,RD_visitante,AS_visitante,ER_visitante,IA%_visitante,3PC_visitante,3PT_visitante,3P%_visitante,2PC_visitante,2PT_visitante,2P%_visitante,LLC_visitante,LLT_visitante,LL%_visitante,EN_visitante,BR_visitante,B/E_visitante,TO_visitante,FC_visitante,T/FC_visitante,ET_visitante,VI_visitante,EF_visitante
88,87,2023-01-06,12,1,2022-2023,Minas,UNIFACISA,1,86.93333333333334,29.6,45.86666666666667,11.466666666666667,42.666666666666664,11.8,30.866666666666667,20.6,14.466666666666667,1.5666666666666669,9.866666666666667,26.4,37.56666666666667,22.933333333333334,39.733333333333334,57.339333333333336,11.466666666666667,15.066666666666666,75.42599999999997,2.7333333333333334,6.466666666666667,0.5266666666666666,2.1333333333333333,17.333333333333332,0.13,14.466666666666667,4.0,107.4,76.66666666666667,28.8,35.6,12.266666666666667,35.63333333333333,9.966666666666667,25.666666666666668,14.133333333333333,13.633333333333333,1.0673333333333332,9.6,27.366666666666667,35.02066666666667,17.8,35.53333333333333,49.974000000000004,12.266666666666667,16.333333333333332,75.37533333333334,1.0333333333333334,6.533333333333333,0.4846666666666667,0.9666666666666667,20.033333333333335,0.04866666666666668,13.633333333333333,2.7333333333333334,80.73333333333333
