placar_casa,placar_visitante,data,round,stage,ano,equipe_casa,equipe_visitante,resultado,Pts_casa,3P_casa,2P_casa,LL_casa,RT_casa,RO_casa,RD_casa,AS_casa,ER_casa,IA%_casa,3PC_casa,3PT_casa,3P%_casa,2PC_casa,2PT_casa,2P%_casa,LLC_casa,LLT_casa,LL%_casa,EN_casa,BR_casa,B/E_casa,TO_casa,FC_casa,T/FC_casa,ET_casa,VI_casa,EF_casa,Pts_visitante,3P_visitante,2P_visitante,LL_visitante,RT_visitante,RO_visitante,RD_visitante,AS_visitante,ER_visitante,IA%_visitante,3PC_visitante,3PT_visitante,3P%_visitante,2PC_visitante,2PT_visitante,2P%_visitante,LLC_visitante,LLT_visitante,LL%_visitante,EN_visitante,BR_visitante,B/E_visitante,TO_visitante,FC_visitante,T/FC_visitante,ET_visitante,VI_visitante,EF_visitante
80,78,2022-05-11,1,5,2021-2022,Sesi Franca,São Paulo,1,89.0,30.6,44.93333333333333,13.466666666666667,38.46666666666667,8.933333333333334,29.533333333333335,18.333333333333332,9.733333333333333,2.0753333333333335,10.2,28.866666666666667,35.18266666666667,22.466666666666665,38.2,60.011999999999986,13.466666666666667,17.6,76.71466666666667,3.2,5.866666666666666,0.6666666666666667,2.1333333333333333,17.533333333333335,0.13,9.733333333333333,1.4666666666666666,105.53333333333333,86.73333333333333,30.8,41.733333333333334,14.2,37.6,7.333333333333333,30.266666666666666,18.8,11.133333333333333,1.7839999999999998,10.266666666666667,28.333333333333332,36.035333333333334,20.866666666666667,33.666666666666664,62.018,14.2,19.066666666666666,74.868,2.6,6.333333333333333,0.59,3.066666666666667,18.0,0.18266666666666664,11.133333333333333,1.1333333333333333,105.66666666666667
