placar_casa,placar_visitante,data,round,stage,ano,equipe_casa,equipe_visitante,resultado,Pts_casa,3P_casa,2P_casa,LL_casa,RT_casa,RO_casa,RD_casa,AS_casa,ER_casa,IA%_casa,3PC_casa,3PT_casa,3P%_casa,2PC_casa,2PT_casa,2P%_casa,LLC_casa,LLT_casa,LL%_casa,EN_casa,BR_casa,B/E_casa,TO_casa,FC_casa,T/FC_casa,ET_casa,VI_casa,EF_casa,Pts_visitante,3P_visitante,2P_visitante,LL_visitante,RT_visitante,RO_visitante,RD_visitante,AS_visitante,ER_visitante,IA%_visitante,3PC_visitante,3PT_visitante,3P%_visitante,2PC_visitante,2PT_visitante,2P%_visitante,LLC_visitante,LLT_visitante,LL%_visitante,EN_visitante,BR_visitante,B/E_visitante,TO_visitante,FC_visitante,T/FC_visitante,ET_visitante,VI_visitante,EF_visitante
103,76,2009-05-30,2,5,2008-2009,Brasília,Minas,1,83.66666666666667,23.0,42.53333333333333,18.133333333333333,32.93333333333333,8.666666666666666,24.266666666666666,14.666666666666666,16.4,1.0339999999999998,7.666666666666667,22.733333333333334,34.230000000000004,21.266666666666666,37.93333333333333,55.88866666666667,18.133333333333333,23.8,76.59666666666665,1.8666666666666667,8.6,0.5573333333333333,3.6666666666666665,22.866666666666667,0.17200000000000001,16.4,0.0,89.73333333333333,83.13333333333334,23.0,43.733333333333334,16.4,34.8,8.133333333333333,26.666666666666668,17.866666666666667,14.866666666666667,1.4146666666666667,7.666666666666667,21.4,36.193333333333335,21.866666666666667,38.333333333333336,57.34799999999999,16.4,21.866666666666667,75.07666666666668,1.1333333333333333,6.866666666666666,0.5253333333333333,2.4,16.866666666666667,0.14266666666666666,14.866666666666667,0.0,94.53333333333333
