placar_casa,placar_visitante,data,round,stage,ano,equipe_casa,equipe_visitante,resultado,Pts_casa,3P_casa,2P_casa,LL_casa,RT_casa,RO_casa,RD_casa,AS_casa,ER_casa,IA%_casa,3PC_casa,3PT_casa,3P%_casa,2PC_casa,2PT_casa,2P%_casa,LLC_casa,LLT_casa,LL%_casa,EN_casa,BR_casa,B/E_casa,TO_casa,FC_casa,T/FC_casa,ET_casa,VI_casa,EF_casa,Pts_visitante,3P_visitante,2P_visitante,LL_visitante,RT_visitante,RO_visitante,RD_visitante,AS_visitante,ER_visitante,IA%_visitante,3PC_visitante,3PT_visitante,3P%_visitante,2PC_visitante,2PT_visitante,2P%_visitante,LLC_visitante,LLT_visitante,LL%_visitante,EN_visitante,BR_visitante,B/E_visitante,TO_visitante,FC_visitante,T/FC_visitante,ET_visitante,VI_visitante,EF_visitante
61,84,2009-04-03,4,2,2008-2009,Saldanha,Joinville,0,72.2,21.8,39.06666666666667,11.333333333333334,28.866666666666667,10.2,18.666666666666668,10.866666666666667,17.733333333333334,0.6813333333333332,7.266666666666667,21.4,33.664,19.533333333333335,38.86666666666667,51.54,11.333333333333334,19.4,58.82533333333334,3.2666666666666666,10.2,0.5920000000000001,1.6,22.2,0.07533333333333334,17.733333333333334,0.0,64.46666666666667,81.73333333333333,27.2,39.6,14.933333333333334,36.06666666666667,9.533333333333333,26.533333333333335,15.933333333333334,14.6,1.1766666666666665,9.066666666666666,25.733333333333334,35.59733333333334,19.8,36.46666666666667,54.01266666666667,14.933333333333334,22.4,66.97333333333333,1.8666666666666667,9.0,0.692,2.933333333333333,19.6,0.16599999999999995,14.6,0.0,90.26666666666667
