placar_casa,placar_visitante,data,round,stage,ano,equipe_casa,equipe_visitante,resultado,Pts_casa,3P_casa,2P_casa,LL_casa,RT_casa,RO_casa,RD_casa,AS_casa,ER_casa,IA%_casa,3PC_casa,3PT_casa,3P%_casa,2PC_casa,2PT_casa,2P%_casa,LLC_casa,LLT_casa,LL%_casa,EN_casa,BR_casa,B/E_casa,TO_casa,FC_casa,T/FC_casa,ET_casa,VI_casa,EF_casa,Pts_visitante,3P_visitante,2P_visitante,LL_visitante,RT_visitante,RO_visitante,RD_visitante,AS_visitante,ER_visitante,IA%_visitante,3PC_visitante,3PT_visitante,3P%_visitante,2PC_visitante,2PT_visitante,2P%_visitante,LLC_visitante,LLT_visitante,LL%_visitante,EN_visitante,BR_visitante,B/E_visitante,TO_visitante,FC_visitante,T/FC_visitante,ET_visitante,VI_visitante,EF_visitante
63,72,2015-12-01,7,1,2015-2016,Rio Claro,Bauru Basket,0,74.0,25.0,34.666666666666664,14.333333333333334,30.5,7.5,23.0,17.666666666666668,16.333333333333332,1.1583333333333334,8.333333333333334,24.166666666666668,34.60666666666666,17.333333333333332,32.333333333333336,53.56333333333333,14.333333333333334,20.833333333333332,68.63833333333334,2.3333333333333335,11.0,0.6816666666666666,2.5,20.833333333333332,0.12166666666666669,16.333333333333332,4.0,82.0,85.16666666666667,30.5,35.333333333333336,19.333333333333332,35.166666666666664,8.333333333333334,26.833333333333332,17.0,11.5,1.5833333333333333,10.166666666666666,28.0,36.63166666666666,17.666666666666668,30.666666666666668,58.10833333333333,19.333333333333332,24.5,76.615,1.5,8.5,0.81,0.5,18.833333333333332,0.02666666666666667,11.5,1.5,98.83333333333333
