placar_casa,placar_visitante,data,round,stage,ano,equipe_casa,equipe_visitante,resultado,Pts_casa,3P_casa,2P_casa,LL_casa,RT_casa,RO_casa,RD_casa,AS_casa,ER_casa,IA%_casa,3PC_casa,3PT_casa,3P%_casa,2PC_casa,2PT_casa,2P%_casa,LLC_casa,LLT_casa,LL%_casa,EN_casa,BR_casa,B/E_casa,TO_casa,FC_casa,T/FC_casa,ET_casa,VI_casa,EF_casa,Pts_visitante,3P_visitante,2P_visitante,LL_visitante,RT_visitante,RO_visitante,RD_visitante,AS_visitante,ER_visitante,IA%_visitante,3PC_visitante,3PT_visitante,3P%_visitante,2PC_visitante,2PT_visitante,2P%_visitante,LLC_visitante,LLT_visitante,LL%_visitante,EN_visitante,BR_visitante,B/E_visitante,TO_visitante,FC_visitante,T/FC_visitante,ET_visitante,VI_visitante,EF_visitante
89,98,2015-02-27,10,2,2014-2015,Rio Claro,Brasília,0,81.13333333333334,21.0,44.0,16.133333333333333,30.6,7.8,22.8,16.666666666666668,13.466666666666667,1.3179999999999998,7.0,20.6,32.88666666666667,22.0,40.266666666666666,54.78933333333334,16.133333333333333,19.533333333333335,82.58666666666667,1.4666666666666666,10.0,0.7733333333333333,1.4666666666666666,19.666666666666668,0.08066666666666668,13.466666666666667,2.466666666666667,91.13333333333334,83.13333333333334,26.2,40.53333333333333,16.4,35.266666666666666,8.133333333333333,27.133333333333333,18.066666666666666,12.8,1.53,8.733333333333333,23.8,36.73466666666666,20.266666666666666,37.0,55.132666666666665,16.4,21.0,77.83400000000002,2.3333333333333335,7.8,0.6606666666666666,2.7333333333333334,21.8,0.12866666666666668,12.8,2.3333333333333335,97.8
