placar_casa,placar_visitante,data,round,stage,ano,equipe_casa,equipe_visitante,resultado,Pts_casa,3P_casa,2P_casa,LL_casa,RT_casa,RO_casa,RD_casa,AS_casa,ER_casa,IA%_casa,3PC_casa,3PT_casa,3P%_casa,2PC_casa,2PT_casa,2P%_casa,LLC_casa,LLT_casa,LL%_casa,EN_casa,BR_casa,B/E_casa,TO_casa,FC_casa,T/FC_casa,ET_casa,VI_casa,EF_casa,Pts_visitante,3P_visitante,2P_visitante,LL_visitante,RT_visitante,RO_visitante,RD_visitante,AS_visitante,ER_visitante,IA%_visitante,3PC_visitante,3PT_visitante,3P%_visitante,2PC_visitante,2PT_visitante,2P%_visitante,LLC_visitante,LLT_visitante,LL%_visitante,EN_visitante,BR_visitante,B/E_visitante,TO_visitante,FC_visitante,T/FC_visitante,ET_visitante,VI_visitante,EF_visitante
102,96,2018-12-08,8,1,2018-2019,Mogi,Corinthians,1,87.86272727272727,27.40909090909091,43.72818181818182,16.728181818181817,38.27454545454546,10.772727272727272,27.499090909090906,20.319090909090914,13.270909090909093,1.5881818181818181,9.136363636363635,23.501818181818184,38.86090909090908,21.862727272727273,40.45363636363636,54.33545454545454,16.728181818181817,22.500000000000004,74.47363636363634,1.3618181818181818,7.454545454545454,0.5809090909090908,3.0472727272727274,19.908181818181813,0.15090909090909088,13.270909090909093,2.4090909090909083,104.86363636363636,77.36363636363636,20.181818181818183,41.54545454545455,15.636363636363637,36.72727272727273,11.318181818181818,25.40909090909091,16.318181818181817,14.318181818181818,1.1981818181818182,6.7272727272727275,21.454545454545453,31.690909090909088,20.772727272727273,42.68181818181818,49.11181818181819,15.636363636363637,20.09090909090909,77.94727272727273,1.7727272727272727,6.7727272727272725,0.4890909090909091,1.5,24.272727272727273,0.06272727272727273,14.318181818181818,1.9545454545454546,83.18181818181819
