placar_casa,placar_visitante,data,round,stage,ano,equipe_casa,equipe_visitante,resultado,Pts_casa,3P_casa,2P_casa,LL_casa,RT_casa,RO_casa,RD_casa,AS_casa,ER_casa,IA%_casa,3PC_casa,3PT_casa,3P%_casa,2PC_casa,2PT_casa,2P%_casa,LLC_casa,LLT_casa,LL%_casa,EN_casa,BR_casa,B/E_casa,TO_casa,FC_casa,T/FC_casa,ET_casa,VI_casa,EF_casa,Pts_visitante,3P_visitante,2P_visitante,LL_visitante,RT_visitante,RO_visitante,RD_visitante,AS_visitante,ER_visitante,IA%_visitante,3PC_visitante,3PT_visitante,3P%_visitante,2PC_visitante,2PT_visitante,2P%_visitante,LLC_visitante,LLT_visitante,LL%_visitante,EN_visitante,BR_visitante,B/E_visitante,TO_visitante,FC_visitante,T/FC_visitante,ET_visitante,VI_visitante,EF_visitante
78,63,2016-03-26,13,2,2015-2016,Bauru Basket,Paulistano,1,85.46666666666667,33.2,35.46666666666667,16.8,36.93333333333333,9.8,27.133333333333333,16.066666666666666,14.8,1.2026666666666668,11.066666666666666,27.733333333333334,40.20933333333333,17.733333333333334,33.2,53.72666666666667,16.8,22.2,75.18066666666667,0.8666666666666667,9.933333333333334,0.6686666666666667,2.066666666666667,18.666666666666668,0.11200000000000002,14.8,3.2666666666666666,98.13333333333334,79.53333333333333,27.8,37.6,14.133333333333333,38.2,12.2,26.0,17.266666666666666,14.333333333333334,1.2973333333333334,9.266666666666667,24.6,37.818666666666665,18.8,37.93333333333333,50.45666666666666,14.133333333333333,17.533333333333335,78.61266666666667,1.8,9.0,0.65,1.7333333333333334,19.266666666666666,0.09266666666666669,14.333333333333334,3.066666666666667,93.53333333333333
