placar_casa,placar_visitante,data,round,stage,ano,equipe_casa,equipe_visitante,resultado,Pts_casa,3P_casa,2P_casa,LL_casa,RT_casa,RO_casa,RD_casa,AS_casa,ER_casa,IA%_casa,3PC_casa,3PT_casa,3P%_casa,2PC_casa,2PT_casa,2P%_casa,LLC_casa,LLT_casa,LL%_casa,EN_casa,BR_casa,B/E_casa,TO_casa,FC_casa,T/FC_casa,ET_casa,VI_casa,EF_casa,Pts_visitante,3P_visitante,2P_visitante,LL_visitante,RT_visitante,RO_visitante,RD_visitante,AS_visitante,ER_visitante,IA%_visitante,3PC_visitante,3PT_visitante,3P%_visitante,2PC_visitante,2PT_visitante,2P%_visitante,LLC_visitante,LLT_visitante,LL%_visitante,EN_visitante,BR_visitante,B/E_visitante,TO_visitante,FC_visitante,T/FC_visitante,ET_visitante,VI_visitante,EF_visitante
96,83,2019-01-18,2,2,2018-2019,Flamengo,Coop/São José Basketball,1,81.96533333333333,26.7,41.132,14.133333333333333,42.26533333333334,13.668000000000001,28.601333333333336,19.1,13.2,1.5133333333333334,8.9,27.667333333333335,33.0,20.568,39.79933333333334,52.11466666666667,14.133333333333333,18.2,77.36666666666666,0.9666666666666667,7.166,0.5893333333333335,1.4013333333333333,19.567333333333337,0.07200000000000001,13.2,1.665333333333333,96.56666666666666,80.43333333333334,25.3,38.8,16.333333333333332,35.8,9.566666666666666,26.233333333333334,19.266666666666666,14.933333333333334,1.3359999999999999,8.433333333333334,26.233333333333334,32.851333333333336,19.4,35.4,54.86733333333333,16.333333333333332,21.633333333333333,75.9593333333333,1.0,7.1,0.4900000000000001,1.8333333333333333,23.8,0.08133333333333333,14.933333333333334,2.6333333333333333,90.13333333333334
