placar_casa,placar_visitante,data,round,stage,ano,equipe_casa,equipe_visitante,resultado,Pts_casa,3P_casa,2P_casa,LL_casa,RT_casa,RO_casa,RD_casa,AS_casa,ER_casa,IA%_casa,3PC_casa,3PT_casa,3P%_casa,2PC_casa,2PT_casa,2P%_casa,LLC_casa,LLT_casa,LL%_casa,EN_casa,BR_casa,B/E_casa,TO_casa,FC_casa,T/FC_casa,ET_casa,VI_casa,EF_casa,Pts_visitante,3P_visitante,2P_visitante,LL_visitante,RT_visitante,RO_visitante,RD_visitante,AS_visitante,ER_visitante,IA%_visitante,3PC_visitante,3PT_visitante,3P%_visitante,2PC_visitante,2PT_visitante,2P%_visitante,LLC_visitante,LLT_visitante,LL%_visitante,EN_visitante,BR_visitante,B/E_visitante,TO_visitante,FC_visitante,T/FC_visitante,ET_visitante,VI_visitante,EF_visitante
102,78,2023-02-15,4,2,2022-2023,Corinthians,Pato Basquete,1,82.73333333333333,29.8,39.333333333333336,13.6,39.73266666666667,9.466666666666667,30.266,16.39933333333333,16.400666666666663,1.0453333333333332,9.934,27.6,35.876666666666665,19.666666666666668,35.466,56.18,13.6,18.13266666666667,74.51866666666666,4.333333333333333,5.333333333333333,0.336,2.6666666666666665,18.2,0.15133333333333326,16.400666666666663,3.5340000000000003,92.46666666666667,81.83266666666667,28.6,41.333333333333336,11.899333333333335,34.23199999999999,11.132666666666667,23.09933333333333,14.53266666666667,15.032000000000005,0.97,9.532,26.5,35.85999999999999,20.666666666666668,38.93333333333333,53.23133333333332,11.899333333333335,17.733999999999998,65.30533333333334,0.266,8.2,0.558,1.2666666666666666,19.166666666666668,0.06533333333333335,15.032000000000005,3.434666666666667,83.96666666666667
