placar_casa,placar_visitante,data,round,stage,ano,equipe_casa,equipe_visitante,resultado,Pts_casa,3P_casa,2P_casa,LL_casa,RT_casa,RO_casa,RD_casa,AS_casa,ER_casa,IA%_casa,3PC_casa,3PT_casa,3P%_casa,2PC_casa,2PT_casa,2P%_casa,LLC_casa,LLT_casa,LL%_casa,EN_casa,BR_casa,B/E_casa,TO_casa,FC_casa,T/FC_casa,ET_casa,VI_casa,EF_casa,Pts_visitante,3P_visitante,2P_visitante,LL_visitante,RT_visitante,RO_visitante,RD_visitante,AS_visitante,ER_visitante,IA%_visitante,3PC_visitante,3PT_visitante,3P%_visitante,2PC_visitante,2PT_visitante,2P%_visitante,LLC_visitante,LLT_visitante,LL%_visitante,EN_visitante,BR_visitante,B/E_visitante,TO_visitante,FC_visitante,T/FC_visitante,ET_visitante,VI_visitante,EF_visitante
83,84,2021-04-10,8,2,2020-2021,Fortaleza B. C. / CFO,VipTech CMB,0,78.98933333333335,23.8,43.86666666666667,11.322666666666665,39.443999999999996,10.855999999999998,28.589333333333336,14.410666666666664,13.144000000000002,1.198,7.933333333333334,28.066666666666666,27.817999999999998,21.933333333333334,41.2,53.44733333333334,11.322666666666665,16.622666666666664,68.59533333333333,0.7106666666666667,8.422666666666666,0.6679999999999999,3.2439999999999998,19.589333333333336,0.1786666666666666,13.144000000000002,2.7106666666666666,86.66666666666667,74.82199999999999,26.0,38.534,10.290000000000001,36.24333333333333,11.199999999999998,25.043333333333333,16.288666666666664,12.88866666666667,1.303333333333334,8.666666666666666,27.334000000000003,31.672666666666668,19.266000000000002,39.778000000000006,48.53666666666666,10.290000000000001,16.711333333333336,60.59466666666666,0.8673333333333333,6.089333333333333,0.4993333333333333,1.3106666666666664,20.356,0.06466666666666666,12.88866666666667,1.9793333333333336,76.266
