placar_casa,placar_visitante,data,round,stage,ano,equipe_casa,equipe_visitante,resultado,Pts_casa,3P_casa,2P_casa,LL_casa,RT_casa,RO_casa,RD_casa,AS_casa,ER_casa,IA%_casa,3PC_casa,3PT_casa,3P%_casa,2PC_casa,2PT_casa,2P%_casa,LLC_casa,LLT_casa,LL%_casa,EN_casa,BR_casa,B/E_casa,TO_casa,FC_casa,T/FC_casa,ET_casa,VI_casa,EF_casa,Pts_visitante,3P_visitante,2P_visitante,LL_visitante,RT_visitante,RO_visitante,RD_visitante,AS_visitante,ER_visitante,IA%_visitante,3PC_visitante,3PT_visitante,3P%_visitante,2PC_visitante,2PT_visitante,2P%_visitante,LLC_visitante,LLT_visitante,LL%_visitante,EN_visitante,BR_visitante,B/E_visitante,TO_visitante,FC_visitante,T/FC_visitante,ET_visitante,VI_visitante,EF_visitante
64,59,2009-05-24,5,4,2008-2009,Brasília,Sesi Franca,1,85.0,22.8,43.6,18.6,32.8,8.4,24.4,15.333333333333334,15.866666666666667,1.1273333333333333,7.6,22.133333333333333,34.81066666666666,21.8,38.6,56.384,18.6,24.8,75.224,2.066666666666667,8.333333333333334,0.5673333333333334,3.6,22.6,0.17200000000000001,15.866666666666667,0.0,91.66666666666667,82.86666666666666,23.8,40.4,18.666666666666668,29.333333333333332,8.4,20.933333333333334,15.533333333333333,12.733333333333333,1.3386666666666671,7.933333333333334,22.533333333333335,36.178,20.2,40.8,49.18866666666667,18.666666666666668,24.2,77.78600000000002,0.5333333333333333,8.0,0.6759999999999998,2.466666666666667,24.133333333333333,0.10800000000000003,12.733333333333333,0.0,84.73333333333333
