placar_casa,placar_visitante,data,round,stage,ano,equipe_casa,equipe_visitante,resultado,Pts_casa,3P_casa,2P_casa,LL_casa,RT_casa,RO_casa,RD_casa,AS_casa,ER_casa,IA%_casa,3PC_casa,3PT_casa,3P%_casa,2PC_casa,2PT_casa,2P%_casa,LLC_casa,LLT_casa,LL%_casa,EN_casa,BR_casa,B/E_casa,TO_casa,FC_casa,T/FC_casa,ET_casa,VI_casa,EF_casa,Pts_visitante,3P_visitante,2P_visitante,LL_visitante,RT_visitante,RO_visitante,RD_visitante,AS_visitante,ER_visitante,IA%_visitante,3PC_visitante,3PT_visitante,3P%_visitante,2PC_visitante,2PT_visitante,2P%_visitante,LLC_visitante,LLT_visitante,LL%_visitante,EN_visitante,BR_visitante,B/E_visitante,TO_visitante,FC_visitante,T/FC_visitante,ET_visitante,VI_visitante,EF_visitante
109,68,2021-02-25,4,2,2020-2021,Sesi Franca,Pato Basquete,1,84.59933333333332,29.0,40.06666666666667,15.532666666666664,34.60066666666667,7.366666666666666,27.234,19.534000000000002,13.533999999999997,1.4486666666666665,9.666000000000002,25.332666666666665,38.01066666666667,20.033333333333335,37.900666666666666,53.48066666666668,15.532666666666664,19.233333333333334,81.13466666666666,1.3,6.333333333333333,0.4666666666666666,2.434,19.79933333333333,0.12200000000000003,13.533999999999997,1.499333333333333,96.73266666666665,76.63399999999999,23.2,39.20000000000001,14.234000000000004,37.763999999999996,11.06733333333333,26.700666666666667,14.867999999999995,14.533333333333328,1.0253333333333332,7.732666666666666,22.199333333333332,34.74933333333333,19.6,41.73333333333333,46.85866666666666,14.234000000000004,20.800666666666668,68.03599999999999,1.4673333333333336,8.366,0.5880000000000002,2.2000000000000006,20.865999999999996,0.11266666666666666,14.533333333333328,2.899333333333333,82.13399999999997
