placar_casa,placar_visitante,data,round,stage,ano,equipe_casa,equipe_visitante,resultado,Pts_casa,3P_casa,2P_casa,LL_casa,RT_casa,RO_casa,RD_casa,AS_casa,ER_casa,IA%_casa,3PC_casa,3PT_casa,3P%_casa,2PC_casa,2PT_casa,2P%_casa,LLC_casa,LLT_casa,LL%_casa,EN_casa,BR_casa,B/E_casa,TO_casa,FC_casa,T/FC_casa,ET_casa,VI_casa,EF_casa,Pts_visitante,3P_visitante,2P_visitante,LL_visitante,RT_visitante,RO_visitante,RD_visitante,AS_visitante,ER_visitante,IA%_visitante,3PC_visitante,3PT_visitante,3P%_visitante,2PC_visitante,2PT_visitante,2P%_visitante,LLC_visitante,LLT_visitante,LL%_visitante,EN_visitante,BR_visitante,B/E_visitante,TO_visitante,FC_visitante,T/FC_visitante,ET_visitante,VI_visitante,EF_visitante
71,94,2014-12-12,10,1,2014-2015,Coop/São José Basketball,Flamengo,0,74.11111111111111,16.0,45.55555555555556,12.555555555555555,36.888888888888886,9.11111111111111,27.77777777777778,17.11111111111111,14.444444444444445,1.232222222222222,5.333333333333333,18.666666666666668,28.643333333333334,22.77777777777778,41.888888888888886,54.31333333333333,12.555555555555555,16.77777777777778,71.98222222222222,0.8888888888888888,8.222222222222221,0.5844444444444445,1.5555555555555556,18.22222222222222,0.08888888888888889,14.444444444444445,2.888888888888889,86.77777777777777,90.14285714285714,30.857142857142858,40.0,19.285714285714285,34.714285714285715,10.0,24.714285714285715,18.142857142857142,13.285714285714286,1.762857142857143,10.285714285714286,25.428571428571427,39.95571428571428,20.0,37.0,54.82142857142858,19.285714285714285,25.714285714285715,76.6842857142857,2.142857142857143,10.0,0.97,2.2857142857142856,20.714285714285715,0.11285714285714286,13.285714285714286,2.4285714285714284,103.42857142857143
