placar_casa,placar_visitante,data,round,stage,ano,equipe_casa,equipe_visitante,resultado,Pts_casa,3P_casa,2P_casa,LL_casa,RT_casa,RO_casa,RD_casa,AS_casa,ER_casa,IA%_casa,3PC_casa,3PT_casa,3P%_casa,2PC_casa,2PT_casa,2P%_casa,LLC_casa,LLT_casa,LL%_casa,EN_casa,BR_casa,B/E_casa,TO_casa,FC_casa,T/FC_casa,ET_casa,VI_casa,EF_casa,Pts_visitante,3P_visitante,2P_visitante,LL_visitante,RT_visitante,RO_visitante,RD_visitante,AS_visitante,ER_visitante,IA%_visitante,3PC_visitante,3PT_visitante,3P%_visitante,2PC_visitante,2PT_visitante,2P%_visitante,LLC_visitante,LLT_visitante,LL%_visitante,EN_visitante,BR_visitante,B/E_visitante,TO_visitante,FC_visitante,T/FC_visitante,ET_visitante,VI_visitante,EF_visitante
64,96,2023-03-06,6,2,2022-2023,Cerrado,Coop/São José Basketball,0,83.23333333333333,38.0,33.06733333333334,12.166,37.867333333333335,10.899333333333335,26.965999999999998,15.633333333333333,15.499333333333336,1.0326666666666668,12.666666666666666,36.23266666666667,34.888,16.532666666666664,31.465999999999998,52.67399999999999,12.166,17.965999999999998,66.89466666666665,2.0340000000000003,5.866666666666666,0.38,2.0673333333333335,15.46733333333333,0.14533333333333331,15.499333333333336,3.3659999999999997,84.86733333333333,82.53333333333333,26.0,44.2,12.333333333333334,35.03333333333333,9.966666666666667,25.066666666666666,20.0,11.966666666666667,1.7833333333333334,8.666666666666666,24.3,35.297999999999995,22.1,39.833333333333336,55.88733333333333,12.333333333333334,17.1,70.17933333333332,1.8666666666666667,7.233333333333333,0.6293333333333334,2.466666666666667,19.133333333333333,0.13399999999999998,11.966666666666667,1.9,97.16666666666667
