placar_casa,placar_visitante,data,round,stage,ano,equipe_casa,equipe_visitante,resultado,Pts_casa,3P_casa,2P_casa,LL_casa,RT_casa,RO_casa,RD_casa,AS_casa,ER_casa,IA%_casa,3PC_casa,3PT_casa,3P%_casa,2PC_casa,2PT_casa,2P%_casa,LLC_casa,LLT_casa,LL%_casa,EN_casa,BR_casa,B/E_casa,TO_casa,FC_casa,T/FC_casa,ET_casa,VI_casa,EF_casa,Pts_visitante,3P_visitante,2P_visitante,LL_visitante,RT_visitante,RO_visitante,RD_visitante,AS_visitante,ER_visitante,IA%_visitante,3PC_visitante,3PT_visitante,3P%_visitante,2PC_visitante,2PT_visitante,2P%_visitante,LLC_visitante,LLT_visitante,LL%_visitante,EN_visitante,BR_visitante,B/E_visitante,TO_visitante,FC_visitante,T/FC_visitante,ET_visitante,VI_visitante,EF_visitante
81,66,2012-03-13,11,2,2011-2012,Brasília,Espírito Santo,1,87.78571428571429,25.5,44.714285714285715,17.571428571428573,32.285714285714285,8.428571428571429,23.857142857142858,14.857142857142858,13.642857142857142,1.167142857142857,8.5,23.642857142857142,35.885714285714286,22.357142857142858,37.857142857142854,59.144999999999996,17.571428571428573,21.714285714285715,81.07000000000001,1.3571428571428572,7.0,0.5514285714285715,2.7857142857142856,21.857142857142858,0.1342857142857143,13.642857142857142,2.9285714285714284,98.71428571428571,64.53846153846153,21.23076923076923,29.846153846153847,13.461538461538462,26.23076923076923,7.923076923076923,18.307692307692307,9.461538461538462,16.307692307692307,0.7176923076923075,7.076923076923077,21.384615384615383,32.0,14.923076923076923,35.46153846153846,42.79153846153846,13.461538461538462,17.76923076923077,75.77,0.6923076923076923,6.923076923076923,0.4492307692307692,1.8461538461538463,21.53846153846154,0.08923076923076924,16.307692307692307,3.6153846153846154,55.61538461538461
