placar_casa,placar_visitante,data,round,stage,ano,equipe_casa,equipe_visitante,resultado,Pts_casa,3P_casa,2P_casa,LL_casa,RT_casa,RO_casa,RD_casa,AS_casa,ER_casa,IA%_casa,3PC_casa,3PT_casa,3P%_casa,2PC_casa,2PT_casa,2P%_casa,LLC_casa,LLT_casa,LL%_casa,EN_casa,BR_casa,B/E_casa,TO_casa,FC_casa,T/FC_casa,ET_casa,VI_casa,EF_casa,Pts_visitante,3P_visitante,2P_visitante,LL_visitante,RT_visitante,RO_visitante,RD_visitante,AS_visitante,ER_visitante,IA%_visitante,3PC_visitante,3PT_visitante,3P%_visitante,2PC_visitante,2PT_visitante,2P%_visitante,LLC_visitante,LLT_visitante,LL%_visitante,EN_visitante,BR_visitante,B/E_visitante,TO_visitante,FC_visitante,T/FC_visitante,ET_visitante,VI_visitante,EF_visitante
79,70,2022-03-11,6,2,2021-2022,Pato Basquete,Mogi,1,75.53333333333333,32.7,31.733333333333334,11.1,34.5,10.666666666666666,23.833333333333332,13.233333333333333,13.0,1.0406666666666664,10.9,29.133333333333333,36.97933333333334,15.866666666666667,35.06666666666667,45.48533333333333,11.1,15.933333333333334,70.39066666666666,1.4,7.2,0.5506666666666666,1.9,21.233333333333334,0.09600000000000003,13.0,3.1,77.1,73.66600000000001,25.8,37.2,10.666,37.99933333333333,10.200666666666667,27.800666666666668,18.533333333333335,17.066666666666666,1.1413333333333333,8.6,27.866666666666667,31.101999999999997,18.6,35.06733333333333,53.01266666666667,10.666,15.93266666666667,67.14999999999999,2.9326666666666665,6.6659999999999995,0.41866666666666663,2.400666666666667,18.465999999999998,0.13133333333333333,17.066666666666666,3.1333333333333333,81.2
