placar_casa,placar_visitante,data,round,stage,ano,equipe_casa,equipe_visitante,resultado,Pts_casa,3P_casa,2P_casa,LL_casa,RT_casa,RO_casa,RD_casa,AS_casa,ER_casa,IA%_casa,3PC_casa,3PT_casa,3P%_casa,2PC_casa,2PT_casa,2P%_casa,LLC_casa,LLT_casa,LL%_casa,EN_casa,BR_casa,B/E_casa,TO_casa,FC_casa,T/FC_casa,ET_casa,VI_casa,EF_casa,Pts_visitante,3P_visitante,2P_visitante,LL_visitante,RT_visitante,RO_visitante,RD_visitante,AS_visitante,ER_visitante,IA%_visitante,3PC_visitante,3PT_visitante,3P%_visitante,2PC_visitante,2PT_visitante,2P%_visitante,LLC_visitante,LLT_visitante,LL%_visitante,EN_visitante,BR_visitante,B/E_visitante,TO_visitante,FC_visitante,T/FC_visitante,ET_visitante,VI_visitante,EF_visitante
78,91,2015-01-20,1,2,2014-2015,Fortaleza B. C. / CFO,Sesi Franca,0,75.2,26.6,35.06666666666667,13.533333333333333,33.0,9.866666666666667,23.133333333333333,13.666666666666666,13.0,1.182,8.866666666666667,28.866666666666667,30.637999999999998,17.533333333333335,35.53333333333333,49.779333333333334,13.533333333333333,18.466666666666665,74.69800000000001,0.6,10.6,0.9533333333333333,2.2,18.0,0.12866666666666668,13.0,2.4,78.73333333333333,78.26666666666667,23.4,39.06666666666667,15.8,34.6,10.8,23.8,13.8,14.4,1.0379999999999998,7.8,22.733333333333334,34.824666666666666,19.533333333333335,38.0,51.675333333333334,15.8,21.866666666666667,72.12133333333334,2.7333333333333334,10.933333333333334,0.8213333333333334,3.2,20.733333333333334,0.15799999999999997,14.4,3.2,86.93333333333334
