placar_casa,placar_visitante,data,round,stage,ano,equipe_casa,equipe_visitante,resultado,Pts_casa,3P_casa,2P_casa,LL_casa,RT_casa,RO_casa,RD_casa,AS_casa,ER_casa,IA%_casa,3PC_casa,3PT_casa,3P%_casa,2PC_casa,2PT_casa,2P%_casa,LLC_casa,LLT_casa,LL%_casa,EN_casa,BR_casa,B/E_casa,TO_casa,FC_casa,T/FC_casa,ET_casa,VI_casa,EF_casa,Pts_visitante,3P_visitante,2P_visitante,LL_visitante,RT_visitante,RO_visitante,RD_visitante,AS_visitante,ER_visitante,IA%_visitante,3PC_visitante,3PT_visitante,3P%_visitante,2PC_visitante,2PT_visitante,2P%_visitante,LLC_visitante,LLT_visitante,LL%_visitante,EN_visitante,BR_visitante,B/E_visitante,TO_visitante,FC_visitante,T/FC_visitante,ET_visitante,VI_visitante,EF_visitante
85,65,2022-04-27,1,4,2021-2022,Minas,UNIFACISA,1,83.33333333333333,29.3,40.2,13.833333333333334,36.4,9.466666666666667,26.933333333333334,16.333333333333332,13.466666666666667,1.2899999999999998,9.766666666666667,27.2,35.53333333333333,20.1,34.03333333333333,58.934,13.833333333333334,17.566666666666666,78.74000000000001,3.066666666666667,6.1,0.47200000000000003,2.3,17.966666666666665,0.13,13.466666666666667,2.933333333333333,95.9,75.76666666666667,30.2,34.53333333333333,11.033333333333333,37.6,10.866666666666667,26.733333333333334,13.966666666666667,13.333333333333334,1.1286666666666667,10.066666666666666,29.033333333333335,34.254,17.266666666666666,34.53333333333333,50.29933333333334,11.033333333333333,14.7,75.49733333333333,1.2666666666666666,7.8,0.6186666666666667,1.6666666666666667,18.466666666666665,0.09133333333333334,13.333333333333334,2.2,83.56666666666666
