placar_casa,placar_visitante,data,round,stage,ano,equipe_casa,equipe_visitante,resultado,Pts_casa,3P_casa,2P_casa,LL_casa,RT_casa,RO_casa,RD_casa,AS_casa,ER_casa,IA%_casa,3PC_casa,3PT_casa,3P%_casa,2PC_casa,2PT_casa,2P%_casa,LLC_casa,LLT_casa,LL%_casa,EN_casa,BR_casa,B/E_casa,TO_casa,FC_casa,T/FC_casa,ET_casa,VI_casa,EF_casa,Pts_visitante,3P_visitante,2P_visitante,LL_visitante,RT_visitante,RO_visitante,RD_visitante,AS_visitante,ER_visitante,IA%_visitante,3PC_visitante,3PT_visitante,3P%_visitante,2PC_visitante,2PT_visitante,2P%_visitante,LLC_visitante,LLT_visitante,LL%_visitante,EN_visitante,BR_visitante,B/E_visitante,TO_visitante,FC_visitante,T/FC_visitante,ET_visitante,VI_visitante,EF_visitante
95,67,2023-11-20,6,1,2023-2024,Bauru Basket,União Corinthians,1,75.125,30.0,36.5,8.625,31.875,9.125,22.75,16.375,12.0,1.3375,10.0,27.875,35.0775,18.25,37.875,48.447500000000005,8.625,11.375,74.86999999999999,1.5,7.125,0.5925,0.75,17.5,0.047500000000000014,12.0,2.5,79.0,76.57142857142857,26.571428571428573,32.285714285714285,17.714285714285715,35.857142857142854,7.714285714285714,28.142857142857142,13.571428571428571,15.0,0.9242857142857142,8.857142857142858,23.285714285714285,37.98428571428571,16.142857142857142,34.42857142857143,46.769999999999996,17.714285714285715,21.428571428571427,82.75285714285715,0.42857142857142855,5.714285714285714,0.37285714285714283,1.8571428571428572,22.285714285714285,0.08142857142857143,15.0,2.0,82.14285714285714
