placar_casa,placar_visitante,data,round,stage,ano,equipe_casa,equipe_visitante,resultado,Pts_casa,3P_casa,2P_casa,LL_casa,RT_casa,RO_casa,RD_casa,AS_casa,ER_casa,IA%_casa,3PC_casa,3PT_casa,3P%_casa,2PC_casa,2PT_casa,2P%_casa,LLC_casa,LLT_casa,LL%_casa,EN_casa,BR_casa,B/E_casa,TO_casa,FC_casa,T/FC_casa,ET_casa,VI_casa,EF_casa,Pts_visitante,3P_visitante,2P_visitante,LL_visitante,RT_visitante,RO_visitante,RD_visitante,AS_visitante,ER_visitante,IA%_visitante,3PC_visitante,3PT_visitante,3P%_visitante,2PC_visitante,2PT_visitante,2P%_visitante,LLC_visitante,LLT_visitante,LL%_visitante,EN_visitante,BR_visitante,B/E_visitante,TO_visitante,FC_visitante,T/FC_visitante,ET_visitante,VI_visitante,EF_visitante
87,102,2024-12-18,11,1,2024-2025,Brasília Basquete,Paulistano,0,83.08866666666667,36.0,29.64466666666667,17.444666666666667,36.55533333333334,10.311333333333332,26.244666666666667,16.378,10.888666666666667,1.5646666666666667,12.0,33.24466666666667,35.934666666666665,14.822,30.2,49.45333333333333,17.444666666666667,22.111333333333334,78.20599999999999,1.5113333333333334,5.866666666666666,0.5693333333333334,1.7113333333333334,19.533333333333335,0.09000000000000002,10.888666666666667,2.022,91.422,76.90571428571427,25.5,37.142857142857146,14.262857142857142,35.356428571428566,10.572142857142856,24.78642857142857,15.977142857142857,14.143571428571429,1.1400000000000001,8.500714285714286,23.905,35.415000000000006,18.571428571428573,35.83428571428572,51.69285714285713,14.262857142857142,19.095714285714283,74.85857142857144,1.8099999999999998,7.619285714285715,0.5392857142857143,2.4292857142857143,19.070714285714285,0.12571428571428575,14.143571428571429,2.119285714285714,86.64357142857143
