placar_casa,placar_visitante,data,round,stage,ano,equipe_casa,equipe_visitante,resultado,Pts_casa,3P_casa,2P_casa,LL_casa,RT_casa,RO_casa,RD_casa,AS_casa,ER_casa,IA%_casa,3PC_casa,3PT_casa,3P%_casa,2PC_casa,2PT_casa,2P%_casa,LLC_casa,LLT_casa,LL%_casa,EN_casa,BR_casa,B/E_casa,TO_casa,FC_casa,T/FC_casa,ET_casa,VI_casa,EF_casa,Pts_visitante,3P_visitante,2P_visitante,LL_visitante,RT_visitante,RO_visitante,RD_visitante,AS_visitante,ER_visitante,IA%_visitante,3PC_visitante,3PT_visitante,3P%_visitante,2PC_visitante,2PT_visitante,2P%_visitante,LLC_visitante,LLT_visitante,LL%_visitante,EN_visitante,BR_visitante,B/E_visitante,TO_visitante,FC_visitante,T/FC_visitante,ET_visitante,VI_visitante,EF_visitante
63,75,2023-12-23,10,1,2023-2024,Coop/São José Basketball,Sesi Franca,0,80.67857142857143,26.25,41.0,13.428571428571429,39.92857142857143,10.678571428571429,29.25,18.357142857142858,14.785714285714286,1.2585714285714285,8.75,26.0,33.37785714285714,20.5,38.607142857142854,53.37142857142857,13.428571428571429,18.678571428571427,71.80571428571429,1.2142857142857142,8.535714285714286,0.5899999999999999,2.0,19.357142857142858,0.10785714285714286,14.785714285714286,3.3214285714285716,94.10714285714286,86.14357142857143,28.821428571428573,42.35857142857143,14.963571428571429,39.035714285714285,10.393571428571429,28.644285714285722,19.927857142857142,15.035714285714281,1.377142857142857,9.607142857142858,26.819999999999993,36.17928571428572,21.177142857142854,35.78642857142857,59.225000000000016,14.963571428571429,19.21285714285714,78.035,2.3214285714285716,6.820714285714286,0.46857142857142875,2.9657142857142857,17.965000000000003,0.17785714285714288,15.035714285714281,3.2514285714285722,103.78428571428572
