placar_casa,placar_visitante,data,round,stage,ano,equipe_casa,equipe_visitante,resultado,Pts_casa,3P_casa,2P_casa,LL_casa,RT_casa,RO_casa,RD_casa,AS_casa,ER_casa,IA%_casa,3PC_casa,3PT_casa,3P%_casa,2PC_casa,2PT_casa,2P%_casa,LLC_casa,LLT_casa,LL%_casa,EN_casa,BR_casa,B/E_casa,TO_casa,FC_casa,T/FC_casa,ET_casa,VI_casa,EF_casa,Pts_visitante,3P_visitante,2P_visitante,LL_visitante,RT_visitante,RO_visitante,RD_visitante,AS_visitante,ER_visitante,IA%_visitante,3PC_visitante,3PT_visitante,3P%_visitante,2PC_visitante,2PT_visitante,2P%_visitante,LLC_visitante,LLT_visitante,LL%_visitante,EN_visitante,BR_visitante,B/E_visitante,TO_visitante,FC_visitante,T/FC_visitante,ET_visitante,VI_visitante,EF_visitante
89,72,2021-12-16,8,1,2021-2022,Caxias do Sul Basquete,União Corinthians,1,74.54545454545455,24.818181818181817,38.90909090909091,10.818181818181818,33.45454545454545,8.272727272727273,25.181818181818183,17.181818181818183,12.181818181818182,1.4418181818181817,8.272727272727273,24.545454545454547,34.307272727272725,19.454545454545453,37.18181818181818,52.13272727272727,10.818181818181818,15.0,71.95818181818181,1.0909090909090908,8.454545454545455,0.7363636363636363,2.4545454545454546,21.545454545454547,0.11818181818181821,12.181818181818182,2.727272727272727,85.72727272727273,72.36363636363636,27.0,35.63636363636363,9.727272727272727,36.63636363636363,9.545454545454545,27.09090909090909,13.909090909090908,14.090909090909092,1.0809090909090906,9.0,30.90909090909091,28.89727272727272,17.818181818181817,37.63636363636363,48.11272727272728,9.727272727272727,14.454545454545455,66.64363636363636,1.9090909090909092,9.454545454545455,0.6954545454545453,2.5454545454545454,19.181818181818183,0.13181818181818183,14.090909090909092,2.6363636363636362,74.36363636363636
