placar_casa,placar_visitante,data,round,stage,ano,equipe_casa,equipe_visitante,resultado,Pts_casa,3P_casa,2P_casa,LL_casa,RT_casa,RO_casa,RD_casa,AS_casa,ER_casa,IA%_casa,3PC_casa,3PT_casa,3P%_casa,2PC_casa,2PT_casa,2P%_casa,LLC_casa,LLT_casa,LL%_casa,EN_casa,BR_casa,B/E_casa,TO_casa,FC_casa,T/FC_casa,ET_casa,VI_casa,EF_casa,Pts_visitante,3P_visitante,2P_visitante,LL_visitante,RT_visitante,RO_visitante,RD_visitante,AS_visitante,ER_visitante,IA%_visitante,3PC_visitante,3PT_visitante,3P%_visitante,2PC_visitante,2PT_visitante,2P%_visitante,LLC_visitante,LLT_visitante,LL%_visitante,EN_visitante,BR_visitante,B/E_visitante,TO_visitante,FC_visitante,T/FC_visitante,ET_visitante,VI_visitante,EF_visitante
75,60,2016-03-25,14,2,2015-2016,Pinheiros,Vitória,1,82.86666666666666,21.8,42.4,18.666666666666668,38.86666666666667,11.8,27.066666666666666,15.466666666666667,15.133333333333333,1.0693333333333335,7.266666666666667,20.666666666666668,35.16066666666667,21.2,43.733333333333334,49.01400000000001,18.666666666666668,23.533333333333335,79.25266666666667,1.4,11.466666666666667,0.7906666666666666,2.1333333333333333,21.0,0.11066666666666666,15.133333333333333,2.8666666666666667,94.86666666666666,73.6,18.8,39.333333333333336,15.466666666666667,34.266666666666666,10.933333333333334,23.333333333333332,13.066666666666666,16.066666666666666,0.856,6.266666666666667,20.466666666666665,30.544666666666668,19.666666666666668,42.06666666666667,47.082,15.466666666666667,20.733333333333334,74.882,1.2666666666666666,12.0,0.7846666666666665,1.7333333333333334,21.2,0.08600000000000001,16.066666666666666,3.4,76.6
