placar_casa,placar_visitante,data,round,stage,ano,equipe_casa,equipe_visitante,resultado,Pts_casa,3P_casa,2P_casa,LL_casa,RT_casa,RO_casa,RD_casa,AS_casa,ER_casa,IA%_casa,3PC_casa,3PT_casa,3P%_casa,2PC_casa,2PT_casa,2P%_casa,LLC_casa,LLT_casa,LL%_casa,EN_casa,BR_casa,B/E_casa,TO_casa,FC_casa,T/FC_casa,ET_casa,VI_casa,EF_casa,Pts_visitante,3P_visitante,2P_visitante,LL_visitante,RT_visitante,RO_visitante,RD_visitante,AS_visitante,ER_visitante,IA%_visitante,3PC_visitante,3PT_visitante,3P%_visitante,2PC_visitante,2PT_visitante,2P%_visitante,LLC_visitante,LLT_visitante,LL%_visitante,EN_visitante,BR_visitante,B/E_visitante,TO_visitante,FC_visitante,T/FC_visitante,ET_visitante,VI_visitante,EF_visitante
75,76,2024-01-09,1,2,2023-2024,Mogi,Pinheiros,0,74.46733333333333,30.3,30.733999999999998,13.433333333333334,31.534,8.367333333333333,23.166666666666668,17.0,13.699333333333334,1.254,10.100666666666665,28.066,35.81666666666667,15.366000000000001,29.466666666666665,52.46466666666667,13.433333333333334,17.667333333333332,78.58466666666666,0.366,5.634,0.4153333333333334,1.4666666666666666,21.366666666666667,0.07,13.699333333333334,2.6993333333333336,80.10066666666667,77.39933333333335,28.1,35.400666666666666,13.90066666666667,37.86666666666667,12.03266666666667,25.834000000000003,16.266,13.699333333333335,1.2346666666666664,9.366000000000001,28.666666666666668,33.087999999999994,17.699333333333332,34.33266666666667,51.57399999999999,13.90066666666667,19.834000000000003,69.32733333333333,1.500666666666667,5.233333333333333,0.39933333333333343,2.3340000000000005,19.266666666666666,0.11666666666666667,13.699333333333335,2.699333333333333,83.53266666666667
