placar_casa,placar_visitante,data,round,stage,ano,equipe_casa,equipe_visitante,resultado,Pts_casa,3P_casa,2P_casa,LL_casa,RT_casa,RO_casa,RD_casa,AS_casa,ER_casa,IA%_casa,3PC_casa,3PT_casa,3P%_casa,2PC_casa,2PT_casa,2P%_casa,LLC_casa,LLT_casa,LL%_casa,EN_casa,BR_casa,B/E_casa,TO_casa,FC_casa,T/FC_casa,ET_casa,VI_casa,EF_casa,Pts_visitante,3P_visitante,2P_visitante,LL_visitante,RT_visitante,RO_visitante,RD_visitante,AS_visitante,ER_visitante,IA%_visitante,3PC_visitante,3PT_visitante,3P%_visitante,2PC_visitante,2PT_visitante,2P%_visitante,LLC_visitante,LLT_visitante,LL%_visitante,EN_visitante,BR_visitante,B/E_visitante,TO_visitante,FC_visitante,T/FC_visitante,ET_visitante,VI_visitante,EF_visitante
81,73,2024-06-08,3,6,2023-2024,Sesi Franca,Flamengo,1,82.156,28.6,38.044,15.510666666666667,39.089333333333336,10.066666666666666,29.02266666666667,18.8,12.756,1.5426666666666666,9.533333333333333,26.4,36.33666666666667,19.02266666666667,34.82266666666667,54.91066666666667,15.510666666666667,19.4,80.408,2.222666666666667,6.044,0.5226666666666667,2.1106666666666665,20.156000000000002,0.10600000000000001,12.756,2.3560000000000003,98.88933333333334,84.566,32.3,41.266,11.0,38.466,9.934,28.534,20.833333333333332,12.999333333333334,1.7673333333333332,10.767333333333333,27.832666666666668,39.17866666666667,20.634,35.26733333333333,58.50866666666668,11.0,16.299333333333333,66.10333333333332,2.433333333333333,9.267333333333333,0.8153333333333332,0.734,17.900666666666666,0.04533333333333334,12.999333333333334,2.166,103.86733333333333
