placar_casa,placar_visitante,data,round,stage,ano,equipe_casa,equipe_visitante,resultado,Pts_casa,3P_casa,2P_casa,LL_casa,RT_casa,RO_casa,RD_casa,AS_casa,ER_casa,IA%_casa,3PC_casa,3PT_casa,3P%_casa,2PC_casa,2PT_casa,2P%_casa,LLC_casa,LLT_casa,LL%_casa,EN_casa,BR_casa,B/E_casa,TO_casa,FC_casa,T/FC_casa,ET_casa,VI_casa,EF_casa,Pts_visitante,3P_visitante,2P_visitante,LL_visitante,RT_visitante,RO_visitante,RD_visitante,AS_visitante,ER_visitante,IA%_visitante,3PC_visitante,3PT_visitante,3P%_visitante,2PC_visitante,2PT_visitante,2P%_visitante,LLC_visitante,LLT_visitante,LL%_visitante,EN_visitante,BR_visitante,B/E_visitante,TO_visitante,FC_visitante,T/FC_visitante,ET_visitante,VI_visitante,EF_visitante
78,60,2013-12-14,10,1,2013-2014,Fortaleza B. C. / CFO,Espírito Santo,1,76.66666666666667,18.0,46.666666666666664,12.0,31.444444444444443,10.555555555555555,20.88888888888889,12.222222222222221,11.777777777777779,1.2833333333333334,6.0,18.555555555555557,31.75222222222222,23.333333333333332,46.111111111111114,50.74666666666667,12.0,16.88888888888889,69.96444444444445,2.0,10.333333333333334,1.0777777777777777,2.0,22.11111111111111,0.08555555555555555,11.777777777777779,3.111111111111111,80.66666666666667,68.0,25.5,27.666666666666668,14.833333333333334,29.0,9.166666666666666,19.833333333333332,11.0,10.5,1.1516666666666666,8.5,25.5,33.78666666666667,13.833333333333334,32.166666666666664,43.495,14.833333333333334,20.666666666666668,72.94,1.8333333333333333,7.5,0.7383333333333334,0.8333333333333334,19.666666666666668,0.041666666666666664,10.5,2.0,64.66666666666667
