placar_casa,placar_visitante,data,round,stage,ano,equipe_casa,equipe_visitante,resultado,Pts_casa,3P_casa,2P_casa,LL_casa,RT_casa,RO_casa,RD_casa,AS_casa,ER_casa,IA%_casa,3PC_casa,3PT_casa,3P%_casa,2PC_casa,2PT_casa,2P%_casa,LLC_casa,LLT_casa,LL%_casa,EN_casa,BR_casa,B/E_casa,TO_casa,FC_casa,T/FC_casa,ET_casa,VI_casa,EF_casa,Pts_visitante,3P_visitante,2P_visitante,LL_visitante,RT_visitante,RO_visitante,RD_visitante,AS_visitante,ER_visitante,IA%_visitante,3PC_visitante,3PT_visitante,3P%_visitante,2PC_visitante,2PT_visitante,2P%_visitante,LLC_visitante,LLT_visitante,LL%_visitante,EN_visitante,BR_visitante,B/E_visitante,TO_visitante,FC_visitante,T/FC_visitante,ET_visitante,VI_visitante,EF_visitante
99,73,2013-02-23,8,2,2012-2013,Uberlândia,Joinville,1,82.13333333333334,63.8,42.53333333333333,15.0,29.8,7.0,22.8,16.933333333333334,12.8,1.4733333333333334,8.2,20.866666666666667,39.769999999999996,21.266666666666666,37.6,57.15933333333333,15.0,18.8,78.75399999999999,2.3333333333333335,4.866666666666666,0.40066666666666667,2.0,19.733333333333334,0.10533333333333333,12.8,2.6666666666666665,96.6,72.4,62.0,41.333333333333336,14.266666666666667,30.933333333333334,10.6,20.333333333333332,12.266666666666667,15.333333333333334,0.9093333333333332,5.6,19.133333333333333,28.538666666666668,20.666666666666668,43.2,47.66866666666667,14.266666666666667,20.466666666666665,69.53333333333333,1.8,8.466666666666667,0.6386666666666667,3.8666666666666667,21.733333333333334,0.1913333333333333,15.333333333333334,3.8666666666666667,80.4
