placar_casa,placar_visitante,data,round,stage,ano,equipe_casa,equipe_visitante,resultado,Pts_casa,3P_casa,2P_casa,LL_casa,RT_casa,RO_casa,RD_casa,AS_casa,ER_casa,IA%_casa,3PC_casa,3PT_casa,3P%_casa,2PC_casa,2PT_casa,2P%_casa,LLC_casa,LLT_casa,LL%_casa,EN_casa,BR_casa,B/E_casa,TO_casa,FC_casa,T/FC_casa,ET_casa,VI_casa,EF_casa,Pts_visitante,3P_visitante,2P_visitante,LL_visitante,RT_visitante,RO_visitante,RD_visitante,AS_visitante,ER_visitante,IA%_visitante,3PC_visitante,3PT_visitante,3P%_visitante,2PC_visitante,2PT_visitante,2P%_visitante,LLC_visitante,LLT_visitante,LL%_visitante,EN_visitante,BR_visitante,B/E_visitante,TO_visitante,FC_visitante,T/FC_visitante,ET_visitante,VI_visitante,EF_visitante
84,81,2020-12-15,6,1,2020-2021,Sesi Franca,Caxias do Sul Basquete,1,86.11111111111111,28.0,40.666666666666664,17.444444444444443,41.44555555555556,11.112222222222222,30.333333333333332,21.221111111111114,14.001111111111111,1.5255555555555556,9.333333333333334,25.667777777777776,36.1,20.333333333333332,39.55444444444444,51.492222222222225,17.444444444444443,20.88888888888889,83.5488888888889,1.887777777777778,6.112222222222223,0.4433333333333333,2.776666666666667,19.223333333333333,0.14888888888888888,14.001111111111111,1.3322222222222222,104.66555555555556,70.00222222222222,22.333333333333332,34.44555555555556,13.223333333333334,32.666666666666664,9.778888888888888,22.887777777777778,13.113333333333333,14.221111111111112,0.922222222222222,7.446666666666668,23.332222222222224,31.77444444444445,17.221111111111114,35.777777777777786,48.027777777777786,13.223333333333334,19.665555555555557,66.6222222222222,0.9988888888888889,5.777777777777779,0.40222222222222226,1.2222222222222223,22.108888888888888,0.061111111111111116,14.221111111111112,2.111111111111111,67.66666666666667
