placar_casa,placar_visitante,data,round,stage,ano,equipe_casa,equipe_visitante,resultado,Pts_casa,3P_casa,2P_casa,LL_casa,RT_casa,RO_casa,RD_casa,AS_casa,ER_casa,IA%_casa,3PC_casa,3PT_casa,3P%_casa,2PC_casa,2PT_casa,2P%_casa,LLC_casa,LLT_casa,LL%_casa,EN_casa,BR_casa,B/E_casa,TO_casa,FC_casa,T/FC_casa,ET_casa,VI_casa,EF_casa,Pts_visitante,3P_visitante,2P_visitante,LL_visitante,RT_visitante,RO_visitante,RD_visitante,AS_visitante,ER_visitante,IA%_visitante,3PC_visitante,3PT_visitante,3P%_visitante,2PC_visitante,2PT_visitante,2P%_visitante,LLC_visitante,LLT_visitante,LL%_visitante,EN_visitante,BR_visitante,B/E_visitante,TO_visitante,FC_visitante,T/FC_visitante,ET_visitante,VI_visitante,EF_visitante
64,61,2024-04-09,12,2,2023-2024,Mogi,Paulistano,1,74.26666666666667,29.266666666666666,32.666666666666664,12.333333333333334,36.355333333333334,11.466666666666667,24.888666666666666,16.488666666666667,13.578,1.2813333333333334,9.755333333333335,27.778000000000002,34.84733333333333,16.333333333333332,35.2,46.523999999999994,12.333333333333334,18.088666666666665,67.45266666666666,1.2446666666666668,6.733333333333333,0.5193333333333333,0.4886666666666667,21.955333333333332,0.021333333333333336,13.578,2.555333333333333,78.11133333333333,76.4,25.2,38.666000000000004,12.533999999999997,37.266,9.799333333333333,27.466666666666665,17.733333333333334,13.066666666666666,1.5246666666666664,8.400666666666668,25.00066666666667,32.904666666666664,19.334000000000003,37.466,51.504000000000005,12.533999999999997,18.065999999999995,69.65866666666668,1.7326666666666664,8.199333333333334,0.6826666666666664,2.000666666666667,19.667333333333335,0.1086666666666667,13.066666666666666,2.933333333333333,88.26666666666667
