placar_casa,placar_visitante,data,round,stage,ano,equipe_casa,equipe_visitante,resultado,Pts_casa,3P_casa,2P_casa,LL_casa,RT_casa,RO_casa,RD_casa,AS_casa,ER_casa,IA%_casa,3PC_casa,3PT_casa,3P%_casa,2PC_casa,2PT_casa,2P%_casa,LLC_casa,LLT_casa,LL%_casa,EN_casa,BR_casa,B/E_casa,TO_casa,FC_casa,T/FC_casa,ET_casa,VI_casa,EF_casa,Pts_visitante,3P_visitante,2P_visitante,LL_visitante,RT_visitante,RO_visitante,RD_visitante,AS_visitante,ER_visitante,IA%_visitante,3PC_visitante,3PT_visitante,3P%_visitante,2PC_visitante,2PT_visitante,2P%_visitante,LLC_visitante,LLT_visitante,LL%_visitante,EN_visitante,BR_visitante,B/E_visitante,TO_visitante,FC_visitante,T/FC_visitante,ET_visitante,VI_visitante,EF_visitante
87,53,2021-12-18,8,1,2021-2022,Pato Basquete,Bauru Basket,1,70.0,26.318181818181817,33.45454545454545,10.227272727272727,36.59090909090909,9.636363636363637,26.954545454545453,13.136363636363637,13.727272727272727,1.0063636363636361,8.772727272727273,27.272727272727273,32.07181818181818,16.727272727272727,36.36363636363637,46.63636363636363,10.227272727272727,18.0,56.95818181818183,1.4545454545454546,7.636363636363637,0.5963636363636364,1.4090909090909092,20.227272727272727,0.07090909090909091,13.727272727272727,2.227272727272727,69.13636363636364,79.4,27.3,39.4,12.7,37.7,8.6,29.1,18.2,12.4,1.5230000000000001,9.1,29.6,30.595,19.7,32.3,60.92100000000001,12.7,16.5,77.641,0.6,6.4,0.5249999999999999,2.7,17.8,0.154,12.4,2.2,95.1
