placar_casa,placar_visitante,data,round,stage,ano,equipe_casa,equipe_visitante,resultado,Pts_casa,3P_casa,2P_casa,LL_casa,RT_casa,RO_casa,RD_casa,AS_casa,ER_casa,IA%_casa,3PC_casa,3PT_casa,3P%_casa,2PC_casa,2PT_casa,2P%_casa,LLC_casa,LLT_casa,LL%_casa,EN_casa,BR_casa,B/E_casa,TO_casa,FC_casa,T/FC_casa,ET_casa,VI_casa,EF_casa,Pts_visitante,3P_visitante,2P_visitante,LL_visitante,RT_visitante,RO_visitante,RD_visitante,AS_visitante,ER_visitante,IA%_visitante,3PC_visitante,3PT_visitante,3P%_visitante,2PC_visitante,2PT_visitante,2P%_visitante,LLC_visitante,LLT_visitante,LL%_visitante,EN_visitante,BR_visitante,B/E_visitante,TO_visitante,FC_visitante,T/FC_visitante,ET_visitante,VI_visitante,EF_visitante
80,82,2015-01-08,15,1,2014-2015,Mogi,Sesi Franca,0,81.5,24.25,41.0,16.25,38.333333333333336,13.083333333333334,25.25,14.333333333333334,15.916666666666666,0.9691666666666667,8.083333333333334,19.75,40.92666666666666,20.5,42.083333333333336,48.737500000000004,16.25,21.083333333333332,75.58333333333333,2.25,10.083333333333334,0.6608333333333333,2.1666666666666665,20.75,0.10583333333333335,15.916666666666666,2.8333333333333335,92.41666666666667,78.0,22.5,40.0,15.5,35.214285714285715,10.928571428571429,24.285714285714285,13.428571428571429,14.357142857142858,1.0214285714285714,7.5,22.642857142857142,33.74071428571428,20.0,38.785714285714285,51.92714285714286,15.5,21.357142857142858,72.34642857142858,2.857142857142857,11.0,0.8321428571428572,3.2142857142857144,20.571428571428573,0.15999999999999998,14.357142857142858,3.2142857142857144,86.71428571428571
