placar_casa,placar_visitante,data,round,stage,ano,equipe_casa,equipe_visitante,resultado,Pts_casa,3P_casa,2P_casa,LL_casa,RT_casa,RO_casa,RD_casa,AS_casa,ER_casa,IA%_casa,3PC_casa,3PT_casa,3P%_casa,2PC_casa,2PT_casa,2P%_casa,LLC_casa,LLT_casa,LL%_casa,EN_casa,BR_casa,B/E_casa,TO_casa,FC_casa,T/FC_casa,ET_casa,VI_casa,EF_casa,Pts_visitante,3P_visitante,2P_visitante,LL_visitante,RT_visitante,RO_visitante,RD_visitante,AS_visitante,ER_visitante,IA%_visitante,3PC_visitante,3PT_visitante,3P%_visitante,2PC_visitante,2PT_visitante,2P%_visitante,LLC_visitante,LLT_visitante,LL%_visitante,EN_visitante,BR_visitante,B/E_visitante,TO_visitante,FC_visitante,T/FC_visitante,ET_visitante,VI_visitante,EF_visitante
78,77,2023-12-04,8,1,2023-2024,São Paulo,Botafogo,1,78.36363636363636,25.636363636363637,38.72727272727273,14.0,33.18181818181818,8.454545454545455,24.727272727272727,15.818181818181818,10.272727272727273,1.5518181818181818,8.545454545454545,25.90909090909091,32.268181818181816,19.363636363636363,34.63636363636363,55.56454545454546,14.0,17.90909090909091,77.78454545454545,1.0909090909090908,5.363636363636363,0.519090909090909,1.8181818181818181,19.272727272727273,0.10909090909090911,10.272727272727273,1.2727272727272727,87.72727272727273,75.08333333333333,24.75,37.333333333333336,13.0,35.916666666666664,11.5,24.416666666666668,16.0,15.333333333333334,1.1275,8.25,28.25,29.10666666666667,18.666666666666668,35.75,52.38166666666667,13.0,18.916666666666668,68.73333333333332,0.3333333333333333,6.75,0.4883333333333333,1.8333333333333333,20.833333333333332,0.08916666666666667,15.333333333333334,3.8333333333333335,77.25
