placar_casa,placar_visitante,data,round,stage,ano,equipe_casa,equipe_visitante,resultado,Pts_casa,3P_casa,2P_casa,LL_casa,RT_casa,RO_casa,RD_casa,AS_casa,ER_casa,IA%_casa,3PC_casa,3PT_casa,3P%_casa,2PC_casa,2PT_casa,2P%_casa,LLC_casa,LLT_casa,LL%_casa,EN_casa,BR_casa,B/E_casa,TO_casa,FC_casa,T/FC_casa,ET_casa,VI_casa,EF_casa,Pts_visitante,3P_visitante,2P_visitante,LL_visitante,RT_visitante,RO_visitante,RD_visitante,AS_visitante,ER_visitante,IA%_visitante,3PC_visitante,3PT_visitante,3P%_visitante,2PC_visitante,2PT_visitante,2P%_visitante,LLC_visitante,LLT_visitante,LL%_visitante,EN_visitante,BR_visitante,B/E_visitante,TO_visitante,FC_visitante,T/FC_visitante,ET_visitante,VI_visitante,EF_visitante
91,82,2022-03-02,5,2,2021-2022,UNIFACISA,Mogi,1,81.26666666666667,31.6,37.733333333333334,11.933333333333334,36.266666666666666,9.466666666666667,26.8,14.133333333333333,11.6,1.2993333333333335,10.533333333333333,29.266666666666666,35.174,18.866666666666667,34.8,54.958000000000006,11.933333333333334,16.0,74.09066666666668,1.3333333333333333,7.866666666666666,0.7466666666666668,1.2666666666666666,19.533333333333335,0.06666666666666668,11.6,1.9333333333333333,90.46666666666667,73.366,25.7,36.93333333333333,10.732666666666669,38.166000000000004,10.533999999999997,27.634000000000004,18.5,16.6,1.1746666666666667,8.566666666666666,28.533333333333335,30.22133333333333,18.466666666666665,34.900666666666666,52.92866666666667,10.732666666666669,15.699333333333335,68.27066666666664,2.699333333333333,6.699333333333333,0.436,2.000666666666667,18.79933333333333,0.106,16.6,3.2,80.76666666666667
