placar_casa,placar_visitante,data,round,stage,ano,equipe_casa,equipe_visitante,resultado,Pts_casa,3P_casa,2P_casa,LL_casa,RT_casa,RO_casa,RD_casa,AS_casa,ER_casa,IA%_casa,3PC_casa,3PT_casa,3P%_casa,2PC_casa,2PT_casa,2P%_casa,LLC_casa,LLT_casa,LL%_casa,EN_casa,BR_casa,B/E_casa,TO_casa,FC_casa,T/FC_casa,ET_casa,VI_casa,EF_casa,Pts_visitante,3P_visitante,2P_visitante,LL_visitante,RT_visitante,RO_visitante,RD_visitante,AS_visitante,ER_visitante,IA%_visitante,3PC_visitante,3PT_visitante,3P%_visitante,2PC_visitante,2PT_visitante,2P%_visitante,LLC_visitante,LLT_visitante,LL%_visitante,EN_visitante,BR_visitante,B/E_visitante,TO_visitante,FC_visitante,T/FC_visitante,ET_visitante,VI_visitante,EF_visitante
83,82,2020-01-29,3,2,2019-2020,Mogi,Sesi Franca,1,81.96666666666667,28.8,35.333333333333336,17.833333333333332,36.9,9.333333333333334,27.566666666666666,17.033333333333335,14.6,1.236,9.6,25.666666666666668,37.51733333333333,17.666666666666668,35.46666666666667,49.87533333333333,17.833333333333332,22.966666666666665,77.69333333333334,0.8666666666666667,7.5,0.5346666666666666,2.3333333333333335,20.233333333333334,0.12133333333333336,14.6,2.066666666666667,92.0,86.35533333333333,32.06666666666667,36.0,18.288666666666664,37.11133333333333,8.266666666666667,28.84466666666667,19.221999999999998,12.233333333333333,1.6119999999999999,10.688666666666668,27.211333333333336,38.94666666666667,18.0,33.03333333333333,54.800666666666665,18.288666666666664,23.333333333333332,78.37599999999998,1.7886666666666666,5.311333333333334,0.4479999999999999,2.6333333333333333,20.044666666666668,0.134,12.233333333333333,1.4113333333333336,101.66666666666667
