placar_casa,placar_visitante,data,round,stage,ano,equipe_casa,equipe_visitante,resultado,Pts_casa,3P_casa,2P_casa,LL_casa,RT_casa,RO_casa,RD_casa,AS_casa,ER_casa,IA%_casa,3PC_casa,3PT_casa,3P%_casa,2PC_casa,2PT_casa,2P%_casa,LLC_casa,LLT_casa,LL%_casa,EN_casa,BR_casa,B/E_casa,TO_casa,FC_casa,T/FC_casa,ET_casa,VI_casa,EF_casa,Pts_visitante,3P_visitante,2P_visitante,LL_visitante,RT_visitante,RO_visitante,RD_visitante,AS_visitante,ER_visitante,IA%_visitante,3PC_visitante,3PT_visitante,3P%_visitante,2PC_visitante,2PT_visitante,2P%_visitante,LLC_visitante,LLT_visitante,LL%_visitante,EN_visitante,BR_visitante,B/E_visitante,TO_visitante,FC_visitante,T/FC_visitante,ET_visitante,VI_visitante,EF_visitante
64,63,2017-03-08,24,1,2016-2017,L. Sorocabana,Pinheiros,1,69.2,21.4,35.333333333333336,12.466666666666667,33.2,11.866666666666667,21.333333333333332,13.733333333333333,16.333333333333332,0.874,7.133333333333334,23.933333333333334,30.801333333333332,17.666666666666668,37.0,48.018666666666654,12.466666666666667,18.133333333333333,69.56866666666666,1.7333333333333334,8.066666666666666,0.5193333333333334,1.5333333333333334,24.2,0.06866666666666667,16.333333333333332,6.333333333333333,67.6,81.06666666666666,17.8,45.2,18.066666666666666,38.06666666666667,11.0,27.066666666666666,17.4,14.6,1.2326666666666668,5.933333333333334,19.866666666666667,30.901999999999997,22.6,42.0,53.62133333333335,18.066666666666666,26.133333333333333,69.42999999999999,2.0,7.333333333333333,0.5306666666666667,2.8666666666666667,21.933333333333334,0.14133333333333334,14.6,2.8666666666666667,90.73333333333333
