placar_casa,placar_visitante,data,round,stage,ano,equipe_casa,equipe_visitante,resultado,Pts_casa,3P_casa,2P_casa,LL_casa,RT_casa,RO_casa,RD_casa,AS_casa,ER_casa,IA%_casa,3PC_casa,3PT_casa,3P%_casa,2PC_casa,2PT_casa,2P%_casa,LLC_casa,LLT_casa,LL%_casa,EN_casa,BR_casa,B/E_casa,TO_casa,FC_casa,T/FC_casa,ET_casa,VI_casa,EF_casa,Pts_visitante,3P_visitante,2P_visitante,LL_visitante,RT_visitante,RO_visitante,RD_visitante,AS_visitante,ER_visitante,IA%_visitante,3PC_visitante,3PT_visitante,3P%_visitante,2PC_visitante,2PT_visitante,2P%_visitante,LLC_visitante,LLT_visitante,LL%_visitante,EN_visitante,BR_visitante,B/E_visitante,TO_visitante,FC_visitante,T/FC_visitante,ET_visitante,VI_visitante,EF_visitante
85,78,2015-05-15,3,5,2014-2015,Mogi,Bauru Basket,1,85.53333333333333,21.6,45.2,18.733333333333334,34.8,11.8,23.0,14.4,13.0,1.1893333333333336,7.2,21.133333333333333,34.28733333333333,22.6,40.666666666666664,55.66599999999999,18.733333333333334,25.0,74.57533333333335,1.3333333333333333,10.066666666666666,0.8393333333333335,1.7333333333333334,24.733333333333334,0.07200000000000001,13.0,2.8,95.13333333333334,84.33333333333333,31.4,35.733333333333334,17.2,34.733333333333334,8.066666666666666,26.666666666666668,18.333333333333332,11.266666666666667,1.7833333333333328,10.466666666666667,27.0,39.042666666666676,17.866666666666667,31.0,57.40866666666666,17.2,21.066666666666666,81.16733333333335,1.7333333333333334,9.066666666666666,0.8606666666666669,1.6,16.933333333333334,0.10266666666666667,11.266666666666667,2.066666666666667,103.26666666666667
