placar_casa,placar_visitante,data,round,stage,ano,equipe_casa,equipe_visitante,resultado,Pts_casa,3P_casa,2P_casa,LL_casa,RT_casa,RO_casa,RD_casa,AS_casa,ER_casa,IA%_casa,3PC_casa,3PT_casa,3P%_casa,2PC_casa,2PT_casa,2P%_casa,LLC_casa,LLT_casa,LL%_casa,EN_casa,BR_casa,B/E_casa,TO_casa,FC_casa,T/FC_casa,ET_casa,VI_casa,EF_casa,Pts_visitante,3P_visitante,2P_visitante,LL_visitante,RT_visitante,RO_visitante,RD_visitante,AS_visitante,ER_visitante,IA%_visitante,3PC_visitante,3PT_visitante,3P%_visitante,2PC_visitante,2PT_visitante,2P%_visitante,LLC_visitante,LLT_visitante,LL%_visitante,EN_visitante,BR_visitante,B/E_visitante,TO_visitante,FC_visitante,T/FC_visitante,ET_visitante,VI_visitante,EF_visitante
79,68,2024-01-22,3,2,2023-2024,UNIFACISA,Mogi,1,87.80066666666666,33.0,39.2,15.600666666666665,35.934,9.334,26.6,18.399333333333335,13.133999999999999,1.4166666666666665,10.999333333333334,31.066666666666666,34.828,19.6,32.59933333333333,59.96066666666666,15.600666666666665,19.734,78.27466666666668,0.9333333333333333,7.6659999999999995,0.5853333333333333,2.1333333333333333,17.59933333333333,0.128,13.133999999999999,1.9326666666666668,101.59933333333335,74.70066666666666,31.6,30.733999999999998,12.366666666666667,32.467333333333336,8.667333333333334,23.8,17.5,13.466000000000001,1.3486666666666665,10.533999999999999,28.699333333333335,36.55933333333334,15.366000000000001,30.233333333333334,51.222666666666676,12.366666666666667,16.667333333333332,75.53333333333333,0.366,6.100666666666666,0.48000000000000004,1.3333333333333333,20.666666666666668,0.06666666666666667,13.466000000000001,2.666,81.30066666666667
