placar_casa,placar_visitante,data,round,stage,ano,equipe_casa,equipe_visitante,resultado,Pts_casa,3P_casa,2P_casa,LL_casa,RT_casa,RO_casa,RD_casa,AS_casa,ER_casa,IA%_casa,3PC_casa,3PT_casa,3P%_casa,2PC_casa,2PT_casa,2P%_casa,LLC_casa,LLT_casa,LL%_casa,EN_casa,BR_casa,B/E_casa,TO_casa,FC_casa,T/FC_casa,ET_casa,VI_casa,EF_casa,Pts_visitante,3P_visitante,2P_visitante,LL_visitante,RT_visitante,RO_visitante,RD_visitante,AS_visitante,ER_visitante,IA%_visitante,3PC_visitante,3PT_visitante,3P%_visitante,2PC_visitante,2PT_visitante,2P%_visitante,LLC_visitante,LLT_visitante,LL%_visitante,EN_visitante,BR_visitante,B/E_visitante,TO_visitante,FC_visitante,T/FC_visitante,ET_visitante,VI_visitante,EF_visitante
95,65,2014-01-05,13,1,2013-2014,Pinheiros,L. Sorocabana,1,84.63636363636364,32.18181818181818,38.72727272727273,13.727272727272727,33.27272727272727,8.636363636363637,24.636363636363637,16.09090909090909,12.090909090909092,1.4372727272727273,10.727272727272727,25.545454545454547,42.35181818181819,19.363636363636363,37.36363636363637,51.95545454545456,13.727272727272727,18.454545454545453,73.76272727272726,2.5454545454545454,8.909090909090908,0.7890909090909091,4.090909090909091,17.363636363636363,0.23636363636363641,12.090909090909092,1.9090909090909092,97.36363636363636,76.81818181818181,21.818181818181817,40.18181818181818,14.818181818181818,30.0,10.0,20.0,11.818181818181818,12.0,1.0718181818181818,7.2727272727272725,20.272727272727273,34.849999999999994,20.09090909090909,38.81818181818182,52.33909090909091,14.818181818181818,20.181818181818183,72.82090909090908,1.5454545454545454,11.090909090909092,1.0036363636363637,2.090909090909091,23.272727272727273,0.09181818181818181,12.0,2.090909090909091,82.72727272727273
