placar_casa,placar_visitante,data,round,stage,ano,equipe_casa,equipe_visitante,resultado,Pts_casa,3P_casa,2P_casa,LL_casa,RT_casa,RO_casa,RD_casa,AS_casa,ER_casa,IA%_casa,3PC_casa,3PT_casa,3P%_casa,2PC_casa,2PT_casa,2P%_casa,LLC_casa,LLT_casa,LL%_casa,EN_casa,BR_casa,B/E_casa,TO_casa,FC_casa,T/FC_casa,ET_casa,VI_casa,EF_casa,Pts_visitante,3P_visitante,2P_visitante,LL_visitante,RT_visitante,RO_visitante,RD_visitante,AS_visitante,ER_visitante,IA%_visitante,3PC_visitante,3PT_visitante,3P%_visitante,2PC_visitante,2PT_visitante,2P%_visitante,LLC_visitante,LLT_visitante,LL%_visitante,EN_visitante,BR_visitante,B/E_visitante,TO_visitante,FC_visitante,T/FC_visitante,ET_visitante,VI_visitante,EF_visitante
89,84,2021-04-24,2,3,2020-2021,Corinthians,Pato Basquete,1,86.09933333333333,36.7,36.266,13.133333333333333,37.60066666666667,10.132666666666667,27.465999999999998,18.5,12.999333333333336,1.5013333333333336,12.233333333333333,29.59933333333333,41.288,18.134000000000004,35.934,50.602000000000004,13.133333333333333,17.300666666666668,77.36999999999999,1.4326666666666668,6.833333333333333,0.5506666666666666,1.999333333333333,18.832666666666665,0.10800000000000004,12.999333333333336,1.4333333333333333,98.7,73.62133333333333,25.0,35.46666666666667,13.156666666666665,35.24333333333333,10.310666666666666,24.93466666666667,14.756000000000002,14.157333333333334,1.3253333333333333,8.332666666666666,25.042666666666662,33.45,17.73333333333333,38.534,45.964000000000006,13.156666666666665,19.223333333333336,67.86866666666667,1.334666666666667,7.623333333333334,0.5686666666666668,1.512,22.11,0.06866666666666667,14.157333333333334,2.755333333333333,75.02133333333333
