placar_casa,placar_visitante,data,round,stage,ano,equipe_casa,equipe_visitante,resultado,Pts_casa,3P_casa,2P_casa,LL_casa,RT_casa,RO_casa,RD_casa,AS_casa,ER_casa,IA%_casa,3PC_casa,3PT_casa,3P%_casa,2PC_casa,2PT_casa,2P%_casa,LLC_casa,LLT_casa,LL%_casa,EN_casa,BR_casa,B/E_casa,TO_casa,FC_casa,T/FC_casa,ET_casa,VI_casa,EF_casa,Pts_visitante,3P_visitante,2P_visitante,LL_visitante,RT_visitante,RO_visitante,RD_visitante,AS_visitante,ER_visitante,IA%_visitante,3PC_visitante,3PT_visitante,3P%_visitante,2PC_visitante,2PT_visitante,2P%_visitante,LLC_visitante,LLT_visitante,LL%_visitante,EN_visitante,BR_visitante,B/E_visitante,TO_visitante,FC_visitante,T/FC_visitante,ET_visitante,VI_visitante,EF_visitante
85,84,2021-12-01,6,1,2021-2022,Paulistano,Cerrado,1,75.0,27.428571428571427,35.42857142857143,12.142857142857142,36.42857142857143,10.428571428571429,26.0,15.142857142857142,13.142857142857142,1.2142857142857142,9.142857142857142,27.428571428571427,33.21857142857143,17.714285714285715,36.57142857142857,48.6342857142857,12.142857142857142,17.285714285714285,70.40142857142857,1.2857142857142858,8.142857142857142,0.6285714285714287,2.142857142857143,20.142857142857142,0.10857142857142857,13.142857142857142,3.7142857142857144,81.42857142857143,78.85714285714286,26.142857142857142,40.57142857142857,12.142857142857142,44.714285714285715,13.857142857142858,30.857142857142858,14.0,15.857142857142858,0.937142857142857,8.714285714285714,32.0,27.298571428571424,20.285714285714285,39.285714285714285,51.49000000000001,12.142857142857142,18.714285714285715,64.95285714285714,1.8571428571428572,7.428571428571429,0.4942857142857143,2.142857142857143,19.285714285714285,0.11142857142857143,15.857142857142858,2.4285714285714284,82.42857142857143
