placar_casa,placar_visitante,data,round,stage,ano,equipe_casa,equipe_visitante,resultado,Pts_casa,3P_casa,2P_casa,LL_casa,RT_casa,RO_casa,RD_casa,AS_casa,ER_casa,IA%_casa,3PC_casa,3PT_casa,3P%_casa,2PC_casa,2PT_casa,2P%_casa,LLC_casa,LLT_casa,LL%_casa,EN_casa,BR_casa,B/E_casa,TO_casa,FC_casa,T/FC_casa,ET_casa,VI_casa,EF_casa,Pts_visitante,3P_visitante,2P_visitante,LL_visitante,RT_visitante,RO_visitante,RD_visitante,AS_visitante,ER_visitante,IA%_visitante,3PC_visitante,3PT_visitante,3P%_visitante,2PC_visitante,2PT_visitante,2P%_visitante,LLC_visitante,LLT_visitante,LL%_visitante,EN_visitante,BR_visitante,B/E_visitante,TO_visitante,FC_visitante,T/FC_visitante,ET_visitante,VI_visitante,EF_visitante
72,95,2023-12-29,11,1,2023-2024,Corinthians,Flamengo,0,80.73333333333333,26.4,40.46666666666667,13.866666666666667,38.7,10.5,28.2,17.3,11.166666666666666,1.6766666666666665,8.8,27.466666666666665,31.674666666666663,20.233333333333334,37.666666666666664,53.84066666666668,13.866666666666667,19.2,72.29933333333334,1.6333333333333333,4.9,0.46066666666666667,1.9,18.366666666666667,0.10800000000000001,11.166666666666666,2.033333333333333,90.93333333333334,84.36666666666666,28.2,40.13333333333333,16.033333333333335,38.333333333333336,12.466666666666667,25.866666666666667,19.633333333333333,11.766666666666667,1.7580000000000002,9.4,29.766666666666666,31.912,20.066666666666666,34.56666666666667,58.106666666666676,16.033333333333335,20.7,77.47266666666665,2.0,7.833333333333333,0.676,1.6333333333333333,17.433333333333334,0.09600000000000002,11.766666666666667,2.5,100.5
