placar_casa,placar_visitante,data,round,stage,ano,equipe_casa,equipe_visitante,resultado,Pts_casa,3P_casa,2P_casa,LL_casa,RT_casa,RO_casa,RD_casa,AS_casa,ER_casa,IA%_casa,3PC_casa,3PT_casa,3P%_casa,2PC_casa,2PT_casa,2P%_casa,LLC_casa,LLT_casa,LL%_casa,EN_casa,BR_casa,B/E_casa,TO_casa,FC_casa,T/FC_casa,ET_casa,VI_casa,EF_casa,Pts_visitante,3P_visitante,2P_visitante,LL_visitante,RT_visitante,RO_visitante,RD_visitante,AS_visitante,ER_visitante,IA%_visitante,3PC_visitante,3PT_visitante,3P%_visitante,2PC_visitante,2PT_visitante,2P%_visitante,LLC_visitante,LLT_visitante,LL%_visitante,EN_visitante,BR_visitante,B/E_visitante,TO_visitante,FC_visitante,T/FC_visitante,ET_visitante,VI_visitante,EF_visitante
65,63,2010-01-26,8,1,2009-2010,Joinville,Sesi Franca,1,80.25,26.25,39.0,15.0,33.125,11.75,21.375,12.875,11.125,1.3762499999999998,8.75,25.5,35.04875,19.5,39.25,49.83375,15.0,20.5,74.37625,1.5,7.25,0.735,2.375,18.5,0.14625000000000002,11.125,2.625,82.75,84.57142857142857,33.42857142857143,35.714285714285715,15.428571428571429,26.285714285714285,7.0,19.285714285714285,13.142857142857142,11.428571428571429,1.7614285714285713,11.142857142857142,26.285714285714285,40.690000000000005,17.857142857142858,35.142857142857146,51.72857142857142,15.428571428571429,20.714285714285715,73.51857142857143,0.0,5.714285714285714,0.5685714285714286,1.7142857142857142,20.0,0.09142857142857143,11.428571428571429,1.7142857142857142,82.28571428571429
