placar_casa,placar_visitante,data,round,stage,ano,equipe_casa,equipe_visitante,resultado,Pts_casa,3P_casa,2P_casa,LL_casa,RT_casa,RO_casa,RD_casa,AS_casa,ER_casa,IA%_casa,3PC_casa,3PT_casa,3P%_casa,2PC_casa,2PT_casa,2P%_casa,LLC_casa,LLT_casa,LL%_casa,EN_casa,BR_casa,B/E_casa,TO_casa,FC_casa,T/FC_casa,ET_casa,VI_casa,EF_casa,Pts_visitante,3P_visitante,2P_visitante,LL_visitante,RT_visitante,RO_visitante,RD_visitante,AS_visitante,ER_visitante,IA%_visitante,3PC_visitante,3PT_visitante,3P%_visitante,2PC_visitante,2PT_visitante,2P%_visitante,LLC_visitante,LLT_visitante,LL%_visitante,EN_visitante,BR_visitante,B/E_visitante,TO_visitante,FC_visitante,T/FC_visitante,ET_visitante,VI_visitante,EF_visitante
80,69,2012-05-03,3,4,2011-2012,Pinheiros,Joinville,1,83.13333333333334,22.0,44.8,16.333333333333332,28.933333333333334,7.6,21.333333333333332,15.933333333333334,12.466666666666667,1.4086666666666665,7.333333333333333,19.933333333333334,36.36666666666667,22.4,38.86666666666667,57.69533333333334,16.333333333333332,23.866666666666667,67.56866666666666,2.466666666666667,8.333333333333334,0.7100000000000001,2.933333333333333,20.4,0.14800000000000002,12.466666666666667,2.8,98.13333333333334,85.06666666666666,17.0,46.8,21.266666666666666,33.46666666666667,10.666666666666666,22.8,14.133333333333333,12.733333333333333,1.2499999999999996,5.666666666666667,17.0,33.90133333333334,23.4,45.8,51.082,21.266666666666666,28.6,74.80733333333335,1.6666666666666667,7.6,0.6906666666666668,1.2666666666666666,22.666666666666668,0.058,12.733333333333333,3.1333333333333333,98.2
