placar_casa,placar_visitante,data,round,stage,ano,equipe_casa,equipe_visitante,resultado,Pts_casa,3P_casa,2P_casa,LL_casa,RT_casa,RO_casa,RD_casa,AS_casa,ER_casa,IA%_casa,3PC_casa,3PT_casa,3P%_casa,2PC_casa,2PT_casa,2P%_casa,LLC_casa,LLT_casa,LL%_casa,EN_casa,BR_casa,B/E_casa,TO_casa,FC_casa,T/FC_casa,ET_casa,VI_casa,EF_casa,Pts_visitante,3P_visitante,2P_visitante,LL_visitante,RT_visitante,RO_visitante,RD_visitante,AS_visitante,ER_visitante,IA%_visitante,3PC_visitante,3PT_visitante,3P%_visitante,2PC_visitante,2PT_visitante,2P%_visitante,LLC_visitante,LLT_visitante,LL%_visitante,EN_visitante,BR_visitante,B/E_visitante,TO_visitante,FC_visitante,T/FC_visitante,ET_visitante,VI_visitante,EF_visitante
97,80,2022-02-12,3,2,2021-2022,Sesi Franca,Pato Basquete,1,90.80066666666666,35.3,40.867333333333335,14.633333333333333,40.199333333333335,9.833333333333334,30.365999999999996,16.532666666666668,13.166,1.2860000000000003,11.766666666666667,30.934000000000005,37.74466666666667,20.432666666666663,33.00066666666667,62.219333333333324,14.633333333333333,18.20066666666667,80.79933333333332,2.700666666666667,5.666666666666667,0.4413333333333334,3.1326666666666663,16.0,0.21733333333333332,13.166,1.9340000000000004,107.86733333333333,74.56666666666666,31.9,31.933333333333334,10.733333333333333,37.733333333333334,11.133333333333333,26.6,12.766666666666667,12.933333333333334,1.0233333333333334,10.633333333333333,28.833333333333332,36.38733333333333,15.966666666666667,36.56666666666667,44.178666666666665,10.733333333333333,16.6,65.49799999999999,1.5666666666666667,7.5,0.588,2.2666666666666666,20.033333333333335,0.11666666666666667,12.933333333333334,2.7,77.23333333333333
