placar_casa,placar_visitante,data,round,stage,ano,equipe_casa,equipe_visitante,resultado,Pts_casa,3P_casa,2P_casa,LL_casa,RT_casa,RO_casa,RD_casa,AS_casa,ER_casa,IA%_casa,3PC_casa,3PT_casa,3P%_casa,2PC_casa,2PT_casa,2P%_casa,LLC_casa,LLT_casa,LL%_casa,EN_casa,BR_casa,B/E_casa,TO_casa,FC_casa,T/FC_casa,ET_casa,VI_casa,EF_casa,Pts_visitante,3P_visitante,2P_visitante,LL_visitante,RT_visitante,RO_visitante,RD_visitante,AS_visitante,ER_visitante,IA%_visitante,3PC_visitante,3PT_visitante,3P%_visitante,2PC_visitante,2PT_visitante,2P%_visitante,LLC_visitante,LLT_visitante,LL%_visitante,EN_visitante,BR_visitante,B/E_visitante,TO_visitante,FC_visitante,T/FC_visitante,ET_visitante,VI_visitante,EF_visitante
72,64,2013-02-05,3,2,2012-2013,Espírito Santo,Limeira,1,81.33333333333333,55.6,37.06666666666667,18.866666666666667,29.266666666666666,9.2,20.066666666666666,10.6,12.866666666666667,0.9373333333333334,8.466666666666667,25.066666666666666,34.285999999999994,18.533333333333335,36.93333333333333,50.252,18.866666666666667,23.666666666666668,79.464,1.4,8.333333333333334,0.712,1.2666666666666666,21.4,0.05800000000000001,12.866666666666667,3.8666666666666667,86.8,82.6,58.4,38.93333333333333,12.066666666666666,30.066666666666666,8.533333333333333,21.533333333333335,17.533333333333335,12.333333333333334,1.4553333333333334,10.533333333333333,24.333333333333332,44.275333333333336,19.466666666666665,38.666666666666664,50.62733333333333,12.066666666666666,16.133333333333333,75.00266666666668,1.6,6.933333333333334,0.6093333333333334,1.6,20.2,0.07800000000000001,12.333333333333334,2.8666666666666667,96.46666666666667
