placar_casa,placar_visitante,data,round,stage,ano,equipe_casa,equipe_visitante,resultado,Pts_casa,3P_casa,2P_casa,LL_casa,RT_casa,RO_casa,RD_casa,AS_casa,ER_casa,IA%_casa,3PC_casa,3PT_casa,3P%_casa,2PC_casa,2PT_casa,2P%_casa,LLC_casa,LLT_casa,LL%_casa,EN_casa,BR_casa,B/E_casa,TO_casa,FC_casa,T/FC_casa,ET_casa,VI_casa,EF_casa,Pts_visitante,3P_visitante,2P_visitante,LL_visitante,RT_visitante,RO_visitante,RD_visitante,AS_visitante,ER_visitante,IA%_visitante,3PC_visitante,3PT_visitante,3P%_visitante,2PC_visitante,2PT_visitante,2P%_visitante,LLC_visitante,LLT_visitante,LL%_visitante,EN_visitante,BR_visitante,B/E_visitante,TO_visitante,FC_visitante,T/FC_visitante,ET_visitante,VI_visitante,EF_visitante
81,71,2016-05-06,2,5,2015-2016,Flamengo,Mogi,1,84.06666666666666,24.0,46.8,13.266666666666667,35.46666666666667,9.6,25.866666666666667,19.4,13.866666666666667,1.4899999999999998,8.0,21.2,37.938,23.4,41.733333333333334,56.20733333333333,13.266666666666667,17.066666666666666,75.60133333333333,1.6,11.266666666666667,0.8606666666666667,2.8,18.4,0.16266666666666665,13.866666666666667,2.7333333333333334,103.8,78.8,20.4,43.2,15.2,39.13333333333333,11.933333333333334,27.2,15.866666666666667,12.533333333333333,1.3153333333333335,6.8,22.6,31.471333333333334,21.6,41.13333333333333,52.63466666666667,15.2,20.0,76.06133333333332,2.066666666666667,10.2,0.86,2.066666666666667,20.933333333333334,0.09866666666666668,12.533333333333333,3.2,93.4
