placar_casa,placar_visitante,data,round,stage,ano,equipe_casa,equipe_visitante,resultado,Pts_casa,3P_casa,2P_casa,LL_casa,RT_casa,RO_casa,RD_casa,AS_casa,ER_casa,IA%_casa,3PC_casa,3PT_casa,3P%_casa,2PC_casa,2PT_casa,2P%_casa,LLC_casa,LLT_casa,LL%_casa,EN_casa,BR_casa,B/E_casa,TO_casa,FC_casa,T/FC_casa,ET_casa,VI_casa,EF_casa,Pts_visitante,3P_visitante,2P_visitante,LL_visitante,RT_visitante,RO_visitante,RD_visitante,AS_visitante,ER_visitante,IA%_visitante,3PC_visitante,3PT_visitante,3P%_visitante,2PC_visitante,2PT_visitante,2P%_visitante,LLC_visitante,LLT_visitante,LL%_visitante,EN_visitante,BR_visitante,B/E_visitante,TO_visitante,FC_visitante,T/FC_visitante,ET_visitante,VI_visitante,EF_visitante
83,79,2016-04-04,1,3,2015-2016,Minas,Pinheiros,1,74.33333333333333,16.6,43.2,14.533333333333333,38.2,11.266666666666667,26.933333333333334,13.8,16.2,0.9126666666666667,5.533333333333333,17.333333333333332,32.15533333333333,21.6,42.333333333333336,51.480000000000004,14.533333333333333,20.4,70.10066666666667,1.4,7.866666666666666,0.52,2.6666666666666665,21.866666666666667,0.12466666666666668,16.2,4.066666666666666,82.2,81.93333333333334,22.4,42.4,17.133333333333333,38.733333333333334,11.866666666666667,26.866666666666667,15.4,15.4,1.0493333333333335,7.466666666666667,21.4,35.07933333333334,21.2,43.86666666666667,48.69533333333334,17.133333333333333,21.866666666666667,78.37933333333334,1.6666666666666667,11.666666666666666,0.794,2.466666666666667,20.333333333333332,0.13133333333333333,15.4,3.2,93.46666666666667
