placar_casa,placar_visitante,data,round,stage,ano,equipe_casa,equipe_visitante,resultado,Pts_casa,3P_casa,2P_casa,LL_casa,RT_casa,RO_casa,RD_casa,AS_casa,ER_casa,IA%_casa,3PC_casa,3PT_casa,3P%_casa,2PC_casa,2PT_casa,2P%_casa,LLC_casa,LLT_casa,LL%_casa,EN_casa,BR_casa,B/E_casa,TO_casa,FC_casa,T/FC_casa,ET_casa,VI_casa,EF_casa,Pts_visitante,3P_visitante,2P_visitante,LL_visitante,RT_visitante,RO_visitante,RD_visitante,AS_visitante,ER_visitante,IA%_visitante,3PC_visitante,3PT_visitante,3P%_visitante,2PC_visitante,2PT_visitante,2P%_visitante,LLC_visitante,LLT_visitante,LL%_visitante,EN_visitante,BR_visitante,B/E_visitante,TO_visitante,FC_visitante,T/FC_visitante,ET_visitante,VI_visitante,EF_visitante
80,93,2022-12-13,9,1,2022-2023,Cerrado,Paulistano,0,82.4,39.3,28.2,14.9,34.9,10.6,24.3,15.8,15.2,1.066,13.1,37.6,34.609,14.1,27.0,52.31699999999999,14.9,20.6,72.272,1.8,6.7,0.45600000000000007,1.8,17.4,0.10500000000000001,15.2,3.4,83.3,72.45454545454545,23.454545454545453,38.36363636363637,10.636363636363637,40.72727272727273,15.090909090909092,25.636363636363637,15.0,11.818181818181818,1.3836363636363638,7.818181818181818,27.727272727272727,28.768181818181816,19.181818181818183,42.0,46.8609090909091,10.636363636363637,15.636363636363637,66.53727272727272,1.2727272727272727,8.090909090909092,0.7772727272727272,2.3636363636363638,18.818181818181817,0.1281818181818182,11.818181818181818,1.4545454545454546,79.0909090909091
