placar_casa,placar_visitante,data,round,stage,ano,equipe_casa,equipe_visitante,resultado,Pts_casa,3P_casa,2P_casa,LL_casa,RT_casa,RO_casa,RD_casa,AS_casa,ER_casa,IA%_casa,3PC_casa,3PT_casa,3P%_casa,2PC_casa,2PT_casa,2P%_casa,LLC_casa,LLT_casa,LL%_casa,EN_casa,BR_casa,B/E_casa,TO_casa,FC_casa,T/FC_casa,ET_casa,VI_casa,EF_casa,Pts_visitante,3P_visitante,2P_visitante,LL_visitante,RT_visitante,RO_visitante,RD_visitante,AS_visitante,ER_visitante,IA%_visitante,3PC_visitante,3PT_visitante,3P%_visitante,2PC_visitante,2PT_visitante,2P%_visitante,LLC_visitante,LLT_visitante,LL%_visitante,EN_visitante,BR_visitante,B/E_visitante,TO_visitante,FC_visitante,T/FC_visitante,ET_visitante,VI_visitante,EF_visitante
77,79,2019-05-03,1,5,2018-2019,Botafogo,Flamengo,0,76.8,27.8,34.8,14.2,35.46666666666667,12.8,22.666666666666668,15.333333333333334,13.066666666666666,1.2513333333333334,9.266666666666667,26.466666666666665,35.58533333333333,17.4,36.46666666666667,47.61666666666666,14.2,18.866666666666667,75.26866666666666,0.9333333333333333,6.533333333333333,0.5653333333333332,2.2,22.2,0.10133333333333333,13.066666666666666,2.3333333333333335,82.2,87.6,28.6,44.13333333333333,14.866666666666667,44.86666666666667,13.333333333333334,31.533333333333335,18.666666666666668,14.2,1.3906666666666667,9.533333333333333,27.0,34.902,22.066666666666666,39.93333333333333,55.707333333333324,14.866666666666667,19.2,77.71533333333333,1.2666666666666666,7.733333333333333,0.5866666666666666,1.6,18.933333333333334,0.08466666666666668,14.2,1.8,106.6
