placar_casa,placar_visitante,data,round,stage,ano,equipe_casa,equipe_visitante,resultado,Pts_casa,3P_casa,2P_casa,LL_casa,RT_casa,RO_casa,RD_casa,AS_casa,ER_casa,IA%_casa,3PC_casa,3PT_casa,3P%_casa,2PC_casa,2PT_casa,2P%_casa,LLC_casa,LLT_casa,LL%_casa,EN_casa,BR_casa,B/E_casa,TO_casa,FC_casa,T/FC_casa,ET_casa,VI_casa,EF_casa,Pts_visitante,3P_visitante,2P_visitante,LL_visitante,RT_visitante,RO_visitante,RD_visitante,AS_visitante,ER_visitante,IA%_visitante,3PC_visitante,3PT_visitante,3P%_visitante,2PC_visitante,2PT_visitante,2P%_visitante,LLC_visitante,LLT_visitante,LL%_visitante,EN_visitante,BR_visitante,B/E_visitante,TO_visitante,FC_visitante,T/FC_visitante,ET_visitante,VI_visitante,EF_visitante
99,80,2023-11-16,5,1,2023-2024,Minas,Bauru Basket,1,82.2,29.4,36.8,16.0,39.2,11.6,27.6,20.4,14.0,1.5539999999999998,9.8,28.6,32.55,18.4,32.6,56.11600000000001,16.0,21.0,75.35,1.0,6.8,0.454,2.2,20.4,0.11000000000000001,14.0,3.6,98.8,75.14285714285714,31.285714285714285,35.285714285714285,8.571428571428571,31.785714285714285,9.071428571428571,22.714285714285715,16.285714285714285,12.0,1.3257142857142856,10.428571428571429,28.357142857142858,36.00714285714285,17.642857142857142,37.07142857142857,47.980000000000004,8.571428571428571,11.357142857142858,74.38571428571427,1.2857142857142858,7.071428571428571,0.5871428571428572,0.7857142857142857,17.428571428571427,0.05000000000000001,12.0,2.5714285714285716,78.92857142857143
