placar_casa,placar_visitante,data,round,stage,ano,equipe_casa,equipe_visitante,resultado,Pts_casa,3P_casa,2P_casa,LL_casa,RT_casa,RO_casa,RD_casa,AS_casa,ER_casa,IA%_casa,3PC_casa,3PT_casa,3P%_casa,2PC_casa,2PT_casa,2P%_casa,LLC_casa,LLT_casa,LL%_casa,EN_casa,BR_casa,B/E_casa,TO_casa,FC_casa,T/FC_casa,ET_casa,VI_casa,EF_casa,Pts_visitante,3P_visitante,2P_visitante,LL_visitante,RT_visitante,RO_visitante,RD_visitante,AS_visitante,ER_visitante,IA%_visitante,3PC_visitante,3PT_visitante,3P%_visitante,2PC_visitante,2PT_visitante,2P%_visitante,LLC_visitante,LLT_visitante,LL%_visitante,EN_visitante,BR_visitante,B/E_visitante,TO_visitante,FC_visitante,T/FC_visitante,ET_visitante,VI_visitante,EF_visitante
83,81,2013-01-17,15,1,2012-2013,Mogi,Uberlândia,1,73.92307692307692,57.23076923076923,38.15384615384615,17.307692307692307,32.84615384615385,9.76923076923077,23.076923076923077,12.307692307692308,14.846153846153847,0.9530769230769229,6.153846153846154,19.46153846153846,31.635384615384616,19.076923076923077,41.30769230769231,46.385384615384616,17.307692307692307,23.23076923076923,73.69076923076923,0.5384615384615384,5.615384615384615,0.39384615384615385,1.1538461538461537,22.615384615384617,0.05384615384615385,14.846153846153847,2.6923076923076925,78.15384615384616,83.3076923076923,62.76923076923077,41.84615384615385,14.692307692307692,30.384615384615383,7.076923076923077,23.307692307692307,17.923076923076923,14.23076923076923,1.3299999999999998,8.923076923076923,23.53846153846154,38.11538461538462,20.923076923076923,34.69230769230769,60.678461538461534,14.692307692307692,17.53846153846154,82.31384615384614,3.230769230769231,5.6923076923076925,0.42846153846153834,1.5384615384615385,19.923076923076923,0.08307692307692308,14.23076923076923,2.6923076923076925,98.92307692307692
