placar_casa,placar_visitante,data,round,stage,ano,equipe_casa,equipe_visitante,resultado,Pts_casa,3P_casa,2P_casa,LL_casa,RT_casa,RO_casa,RD_casa,AS_casa,ER_casa,IA%_casa,3PC_casa,3PT_casa,3P%_casa,2PC_casa,2PT_casa,2P%_casa,LLC_casa,LLT_casa,LL%_casa,EN_casa,BR_casa,B/E_casa,TO_casa,FC_casa,T/FC_casa,ET_casa,VI_casa,EF_casa,Pts_visitante,3P_visitante,2P_visitante,LL_visitante,RT_visitante,RO_visitante,RD_visitante,AS_visitante,ER_visitante,IA%_visitante,3PC_visitante,3PT_visitante,3P%_visitante,2PC_visitante,2PT_visitante,2P%_visitante,LLC_visitante,LLT_visitante,LL%_visitante,EN_visitante,BR_visitante,B/E_visitante,TO_visitante,FC_visitante,T/FC_visitante,ET_visitante,VI_visitante,EF_visitante
91,76,2015-04-01,14,2,2014-2015,L. Sorocabana,Brasília,1,77.8,21.4,42.4,14.0,35.06666666666667,13.2,21.866666666666667,11.333333333333334,13.2,0.8766666666666667,7.133333333333334,21.0,33.89933333333333,21.2,43.266666666666666,49.42333333333333,14.0,19.0,71.842,1.0,9.933333333333334,0.7853333333333332,1.2666666666666666,23.333333333333332,0.05666666666666666,13.2,3.466666666666667,81.26666666666667,85.26666666666667,28.4,40.0,16.866666666666667,33.666666666666664,6.866666666666666,26.8,18.266666666666666,13.666666666666666,1.4533333333333331,9.466666666666667,24.666666666666668,38.60133333333332,20.0,35.666666666666664,56.76666666666666,16.866666666666667,21.466666666666665,77.33999999999999,1.9333333333333333,7.0,0.5706666666666668,3.0,22.066666666666666,0.13799999999999998,13.666666666666666,2.066666666666667,98.06666666666666
