placar_casa,placar_visitante,data,round,stage,ano,equipe_casa,equipe_visitante,resultado,Pts_casa,3P_casa,2P_casa,LL_casa,RT_casa,RO_casa,RD_casa,AS_casa,ER_casa,IA%_casa,3PC_casa,3PT_casa,3P%_casa,2PC_casa,2PT_casa,2P%_casa,LLC_casa,LLT_casa,LL%_casa,EN_casa,BR_casa,B/E_casa,TO_casa,FC_casa,T/FC_casa,ET_casa,VI_casa,EF_casa,Pts_visitante,3P_visitante,2P_visitante,LL_visitante,RT_visitante,RO_visitante,RD_visitante,AS_visitante,ER_visitante,IA%_visitante,3PC_visitante,3PT_visitante,3P%_visitante,2PC_visitante,2PT_visitante,2P%_visitante,LLC_visitante,LLT_visitante,LL%_visitante,EN_visitante,BR_visitante,B/E_visitante,TO_visitante,FC_visitante,T/FC_visitante,ET_visitante,VI_visitante,EF_visitante
89,84,2015-02-27,10,2,2014-2015,Limeira,Fortaleza B. C. / CFO,1,83.53333333333333,28.0,41.2,14.333333333333334,30.866666666666667,7.733333333333333,23.133333333333333,18.466666666666665,12.4,1.5873333333333335,9.333333333333334,22.533333333333335,41.80733333333333,20.6,37.06666666666667,55.49000000000001,14.333333333333334,17.933333333333334,78.708,2.4,10.066666666666666,0.8386666666666664,2.8666666666666667,20.0,0.14533333333333331,12.4,2.6666666666666665,100.13333333333334,76.8,26.2,36.53333333333333,14.066666666666666,33.46666666666667,10.666666666666666,22.8,13.2,11.2,1.2593333333333336,8.733333333333333,29.333333333333332,30.132,18.266666666666666,35.86666666666667,50.802666666666674,14.066666666666666,18.866666666666667,75.32466666666667,0.6666666666666666,9.533333333333333,0.9606666666666667,2.8,18.666666666666668,0.15933333333333335,11.2,2.0,81.6
