placar_casa,placar_visitante,data,round,stage,ano,equipe_casa,equipe_visitante,resultado,Pts_casa,3P_casa,2P_casa,LL_casa,RT_casa,RO_casa,RD_casa,AS_casa,ER_casa,IA%_casa,3PC_casa,3PT_casa,3P%_casa,2PC_casa,2PT_casa,2P%_casa,LLC_casa,LLT_casa,LL%_casa,EN_casa,BR_casa,B/E_casa,TO_casa,FC_casa,T/FC_casa,ET_casa,VI_casa,EF_casa,Pts_visitante,3P_visitante,2P_visitante,LL_visitante,RT_visitante,RO_visitante,RD_visitante,AS_visitante,ER_visitante,IA%_visitante,3PC_visitante,3PT_visitante,3P%_visitante,2PC_visitante,2PT_visitante,2P%_visitante,LLC_visitante,LLT_visitante,LL%_visitante,EN_visitante,BR_visitante,B/E_visitante,TO_visitante,FC_visitante,T/FC_visitante,ET_visitante,VI_visitante,EF_visitante
68,66,2025-02-13,7,2,2024-2025,São Paulo,UNIFACISA,1,75.40066666666667,23.0,37.666000000000004,14.732666666666667,34.266666666666666,8.199333333333334,26.067333333333337,16.934,15.066666666666666,1.1533333333333333,7.666666666666667,24.800666666666665,30.52733333333333,18.834,33.10066666666667,56.93600000000001,14.732666666666667,21.000666666666667,69.65533333333333,1.2660000000000002,5.933333333333334,0.39533333333333337,1.034,18.166,0.06000000000000001,15.066666666666666,2.7993333333333337,80.83333333333333,75.9,31.0,34.266,10.633999999999999,37.6,10.733333333333333,26.866666666666667,16.800666666666665,12.600666666666665,1.398,10.334,28.567333333333337,36.04933333333334,17.134,34.699333333333335,49.31866666666668,10.633999999999999,15.366000000000001,68.40466666666667,1.6333333333333333,6.833333333333333,0.5693333333333334,2.266,20.200666666666667,0.11866666666666666,12.600666666666665,2.8333333333333335,86.26666666666667
