placar_casa,placar_visitante,data,round,stage,ano,equipe_casa,equipe_visitante,resultado,Pts_casa,3P_casa,2P_casa,LL_casa,RT_casa,RO_casa,RD_casa,AS_casa,ER_casa,IA%_casa,3PC_casa,3PT_casa,3P%_casa,2PC_casa,2PT_casa,2P%_casa,LLC_casa,LLT_casa,LL%_casa,EN_casa,BR_casa,B/E_casa,TO_casa,FC_casa,T/FC_casa,ET_casa,VI_casa,EF_casa,Pts_visitante,3P_visitante,2P_visitante,LL_visitante,RT_visitante,RO_visitante,RD_visitante,AS_visitante,ER_visitante,IA%_visitante,3PC_visitante,3PT_visitante,3P%_visitante,2PC_visitante,2PT_visitante,2P%_visitante,LLC_visitante,LLT_visitante,LL%_visitante,EN_visitante,BR_visitante,B/E_visitante,TO_visitante,FC_visitante,T/FC_visitante,ET_visitante,VI_visitante,EF_visitante
74,78,2023-12-06,8,1,2023-2024,Fortaleza B. C. / CFO,União Corinthians,0,79.2,24.9,41.8,12.5,35.8,7.7,28.1,17.6,13.1,1.4080000000000001,8.3,22.0,36.993,20.9,37.4,55.623000000000005,12.5,18.8,65.55699999999999,1.3,5.6,0.4699999999999999,2.6,17.4,0.15499999999999997,13.1,2.9,91.2,71.27272727272727,25.09090909090909,32.18181818181818,14.0,34.72727272727273,8.636363636363637,26.09090909090909,13.363636363636363,14.272727272727273,0.9518181818181817,8.363636363636363,24.90909090909091,33.99181818181818,16.09090909090909,34.36363636363637,46.95545454545454,14.0,17.727272727272727,76.98636363636363,0.45454545454545453,5.363636363636363,0.37000000000000005,1.6363636363636365,21.454545454545453,0.07545454545454545,14.272727272727273,1.9090909090909092,73.54545454545455
