placar_casa,placar_visitante,data,round,stage,ano,equipe_casa,equipe_visitante,resultado,Pts_casa,3P_casa,2P_casa,LL_casa,RT_casa,RO_casa,RD_casa,AS_casa,ER_casa,IA%_casa,3PC_casa,3PT_casa,3P%_casa,2PC_casa,2PT_casa,2P%_casa,LLC_casa,LLT_casa,LL%_casa,EN_casa,BR_casa,B/E_casa,TO_casa,FC_casa,T/FC_casa,ET_casa,VI_casa,EF_casa,Pts_visitante,3P_visitante,2P_visitante,LL_visitante,RT_visitante,RO_visitante,RD_visitante,AS_visitante,ER_visitante,IA%_visitante,3PC_visitante,3PT_visitante,3P%_visitante,2PC_visitante,2PT_visitante,2P%_visitante,LLC_visitante,LLT_visitante,LL%_visitante,EN_visitante,BR_visitante,B/E_visitante,TO_visitante,FC_visitante,T/FC_visitante,ET_visitante,VI_visitante,EF_visitante
88,73,2019-04-27,4,4,2018-2019,Botafogo,Pinheiros,1,75.1,25.3,35.93333333333333,13.866666666666667,34.63333333333333,12.866666666666667,21.766666666666666,15.2,12.7,1.2713333333333334,8.433333333333334,26.033333333333335,32.775333333333336,17.966666666666665,37.2,48.203999999999986,13.866666666666667,18.533333333333335,74.52866666666665,0.9333333333333333,6.6,0.5793333333333333,1.8,21.9,0.08466666666666667,12.7,2.7333333333333334,79.0,81.93333333333334,31.8,34.8,15.333333333333334,37.06666666666667,10.866666666666667,26.2,15.4,14.066666666666666,1.1726666666666667,10.6,26.333333333333332,40.236000000000004,17.4,34.8,49.605999999999995,15.333333333333334,21.4,72.16533333333335,1.0666666666666667,7.0,0.5346666666666666,1.6,19.6,0.08600000000000001,14.066666666666666,2.8,89.66666666666667
