placar_casa,placar_visitante,data,round,stage,ano,equipe_casa,equipe_visitante,resultado,Pts_casa,3P_casa,2P_casa,LL_casa,RT_casa,RO_casa,RD_casa,AS_casa,ER_casa,IA%_casa,3PC_casa,3PT_casa,3P%_casa,2PC_casa,2PT_casa,2P%_casa,LLC_casa,LLT_casa,LL%_casa,EN_casa,BR_casa,B/E_casa,TO_casa,FC_casa,T/FC_casa,ET_casa,VI_casa,EF_casa,Pts_visitante,3P_visitante,2P_visitante,LL_visitante,RT_visitante,RO_visitante,RD_visitante,AS_visitante,ER_visitante,IA%_visitante,3PC_visitante,3PT_visitante,3P%_visitante,2PC_visitante,2PT_visitante,2P%_visitante,LLC_visitante,LLT_visitante,LL%_visitante,EN_visitante,BR_visitante,B/E_visitante,TO_visitante,FC_visitante,T/FC_visitante,ET_visitante,VI_visitante,EF_visitante
76,85,2023-05-01,2,4,2022-2023,Bauru Basket,Flamengo,0,76.06733333333334,30.4,33.33266666666667,12.332666666666666,31.800666666666665,7.932666666666666,23.866,16.800666666666665,11.533999999999999,1.4986666666666666,10.132666666666667,28.533333333333335,35.324666666666666,16.667333333333332,31.4,53.086,12.332666666666666,15.666,76.61466666666666,1.134,7.465999999999999,0.6686666666666667,1.3326666666666669,19.332666666666668,0.07066666666666667,11.533999999999999,2.866,85.46666666666667,86.80066666666667,34.4,40.53333333333333,11.867333333333333,41.332,11.266666666666667,30.067333333333337,20.066666666666666,13.267333333333333,1.6406666666666665,11.466666666666667,30.6,37.492000000000004,20.266666666666666,34.2,58.870000000000005,11.867333333333333,16.000666666666667,74.74666666666667,1.4666666666666666,6.268000000000001,0.5086666666666668,2.1326666666666667,17.132,0.12733333333333335,13.267333333333333,2.533333333333333,106.13266666666667
