placar_casa,placar_visitante,data,round,stage,ano,equipe_casa,equipe_visitante,resultado,Pts_casa,3P_casa,2P_casa,LL_casa,RT_casa,RO_casa,RD_casa,AS_casa,ER_casa,IA%_casa,3PC_casa,3PT_casa,3P%_casa,2PC_casa,2PT_casa,2P%_casa,LLC_casa,LLT_casa,LL%_casa,EN_casa,BR_casa,B/E_casa,TO_casa,FC_casa,T/FC_casa,ET_casa,VI_casa,EF_casa,Pts_visitante,3P_visitante,2P_visitante,LL_visitante,RT_visitante,RO_visitante,RD_visitante,AS_visitante,ER_visitante,IA%_visitante,3PC_visitante,3PT_visitante,3P%_visitante,2PC_visitante,2PT_visitante,2P%_visitante,LLC_visitante,LLT_visitante,LL%_visitante,EN_visitante,BR_visitante,B/E_visitante,TO_visitante,FC_visitante,T/FC_visitante,ET_visitante,VI_visitante,EF_visitante
76,81,2024-02-17,5,2,2023-2024,Bauru Basket,R10 Score Vasco da Gama,0,80.03266666666667,26.4,40.733333333333334,12.899333333333335,35.699333333333335,10.433333333333334,25.266000000000002,18.966666666666665,12.0,1.6646666666666667,8.800666666666666,28.067333333333334,31.218,20.366666666666667,37.766,53.82399999999999,12.899333333333335,16.7,76.96933333333332,2.033333333333333,7.6339999999999995,0.6599999999999999,2.1,19.733999999999998,0.10800000000000004,12.0,2.4993333333333334,91.966,76.2,27.0,35.333333333333336,13.866666666666667,34.93333333333333,9.466666666666667,25.466666666666665,19.733333333333334,15.4,1.3646666666666667,9.0,27.0,33.31933333333333,17.666666666666668,32.266666666666666,54.724,13.866666666666667,18.066666666666666,77.05199999999999,1.4666666666666666,7.333333333333333,0.4853333333333333,3.1333333333333333,21.666666666666668,0.14933333333333332,15.4,3.8,89.13333333333334
