placar_casa,placar_visitante,data,round,stage,ano,equipe_casa,equipe_visitante,resultado,Pts_casa,3P_casa,2P_casa,LL_casa,RT_casa,RO_casa,RD_casa,AS_casa,ER_casa,IA%_casa,3PC_casa,3PT_casa,3P%_casa,2PC_casa,2PT_casa,2P%_casa,LLC_casa,LLT_casa,LL%_casa,EN_casa,BR_casa,B/E_casa,TO_casa,FC_casa,T/FC_casa,ET_casa,VI_casa,EF_casa,Pts_visitante,3P_visitante,2P_visitante,LL_visitante,RT_visitante,RO_visitante,RD_visitante,AS_visitante,ER_visitante,IA%_visitante,3PC_visitante,3PT_visitante,3P%_visitante,2PC_visitante,2PT_visitante,2P%_visitante,LLC_visitante,LLT_visitante,LL%_visitante,EN_visitante,BR_visitante,B/E_visitante,TO_visitante,FC_visitante,T/FC_visitante,ET_visitante,VI_visitante,EF_visitante
88,70,2022-02-02,2,2,2021-2022,Pinheiros,Cerrado,1,77.03333333333333,26.7,37.333333333333336,13.0,41.166666666666664,14.266666666666667,26.9,15.433333333333334,14.133333333333333,1.122,8.9,28.733333333333334,31.122666666666664,18.666666666666668,39.13333333333333,47.83533333333333,13.0,18.6,69.36400000000002,1.5333333333333334,8.0,0.5693333333333332,2.933333333333333,16.233333333333334,0.18133333333333332,14.133333333333333,2.3,84.53333333333333,80.56666666666666,28.5,40.93333333333333,11.133333333333333,41.166666666666664,12.933333333333334,28.233333333333334,16.433333333333334,14.2,1.2646666666666668,9.5,31.466666666666665,30.267333333333337,20.466666666666665,40.43333333333333,50.54933333333334,11.133333333333333,16.2,69.63666666666667,2.5,6.8,0.5086666666666667,3.066666666666667,19.1,0.16066666666666665,14.2,2.6666666666666665,86.83333333333333
