placar_casa,placar_visitante,data,round,stage,ano,equipe_casa,equipe_visitante,resultado,Pts_casa,3P_casa,2P_casa,LL_casa,RT_casa,RO_casa,RD_casa,AS_casa,ER_casa,IA%_casa,3PC_casa,3PT_casa,3P%_casa,2PC_casa,2PT_casa,2P%_casa,LLC_casa,LLT_casa,LL%_casa,EN_casa,BR_casa,B/E_casa,TO_casa,FC_casa,T/FC_casa,ET_casa,VI_casa,EF_casa,Pts_visitante,3P_visitante,2P_visitante,LL_visitante,RT_visitante,RO_visitante,RD_visitante,AS_visitante,ER_visitante,IA%_visitante,3PC_visitante,3PT_visitante,3P%_visitante,2PC_visitante,2PT_visitante,2P%_visitante,LLC_visitante,LLT_visitante,LL%_visitante,EN_visitante,BR_visitante,B/E_visitante,TO_visitante,FC_visitante,T/FC_visitante,ET_visitante,VI_visitante,EF_visitante
75,80,2009-04-22,9,2,2008-2009,Lajeado,Araraquara,0,72.66666666666667,18.6,39.333333333333336,14.733333333333333,26.466666666666665,8.2,18.266666666666666,11.533333333333333,13.8,0.876,6.2,20.0,30.291999999999998,19.666666666666668,39.06666666666667,50.92466666666667,14.733333333333333,20.733333333333334,70.41399999999999,0.13333333333333333,7.266666666666667,0.5566666666666666,1.2,21.4,0.06200000000000001,13.8,0.0,66.13333333333334,76.4,25.2,35.733333333333334,15.466666666666667,28.0,7.2,20.8,16.133333333333333,17.866666666666667,0.9606666666666666,8.4,23.533333333333335,35.60933333333333,17.866666666666667,33.2,54.07933333333334,15.466666666666667,21.0,73.00733333333332,1.8666666666666667,7.8,0.4473333333333334,3.533333333333333,22.8,0.17266666666666666,17.866666666666667,0.0,78.0
