placar_casa,placar_visitante,data,round,stage,ano,equipe_casa,equipe_visitante,resultado,Pts_casa,3P_casa,2P_casa,LL_casa,RT_casa,RO_casa,RD_casa,AS_casa,ER_casa,IA%_casa,3PC_casa,3PT_casa,3P%_casa,2PC_casa,2PT_casa,2P%_casa,LLC_casa,LLT_casa,LL%_casa,EN_casa,BR_casa,B/E_casa,TO_casa,FC_casa,T/FC_casa,ET_casa,VI_casa,EF_casa,Pts_visitante,3P_visitante,2P_visitante,LL_visitante,RT_visitante,RO_visitante,RD_visitante,AS_visitante,ER_visitante,IA%_visitante,3PC_visitante,3PT_visitante,3P%_visitante,2PC_visitante,2PT_visitante,2P%_visitante,LLC_visitante,LLT_visitante,LL%_visitante,EN_visitante,BR_visitante,B/E_visitante,TO_visitante,FC_visitante,T/FC_visitante,ET_visitante,VI_visitante,EF_visitante
74,92,2016-12-07,1,1,2016-2017,VipTech CMB,Paulistano,0,75.0,27.857142857142858,32.0,15.142857142857142,37.0,11.142857142857142,25.857142857142858,14.714285714285714,14.571428571428571,1.0842857142857143,9.285714285714286,29.0,31.65285714285714,16.0,33.42857142857143,48.16571428571429,15.142857142857142,19.857142857142858,76.19714285714285,1.1428571428571428,5.857142857142857,0.4114285714285715,2.7142857142857144,21.571428571428573,0.1285714285714286,14.571428571428571,3.2857142857142856,78.85714285714286,79.71428571428571,27.428571428571427,37.142857142857146,15.142857142857142,36.714285714285715,12.428571428571429,24.285714285714285,17.142857142857142,12.714285714285714,1.4885714285714287,9.142857142857142,27.142857142857142,32.96714285714285,18.571428571428573,40.0,46.84857142857142,15.142857142857142,18.285714285714285,81.61857142857143,2.5714285714285716,7.428571428571429,0.6885714285714286,1.8571428571428572,17.571428571428573,0.11142857142857143,12.714285714285714,2.2857142857142856,87.57142857142857
