placar_casa,placar_visitante,data,round,stage,ano,equipe_casa,equipe_visitante,resultado,Pts_casa,3P_casa,2P_casa,LL_casa,RT_casa,RO_casa,RD_casa,AS_casa,ER_casa,IA%_casa,3PC_casa,3PT_casa,3P%_casa,2PC_casa,2PT_casa,2P%_casa,LLC_casa,LLT_casa,LL%_casa,EN_casa,BR_casa,B/E_casa,TO_casa,FC_casa,T/FC_casa,ET_casa,VI_casa,EF_casa,Pts_visitante,3P_visitante,2P_visitante,LL_visitante,RT_visitante,RO_visitante,RD_visitante,AS_visitante,ER_visitante,IA%_visitante,3PC_visitante,3PT_visitante,3P%_visitante,2PC_visitante,2PT_visitante,2P%_visitante,LLC_visitante,LLT_visitante,LL%_visitante,EN_visitante,BR_visitante,B/E_visitante,TO_visitante,FC_visitante,T/FC_visitante,ET_visitante,VI_visitante,EF_visitante
102,81,2015-02-26,10,2,2014-2015,L. Sorocabana,Palmeiras,1,76.8,19.6,43.46666666666667,13.733333333333333,33.4,12.266666666666667,21.133333333333333,11.733333333333333,13.333333333333334,0.9006666666666666,6.533333333333333,20.6,31.567999999999998,21.733333333333334,43.666666666666664,50.068,13.733333333333333,19.6,69.55733333333335,1.2,12.0,0.9366666666666666,1.8,23.266666666666666,0.07866666666666668,13.333333333333334,3.2,80.53333333333333,78.86666666666666,25.6,41.06666666666667,12.2,34.733333333333334,10.733333333333333,24.0,15.4,14.2,1.1900000000000002,8.533333333333333,24.0,35.71266666666667,20.533333333333335,38.6,53.047333333333334,12.2,17.6,68.36999999999999,2.1333333333333333,9.8,0.7526666666666666,1.6,18.266666666666666,0.09266666666666669,14.2,3.466666666666667,87.26666666666667
