placar_casa,placar_visitante,data,round,stage,ano,equipe_casa,equipe_visitante,resultado,Pts_casa,3P_casa,2P_casa,LL_casa,RT_casa,RO_casa,RD_casa,AS_casa,ER_casa,IA%_casa,3PC_casa,3PT_casa,3P%_casa,2PC_casa,2PT_casa,2P%_casa,LLC_casa,LLT_casa,LL%_casa,EN_casa,BR_casa,B/E_casa,TO_casa,FC_casa,T/FC_casa,ET_casa,VI_casa,EF_casa,Pts_visitante,3P_visitante,2P_visitante,LL_visitante,RT_visitante,RO_visitante,RD_visitante,AS_visitante,ER_visitante,IA%_visitante,3PC_visitante,3PT_visitante,3P%_visitante,2PC_visitante,2PT_visitante,2P%_visitante,LLC_visitante,LLT_visitante,LL%_visitante,EN_visitante,BR_visitante,B/E_visitante,TO_visitante,FC_visitante,T/FC_visitante,ET_visitante,VI_visitante,EF_visitante
106,81,2010-03-26,11,2,2009-2010,Brasília,Joinville,1,92.46666666666667,23.4,52.266666666666666,16.8,33.8,10.0,23.8,17.8,11.266666666666667,1.7513333333333336,7.8,23.0,33.31933333333334,26.133333333333333,42.4,62.26800000000001,16.8,21.466666666666665,76.96933333333332,1.8,8.066666666666666,0.8306666666666668,3.0,18.133333333333333,0.1913333333333333,11.266666666666667,2.066666666666667,107.73333333333333,77.13333333333334,26.6,35.333333333333336,15.2,31.9,8.966666666666667,22.933333333333334,12.0,12.9,1.0333333333333337,8.866666666666667,25.7,34.77066666666666,17.666666666666668,36.166666666666664,49.04200000000001,15.2,22.133333333333333,67.12266666666666,1.4333333333333333,6.233333333333333,0.552,1.9,18.766666666666666,0.10866666666666669,12.9,2.466666666666667,74.0
