placar_casa,placar_visitante,data,round,stage,ano,equipe_casa,equipe_visitante,resultado,Pts_casa,3P_casa,2P_casa,LL_casa,RT_casa,RO_casa,RD_casa,AS_casa,ER_casa,IA%_casa,3PC_casa,3PT_casa,3P%_casa,2PC_casa,2PT_casa,2P%_casa,LLC_casa,LLT_casa,LL%_casa,EN_casa,BR_casa,B/E_casa,TO_casa,FC_casa,T/FC_casa,ET_casa,VI_casa,EF_casa,Pts_visitante,3P_visitante,2P_visitante,LL_visitante,RT_visitante,RO_visitante,RD_visitante,AS_visitante,ER_visitante,IA%_visitante,3PC_visitante,3PT_visitante,3P%_visitante,2PC_visitante,2PT_visitante,2P%_visitante,LLC_visitante,LLT_visitante,LL%_visitante,EN_visitante,BR_visitante,B/E_visitante,TO_visitante,FC_visitante,T/FC_visitante,ET_visitante,VI_visitante,EF_visitante
87,92,2020-01-20,2,2,2019-2020,Brasília,Rio Claro,0,74.56666666666666,20.7,39.13333333333333,14.733333333333333,37.03333333333333,10.533333333333333,26.5,16.6,15.166666666666666,1.139333333333333,6.9,22.633333333333333,30.324,19.566666666666666,39.43333333333333,49.694666666666656,14.733333333333333,22.2,67.44133333333335,1.4666666666666666,7.433333333333334,0.5053333333333333,1.9,20.9,0.09266666666666667,15.166666666666666,2.2666666666666666,79.13333333333334,84.60066666666665,26.8,38.467333333333336,19.333333333333332,31.665999999999997,6.633333333333334,25.032666666666664,19.632666666666662,13.06733333333333,1.5953333333333333,8.932666666666668,24.7,36.46333333333334,19.232666666666663,33.19933333333333,58.046000000000014,19.333333333333332,24.40066666666667,79.53466666666667,2.1673333333333336,5.500666666666667,0.43000000000000005,1.1993333333333334,23.2,0.051333333333333335,13.06733333333333,2.0,94.73266666666667
