placar_casa,placar_visitante,data,round,stage,ano,equipe_casa,equipe_visitante,resultado,Pts_casa,3P_casa,2P_casa,LL_casa,RT_casa,RO_casa,RD_casa,AS_casa,ER_casa,IA%_casa,3PC_casa,3PT_casa,3P%_casa,2PC_casa,2PT_casa,2P%_casa,LLC_casa,LLT_casa,LL%_casa,EN_casa,BR_casa,B/E_casa,TO_casa,FC_casa,T/FC_casa,ET_casa,VI_casa,EF_casa,Pts_visitante,3P_visitante,2P_visitante,LL_visitante,RT_visitante,RO_visitante,RD_visitante,AS_visitante,ER_visitante,IA%_visitante,3PC_visitante,3PT_visitante,3P%_visitante,2PC_visitante,2PT_visitante,2P%_visitante,LLC_visitante,LLT_visitante,LL%_visitante,EN_visitante,BR_visitante,B/E_visitante,TO_visitante,FC_visitante,T/FC_visitante,ET_visitante,VI_visitante,EF_visitante
68,61,2017-02-14,20,1,2016-2017,Minas,L. Sorocabana,1,75.8,27.4,35.2,13.2,34.4,10.333333333333334,24.066666666666666,16.933333333333334,16.133333333333333,1.0806666666666667,9.133333333333333,26.333333333333332,35.64733333333333,17.6,35.13333333333333,50.022,13.2,17.933333333333334,74.886,1.8,8.0,0.5066666666666667,2.2,22.533333333333335,0.10266666666666667,16.133333333333333,4.333333333333333,81.73333333333333,69.2,22.8,34.4,12.0,33.333333333333336,11.533333333333333,21.8,13.933333333333334,16.933333333333334,0.8433333333333333,7.6,24.466666666666665,31.471999999999998,17.2,35.93333333333333,48.158,12.0,16.466666666666665,74.35733333333334,1.6,7.866666666666666,0.4753333333333334,1.8,23.933333333333334,0.07933333333333334,16.933333333333334,6.2,69.13333333333334
