placar_casa,placar_visitante,data,round,stage,ano,equipe_casa,equipe_visitante,resultado,Pts_casa,3P_casa,2P_casa,LL_casa,RT_casa,RO_casa,RD_casa,AS_casa,ER_casa,IA%_casa,3PC_casa,3PT_casa,3P%_casa,2PC_casa,2PT_casa,2P%_casa,LLC_casa,LLT_casa,LL%_casa,EN_casa,BR_casa,B/E_casa,TO_casa,FC_casa,T/FC_casa,ET_casa,VI_casa,EF_casa,Pts_visitante,3P_visitante,2P_visitante,LL_visitante,RT_visitante,RO_visitante,RD_visitante,AS_visitante,ER_visitante,IA%_visitante,3PC_visitante,3PT_visitante,3P%_visitante,2PC_visitante,2PT_visitante,2P%_visitante,LLC_visitante,LLT_visitante,LL%_visitante,EN_visitante,BR_visitante,B/E_visitante,TO_visitante,FC_visitante,T/FC_visitante,ET_visitante,VI_visitante,EF_visitante
61,92,2014-04-12,3,3,2013-2014,Sesi Franca,Uberlândia,0,84.26666666666667,21.6,47.6,15.066666666666666,36.4,12.0,24.4,13.733333333333333,14.333333333333334,1.006,7.2,19.266666666666666,36.70333333333333,23.8,43.666666666666664,54.11999999999999,15.066666666666666,20.533333333333335,72.54733333333334,2.7333333333333334,9.866666666666667,0.6940000000000001,3.0,19.533333333333335,0.15600000000000003,14.333333333333334,2.4,95.53333333333333,76.93333333333334,25.4,36.666666666666664,14.866666666666667,31.6,8.2,23.4,14.533333333333333,10.133333333333333,1.626,8.466666666666667,24.866666666666667,34.32866666666667,18.333333333333332,34.266666666666666,53.37266666666666,14.866666666666667,19.933333333333334,74.52133333333335,2.7333333333333334,9.533333333333333,1.032,2.066666666666667,18.133333333333333,0.11733333333333332,10.133333333333333,2.2666666666666666,87.13333333333334
