placar_casa,placar_visitante,data,round,stage,ano,equipe_casa,equipe_visitante,resultado,Pts_casa,3P_casa,2P_casa,LL_casa,RT_casa,RO_casa,RD_casa,AS_casa,ER_casa,IA%_casa,3PC_casa,3PT_casa,3P%_casa,2PC_casa,2PT_casa,2P%_casa,LLC_casa,LLT_casa,LL%_casa,EN_casa,BR_casa,B/E_casa,TO_casa,FC_casa,T/FC_casa,ET_casa,VI_casa,EF_casa,Pts_visitante,3P_visitante,2P_visitante,LL_visitante,RT_visitante,RO_visitante,RD_visitante,AS_visitante,ER_visitante,IA%_visitante,3PC_visitante,3PT_visitante,3P%_visitante,2PC_visitante,2PT_visitante,2P%_visitante,LLC_visitante,LLT_visitante,LL%_visitante,EN_visitante,BR_visitante,B/E_visitante,TO_visitante,FC_visitante,T/FC_visitante,ET_visitante,VI_visitante,EF_visitante
82,72,2024-12-12,10,1,2024-2025,Paulistano,Caxias do Sul Basquete,1,76.6676923076923,25.846153846153847,36.76923076923077,14.052307692307691,35.38384615384615,10.616153846153846,24.77,15.62923076923077,14.27,1.1015384615384616,8.616153846153846,24.09,35.63461538461539,18.384615384615383,35.62923076923077,51.47307692307691,14.052307692307691,18.949230769230766,74.39000000000001,1.7953846153846151,7.628461538461538,0.5346153846153846,2.3853846153846154,18.883846153846154,0.12461538461538466,14.27,2.0900000000000003,85.80846153846154,70.39285714285714,25.071428571428573,33.00071428571429,12.320714285714287,34.96357142857143,11.179285714285713,23.78642857142857,14.679285714285713,14.070714285714287,1.104285714285714,8.357142857142858,27.142142857142854,30.875,16.499285714285715,33.75071428571429,49.15428571428571,12.320714285714287,17.107142857142858,71.705,1.25,5.642857142857143,0.41785714285714287,1.4285714285714286,21.965,0.06571428571428571,14.070714285714287,3.213571428571428,72.21357142857143
