placar_casa,placar_visitante,data,round,stage,ano,equipe_casa,equipe_visitante,resultado,Pts_casa,3P_casa,2P_casa,LL_casa,RT_casa,RO_casa,RD_casa,AS_casa,ER_casa,IA%_casa,3PC_casa,3PT_casa,3P%_casa,2PC_casa,2PT_casa,2P%_casa,LLC_casa,LLT_casa,LL%_casa,EN_casa,BR_casa,B/E_casa,TO_casa,FC_casa,T/FC_casa,ET_casa,VI_casa,EF_casa,Pts_visitante,3P_visitante,2P_visitante,LL_visitante,RT_visitante,RO_visitante,RD_visitante,AS_visitante,ER_visitante,IA%_visitante,3PC_visitante,3PT_visitante,3P%_visitante,2PC_visitante,2PT_visitante,2P%_visitante,LLC_visitante,LLT_visitante,LL%_visitante,EN_visitante,BR_visitante,B/E_visitante,TO_visitante,FC_visitante,T/FC_visitante,ET_visitante,VI_visitante,EF_visitante
59,81,2013-12-14,10,1,2013-2014,Flamengo,Coop/São José Basketball,0,79.125,21.75,39.0,18.375,38.0,11.375,26.625,13.75,14.25,1.02625,7.25,22.25,32.806250000000006,19.5,37.625,51.98375,18.375,24.125,77.07999999999998,2.375,8.75,0.6062500000000001,3.125,19.75,0.15500000000000003,14.25,2.625,89.625,82.0,21.428571428571427,41.42857142857143,19.142857142857142,38.57142857142857,11.571428571428571,27.0,14.857142857142858,14.714285714285714,0.9942857142857143,7.142857142857143,22.714285714285715,33.71142857142858,20.714285714285715,40.285714285714285,51.548571428571435,19.142857142857142,23.857142857142858,80.30571428571429,1.0,8.0,0.53,2.4285714285714284,14.571428571428571,0.17,14.714285714285714,3.857142857142857,91.28571428571429
