placar_casa,placar_visitante,data,round,stage,ano,equipe_casa,equipe_visitante,resultado,Pts_casa,3P_casa,2P_casa,LL_casa,RT_casa,RO_casa,RD_casa,AS_casa,ER_casa,IA%_casa,3PC_casa,3PT_casa,3P%_casa,2PC_casa,2PT_casa,2P%_casa,LLC_casa,LLT_casa,LL%_casa,EN_casa,BR_casa,B/E_casa,TO_casa,FC_casa,T/FC_casa,ET_casa,VI_casa,EF_casa,Pts_visitante,3P_visitante,2P_visitante,LL_visitante,RT_visitante,RO_visitante,RD_visitante,AS_visitante,ER_visitante,IA%_visitante,3PC_visitante,3PT_visitante,3P%_visitante,2PC_visitante,2PT_visitante,2P%_visitante,LLC_visitante,LLT_visitante,LL%_visitante,EN_visitante,BR_visitante,B/E_visitante,TO_visitante,FC_visitante,T/FC_visitante,ET_visitante,VI_visitante,EF_visitante
107,84,2024-01-11,1,2,2023-2024,UNIFACISA,São Paulo,1,82.06733333333332,30.2,37.333333333333336,14.534000000000002,36.20066666666666,9.467333333333332,26.733333333333334,16.865999999999996,13.267333333333333,1.2753333333333332,10.066,30.466666666666665,32.85733333333334,18.666666666666668,32.59933333333333,56.651999999999994,14.534000000000002,18.334000000000003,78.53733333333331,1.0,6.999333333333333,0.526,2.1333333333333333,18.266,0.12266666666666669,13.267333333333333,2.1326666666666663,92.866,77.33399999999999,25.3,37.466,14.566,34.032666666666664,8.933333333333334,25.09933333333333,15.832666666666666,11.367333333333333,1.4113333333333336,8.433333333333334,26.09933333333333,32.25533333333333,18.733999999999998,33.166,55.80266666666667,14.566,19.066,76.49933333333334,0.9,5.800666666666667,0.5113333333333334,2.699333333333333,17.866,0.15266666666666664,11.367333333333333,1.8339999999999999,87.73399999999998
