placar_casa,placar_visitante,data,round,stage,ano,equipe_casa,equipe_visitante,resultado,Pts_casa,3P_casa,2P_casa,LL_casa,RT_casa,RO_casa,RD_casa,AS_casa,ER_casa,IA%_casa,3PC_casa,3PT_casa,3P%_casa,2PC_casa,2PT_casa,2P%_casa,LLC_casa,LLT_casa,LL%_casa,EN_casa,BR_casa,B/E_casa,TO_casa,FC_casa,T/FC_casa,ET_casa,VI_casa,EF_casa,Pts_visitante,3P_visitante,2P_visitante,LL_visitante,RT_visitante,RO_visitante,RD_visitante,AS_visitante,ER_visitante,IA%_visitante,3PC_visitante,3PT_visitante,3P%_visitante,2PC_visitante,2PT_visitante,2P%_visitante,LLC_visitante,LLT_visitante,LL%_visitante,EN_visitante,BR_visitante,B/E_visitante,TO_visitante,FC_visitante,T/FC_visitante,ET_visitante,VI_visitante,EF_visitante
75,87,2021-02-11,3,2,2020-2021,Fortaleza B. C. / CFO,UNIFACISA,0,76.33333333333333,23.3,40.39933333333333,12.633999999999999,36.766,8.934,27.834,13.466666666666667,12.834,1.0693333333333332,7.767333333333334,25.166,30.80933333333333,20.200666666666667,40.39933333333333,49.916000000000004,12.633999999999999,17.666666666666668,71.31866666666669,1.1333333333333333,8.8,0.678,3.1326666666666667,19.566,0.162,12.834,2.234,83.03266666666667,82.73333333333333,27.8,43.79933333333334,11.133999999999999,35.76533333333334,9.332,26.433333333333334,16.966,12.867999999999997,1.379333333333333,9.266666666666667,25.199333333333332,37.17733333333333,21.900666666666666,40.36666666666667,54.18266666666667,11.133999999999999,15.134000000000004,72.49466666666667,1.1,7.666666666666668,0.6346666666666667,1.5339999999999998,21.133333333333333,0.07533333333333334,12.867999999999997,2.2680000000000002,93.40066666666668
