placar_casa,placar_visitante,data,round,stage,ano,equipe_casa,equipe_visitante,resultado,Pts_casa,3P_casa,2P_casa,LL_casa,RT_casa,RO_casa,RD_casa,AS_casa,ER_casa,IA%_casa,3PC_casa,3PT_casa,3P%_casa,2PC_casa,2PT_casa,2P%_casa,LLC_casa,LLT_casa,LL%_casa,EN_casa,BR_casa,B/E_casa,TO_casa,FC_casa,T/FC_casa,ET_casa,VI_casa,EF_casa,Pts_visitante,3P_visitante,2P_visitante,LL_visitante,RT_visitante,RO_visitante,RD_visitante,AS_visitante,ER_visitante,IA%_visitante,3PC_visitante,3PT_visitante,3P%_visitante,2PC_visitante,2PT_visitante,2P%_visitante,LLC_visitante,LLT_visitante,LL%_visitante,EN_visitante,BR_visitante,B/E_visitante,TO_visitante,FC_visitante,T/FC_visitante,ET_visitante,VI_visitante,EF_visitante
88,100,2016-04-22,3,4,2015-2016,Paulistano,Brasília,0,80.73333333333333,28.6,37.2,14.933333333333334,38.333333333333336,11.8,26.533333333333335,17.4,13.2,1.4066666666666667,9.533333333333333,24.466666666666665,38.93133333333333,18.6,38.0,49.620666666666665,14.933333333333334,17.8,81.63799999999999,1.6666666666666667,8.066666666666666,0.6453333333333333,1.9333333333333333,19.4,0.10200000000000001,13.2,2.6666666666666665,96.06666666666666,84.73333333333333,26.2,44.0,14.533333333333333,34.333333333333336,10.133333333333333,24.2,19.0,14.066666666666666,1.4213333333333333,8.733333333333333,24.333333333333332,35.68333333333333,22.0,40.2,54.90066666666666,14.533333333333333,19.933333333333334,74.14933333333333,1.6666666666666667,10.8,0.8273333333333334,2.1333333333333333,23.533333333333335,0.09333333333333334,14.066666666666666,2.2666666666666666,97.73333333333333
