placar_casa,placar_visitante,data,round,stage,ano,equipe_casa,equipe_visitante,resultado,Pts_casa,3P_casa,2P_casa,LL_casa,RT_casa,RO_casa,RD_casa,AS_casa,ER_casa,IA%_casa,3PC_casa,3PT_casa,3P%_casa,2PC_casa,2PT_casa,2P%_casa,LLC_casa,LLT_casa,LL%_casa,EN_casa,BR_casa,B/E_casa,TO_casa,FC_casa,T/FC_casa,ET_casa,VI_casa,EF_casa,Pts_visitante,3P_visitante,2P_visitante,LL_visitante,RT_visitante,RO_visitante,RD_visitante,AS_visitante,ER_visitante,IA%_visitante,3PC_visitante,3PT_visitante,3P%_visitante,2PC_visitante,2PT_visitante,2P%_visitante,LLC_visitante,LLT_visitante,LL%_visitante,EN_visitante,BR_visitante,B/E_visitante,TO_visitante,FC_visitante,T/FC_visitante,ET_visitante,VI_visitante,EF_visitante
64,74,2017-01-27,17,1,2016-2017,L. Sorocabana,VipTech CMB,0,72.4,25.0,35.06666666666667,12.333333333333334,34.666666666666664,12.2,22.466666666666665,14.533333333333333,16.6,0.8966666666666666,8.333333333333334,25.066666666666666,33.943333333333335,17.533333333333335,36.666666666666664,48.09066666666667,12.333333333333334,16.333333333333332,77.218,1.3333333333333333,7.666666666666667,0.4666666666666667,1.6,23.733333333333334,0.07200000000000002,16.6,6.133333333333334,74.4,76.26666666666667,27.6,34.93333333333333,13.733333333333333,36.2,11.2,25.0,14.333333333333334,13.0,1.1733333333333333,9.2,27.8,32.94266666666667,17.466666666666665,36.86666666666667,47.69933333333334,13.733333333333333,19.4,70.21333333333332,1.1333333333333333,6.866666666666666,0.5673333333333335,3.1333333333333333,20.2,0.16466666666666666,13.0,3.0,80.13333333333334
