placar_casa,placar_visitante,data,round,stage,ano,equipe_casa,equipe_visitante,resultado,Pts_casa,3P_casa,2P_casa,LL_casa,RT_casa,RO_casa,RD_casa,AS_casa,ER_casa,IA%_casa,3PC_casa,3PT_casa,3P%_casa,2PC_casa,2PT_casa,2P%_casa,LLC_casa,LLT_casa,LL%_casa,EN_casa,BR_casa,B/E_casa,TO_casa,FC_casa,T/FC_casa,ET_casa,VI_casa,EF_casa,Pts_visitante,3P_visitante,2P_visitante,LL_visitante,RT_visitante,RO_visitante,RD_visitante,AS_visitante,ER_visitante,IA%_visitante,3PC_visitante,3PT_visitante,3P%_visitante,2PC_visitante,2PT_visitante,2P%_visitante,LLC_visitante,LLT_visitante,LL%_visitante,EN_visitante,BR_visitante,B/E_visitante,TO_visitante,FC_visitante,T/FC_visitante,ET_visitante,VI_visitante,EF_visitante
84,79,2024-01-08,1,2,2023-2024,Flamengo,R10 Score Vasco da Gama,1,85.8,30.2,39.06666666666667,16.533333333333335,37.733333333333334,11.4,26.333333333333332,19.966666666666665,12.2,1.7493333333333334,10.066666666666666,28.733333333333334,35.38466666666667,19.533333333333335,34.333333333333336,56.887333333333345,16.533333333333335,21.533333333333335,76.90733333333333,1.9333333333333333,7.9,0.6733333333333335,1.7333333333333334,18.333333333333332,0.09733333333333336,12.2,2.7,102.46666666666667,74.82266666666668,28.266666666666666,34.17733333333333,12.377333333333333,38.510666666666665,10.2,28.310666666666666,20.444,16.356,1.316,9.422666666666666,26.82266666666667,34.711333333333336,17.089333333333336,32.977333333333334,51.862666666666655,12.377333333333333,16.622666666666667,75.142,1.8,7.222666666666667,0.4333333333333334,2.822666666666667,22.0,0.13133333333333333,16.356,3.8666666666666667,89.93333333333334
