placar_casa,placar_visitante,data,round,stage,ano,equipe_casa,equipe_visitante,resultado,Pts_casa,3P_casa,2P_casa,LL_casa,RT_casa,RO_casa,RD_casa,AS_casa,ER_casa,IA%_casa,3PC_casa,3PT_casa,3P%_casa,2PC_casa,2PT_casa,2P%_casa,LLC_casa,LLT_casa,LL%_casa,EN_casa,BR_casa,B/E_casa,TO_casa,FC_casa,T/FC_casa,ET_casa,VI_casa,EF_casa,Pts_visitante,3P_visitante,2P_visitante,LL_visitante,RT_visitante,RO_visitante,RD_visitante,AS_visitante,ER_visitante,IA%_visitante,3PC_visitante,3PT_visitante,3P%_visitante,2PC_visitante,2PT_visitante,2P%_visitante,LLC_visitante,LLT_visitante,LL%_visitante,EN_visitante,BR_visitante,B/E_visitante,TO_visitante,FC_visitante,T/FC_visitante,ET_visitante,VI_visitante,EF_visitante
105,84,2009-03-06,11,1,2008-2009,Brasília,Paulistano,1,85.66666666666667,20.0,49.111111111111114,16.555555555555557,37.666666666666664,10.0,27.666666666666668,15.222222222222221,16.11111111111111,1.048888888888889,6.666666666666667,20.11111111111111,33.17888888888889,24.555555555555557,41.44444444444444,59.08444444444444,16.555555555555557,22.77777777777778,73.59111111111112,1.7777777777777777,6.666666666666667,0.4566666666666667,4.0,22.666666666666668,0.1822222222222222,16.11111111111111,0.0,96.55555555555556,72.55555555555556,20.666666666666668,37.55555555555556,14.333333333333334,31.22222222222222,10.444444444444445,20.77777777777778,14.777777777777779,16.77777777777778,1.0077777777777779,6.888888888888889,22.11111111111111,31.523333333333337,18.77777777777778,34.44444444444444,54.266666666666666,14.333333333333334,21.22222222222222,66.94111111111111,1.0,7.0,0.43333333333333335,3.111111111111111,22.333333333333332,0.14,16.77777777777778,0.0,74.11111111111111
