placar_casa,placar_visitante,data,round,stage,ano,equipe_casa,equipe_visitante,resultado,Pts_casa,3P_casa,2P_casa,LL_casa,RT_casa,RO_casa,RD_casa,AS_casa,ER_casa,IA%_casa,3PC_casa,3PT_casa,3P%_casa,2PC_casa,2PT_casa,2P%_casa,LLC_casa,LLT_casa,LL%_casa,EN_casa,BR_casa,B/E_casa,TO_casa,FC_casa,T/FC_casa,ET_casa,VI_casa,EF_casa,Pts_visitante,3P_visitante,2P_visitante,LL_visitante,RT_visitante,RO_visitante,RD_visitante,AS_visitante,ER_visitante,IA%_visitante,3PC_visitante,3PT_visitante,3P%_visitante,2PC_visitante,2PT_visitante,2P%_visitante,LLC_visitante,LLT_visitante,LL%_visitante,EN_visitante,BR_visitante,B/E_visitante,TO_visitante,FC_visitante,T/FC_visitante,ET_visitante,VI_visitante,EF_visitante
99,85,2014-03-13,13,2,2013-2014,Limeira,Fortaleza B. C. / CFO,1,75.6,25.8,35.6,14.2,31.533333333333335,8.066666666666666,23.466666666666665,14.066666666666666,11.933333333333334,1.3406666666666667,8.6,22.4,38.282666666666664,17.8,34.6,51.31466666666667,14.2,18.666666666666668,75.83399999999999,0.3333333333333333,8.733333333333333,0.8153333333333334,1.4666666666666666,20.866666666666667,0.07066666666666668,11.933333333333334,2.1333333333333333,84.4,77.66666666666667,19.6,43.6,14.466666666666667,37.53333333333333,10.466666666666667,27.066666666666666,12.733333333333333,12.8,1.077333333333333,6.533333333333333,17.933333333333334,37.218666666666664,21.8,45.13333333333333,48.54933333333334,14.466666666666667,20.6,70.86666666666666,2.2666666666666666,10.666666666666666,0.892,2.466666666666667,20.866666666666667,0.12333333333333334,12.8,2.7333333333333334,87.4
