placar_casa,placar_visitante,data,round,stage,ano,equipe_casa,equipe_visitante,resultado,Pts_casa,3P_casa,2P_casa,LL_casa,RT_casa,RO_casa,RD_casa,AS_casa,ER_casa,IA%_casa,3PC_casa,3PT_casa,3P%_casa,2PC_casa,2PT_casa,2P%_casa,LLC_casa,LLT_casa,LL%_casa,EN_casa,BR_casa,B/E_casa,TO_casa,FC_casa,T/FC_casa,ET_casa,VI_casa,EF_casa,Pts_visitante,3P_visitante,2P_visitante,LL_visitante,RT_visitante,RO_visitante,RD_visitante,AS_visitante,ER_visitante,IA%_visitante,3PC_visitante,3PT_visitante,3P%_visitante,2PC_visitante,2PT_visitante,2P%_visitante,LLC_visitante,LLT_visitante,LL%_visitante,EN_visitante,BR_visitante,B/E_visitante,TO_visitante,FC_visitante,T/FC_visitante,ET_visitante,VI_visitante,EF_visitante
78,64,2019-11-19,6,1,2019-2020,Corinthians,Paulistano,1,86.71428571428571,32.57142857142857,43.144285714285715,10.998571428571427,36.00142857142857,11.142857142857142,24.858571428571427,19.712857142857143,12.142857142857142,1.75,10.855714285714285,24.141428571428573,45.135714285714286,21.57,41.43,52.09285714285714,10.998571428571427,15.855714285714285,68.20428571428572,2.5728571428571425,6.2871428571428565,0.5442857142857143,2.142857142857143,22.00142857142857,0.09428571428571429,12.142857142857142,1.4271428571428573,100.57000000000001,85.75,35.625,38.0,12.125,39.125,11.5,27.625,19.875,12.875,1.63875,11.875,30.875,39.30375,19.0,33.25,57.2675,12.125,16.375,75.33125,4.25,7.125,0.56,1.75,22.0,0.07875,12.875,1.875,103.0
