placar_casa,placar_visitante,data,round,stage,ano,equipe_casa,equipe_visitante,resultado,Pts_casa,3P_casa,2P_casa,LL_casa,RT_casa,RO_casa,RD_casa,AS_casa,ER_casa,IA%_casa,3PC_casa,3PT_casa,3P%_casa,2PC_casa,2PT_casa,2P%_casa,LLC_casa,LLT_casa,LL%_casa,EN_casa,BR_casa,B/E_casa,TO_casa,FC_casa,T/FC_casa,ET_casa,VI_casa,EF_casa,Pts_visitante,3P_visitante,2P_visitante,LL_visitante,RT_visitante,RO_visitante,RD_visitante,AS_visitante,ER_visitante,IA%_visitante,3PC_visitante,3PT_visitante,3P%_visitante,2PC_visitante,2PT_visitante,2P%_visitante,LLC_visitante,LLT_visitante,LL%_visitante,EN_visitante,BR_visitante,B/E_visitante,TO_visitante,FC_visitante,T/FC_visitante,ET_visitante,VI_visitante,EF_visitante
80,98,2019-03-16,10,2,2018-2019,Coop/São José Basketball,Sesi Franca,0,80.844,22.866666666666667,40.97733333333334,17.0,35.977333333333334,9.355999999999998,26.622666666666667,19.843999999999998,15.510666666666664,1.3213333333333332,7.6226666666666665,24.510666666666665,31.176666666666666,20.489333333333335,35.57733333333333,57.715333333333334,17.0,22.422666666666668,75.10866666666668,1.0893333333333333,7.222666666666667,0.4740000000000001,1.2226666666666668,23.82266666666667,0.05733333333333334,15.510666666666664,2.022666666666667,92.13333333333334,86.5,30.8,40.46666666666667,15.233333333333333,33.666666666666664,7.933333333333334,25.733333333333334,17.533333333333335,12.1,1.4793333333333336,10.266666666666667,27.533333333333335,37.162666666666674,20.233333333333334,34.06666666666667,60.05133333333334,15.233333333333333,18.733333333333334,81.58066666666667,1.6333333333333333,7.333333333333333,0.64,2.033333333333333,18.033333333333335,0.11066666666666665,12.1,1.6666666666666667,100.1
