placar_casa,placar_visitante,data,round,stage,ano,equipe_casa,equipe_visitante,resultado,Pts_casa,3P_casa,2P_casa,LL_casa,RT_casa,RO_casa,RD_casa,AS_casa,ER_casa,IA%_casa,3PC_casa,3PT_casa,3P%_casa,2PC_casa,2PT_casa,2P%_casa,LLC_casa,LLT_casa,LL%_casa,EN_casa,BR_casa,B/E_casa,TO_casa,FC_casa,T/FC_casa,ET_casa,VI_casa,EF_casa,Pts_visitante,3P_visitante,2P_visitante,LL_visitante,RT_visitante,RO_visitante,RD_visitante,AS_visitante,ER_visitante,IA%_visitante,3PC_visitante,3PT_visitante,3P%_visitante,2PC_visitante,2PT_visitante,2P%_visitante,LLC_visitante,LLT_visitante,LL%_visitante,EN_visitante,BR_visitante,B/E_visitante,TO_visitante,FC_visitante,T/FC_visitante,ET_visitante,VI_visitante,EF_visitante
75,89,2013-05-13,1,5,2012-2013,Bauru Basket,Uberlândia,0,81.0,36.6,44.0,11.8,32.6,8.4,24.2,15.533333333333333,11.933333333333334,1.4873333333333334,8.4,21.6,39.13266666666666,22.0,39.4,57.21866666666666,11.8,16.466666666666665,72.16266666666667,1.7333333333333334,6.4,0.6039999999999999,1.3333333333333333,18.066666666666666,0.08066666666666666,11.933333333333334,2.066666666666667,91.6,87.66666666666667,42.8,41.46666666666667,15.0,31.666666666666668,7.733333333333333,23.933333333333334,17.733333333333334,11.466666666666667,1.8000000000000003,10.4,24.933333333333334,42.51866666666667,20.733333333333334,37.733333333333334,55.1,15.0,18.933333333333334,80.77666666666667,2.8,6.666666666666667,0.6246666666666667,2.8666666666666667,20.4,0.14266666666666666,11.466666666666667,2.466666666666667,101.4
