placar_casa,placar_visitante,data,round,stage,ano,equipe_casa,equipe_visitante,resultado,Pts_casa,3P_casa,2P_casa,LL_casa,RT_casa,RO_casa,RD_casa,AS_casa,ER_casa,IA%_casa,3PC_casa,3PT_casa,3P%_casa,2PC_casa,2PT_casa,2P%_casa,LLC_casa,LLT_casa,LL%_casa,EN_casa,BR_casa,B/E_casa,TO_casa,FC_casa,T/FC_casa,ET_casa,VI_casa,EF_casa,Pts_visitante,3P_visitante,2P_visitante,LL_visitante,RT_visitante,RO_visitante,RD_visitante,AS_visitante,ER_visitante,IA%_visitante,3PC_visitante,3PT_visitante,3P%_visitante,2PC_visitante,2PT_visitante,2P%_visitante,LLC_visitante,LLT_visitante,LL%_visitante,EN_visitante,BR_visitante,B/E_visitante,TO_visitante,FC_visitante,T/FC_visitante,ET_visitante,VI_visitante,EF_visitante
72,77,2024-01-03,12,1,2023-2024,Fortaleza B. C. / CFO,Sesi Franca,0,79.06600000000002,24.4,41.73266666666667,12.933333333333334,37.0,8.6,28.4,17.00066666666667,13.466000000000003,1.3273333333333335,8.134,23.065999999999995,34.860666666666674,20.867333333333338,36.6,56.63666666666666,12.933333333333334,18.6,68.10933333333332,1.5993333333333335,5.532666666666667,0.442,1.999333333333333,18.665999999999997,0.11533333333333336,13.466000000000003,2.466666666666667,90.79933333333334,85.20066666666666,30.4,41.20133333333334,13.599333333333334,39.2,9.934,29.268000000000004,20.199333333333335,14.6,1.4333333333333333,10.133333333333333,27.26533333333333,37.17666666666667,20.598666666666663,35.26733333333333,58.39200000000002,13.599333333333334,17.66533333333333,77.54133333333334,2.2666666666666666,6.532666666666667,0.4580000000000001,3.0013333333333336,17.934000000000005,0.17933333333333337,14.6,3.134666666666667,103.66533333333332
