placar_casa,placar_visitante,data,round,stage,ano,equipe_casa,equipe_visitante,resultado,Pts_casa,3P_casa,2P_casa,LL_casa,RT_casa,RO_casa,RD_casa,AS_casa,ER_casa,IA%_casa,3PC_casa,3PT_casa,3P%_casa,2PC_casa,2PT_casa,2P%_casa,LLC_casa,LLT_casa,LL%_casa,EN_casa,BR_casa,B/E_casa,TO_casa,FC_casa,T/FC_casa,ET_casa,VI_casa,EF_casa,Pts_visitante,3P_visitante,2P_visitante,LL_visitante,RT_visitante,RO_visitante,RD_visitante,AS_visitante,ER_visitante,IA%_visitante,3PC_visitante,3PT_visitante,3P%_visitante,2PC_visitante,2PT_visitante,2P%_visitante,LLC_visitante,LLT_visitante,LL%_visitante,EN_visitante,BR_visitante,B/E_visitante,TO_visitante,FC_visitante,T/FC_visitante,ET_visitante,VI_visitante,EF_visitante
81,86,2013-01-07,12,1,2012-2013,Palmeiras,Fortaleza B. C. / CFO,0,74.66666666666667,51.666666666666664,34.44444444444444,14.555555555555555,27.0,8.666666666666666,18.333333333333332,11.444444444444445,11.88888888888889,1.1600000000000001,8.555555555555555,24.88888888888889,34.52555555555555,17.22222222222222,38.22222222222222,45.47222222222222,14.555555555555555,21.666666666666668,65.30666666666667,1.6666666666666667,8.333333333333334,0.7777777777777778,1.5555555555555556,23.77777777777778,0.06222222222222223,11.88888888888889,3.111111111111111,76.88888888888889,73.88888888888889,61.666666666666664,41.111111111111114,13.11111111111111,30.333333333333332,9.11111111111111,21.22222222222222,11.88888888888889,11.444444444444445,1.0733333333333333,6.555555555555555,20.666666666666668,33.190000000000005,20.555555555555557,41.888888888888886,49.32,13.11111111111111,18.77777777777778,68.28333333333335,1.3333333333333333,7.0,0.6911111111111112,2.6666666666666665,21.0,0.13,11.444444444444445,2.6666666666666665,81.55555555555556
