placar_casa,placar_visitante,data,round,stage,ano,equipe_casa,equipe_visitante,resultado,Pts_casa,3P_casa,2P_casa,LL_casa,RT_casa,RO_casa,RD_casa,AS_casa,ER_casa,IA%_casa,3PC_casa,3PT_casa,3P%_casa,2PC_casa,2PT_casa,2P%_casa,LLC_casa,LLT_casa,LL%_casa,EN_casa,BR_casa,B/E_casa,TO_casa,FC_casa,T/FC_casa,ET_casa,VI_casa,EF_casa,Pts_visitante,3P_visitante,2P_visitante,LL_visitante,RT_visitante,RO_visitante,RD_visitante,AS_visitante,ER_visitante,IA%_visitante,3PC_visitante,3PT_visitante,3P%_visitante,2PC_visitante,2PT_visitante,2P%_visitante,LLC_visitante,LLT_visitante,LL%_visitante,EN_visitante,BR_visitante,B/E_visitante,TO_visitante,FC_visitante,T/FC_visitante,ET_visitante,VI_visitante,EF_visitante
76,82,2024-01-18,2,2,2023-2024,Botafogo,Caxias do Sul Basquete,0,78.84533333333333,26.4,37.510666666666665,14.932666666666668,35.0,11.155333333333335,23.84466666666667,17.088666666666665,13.532666666666668,1.3186666666666667,8.8,28.332666666666665,31.375999999999998,18.756000000000004,36.977333333333334,50.89733333333333,14.932666666666668,20.065999999999995,75.23733333333332,0.24400000000000002,6.8886666666666665,0.5373333333333332,1.8,20.932666666666663,0.08600000000000001,13.532666666666668,3.200666666666667,83.19933333333334,72.6,23.0,35.06666666666667,14.533333333333333,35.266666666666666,11.233333333333333,24.033333333333335,15.5,15.633333333333333,1.0133333333333334,7.666666666666667,25.266666666666666,30.583333333333336,17.533333333333335,36.93333333333333,47.50933333333333,14.533333333333333,20.966666666666665,69.45133333333334,2.6333333333333333,7.2,0.4659999999999999,2.0,20.7,0.09733333333333333,15.633333333333333,4.066666666666666,73.5
