placar_casa,placar_visitante,data,round,stage,ano,equipe_casa,equipe_visitante,resultado,Pts_casa,3P_casa,2P_casa,LL_casa,RT_casa,RO_casa,RD_casa,AS_casa,ER_casa,IA%_casa,3PC_casa,3PT_casa,3P%_casa,2PC_casa,2PT_casa,2P%_casa,LLC_casa,LLT_casa,LL%_casa,EN_casa,BR_casa,B/E_casa,TO_casa,FC_casa,T/FC_casa,ET_casa,VI_casa,EF_casa,Pts_visitante,3P_visitante,2P_visitante,LL_visitante,RT_visitante,RO_visitante,RD_visitante,AS_visitante,ER_visitante,IA%_visitante,3PC_visitante,3PT_visitante,3P%_visitante,2PC_visitante,2PT_visitante,2P%_visitante,LLC_visitante,LLT_visitante,LL%_visitante,EN_visitante,BR_visitante,B/E_visitante,TO_visitante,FC_visitante,T/FC_visitante,ET_visitante,VI_visitante,EF_visitante
84,83,2022-12-03,7,1,2022-2023,Sesi Franca,Caxias do Sul Basquete,1,89.27272727272727,36.0,36.81818181818182,16.454545454545453,41.72727272727273,9.909090909090908,31.818181818181817,18.318181818181817,12.863636363636363,1.5545454545454545,12.0,30.045454545454547,40.120000000000005,18.40909090909091,32.27272727272727,57.16909090909091,16.454545454545453,22.545454545454547,72.56272727272726,1.3181818181818181,5.136363636363637,0.4636363636363637,2.090909090909091,15.181818181818182,0.13909090909090913,12.863636363636363,2.272727272727273,105.68181818181819,75.33333333333333,25.333333333333332,37.0,13.0,35.72222222222222,9.777777777777779,25.944444444444443,12.944444444444445,11.277777777777779,1.161111111111111,8.444444444444445,25.944444444444443,32.42666666666667,18.5,38.166666666666664,48.36555555555556,13.0,17.88888888888889,73.20222222222222,0.5555555555555556,7.5,0.671111111111111,2.111111111111111,18.27777777777778,0.11666666666666667,11.277777777777779,2.2222222222222223,80.27777777777777
