placar_casa,placar_visitante,data,round,stage,ano,equipe_casa,equipe_visitante,resultado,Pts_casa,3P_casa,2P_casa,LL_casa,RT_casa,RO_casa,RD_casa,AS_casa,ER_casa,IA%_casa,3PC_casa,3PT_casa,3P%_casa,2PC_casa,2PT_casa,2P%_casa,LLC_casa,LLT_casa,LL%_casa,EN_casa,BR_casa,B/E_casa,TO_casa,FC_casa,T/FC_casa,ET_casa,VI_casa,EF_casa,Pts_visitante,3P_visitante,2P_visitante,LL_visitante,RT_visitante,RO_visitante,RD_visitante,AS_visitante,ER_visitante,IA%_visitante,3PC_visitante,3PT_visitante,3P%_visitante,2PC_visitante,2PT_visitante,2P%_visitante,LLC_visitante,LLT_visitante,LL%_visitante,EN_visitante,BR_visitante,B/E_visitante,TO_visitante,FC_visitante,T/FC_visitante,ET_visitante,VI_visitante,EF_visitante
75,65,2013-01-26,18,1,2012-2013,Limeira,Palmeiras,1,83.2,59.6,39.733333333333334,12.666666666666666,30.066666666666666,8.533333333333333,21.533333333333335,17.0,12.6,1.383333333333333,10.266666666666667,24.8,42.382666666666665,19.866666666666667,38.6,51.504000000000005,12.666666666666666,16.8,75.632,1.5333333333333334,6.266666666666667,0.5380000000000001,1.3333333333333333,20.866666666666667,0.06333333333333332,12.6,2.7333333333333334,94.93333333333334,72.06666666666666,54.8,36.53333333333333,14.333333333333334,27.733333333333334,9.266666666666667,18.466666666666665,10.6,12.533333333333333,0.9686666666666667,7.066666666666666,22.066666666666666,32.153333333333336,18.266666666666666,40.86666666666667,45.07933333333334,14.333333333333334,21.133333333333333,66.33999999999999,1.3333333333333333,7.333333333333333,0.6293333333333334,1.0666666666666667,23.133333333333333,0.04866666666666667,12.533333333333333,2.8666666666666667,71.53333333333333
