placar_casa,placar_visitante,data,round,stage,ano,equipe_casa,equipe_visitante,resultado,Pts_casa,3P_casa,2P_casa,LL_casa,RT_casa,RO_casa,RD_casa,AS_casa,ER_casa,IA%_casa,3PC_casa,3PT_casa,3P%_casa,2PC_casa,2PT_casa,2P%_casa,LLC_casa,LLT_casa,LL%_casa,EN_casa,BR_casa,B/E_casa,TO_casa,FC_casa,T/FC_casa,ET_casa,VI_casa,EF_casa,Pts_visitante,3P_visitante,2P_visitante,LL_visitante,RT_visitante,RO_visitante,RD_visitante,AS_visitante,ER_visitante,IA%_visitante,3PC_visitante,3PT_visitante,3P%_visitante,2PC_visitante,2PT_visitante,2P%_visitante,LLC_visitante,LLT_visitante,LL%_visitante,EN_visitante,BR_visitante,B/E_visitante,TO_visitante,FC_visitante,T/FC_visitante,ET_visitante,VI_visitante,EF_visitante
75,109,2023-03-23,7,2,2022-2023,BRB/Brasília,Flamengo,0,82.16666666666667,28.6,38.733333333333334,14.833333333333334,37.86666666666667,11.1,26.766666666666666,17.666666666666668,14.833333333333334,1.2166666666666663,9.533333333333333,27.966666666666665,34.13533333333334,19.366666666666667,38.333333333333336,50.28333333333334,14.833333333333334,20.633333333333333,71.81733333333335,2.2,5.833333333333333,0.39999999999999997,2.0,19.9,0.09866666666666668,14.833333333333334,2.7,87.5,84.76733333333331,38.4,35.0,11.367333333333333,41.79866666666666,11.099999999999998,30.70066666666667,20.133333333333333,11.967333333333332,1.7920000000000003,12.800000000000002,33.86666666666667,37.654666666666664,17.5,30.966666666666665,56.47333333333333,11.367333333333333,15.367333333333331,73.62466666666664,0.8666666666666667,6.468000000000001,0.5793333333333333,2.099333333333333,15.431999999999997,0.13933333333333336,11.967333333333332,2.1999999999999997,104.76599999999999
