placar_casa,placar_visitante,data,round,stage,ano,equipe_casa,equipe_visitante,resultado,Pts_casa,3P_casa,2P_casa,LL_casa,RT_casa,RO_casa,RD_casa,AS_casa,ER_casa,IA%_casa,3PC_casa,3PT_casa,3P%_casa,2PC_casa,2PT_casa,2P%_casa,LLC_casa,LLT_casa,LL%_casa,EN_casa,BR_casa,B/E_casa,TO_casa,FC_casa,T/FC_casa,ET_casa,VI_casa,EF_casa,Pts_visitante,3P_visitante,2P_visitante,LL_visitante,RT_visitante,RO_visitante,RD_visitante,AS_visitante,ER_visitante,IA%_visitante,3PC_visitante,3PT_visitante,3P%_visitante,2PC_visitante,2PT_visitante,2P%_visitante,LLC_visitante,LLT_visitante,LL%_visitante,EN_visitante,BR_visitante,B/E_visitante,TO_visitante,FC_visitante,T/FC_visitante,ET_visitante,VI_visitante,EF_visitante
75,62,2013-02-23,8,2,2012-2013,Sesi Franca,Limeira,1,81.13333333333334,72.6,48.4,15.333333333333334,29.2,8.266666666666667,20.933333333333334,14.266666666666667,13.333333333333334,1.1640000000000004,5.8,16.0,36.05133333333334,24.2,44.0,55.217999999999996,15.333333333333334,23.6,63.69533333333334,3.1333333333333333,9.2,0.7580000000000002,3.0,19.866666666666667,0.16199999999999998,13.333333333333334,2.0,95.46666666666667,79.73333333333333,58.4,38.93333333333333,12.6,28.4,8.2,20.2,15.4,11.333333333333334,1.3926666666666667,9.4,22.733333333333334,42.09866666666666,19.466666666666665,38.13333333333333,51.40733333333333,12.6,16.8,74.16,1.6,6.4,0.618,1.7333333333333334,21.533333333333335,0.08000000000000002,11.333333333333334,2.466666666666667,91.0
