placar_casa,placar_visitante,data,round,stage,ano,equipe_casa,equipe_visitante,resultado,Pts_casa,3P_casa,2P_casa,LL_casa,RT_casa,RO_casa,RD_casa,AS_casa,ER_casa,IA%_casa,3PC_casa,3PT_casa,3P%_casa,2PC_casa,2PT_casa,2P%_casa,LLC_casa,LLT_casa,LL%_casa,EN_casa,BR_casa,B/E_casa,TO_casa,FC_casa,T/FC_casa,ET_casa,VI_casa,EF_casa,Pts_visitante,3P_visitante,2P_visitante,LL_visitante,RT_visitante,RO_visitante,RD_visitante,AS_visitante,ER_visitante,IA%_visitante,3PC_visitante,3PT_visitante,3P%_visitante,2PC_visitante,2PT_visitante,2P%_visitante,LLC_visitante,LLT_visitante,LL%_visitante,EN_visitante,BR_visitante,B/E_visitante,TO_visitante,FC_visitante,T/FC_visitante,ET_visitante,VI_visitante,EF_visitante
90,84,2022-04-23,2,3,2021-2022,Paulistano,Rio Claro,1,76.0,25.2,38.80133333333333,12.000666666666666,36.4,10.332666666666666,26.06533333333333,14.4,13.001333333333333,1.289333333333333,8.398666666666667,25.400666666666666,32.71,19.398666666666664,37.934,50.88666666666668,12.000666666666666,16.199333333333335,72.17333333333333,1.7346666666666666,6.534666666666667,0.6020000000000001,1.8,19.400666666666666,0.09466666666666669,13.001333333333333,2.4673333333333334,82.40133333333333,76.93333333333334,22.4,39.333333333333336,15.2,35.4,10.666666666666666,24.733333333333334,14.133333333333333,12.133333333333333,1.1953333333333334,7.466666666666667,23.2,31.952666666666673,19.666666666666668,39.06666666666667,50.72333333333333,15.2,19.533333333333335,77.25266666666667,1.8,5.6,0.4759999999999999,1.5333333333333334,22.133333333333333,0.07133333333333333,12.133333333333333,3.2666666666666666,82.0
