placar_casa,placar_visitante,data,round,stage,ano,equipe_casa,equipe_visitante,resultado,Pts_casa,3P_casa,2P_casa,LL_casa,RT_casa,RO_casa,RD_casa,AS_casa,ER_casa,IA%_casa,3PC_casa,3PT_casa,3P%_casa,2PC_casa,2PT_casa,2P%_casa,LLC_casa,LLT_casa,LL%_casa,EN_casa,BR_casa,B/E_casa,TO_casa,FC_casa,T/FC_casa,ET_casa,VI_casa,EF_casa,Pts_visitante,3P_visitante,2P_visitante,LL_visitante,RT_visitante,RO_visitante,RD_visitante,AS_visitante,ER_visitante,IA%_visitante,3PC_visitante,3PT_visitante,3P%_visitante,2PC_visitante,2PT_visitante,2P%_visitante,LLC_visitante,LLT_visitante,LL%_visitante,EN_visitante,BR_visitante,B/E_visitante,TO_visitante,FC_visitante,T/FC_visitante,ET_visitante,VI_visitante,EF_visitante
88,85,2010-03-26,11,2,2009-2010,Sesi Franca,Paulistano,1,86.26666666666667,26.4,41.06666666666667,18.8,28.933333333333334,7.133333333333334,21.8,13.533333333333333,11.533333333333333,1.3293333333333333,8.8,22.8,38.82866666666666,20.533333333333335,38.666666666666664,53.346666666666664,18.8,24.466666666666665,77.682,0.8666666666666667,9.333333333333334,0.9066666666666667,2.3333333333333335,21.0,0.12399999999999999,11.533333333333333,2.3333333333333335,91.06666666666666,80.0,22.4,42.8,14.8,30.2,10.2,20.0,13.066666666666666,14.6,0.9380000000000002,7.466666666666667,23.733333333333334,31.34333333333333,21.4,40.46666666666667,53.169999999999995,14.8,21.533333333333335,69.4,1.2666666666666666,7.733333333333333,0.5373333333333333,1.8666666666666667,21.6,0.08800000000000001,14.6,2.8666666666666667,76.2
