placar_casa,placar_visitante,data,round,stage,ano,equipe_casa,equipe_visitante,resultado,Pts_casa,3P_casa,2P_casa,LL_casa,RT_casa,RO_casa,RD_casa,AS_casa,ER_casa,IA%_casa,3PC_casa,3PT_casa,3P%_casa,2PC_casa,2PT_casa,2P%_casa,LLC_casa,LLT_casa,LL%_casa,EN_casa,BR_casa,B/E_casa,TO_casa,FC_casa,T/FC_casa,ET_casa,VI_casa,EF_casa,Pts_visitante,3P_visitante,2P_visitante,LL_visitante,RT_visitante,RO_visitante,RD_visitante,AS_visitante,ER_visitante,IA%_visitante,3PC_visitante,3PT_visitante,3P%_visitante,2PC_visitante,2PT_visitante,2P%_visitante,LLC_visitante,LLT_visitante,LL%_visitante,EN_visitante,BR_visitante,B/E_visitante,TO_visitante,FC_visitante,T/FC_visitante,ET_visitante,VI_visitante,EF_visitante
61,82,2022-03-31,9,2,2021-2022,Minas,São Paulo,0,85.96666666666667,31.4,40.93333333333333,13.633333333333333,37.63333333333333,9.266666666666667,28.366666666666667,17.633333333333333,13.366666666666667,1.3920000000000001,10.466666666666667,27.8,37.413333333333334,20.466666666666665,33.6,60.61066666666667,13.633333333333333,18.133333333333333,74.82333333333334,3.3666666666666667,6.3,0.48933333333333334,2.3666666666666667,17.9,0.13266666666666668,13.366666666666667,2.8,101.56666666666666,87.4,33.6,37.93333333333333,15.866666666666667,36.63333333333333,7.933333333333334,28.7,17.333333333333332,11.333333333333334,1.6153333333333335,11.2,28.9,38.78200000000001,18.966666666666665,32.53333333333333,57.98800000000001,15.866666666666667,21.3,74.698,2.6666666666666665,7.033333333333333,0.6380000000000001,2.466666666666667,18.3,0.13333333333333333,11.333333333333334,1.8,102.83333333333333
