placar_casa,placar_visitante,data,round,stage,ano,equipe_casa,equipe_visitante,resultado,Pts_casa,3P_casa,2P_casa,LL_casa,RT_casa,RO_casa,RD_casa,AS_casa,ER_casa,IA%_casa,3PC_casa,3PT_casa,3P%_casa,2PC_casa,2PT_casa,2P%_casa,LLC_casa,LLT_casa,LL%_casa,EN_casa,BR_casa,B/E_casa,TO_casa,FC_casa,T/FC_casa,ET_casa,VI_casa,EF_casa,Pts_visitante,3P_visitante,2P_visitante,LL_visitante,RT_visitante,RO_visitante,RD_visitante,AS_visitante,ER_visitante,IA%_visitante,3PC_visitante,3PT_visitante,3P%_visitante,2PC_visitante,2PT_visitante,2P%_visitante,LLC_visitante,LLT_visitante,LL%_visitante,EN_visitante,BR_visitante,B/E_visitante,TO_visitante,FC_visitante,T/FC_visitante,ET_visitante,VI_visitante,EF_visitante
92,85,2013-01-05,11,1,2012-2013,Espírito Santo,Mogi,1,78.0,53.333333333333336,35.55555555555556,15.777777777777779,28.11111111111111,8.444444444444445,19.666666666666668,11.777777777777779,13.444444444444445,0.9433333333333334,8.88888888888889,22.88888888888889,38.91888888888889,17.77777777777778,36.55555555555556,48.87,15.777777777777779,21.0,73.59666666666666,1.4444444444444444,7.555555555555555,0.5933333333333333,1.4444444444444444,19.22222222222222,0.08,13.444444444444445,3.6666666666666665,84.33333333333333,72.3,58.8,39.2,15.7,34.4,9.9,24.5,12.5,15.7,0.8729999999999999,5.8,18.8,30.77,19.6,40.9,48.12499999999999,15.7,21.4,72.88100000000001,0.6,5.9,0.4,1.2,22.7,0.05700000000000001,15.7,2.8,79.1
