placar_casa,placar_visitante,data,round,stage,ano,equipe_casa,equipe_visitante,resultado,Pts_casa,3P_casa,2P_casa,LL_casa,RT_casa,RO_casa,RD_casa,AS_casa,ER_casa,IA%_casa,3PC_casa,3PT_casa,3P%_casa,2PC_casa,2PT_casa,2P%_casa,LLC_casa,LLT_casa,LL%_casa,EN_casa,BR_casa,B/E_casa,TO_casa,FC_casa,T/FC_casa,ET_casa,VI_casa,EF_casa,Pts_visitante,3P_visitante,2P_visitante,LL_visitante,RT_visitante,RO_visitante,RD_visitante,AS_visitante,ER_visitante,IA%_visitante,3PC_visitante,3PT_visitante,3P%_visitante,2PC_visitante,2PT_visitante,2P%_visitante,LLC_visitante,LLT_visitante,LL%_visitante,EN_visitante,BR_visitante,B/E_visitante,TO_visitante,FC_visitante,T/FC_visitante,ET_visitante,VI_visitante,EF_visitante
75,80,2013-03-23,14,2,2012-2013,Limeira,Flamengo,0,77.66666666666667,55.6,37.06666666666667,12.2,27.733333333333334,8.133333333333333,19.6,14.666666666666666,11.2,1.3506666666666665,9.466666666666667,23.266666666666666,40.40133333333333,18.533333333333335,36.93333333333333,50.45333333333333,12.2,17.133333333333333,69.83933333333334,1.6666666666666667,6.333333333333333,0.6106666666666666,2.0,21.533333333333335,0.09600000000000002,11.2,2.8,87.8,90.33333333333333,66.8,48.0,16.533333333333335,34.333333333333336,9.866666666666667,24.466666666666665,14.4,11.4,1.5799999999999998,8.6,22.533333333333335,38.05,24.0,42.733333333333334,56.604000000000006,16.533333333333335,22.066666666666666,74.94200000000001,1.5333333333333334,6.6,0.6419999999999999,1.4,18.266666666666666,0.07933333333333333,11.4,2.933333333333333,105.46666666666667
