placar_casa,placar_visitante,data,round,stage,ano,equipe_casa,equipe_visitante,resultado,Pts_casa,3P_casa,2P_casa,LL_casa,RT_casa,RO_casa,RD_casa,AS_casa,ER_casa,IA%_casa,3PC_casa,3PT_casa,3P%_casa,2PC_casa,2PT_casa,2P%_casa,LLC_casa,LLT_casa,LL%_casa,EN_casa,BR_casa,B/E_casa,TO_casa,FC_casa,T/FC_casa,ET_casa,VI_casa,EF_casa,Pts_visitante,3P_visitante,2P_visitante,LL_visitante,RT_visitante,RO_visitante,RD_visitante,AS_visitante,ER_visitante,IA%_visitante,3PC_visitante,3PT_visitante,3P%_visitante,2PC_visitante,2PT_visitante,2P%_visitante,LLC_visitante,LLT_visitante,LL%_visitante,EN_visitante,BR_visitante,B/E_visitante,TO_visitante,FC_visitante,T/FC_visitante,ET_visitante,VI_visitante,EF_visitante
92,87,2010-02-07,2,2,2009-2010,Minas,Pinheiros,1,92.27272727272727,28.636363636363637,48.54545454545455,15.090909090909092,34.72727272727273,10.818181818181818,23.90909090909091,20.454545454545453,14.545454545454545,1.4372727272727273,9.545454545454545,22.454545454545453,43.09909090909091,24.272727272727273,44.09090909090909,54.9390909090909,15.090909090909092,19.545454545454547,74.96454545454546,0.7272727272727273,7.2727272727272725,0.5290909090909092,2.1818181818181817,19.363636363636363,0.11818181818181818,14.545454545454545,2.272727272727273,105.18181818181819,87.3,30.3,39.2,17.8,30.6,8.0,22.6,13.3,13.9,1.009,10.1,24.3,42.425,19.6,36.8,52.85799999999999,17.8,23.4,76.22999999999999,2.6,6.5,0.469,2.4,18.1,0.162,13.9,2.6,89.2
