placar_casa,placar_visitante,data,round,stage,ano,equipe_casa,equipe_visitante,resultado,Pts_casa,3P_casa,2P_casa,LL_casa,RT_casa,RO_casa,RD_casa,AS_casa,ER_casa,IA%_casa,3PC_casa,3PT_casa,3P%_casa,2PC_casa,2PT_casa,2P%_casa,LLC_casa,LLT_casa,LL%_casa,EN_casa,BR_casa,B/E_casa,TO_casa,FC_casa,T/FC_casa,ET_casa,VI_casa,EF_casa,Pts_visitante,3P_visitante,2P_visitante,LL_visitante,RT_visitante,RO_visitante,RD_visitante,AS_visitante,ER_visitante,IA%_visitante,3PC_visitante,3PT_visitante,3P%_visitante,2PC_visitante,2PT_visitante,2P%_visitante,LLC_visitante,LLT_visitante,LL%_visitante,EN_visitante,BR_visitante,B/E_visitante,TO_visitante,FC_visitante,T/FC_visitante,ET_visitante,VI_visitante,EF_visitante
61,73,2015-01-21,1,2,2014-2015,Pinheiros,Limeira,0,83.35714285714286,27.428571428571427,41.42857142857143,14.5,33.57142857142857,9.928571428571429,23.642857142857142,15.428571428571429,14.214285714285714,1.167857142857143,9.142857142857142,25.214285714285715,36.526428571428575,20.714285714285715,39.07142857142857,53.03285714285715,14.5,19.642857142857142,71.1392857142857,2.2857142857142856,11.0,0.8164285714285714,2.5,20.285714285714285,0.1292857142857143,14.214285714285714,2.5,92.07142857142857,84.06666666666666,29.2,41.2,13.666666666666666,31.133333333333333,8.8,22.333333333333332,18.933333333333334,12.2,1.6119999999999999,9.733333333333333,24.266666666666666,40.58200000000001,20.6,36.93333333333333,55.52066666666666,13.666666666666666,16.733333333333334,80.80733333333333,2.3333333333333335,10.2,0.8606666666666667,2.6666666666666665,20.6,0.126,12.2,2.533333333333333,100.86666666666666
