placar_casa,placar_visitante,data,round,stage,ano,equipe_casa,equipe_visitante,resultado,Pts_casa,3P_casa,2P_casa,LL_casa,RT_casa,RO_casa,RD_casa,AS_casa,ER_casa,IA%_casa,3PC_casa,3PT_casa,3P%_casa,2PC_casa,2PT_casa,2P%_casa,LLC_casa,LLT_casa,LL%_casa,EN_casa,BR_casa,B/E_casa,TO_casa,FC_casa,T/FC_casa,ET_casa,VI_casa,EF_casa,Pts_visitante,3P_visitante,2P_visitante,LL_visitante,RT_visitante,RO_visitante,RD_visitante,AS_visitante,ER_visitante,IA%_visitante,3PC_visitante,3PT_visitante,3P%_visitante,2PC_visitante,2PT_visitante,2P%_visitante,LLC_visitante,LLT_visitante,LL%_visitante,EN_visitante,BR_visitante,B/E_visitante,TO_visitante,FC_visitante,T/FC_visitante,ET_visitante,VI_visitante,EF_visitante
100,81,2014-03-15,14,2,2013-2014,Paulistano,Pinheiros,1,85.33333333333333,28.2,38.666666666666664,18.466666666666665,35.2,11.733333333333333,23.466666666666665,13.466666666666667,13.466666666666667,1.1373333333333333,9.4,24.666666666666668,38.138,19.333333333333332,37.53333333333333,51.559999999999995,18.466666666666665,22.666666666666668,80.35266666666668,1.2666666666666666,10.733333333333333,0.8900000000000001,1.4,21.0,0.07066666666666667,13.466666666666667,2.8666666666666667,94.93333333333334,81.86666666666666,26.2,39.06666666666667,16.6,33.8,7.933333333333334,25.866666666666667,15.266666666666667,13.333333333333334,1.2413333333333334,8.733333333333333,24.066666666666666,36.24666666666666,19.533333333333335,34.06666666666667,57.238000000000014,16.6,21.8,76.298,2.1333333333333333,10.2,0.8293333333333333,3.533333333333333,19.266666666666666,0.19466666666666665,13.333333333333334,2.066666666666667,96.26666666666667
