placar_casa,placar_visitante,data,round,stage,ano,equipe_casa,equipe_visitante,resultado,Pts_casa,3P_casa,2P_casa,LL_casa,RT_casa,RO_casa,RD_casa,AS_casa,ER_casa,IA%_casa,3PC_casa,3PT_casa,3P%_casa,2PC_casa,2PT_casa,2P%_casa,LLC_casa,LLT_casa,LL%_casa,EN_casa,BR_casa,B/E_casa,TO_casa,FC_casa,T/FC_casa,ET_casa,VI_casa,EF_casa,Pts_visitante,3P_visitante,2P_visitante,LL_visitante,RT_visitante,RO_visitante,RD_visitante,AS_visitante,ER_visitante,IA%_visitante,3PC_visitante,3PT_visitante,3P%_visitante,2PC_visitante,2PT_visitante,2P%_visitante,LLC_visitante,LLT_visitante,LL%_visitante,EN_visitante,BR_visitante,B/E_visitante,TO_visitante,FC_visitante,T/FC_visitante,ET_visitante,VI_visitante,EF_visitante
110,69,2009-02-27,9,1,2008-2009,Flamengo,Lajeado,1,97.33333333333333,35.0,46.666666666666664,15.666666666666666,31.333333333333332,10.0,21.333333333333332,17.5,13.666666666666666,1.4466666666666665,11.666666666666666,25.166666666666668,47.145,23.333333333333332,42.0,55.053333333333335,15.666666666666666,20.166666666666668,76.11666666666666,1.5,7.833333333333333,0.6383333333333333,1.6666666666666667,20.333333333333332,0.08,13.666666666666666,0.0,105.33333333333333,76.14285714285714,15.428571428571429,42.285714285714285,18.428571428571427,30.428571428571427,10.571428571428571,19.857142857142858,9.857142857142858,15.571428571428571,0.6371428571428571,5.142857142857143,19.571428571428573,26.754285714285714,21.142857142857142,41.285714285714285,51.459999999999994,18.428571428571427,26.571428571428573,69.72571428571429,0.2857142857142857,9.0,0.647142857142857,1.0,21.714285714285715,0.042857142857142864,15.571428571428571,0.0,68.14285714285714
