placar_casa,placar_visitante,data,round,stage,ano,equipe_casa,equipe_visitante,resultado,Pts_casa,3P_casa,2P_casa,LL_casa,RT_casa,RO_casa,RD_casa,AS_casa,ER_casa,IA%_casa,3PC_casa,3PT_casa,3P%_casa,2PC_casa,2PT_casa,2P%_casa,LLC_casa,LLT_casa,LL%_casa,EN_casa,BR_casa,B/E_casa,TO_casa,FC_casa,T/FC_casa,ET_casa,VI_casa,EF_casa,Pts_visitante,3P_visitante,2P_visitante,LL_visitante,RT_visitante,RO_visitante,RD_visitante,AS_visitante,ER_visitante,IA%_visitante,3PC_visitante,3PT_visitante,3P%_visitante,2PC_visitante,2PT_visitante,2P%_visitante,LLC_visitante,LLT_visitante,LL%_visitante,EN_visitante,BR_visitante,B/E_visitante,TO_visitante,FC_visitante,T/FC_visitante,ET_visitante,VI_visitante,EF_visitante
79,67,2025-04-07,15,2,2024-2025,Fortaleza Basquete Cearense,Corinthians,1,74.8,27.8,34.53333333333333,12.466666666666667,37.93333333333333,11.4,26.533333333333335,16.133333333333333,14.0,1.2453333333333334,9.266666666666667,26.8,35.260666666666665,17.266666666666666,35.46666666666667,48.93533333333334,12.466666666666667,18.466666666666665,67.48933333333335,1.5333333333333334,6.533333333333333,0.5013333333333334,1.6666666666666667,21.2,0.07933333333333334,14.0,3.2,81.33333333333333,80.13333333333334,30.0,35.6,14.533333333333333,39.4,10.666666666666666,28.733333333333334,18.2,14.4,1.3286666666666669,10.0,28.466666666666665,34.415333333333336,17.8,33.666666666666664,53.09133333333332,14.533333333333333,19.266666666666666,75.23333333333333,1.0,5.2,0.3766666666666668,1.5333333333333334,18.866666666666667,0.08133333333333334,14.4,3.1333333333333333,91.0
