placar_casa,placar_visitante,data,round,stage,ano,equipe_casa,equipe_visitante,resultado,Pts_casa,3P_casa,2P_casa,LL_casa,RT_casa,RO_casa,RD_casa,AS_casa,ER_casa,IA%_casa,3PC_casa,3PT_casa,3P%_casa,2PC_casa,2PT_casa,2P%_casa,LLC_casa,LLT_casa,LL%_casa,EN_casa,BR_casa,B/E_casa,TO_casa,FC_casa,T/FC_casa,ET_casa,VI_casa,EF_casa,Pts_visitante,3P_visitante,2P_visitante,LL_visitante,RT_visitante,RO_visitante,RD_visitante,AS_visitante,ER_visitante,IA%_visitante,3PC_visitante,3PT_visitante,3P%_visitante,2PC_visitante,2PT_visitante,2P%_visitante,LLC_visitante,LLT_visitante,LL%_visitante,EN_visitante,BR_visitante,B/E_visitante,TO_visitante,FC_visitante,T/FC_visitante,ET_visitante,VI_visitante,EF_visitante
80,82,2017-03-14,26,1,2016-2017,Macaé Basquete,Flamengo,0,71.73333333333333,19.8,36.53333333333333,15.4,32.266666666666666,8.933333333333334,23.333333333333332,16.0,14.933333333333334,1.1013333333333333,6.6,21.2,31.708000000000002,18.266666666666666,36.53333333333333,50.37133333333334,15.4,19.266666666666666,80.624,0.6666666666666666,5.866666666666666,0.4059999999999999,2.0,22.733333333333334,0.09733333333333334,14.933333333333334,3.533333333333333,76.2,86.26666666666667,25.8,43.06666666666667,17.4,41.0,11.066666666666666,29.933333333333334,20.4,13.466666666666667,1.5766666666666669,8.6,24.933333333333334,34.232,21.533333333333335,38.333333333333336,56.736,17.4,23.6,74.19,1.5333333333333334,5.666666666666667,0.42733333333333334,2.466666666666667,19.333333333333332,0.13133333333333336,13.466666666666667,3.2,103.0
