placar_casa,placar_visitante,data,round,stage,ano,equipe_casa,equipe_visitante,resultado,Pts_casa,3P_casa,2P_casa,LL_casa,RT_casa,RO_casa,RD_casa,AS_casa,ER_casa,IA%_casa,3PC_casa,3PT_casa,3P%_casa,2PC_casa,2PT_casa,2P%_casa,LLC_casa,LLT_casa,LL%_casa,EN_casa,BR_casa,B/E_casa,TO_casa,FC_casa,T/FC_casa,ET_casa,VI_casa,EF_casa,Pts_visitante,3P_visitante,2P_visitante,LL_visitante,RT_visitante,RO_visitante,RD_visitante,AS_visitante,ER_visitante,IA%_visitante,3PC_visitante,3PT_visitante,3P%_visitante,2PC_visitante,2PT_visitante,2P%_visitante,LLC_visitante,LLT_visitante,LL%_visitante,EN_visitante,BR_visitante,B/E_visitante,TO_visitante,FC_visitante,T/FC_visitante,ET_visitante,VI_visitante,EF_visitante
78,68,2018-11-17,5,1,2018-2019,R10 Score Vasco da Gama,Corinthians,1,70.42857142857143,21.0,35.714285714285715,13.714285714285714,37.285714285714285,10.857142857142858,26.428571428571427,16.571428571428573,13.714285714285714,1.2242857142857144,7.0,24.857142857142858,28.34142857142857,17.857142857142858,39.42857142857143,45.11571428571428,13.714285714285714,21.571428571428573,63.800000000000004,1.1428571428571428,6.714285714285714,0.5057142857142857,1.5714285714285714,18.857142857142858,0.0857142857142857,13.714285714285714,2.2857142857142856,71.57142857142857,79.3125,21.0,42.5,15.8125,33.8125,10.25,23.5625,16.0625,13.6875,1.23625,7.0,20.6875,33.94625,21.25,42.25,50.77,15.8125,19.75,79.76375,1.6875,7.3125,0.54875,1.625,24.625,0.06749999999999999,13.6875,1.5,85.6875
