placar_casa,placar_visitante,data,round,stage,ano,equipe_casa,equipe_visitante,resultado,Pts_casa,3P_casa,2P_casa,LL_casa,RT_casa,RO_casa,RD_casa,AS_casa,ER_casa,IA%_casa,3PC_casa,3PT_casa,3P%_casa,2PC_casa,2PT_casa,2P%_casa,LLC_casa,LLT_casa,LL%_casa,EN_casa,BR_casa,B/E_casa,TO_casa,FC_casa,T/FC_casa,ET_casa,VI_casa,EF_casa,Pts_visitante,3P_visitante,2P_visitante,LL_visitante,RT_visitante,RO_visitante,RD_visitante,AS_visitante,ER_visitante,IA%_visitante,3PC_visitante,3PT_visitante,3P%_visitante,2PC_visitante,2PT_visitante,2P%_visitante,LLC_visitante,LLT_visitante,LL%_visitante,EN_visitante,BR_visitante,B/E_visitante,TO_visitante,FC_visitante,T/FC_visitante,ET_visitante,VI_visitante,EF_visitante
87,67,2021-02-09,3,2,2020-2021,BRB/Brasília,Fortaleza B. C. / CFO,1,80.42928571428571,31.285714285714285,33.14142857142857,16.000000000000004,36.28428571428571,10.857142857142858,25.42928571428572,16.999999999999996,15.429285714285713,1.147857142857143,10.429285714285713,31.499285714285715,32.99999999999999,16.57285714285714,34.43,48.087857142857146,16.000000000000004,22.21285714285714,71.52071428571428,0.6428571428571429,6.213571428571428,0.4142857142857143,1.4985714285714284,18.571428571428573,0.08142857142857142,15.429285714285713,2.285714285714286,80.85642857142857,76.46666666666667,23.6,40.39933333333333,12.467333333333332,37.55466666666666,9.245333333333333,28.312,13.888666666666666,12.689333333333334,1.11,7.867333333333334,25.043999999999997,31.34333333333333,20.200666666666667,40.466,49.830666666666666,12.467333333333332,17.6,70.55466666666668,1.1780000000000002,8.533333333333333,0.6646666666666666,3.288,19.399333333333335,0.16933333333333334,12.689333333333334,2.2453333333333334,84.466
