placar_casa,placar_visitante,data,round,stage,ano,equipe_casa,equipe_visitante,resultado,Pts_casa,3P_casa,2P_casa,LL_casa,RT_casa,RO_casa,RD_casa,AS_casa,ER_casa,IA%_casa,3PC_casa,3PT_casa,3P%_casa,2PC_casa,2PT_casa,2P%_casa,LLC_casa,LLT_casa,LL%_casa,EN_casa,BR_casa,B/E_casa,TO_casa,FC_casa,T/FC_casa,ET_casa,VI_casa,EF_casa,Pts_visitante,3P_visitante,2P_visitante,LL_visitante,RT_visitante,RO_visitante,RD_visitante,AS_visitante,ER_visitante,IA%_visitante,3PC_visitante,3PT_visitante,3P%_visitante,2PC_visitante,2PT_visitante,2P%_visitante,LLC_visitante,LLT_visitante,LL%_visitante,EN_visitante,BR_visitante,B/E_visitante,TO_visitante,FC_visitante,T/FC_visitante,ET_visitante,VI_visitante,EF_visitante
78,64,2020-12-30,8,1,2020-2021,São Paulo,Paulistano,1,92.28714285714285,35.785714285714285,41.285714285714285,15.213571428571429,37.17857142857143,8.892857142857142,28.28571428571428,18.214285714285715,10.571428571428571,1.785714285714286,11.928571428571429,29.71428571428572,40.18,20.642857142857142,35.82071428571428,57.64357142857143,15.213571428571429,18.677142857142854,81.75785714285713,3.107142857142857,7.962857142857142,0.7757142857142857,2.821428571428572,16.465,0.17428571428571438,10.571428571428571,2.0014285714285713,111.46357142857143,76.651,28.95,36.60000000000001,11.097999999999999,41.201,13.0,28.197999999999997,16.901,12.549,1.407,9.652000000000001,29.0,33.181,18.3,38.851,47.073,11.097999999999999,14.449000000000002,77.33900000000001,1.7,6.697999999999999,0.5559999999999998,1.9009999999999998,18.148,0.10800000000000001,12.549,2.15,87.54999999999998
