placar_casa,placar_visitante,data,round,stage,ano,equipe_casa,equipe_visitante,resultado,Pts_casa,3P_casa,2P_casa,LL_casa,RT_casa,RO_casa,RD_casa,AS_casa,ER_casa,IA%_casa,3PC_casa,3PT_casa,3P%_casa,2PC_casa,2PT_casa,2P%_casa,LLC_casa,LLT_casa,LL%_casa,EN_casa,BR_casa,B/E_casa,TO_casa,FC_casa,T/FC_casa,ET_casa,VI_casa,EF_casa,Pts_visitante,3P_visitante,2P_visitante,LL_visitante,RT_visitante,RO_visitante,RD_visitante,AS_visitante,ER_visitante,IA%_visitante,3PC_visitante,3PT_visitante,3P%_visitante,2PC_visitante,2PT_visitante,2P%_visitante,LLC_visitante,LLT_visitante,LL%_visitante,EN_visitante,BR_visitante,B/E_visitante,TO_visitante,FC_visitante,T/FC_visitante,ET_visitante,VI_visitante,EF_visitante
73,92,2019-04-13,1,4,2018-2019,Corinthians,Flamengo,0,81.86666666666666,21.866666666666667,41.77733333333333,18.22266666666667,36.2,9.644,26.556,17.243999999999996,14.244,1.2893333333333337,7.289333333333333,22.243999999999996,32.684,20.889333333333337,39.443999999999996,53.129333333333335,18.22266666666667,23.110666666666663,79.32533333333335,2.3333333333333335,7.933333333333334,0.5793333333333333,2.556,22.689333333333334,0.11266666666666666,14.244,1.8,93.08933333333334,89.06666666666666,29.2,44.266666666666666,15.6,44.2,13.733333333333333,30.466666666666665,20.066666666666666,13.533333333333333,1.5699999999999998,9.733333333333333,27.333333333333332,35.55733333333333,22.133333333333333,39.333333333333336,56.67866666666666,15.6,20.266666666666666,76.74466666666667,1.0666666666666667,7.0,0.5579999999999999,1.4,19.4,0.07400000000000001,13.533333333333333,1.4,108.73333333333333
