placar_casa,placar_visitante,data,round,stage,ano,equipe_casa,equipe_visitante,resultado,Pts_casa,3P_casa,2P_casa,LL_casa,RT_casa,RO_casa,RD_casa,AS_casa,ER_casa,IA%_casa,3PC_casa,3PT_casa,3P%_casa,2PC_casa,2PT_casa,2P%_casa,LLC_casa,LLT_casa,LL%_casa,EN_casa,BR_casa,B/E_casa,TO_casa,FC_casa,T/FC_casa,ET_casa,VI_casa,EF_casa,Pts_visitante,3P_visitante,2P_visitante,LL_visitante,RT_visitante,RO_visitante,RD_visitante,AS_visitante,ER_visitante,IA%_visitante,3PC_visitante,3PT_visitante,3P%_visitante,2PC_visitante,2PT_visitante,2P%_visitante,LLC_visitante,LLT_visitante,LL%_visitante,EN_visitante,BR_visitante,B/E_visitante,TO_visitante,FC_visitante,T/FC_visitante,ET_visitante,VI_visitante,EF_visitante
76,77,2024-12-17,11,1,2024-2025,São José Basketball,Pinheiros,0,74.46666666666667,19.0,38.93333333333333,16.533333333333335,38.333333333333336,10.533333333333333,27.8,17.333333333333332,14.0,1.2679999999999998,6.333333333333333,23.8,26.279333333333334,19.466666666666665,36.8,53.075333333333326,16.533333333333335,21.4,77.39000000000001,2.066666666666667,7.466666666666667,0.5426666666666667,2.3333333333333335,18.4,0.13333333333333333,14.0,2.066666666666667,86.26666666666667,74.07214285714285,25.285714285714285,36.0,12.786428571428571,39.785714285714285,12.928571428571429,26.857142857142858,15.715,13.285,1.3335714285714282,8.428571428571429,25.642857142857142,32.08928571428571,18.0,37.57071428571429,48.001428571428576,12.786428571428571,18.570714285714285,67.69357142857143,1.2864285714285713,6.856428571428571,0.5357142857142857,1.5,20.357142857142858,0.07642857142857144,13.285,2.2142857142857144,82.07071428571429
