placar_casa,placar_visitante,data,round,stage,ano,equipe_casa,equipe_visitante,resultado,Pts_casa,3P_casa,2P_casa,LL_casa,RT_casa,RO_casa,RD_casa,AS_casa,ER_casa,IA%_casa,3PC_casa,3PT_casa,3P%_casa,2PC_casa,2PT_casa,2P%_casa,LLC_casa,LLT_casa,LL%_casa,EN_casa,BR_casa,B/E_casa,TO_casa,FC_casa,T/FC_casa,ET_casa,VI_casa,EF_casa,Pts_visitante,3P_visitante,2P_visitante,LL_visitante,RT_visitante,RO_visitante,RD_visitante,AS_visitante,ER_visitante,IA%_visitante,3PC_visitante,3PT_visitante,3P%_visitante,2PC_visitante,2PT_visitante,2P%_visitante,LLC_visitante,LLT_visitante,LL%_visitante,EN_visitante,BR_visitante,B/E_visitante,TO_visitante,FC_visitante,T/FC_visitante,ET_visitante,VI_visitante,EF_visitante
96,87,2013-02-16,6,2,2012-2013,Palmeiras,Minas,1,73.73333333333333,55.0,36.666666666666664,15.066666666666666,29.533333333333335,10.0,19.533333333333335,11.333333333333334,13.066666666666666,1.0133333333333334,7.333333333333333,22.4,32.514,18.333333333333332,40.0,45.958000000000006,15.066666666666666,22.466666666666665,67.63799999999999,1.5333333333333334,7.533333333333333,0.6660000000000001,1.4,22.466666666666665,0.06466666666666666,13.066666666666666,2.7333333333333334,76.46666666666667,82.06666666666666,66.2,44.13333333333333,17.533333333333335,27.6,8.266666666666667,19.333333333333332,12.2,14.133333333333333,1.0446666666666666,6.8,18.333333333333332,35.91466666666667,22.066666666666666,39.4,56.56466666666667,17.533333333333335,22.0,79.76800000000001,0.6666666666666666,7.466666666666667,0.5893333333333334,1.9333333333333333,21.266666666666666,0.09133333333333334,14.133333333333333,2.8,91.06666666666666
