placar_casa,placar_visitante,data,round,stage,ano,equipe_casa,equipe_visitante,resultado,Pts_casa,3P_casa,2P_casa,LL_casa,RT_casa,RO_casa,RD_casa,AS_casa,ER_casa,IA%_casa,3PC_casa,3PT_casa,3P%_casa,2PC_casa,2PT_casa,2P%_casa,LLC_casa,LLT_casa,LL%_casa,EN_casa,BR_casa,B/E_casa,TO_casa,FC_casa,T/FC_casa,ET_casa,VI_casa,EF_casa,Pts_visitante,3P_visitante,2P_visitante,LL_visitante,RT_visitante,RO_visitante,RD_visitante,AS_visitante,ER_visitante,IA%_visitante,3PC_visitante,3PT_visitante,3P%_visitante,2PC_visitante,2PT_visitante,2P%_visitante,LLC_visitante,LLT_visitante,LL%_visitante,EN_visitante,BR_visitante,B/E_visitante,TO_visitante,FC_visitante,T/FC_visitante,ET_visitante,VI_visitante,EF_visitante
65,69,2014-05-14,2,5,2013-2014,Flamengo,Mogi,0,88.2,33.4,39.2,15.6,37.0,10.733333333333333,26.266666666666666,17.933333333333334,12.066666666666666,1.664,11.133333333333333,29.133333333333333,38.43600000000001,19.6,34.93333333333333,56.35733333333334,15.6,20.066666666666666,75.188,2.3333333333333335,9.6,0.8879999999999999,1.6,19.4,0.08866666666666669,12.066666666666666,1.8666666666666667,104.46666666666667,82.4,27.6,36.8,18.0,36.6,12.733333333333333,23.866666666666667,15.133333333333333,13.6,1.1513333333333333,9.2,22.0,41.022666666666666,18.4,38.333333333333336,47.47866666666667,18.0,23.2,76.95333333333333,1.5333333333333334,8.933333333333334,0.674,1.8,21.733333333333334,0.08933333333333333,13.6,3.8,93.33333333333333
