placar_casa,placar_visitante,data,round,stage,ano,equipe_casa,equipe_visitante,resultado,Pts_casa,3P_casa,2P_casa,LL_casa,RT_casa,RO_casa,RD_casa,AS_casa,ER_casa,IA%_casa,3PC_casa,3PT_casa,3P%_casa,2PC_casa,2PT_casa,2P%_casa,LLC_casa,LLT_casa,LL%_casa,EN_casa,BR_casa,B/E_casa,TO_casa,FC_casa,T/FC_casa,ET_casa,VI_casa,EF_casa,Pts_visitante,3P_visitante,2P_visitante,LL_visitante,RT_visitante,RO_visitante,RD_visitante,AS_visitante,ER_visitante,IA%_visitante,3PC_visitante,3PT_visitante,3P%_visitante,2PC_visitante,2PT_visitante,2P%_visitante,LLC_visitante,LLT_visitante,LL%_visitante,EN_visitante,BR_visitante,B/E_visitante,TO_visitante,FC_visitante,T/FC_visitante,ET_visitante,VI_visitante,EF_visitante
68,71,2021-01-28,1,2,2020-2021,Fortaleza B. C. / CFO,Pato Basquete,0,75.73333333333333,23.5,40.066,12.167333333333334,37.465333333333334,9.367999999999999,28.101333333333336,14.466000000000001,12.433333333333334,1.162,7.8340000000000005,24.933333333333334,31.320666666666664,20.034,40.066,49.916000000000004,12.167333333333334,17.0,71.05533333333332,1.3673333333333333,7.733333333333333,0.6199999999999999,3.1653333333333333,19.63266666666667,0.16133333333333336,12.433333333333334,2.534666666666667,84.166,75.87866666666667,20.8,40.00066666666667,15.078000000000001,37.95466666666666,11.856,26.100666666666665,14.510666666666662,13.409333333333334,1.0806666666666667,6.933333333333333,22.422666666666668,30.638666666666666,19.99933333333333,43.20000000000001,46.108,15.078000000000001,21.610666666666663,69.66266666666667,1.0,7.944,0.6073333333333333,2.056,21.422,0.1026666666666667,13.409333333333334,2.6779999999999995,79.712
