placar_casa,placar_visitante,data,round,stage,ano,equipe_casa,equipe_visitante,resultado,Pts_casa,3P_casa,2P_casa,LL_casa,RT_casa,RO_casa,RD_casa,AS_casa,ER_casa,IA%_casa,3PC_casa,3PT_casa,3P%_casa,2PC_casa,2PT_casa,2P%_casa,LLC_casa,LLT_casa,LL%_casa,EN_casa,BR_casa,B/E_casa,TO_casa,FC_casa,T/FC_casa,ET_casa,VI_casa,EF_casa,Pts_visitante,3P_visitante,2P_visitante,LL_visitante,RT_visitante,RO_visitante,RD_visitante,AS_visitante,ER_visitante,IA%_visitante,3PC_visitante,3PT_visitante,3P%_visitante,2PC_visitante,2PT_visitante,2P%_visitante,LLC_visitante,LLT_visitante,LL%_visitante,EN_visitante,BR_visitante,B/E_visitante,TO_visitante,FC_visitante,T/FC_visitante,ET_visitante,VI_visitante,EF_visitante
72,58,2012-12-15,8,1,2012-2013,Limeira,Sesi Franca,1,85.28571428571429,56.142857142857146,37.42857142857143,13.142857142857142,29.857142857142858,8.285714285714286,21.571428571428573,17.571428571428573,13.428571428571429,1.4042857142857146,11.571428571428571,26.857142857142858,43.85142857142858,18.714285714285715,37.57142857142857,49.91428571428572,13.142857142857142,16.571428571428573,79.76571428571427,1.2857142857142858,6.285714285714286,0.5157142857142857,1.4285714285714286,22.285714285714285,0.06571428571428571,13.428571428571429,2.2857142857142856,95.14285714285714,77.57142857142857,73.71428571428571,49.142857142857146,14.285714285714286,30.857142857142858,8.285714285714286,22.571428571428573,14.428571428571429,15.428571428571429,1.27,4.714285714285714,14.714285714285714,32.84428571428571,24.571428571428573,46.57142857142857,52.878571428571426,14.285714285714286,21.285714285714285,67.44285714285714,3.0,10.857142857142858,0.8957142857142857,3.2857142857142856,18.571428571428573,0.1742857142857143,15.428571428571429,4.285714285714286,93.85714285714286
