placar_casa,placar_visitante,data,round,stage,ano,equipe_casa,equipe_visitante,resultado,Pts_casa,3P_casa,2P_casa,LL_casa,RT_casa,RO_casa,RD_casa,AS_casa,ER_casa,IA%_casa,3PC_casa,3PT_casa,3P%_casa,2PC_casa,2PT_casa,2P%_casa,LLC_casa,LLT_casa,LL%_casa,EN_casa,BR_casa,B/E_casa,TO_casa,FC_casa,T/FC_casa,ET_casa,VI_casa,EF_casa,Pts_visitante,3P_visitante,2P_visitante,LL_visitante,RT_visitante,RO_visitante,RD_visitante,AS_visitante,ER_visitante,IA%_visitante,3PC_visitante,3PT_visitante,3P%_visitante,2PC_visitante,2PT_visitante,2P%_visitante,LLC_visitante,LLT_visitante,LL%_visitante,EN_visitante,BR_visitante,B/E_visitante,TO_visitante,FC_visitante,T/FC_visitante,ET_visitante,VI_visitante,EF_visitante
72,116,2024-04-08,12,2,2023-2024,Botafogo,Corinthians,0,81.86733333333333,27.4,38.534,15.933333333333334,33.6,9.932666666666668,23.667333333333332,16.732666666666667,14.0,1.2533333333333334,9.133333333333333,27.6,33.68466666666667,19.266000000000002,37.934,50.794,15.933333333333334,21.6,72.708,0.8673333333333333,6.8660000000000005,0.4966666666666667,2.066666666666667,21.733333333333334,0.09466666666666666,14.0,2.7333333333333334,84.33333333333333,82.0,33.2,37.2,11.6,34.93333333333333,8.533333333333333,26.4,19.533333333333335,13.2,1.5899999999999999,11.066666666666666,28.666666666666668,38.07266666666667,18.6,34.2,54.430000000000014,11.6,16.266666666666666,73.47600000000001,1.8666666666666667,7.0,0.5513333333333335,2.066666666666667,15.933333333333334,0.1366666666666667,13.2,1.9333333333333333,94.46666666666667
