placar_casa,placar_visitante,data,round,stage,ano,equipe_casa,equipe_visitante,resultado,Pts_casa,3P_casa,2P_casa,LL_casa,RT_casa,RO_casa,RD_casa,AS_casa,ER_casa,IA%_casa,3PC_casa,3PT_casa,3P%_casa,2PC_casa,2PT_casa,2P%_casa,LLC_casa,LLT_casa,LL%_casa,EN_casa,BR_casa,B/E_casa,TO_casa,FC_casa,T/FC_casa,ET_casa,VI_casa,EF_casa,Pts_visitante,3P_visitante,2P_visitante,LL_visitante,RT_visitante,RO_visitante,RD_visitante,AS_visitante,ER_visitante,IA%_visitante,3PC_visitante,3PT_visitante,3P%_visitante,2PC_visitante,2PT_visitante,2P%_visitante,LLC_visitante,LLT_visitante,LL%_visitante,EN_visitante,BR_visitante,B/E_visitante,TO_visitante,FC_visitante,T/FC_visitante,ET_visitante,VI_visitante,EF_visitante
93,73,2016-04-21,2,4,2015-2016,Flamengo,Rio Claro,1,83.53333333333333,23.4,46.93333333333333,13.2,35.0,9.266666666666667,25.733333333333334,18.266666666666666,13.466666666666667,1.4206666666666665,7.8,20.466666666666665,38.42866666666667,23.466666666666665,41.666666666666664,56.529333333333334,13.2,17.533333333333335,73.05866666666667,1.6666666666666667,11.333333333333334,0.8806666666666666,2.7333333333333334,17.666666666666668,0.16399999999999998,13.466666666666667,2.466666666666667,102.2,76.06666666666666,26.0,35.333333333333336,14.733333333333333,35.93333333333333,10.066666666666666,25.866666666666667,15.6,17.133333333333333,0.9686666666666668,8.666666666666666,23.733333333333334,36.20133333333333,17.666666666666668,34.4,50.77,14.733333333333333,19.933333333333334,73.28,2.1333333333333333,10.4,0.6320000000000001,1.8666666666666667,23.133333333333333,0.084,17.133333333333333,3.7333333333333334,85.73333333333333
