placar_casa,placar_visitante,data,round,stage,ano,equipe_casa,equipe_visitante,resultado,Pts_casa,3P_casa,2P_casa,LL_casa,RT_casa,RO_casa,RD_casa,AS_casa,ER_casa,IA%_casa,3PC_casa,3PT_casa,3P%_casa,2PC_casa,2PT_casa,2P%_casa,LLC_casa,LLT_casa,LL%_casa,EN_casa,BR_casa,B/E_casa,TO_casa,FC_casa,T/FC_casa,ET_casa,VI_casa,EF_casa,Pts_visitante,3P_visitante,2P_visitante,LL_visitante,RT_visitante,RO_visitante,RD_visitante,AS_visitante,ER_visitante,IA%_visitante,3PC_visitante,3PT_visitante,3P%_visitante,2PC_visitante,2PT_visitante,2P%_visitante,LLC_visitante,LLT_visitante,LL%_visitante,EN_visitante,BR_visitante,B/E_visitante,TO_visitante,FC_visitante,T/FC_visitante,ET_visitante,VI_visitante,EF_visitante
93,53,2022-03-02,5,2,2021-2022,São Paulo,Caxias do Sul Basquete,1,84.06666666666666,33.6,35.733333333333334,14.733333333333333,34.266666666666666,6.466666666666667,27.8,17.4,12.0,1.564,11.2,28.933333333333334,38.68666666666665,17.866666666666667,31.466666666666665,56.61133333333334,14.733333333333333,19.733333333333334,74.62266666666666,2.066666666666667,7.2,0.6126666666666668,2.6666666666666665,18.2,0.14666666666666664,12.0,2.2666666666666666,97.26666666666667,72.6,23.4,37.733333333333334,11.466666666666667,32.6,7.466666666666667,25.133333333333333,16.466666666666665,13.4,1.2933333333333334,7.8,23.533333333333335,32.68,18.866666666666667,38.13333333333333,49.67666666666666,11.466666666666667,15.666666666666666,72.72599999999998,1.2,6.533333333333333,0.5000000000000001,3.2666666666666666,19.866666666666667,0.16466666666666666,13.4,2.4,78.86666666666666
