placar_casa,placar_visitante,data,round,stage,ano,equipe_casa,equipe_visitante,resultado,Pts_casa,3P_casa,2P_casa,LL_casa,RT_casa,RO_casa,RD_casa,AS_casa,ER_casa,IA%_casa,3PC_casa,3PT_casa,3P%_casa,2PC_casa,2PT_casa,2P%_casa,LLC_casa,LLT_casa,LL%_casa,EN_casa,BR_casa,B/E_casa,TO_casa,FC_casa,T/FC_casa,ET_casa,VI_casa,EF_casa,Pts_visitante,3P_visitante,2P_visitante,LL_visitante,RT_visitante,RO_visitante,RD_visitante,AS_visitante,ER_visitante,IA%_visitante,3PC_visitante,3PT_visitante,3P%_visitante,2PC_visitante,2PT_visitante,2P%_visitante,LLC_visitante,LLT_visitante,LL%_visitante,EN_visitante,BR_visitante,B/E_visitante,TO_visitante,FC_visitante,T/FC_visitante,ET_visitante,VI_visitante,EF_visitante
92,86,2021-01-04,9,1,2020-2021,VipTech CMB,Mogi,1,77.16833333333332,31.25,35.50166666666667,10.416666666666666,38.66583333333333,12.166666666666666,26.50166666666667,18.0,13.501666666666663,1.4158333333333335,10.416666666666666,30.165833333333335,34.902499999999996,17.74833333333333,36.75083333333334,47.73666666666667,10.416666666666666,16.084166666666665,64.53250000000001,1.0833333333333333,5.414999999999999,0.425,1.75,20.085000000000004,0.08666666666666667,13.501666666666663,2.25,83.08333333333333,78.36363636363636,30.818181818181817,34.36363636363637,13.181818181818182,36.72727272727273,9.636363636363637,27.09090909090909,19.545454545454547,14.636363636363637,1.508181818181818,10.272727272727273,27.818181818181817,36.93545454545455,17.181818181818183,34.90909090909091,49.60909090909092,13.181818181818182,17.90909090909091,75.75090909090908,1.1818181818181819,6.454545454545454,0.4763636363636364,2.3636363636363638,20.545454545454547,0.12272727272727271,14.636363636363637,2.4545454545454546,88.81818181818181
