placar_casa,placar_visitante,data,round,stage,ano,equipe_casa,equipe_visitante,resultado,Pts_casa,3P_casa,2P_casa,LL_casa,RT_casa,RO_casa,RD_casa,AS_casa,ER_casa,IA%_casa,3PC_casa,3PT_casa,3P%_casa,2PC_casa,2PT_casa,2P%_casa,LLC_casa,LLT_casa,LL%_casa,EN_casa,BR_casa,B/E_casa,TO_casa,FC_casa,T/FC_casa,ET_casa,VI_casa,EF_casa,Pts_visitante,3P_visitante,2P_visitante,LL_visitante,RT_visitante,RO_visitante,RD_visitante,AS_visitante,ER_visitante,IA%_visitante,3PC_visitante,3PT_visitante,3P%_visitante,2PC_visitante,2PT_visitante,2P%_visitante,LLC_visitante,LLT_visitante,LL%_visitante,EN_visitante,BR_visitante,B/E_visitante,TO_visitante,FC_visitante,T/FC_visitante,ET_visitante,VI_visitante,EF_visitante
83,87,2017-04-27,2,4,2016-2017,Mogi,Vitória,0,82.33333333333333,32.2,34.666666666666664,15.466666666666667,39.733333333333334,12.133333333333333,27.6,17.333333333333332,12.866666666666667,1.6740000000000004,10.733333333333333,30.066666666666666,36.13533333333332,17.333333333333332,33.53333333333333,52.242666666666665,15.466666666666667,22.266666666666666,69.34133333333332,1.6,7.333333333333333,0.6719999999999999,1.1333333333333333,20.2,0.058,12.866666666666667,2.8666666666666667,92.66666666666667,76.0,24.6,37.733333333333334,13.666666666666666,35.93333333333333,10.0,25.933333333333334,15.8,15.066666666666666,1.136,8.2,24.933333333333334,33.114,18.866666666666667,38.2,49.732,13.666666666666666,20.133333333333333,67.19266666666667,1.4,8.866666666666667,0.6286666666666668,1.6,22.733333333333334,0.07400000000000001,15.066666666666666,4.4,80.6
