placar_casa,placar_visitante,data,round,stage,ano,equipe_casa,equipe_visitante,resultado,Pts_casa,3P_casa,2P_casa,LL_casa,RT_casa,RO_casa,RD_casa,AS_casa,ER_casa,IA%_casa,3PC_casa,3PT_casa,3P%_casa,2PC_casa,2PT_casa,2P%_casa,LLC_casa,LLT_casa,LL%_casa,EN_casa,BR_casa,B/E_casa,TO_casa,FC_casa,T/FC_casa,ET_casa,VI_casa,EF_casa,Pts_visitante,3P_visitante,2P_visitante,LL_visitante,RT_visitante,RO_visitante,RD_visitante,AS_visitante,ER_visitante,IA%_visitante,3PC_visitante,3PT_visitante,3P%_visitante,2PC_visitante,2PT_visitante,2P%_visitante,LLC_visitante,LLT_visitante,LL%_visitante,EN_visitante,BR_visitante,B/E_visitante,TO_visitante,FC_visitante,T/FC_visitante,ET_visitante,VI_visitante,EF_visitante
65,71,2018-12-11,9,1,2018-2019,R10 Score Vasco da Gama,Pinheiros,0,71.9090909090909,21.545454545454547,37.27272727272727,13.090909090909092,37.18181818181818,10.090909090909092,27.09090909090909,16.454545454545453,14.636363636363637,1.1454545454545455,7.181818181818182,23.727272727272727,30.04,18.636363636363637,39.54545454545455,46.94727272727273,13.090909090909092,19.818181818181817,65.36181818181818,1.0,7.181818181818182,0.5018181818181818,1.5454545454545454,19.363636363636363,0.08272727272727273,14.636363636363637,2.5454545454545454,75.45454545454545,82.54636363636364,32.45454545454545,37.45545454545454,12.636363636363637,33.45363636363636,9.819090909090908,23.637272727272727,14.635454545454547,10.908181818181818,1.4945454545454544,10.817272727272728,28.91,37.4990909090909,18.726363636363637,35.63636363636363,53.20363636363636,12.636363636363637,16.362727272727273,76.64181818181818,0.9090909090909091,7.636363636363637,0.7736363636363636,1.9990909090909093,18.09181818181818,0.10727272727272727,10.908181818181818,1.7272727272727273,90.54545454545455
