placar_casa,placar_visitante,data,round,stage,ano,equipe_casa,equipe_visitante,resultado,Pts_casa,3P_casa,2P_casa,LL_casa,RT_casa,RO_casa,RD_casa,AS_casa,ER_casa,IA%_casa,3PC_casa,3PT_casa,3P%_casa,2PC_casa,2PT_casa,2P%_casa,LLC_casa,LLT_casa,LL%_casa,EN_casa,BR_casa,B/E_casa,TO_casa,FC_casa,T/FC_casa,ET_casa,VI_casa,EF_casa,Pts_visitante,3P_visitante,2P_visitante,LL_visitante,RT_visitante,RO_visitante,RD_visitante,AS_visitante,ER_visitante,IA%_visitante,3PC_visitante,3PT_visitante,3P%_visitante,2PC_visitante,2PT_visitante,2P%_visitante,LLC_visitante,LLT_visitante,LL%_visitante,EN_visitante,BR_visitante,B/E_visitante,TO_visitante,FC_visitante,T/FC_visitante,ET_visitante,VI_visitante,EF_visitante
87,92,2024-04-20,1,3,2023-2024,Botafogo,Flamengo,0,83.04466666666667,28.8,38.178000000000004,16.066666666666666,33.733333333333334,10.421999999999999,23.311333333333334,16.955333333333332,13.133333333333333,1.4173333333333331,9.6,28.6,34.074,19.088666666666665,37.978,50.27,16.066666666666666,21.666666666666668,73.16933333333333,0.8446666666666667,6.755333333333334,0.5433333333333332,2.2,21.333333333333332,0.10266666666666667,13.133333333333333,2.533333333333333,86.06666666666666,85.79933333333332,30.6,42.266,12.933333333333334,39.066,10.067333333333332,29.00066666666667,20.4,12.93266666666667,1.605333333333334,10.200666666666667,27.332666666666665,37.16733333333333,21.134000000000004,36.20066666666666,58.26200000000001,12.933333333333334,16.999333333333336,74.516,2.2666666666666666,7.800666666666667,0.6159999999999999,1.5340000000000003,16.40066666666667,0.09466666666666669,12.93266666666667,1.5326666666666664,105.40066666666668
