placar_casa,placar_visitante,data,round,stage,ano,equipe_casa,equipe_visitante,resultado,Pts_casa,3P_casa,2P_casa,LL_casa,RT_casa,RO_casa,RD_casa,AS_casa,ER_casa,IA%_casa,3PC_casa,3PT_casa,3P%_casa,2PC_casa,2PT_casa,2P%_casa,LLC_casa,LLT_casa,LL%_casa,EN_casa,BR_casa,B/E_casa,TO_casa,FC_casa,T/FC_casa,ET_casa,VI_casa,EF_casa,Pts_visitante,3P_visitante,2P_visitante,LL_visitante,RT_visitante,RO_visitante,RD_visitante,AS_visitante,ER_visitante,IA%_visitante,3PC_visitante,3PT_visitante,3P%_visitante,2PC_visitante,2PT_visitante,2P%_visitante,LLC_visitante,LLT_visitante,LL%_visitante,EN_visitante,BR_visitante,B/E_visitante,TO_visitante,FC_visitante,T/FC_visitante,ET_visitante,VI_visitante,EF_visitante
80,91,2018-12-15,9,1,2018-2019,Minas,Flamengo,0,78.445,27.333333333333332,35.83416666666667,15.277499999999998,36.94583333333333,10.0825,26.860833333333336,16.971666666666668,13.555000000000001,1.2925,9.1125,26.083333333333332,34.67750000000001,17.915833333333335,36.2225,49.68083333333334,15.277499999999998,21.360833333333336,71.35416666666667,1.8341666666666665,7.6675,0.5975,2.0,19.611666666666668,0.10333333333333335,13.555000000000001,1.5541666666666665,86.9175,80.24833333333333,26.75,39.83166666666666,13.666666666666666,42.58166666666666,13.918333333333335,28.668333333333337,18.75,13.0,1.4908333333333335,8.916666666666666,28.584166666666672,31.60416666666666,19.918333333333337,39.832499999999996,50.54333333333333,13.666666666666666,17.666666666666664,77.00166666666667,0.8333333333333334,7.5825000000000005,0.6325000000000001,1.5016666666666667,19.500833333333336,0.07666666666666667,13.0,1.8316666666666663,94.0
