placar_casa,placar_visitante,data,round,stage,ano,equipe_casa,equipe_visitante,resultado,Pts_casa,3P_casa,2P_casa,LL_casa,RT_casa,RO_casa,RD_casa,AS_casa,ER_casa,IA%_casa,3PC_casa,3PT_casa,3P%_casa,2PC_casa,2PT_casa,2P%_casa,LLC_casa,LLT_casa,LL%_casa,EN_casa,BR_casa,B/E_casa,TO_casa,FC_casa,T/FC_casa,ET_casa,VI_casa,EF_casa,Pts_visitante,3P_visitante,2P_visitante,LL_visitante,RT_visitante,RO_visitante,RD_visitante,AS_visitante,ER_visitante,IA%_visitante,3PC_visitante,3PT_visitante,3P%_visitante,2PC_visitante,2PT_visitante,2P%_visitante,LLC_visitante,LLT_visitante,LL%_visitante,EN_visitante,BR_visitante,B/E_visitante,TO_visitante,FC_visitante,T/FC_visitante,ET_visitante,VI_visitante,EF_visitante
79,67,2017-03-30,29,1,2016-2017,Paulistano,Fortaleza B. C. / CFO,1,81.2,30.6,36.8,13.8,34.666666666666664,10.666666666666666,24.0,19.533333333333335,12.733333333333333,1.6280000000000003,10.2,28.733333333333334,36.15866666666667,18.4,35.333333333333336,52.830000000000005,13.8,18.066666666666666,76.44666666666667,1.5333333333333334,6.733333333333333,0.5426666666666667,2.466666666666667,21.733333333333334,0.12266666666666669,12.733333333333333,2.533333333333333,92.13333333333334,75.86666666666666,28.0,32.93333333333333,14.933333333333334,36.4,9.866666666666667,26.533333333333335,14.666666666666666,14.066666666666666,1.088666666666667,9.333333333333334,26.933333333333334,34.67066666666666,16.466666666666665,36.53333333333333,45.10066666666666,14.933333333333334,21.533333333333335,68.02666666666666,1.2,7.533333333333333,0.5593333333333333,2.4,21.466666666666665,0.11400000000000002,14.066666666666666,2.8666666666666667,78.53333333333333
