placar_casa,placar_visitante,data,round,stage,ano,equipe_casa,equipe_visitante,resultado,Pts_casa,3P_casa,2P_casa,LL_casa,RT_casa,RO_casa,RD_casa,AS_casa,ER_casa,IA%_casa,3PC_casa,3PT_casa,3P%_casa,2PC_casa,2PT_casa,2P%_casa,LLC_casa,LLT_casa,LL%_casa,EN_casa,BR_casa,B/E_casa,TO_casa,FC_casa,T/FC_casa,ET_casa,VI_casa,EF_casa,Pts_visitante,3P_visitante,2P_visitante,LL_visitante,RT_visitante,RO_visitante,RD_visitante,AS_visitante,ER_visitante,IA%_visitante,3PC_visitante,3PT_visitante,3P%_visitante,2PC_visitante,2PT_visitante,2P%_visitante,LLC_visitante,LLT_visitante,LL%_visitante,EN_visitante,BR_visitante,B/E_visitante,TO_visitante,FC_visitante,T/FC_visitante,ET_visitante,VI_visitante,EF_visitante
84,76,2024-02-08,4,2,2023-2024,Pinheiros,Bauru Basket,1,77.93266666666668,27.3,35.800666666666665,14.834,38.233333333333334,11.599333333333334,26.634000000000004,18.166,13.632666666666667,1.48,9.099333333333334,27.033333333333335,34.98799999999999,17.899333333333335,35.266,50.693333333333335,14.834,19.934000000000005,74.63066666666668,1.2339999999999998,4.933333333333334,0.39066666666666683,2.567333333333333,19.466666666666665,0.12933333333333336,13.632666666666667,2.799333333333333,87.79933333333335,82.23266666666667,26.8,41.4,14.032666666666668,36.23266666666667,10.133333333333333,26.099333333333334,19.366666666666667,12.466666666666667,1.6200000000000003,8.934,28.100666666666665,31.735333333333337,20.7,36.93266666666667,56.05733333333334,14.032666666666668,18.1,77.08133333333335,2.066666666666667,8.167333333333334,0.6759999999999999,2.1333333333333333,19.534,0.11066666666666669,12.466666666666667,2.5993333333333335,96.19933333333333
