placar_casa,placar_visitante,data,round,stage,ano,equipe_casa,equipe_visitante,resultado,Pts_casa,3P_casa,2P_casa,LL_casa,RT_casa,RO_casa,RD_casa,AS_casa,ER_casa,IA%_casa,3PC_casa,3PT_casa,3P%_casa,2PC_casa,2PT_casa,2P%_casa,LLC_casa,LLT_casa,LL%_casa,EN_casa,BR_casa,B/E_casa,TO_casa,FC_casa,T/FC_casa,ET_casa,VI_casa,EF_casa,Pts_visitante,3P_visitante,2P_visitante,LL_visitante,RT_visitante,RO_visitante,RD_visitante,AS_visitante,ER_visitante,IA%_visitante,3PC_visitante,3PT_visitante,3P%_visitante,2PC_visitante,2PT_visitante,2P%_visitante,LLC_visitante,LLT_visitante,LL%_visitante,EN_visitante,BR_visitante,B/E_visitante,TO_visitante,FC_visitante,T/FC_visitante,ET_visitante,VI_visitante,EF_visitante
86,69,2014-04-28,2,4,2013-2014,Flamengo,Bauru Basket,1,87.2,32.2,38.4,16.6,36.53333333333333,9.866666666666667,26.666666666666668,18.4,12.2,1.6626666666666665,10.733333333333333,27.866666666666667,38.92066666666666,19.2,34.13333333333333,56.61,16.6,21.466666666666665,75.248,2.1333333333333333,9.733333333333333,0.8893333333333333,1.2666666666666666,19.066666666666666,0.07333333333333332,12.2,1.5333333333333334,104.0,83.13333333333334,28.6,39.333333333333336,15.2,36.733333333333334,11.066666666666666,25.666666666666668,16.0,11.6,1.4579999999999997,9.533333333333333,24.133333333333333,39.251333333333335,19.666666666666668,38.53333333333333,51.52066666666667,15.2,20.0,76.72733333333333,1.9333333333333333,9.2,0.8566666666666667,1.8666666666666667,18.2,0.09800000000000002,11.6,2.466666666666667,97.06666666666666
