placar_casa,placar_visitante,data,round,stage,ano,equipe_casa,equipe_visitante,resultado,Pts_casa,3P_casa,2P_casa,LL_casa,RT_casa,RO_casa,RD_casa,AS_casa,ER_casa,IA%_casa,3PC_casa,3PT_casa,3P%_casa,2PC_casa,2PT_casa,2P%_casa,LLC_casa,LLT_casa,LL%_casa,EN_casa,BR_casa,B/E_casa,TO_casa,FC_casa,T/FC_casa,ET_casa,VI_casa,EF_casa,Pts_visitante,3P_visitante,2P_visitante,LL_visitante,RT_visitante,RO_visitante,RD_visitante,AS_visitante,ER_visitante,IA%_visitante,3PC_visitante,3PT_visitante,3P%_visitante,2PC_visitante,2PT_visitante,2P%_visitante,LLC_visitante,LLT_visitante,LL%_visitante,EN_visitante,BR_visitante,B/E_visitante,TO_visitante,FC_visitante,T/FC_visitante,ET_visitante,VI_visitante,EF_visitante
95,87,2024-05-12,4,4,2023-2024,R10 Score Vasco da Gama,Bauru Basket,1,74.33333333333333,25.6,34.13333333333333,14.6,36.46666666666667,9.333333333333334,27.133333333333333,18.4,15.133333333333333,1.2893333333333332,8.533333333333333,27.4,31.65866666666666,17.066666666666666,32.06666666666667,53.053999999999995,14.6,19.933333333333334,73.96000000000001,1.7333333333333334,7.066666666666666,0.47,2.4,20.933333333333334,0.11866666666666668,15.133333333333333,3.1333333333333333,84.33333333333333,84.33333333333333,30.8,41.2,12.333333333333334,34.333333333333336,7.933333333333334,26.4,20.733333333333334,13.933333333333334,1.5819999999999996,10.266666666666667,27.466666666666665,37.629999999999995,20.6,34.0,61.03200000000001,12.333333333333334,17.2,72.22933333333332,1.4,7.933333333333334,0.5906666666666667,2.066666666666667,22.666666666666668,0.09333333333333335,13.933333333333334,2.066666666666667,100.0
