placar_casa,placar_visitante,data,round,stage,ano,equipe_casa,equipe_visitante,resultado,Pts_casa,3P_casa,2P_casa,LL_casa,RT_casa,RO_casa,RD_casa,AS_casa,ER_casa,IA%_casa,3PC_casa,3PT_casa,3P%_casa,2PC_casa,2PT_casa,2P%_casa,LLC_casa,LLT_casa,LL%_casa,EN_casa,BR_casa,B/E_casa,TO_casa,FC_casa,T/FC_casa,ET_casa,VI_casa,EF_casa,Pts_visitante,3P_visitante,2P_visitante,LL_visitante,RT_visitante,RO_visitante,RD_visitante,AS_visitante,ER_visitante,IA%_visitante,3PC_visitante,3PT_visitante,3P%_visitante,2PC_visitante,2PT_visitante,2P%_visitante,LLC_visitante,LLT_visitante,LL%_visitante,EN_visitante,BR_visitante,B/E_visitante,TO_visitante,FC_visitante,T/FC_visitante,ET_visitante,VI_visitante,EF_visitante
68,76,2022-12-13,9,1,2022-2023,Bauru Basket,UNIFACISA,0,80.55555555555556,28.333333333333332,40.666666666666664,11.555555555555555,36.333333333333336,11.222222222222221,25.11111111111111,16.77777777777778,9.555555555555555,1.9477777777777778,9.444444444444445,28.77777777777778,32.97888888888889,20.333333333333332,36.44444444444444,56.04666666666667,11.555555555555555,16.666666666666668,68.38333333333334,2.4444444444444446,6.222222222222222,0.7277777777777777,1.6666666666666667,17.666666666666668,0.10333333333333333,9.555555555555555,1.8888888888888888,91.44444444444444,77.1,27.9,37.8,11.4,34.0,9.5,24.5,14.6,13.7,1.087,9.3,26.0,35.708,18.9,37.0,51.111000000000004,11.4,16.0,71.968,1.2,6.8,0.507,1.0,21.2,0.048,13.7,2.6,80.4
