placar_casa,placar_visitante,data,round,stage,ano,equipe_casa,equipe_visitante,resultado,Pts_casa,3P_casa,2P_casa,LL_casa,RT_casa,RO_casa,RD_casa,AS_casa,ER_casa,IA%_casa,3PC_casa,3PT_casa,3P%_casa,2PC_casa,2PT_casa,2P%_casa,LLC_casa,LLT_casa,LL%_casa,EN_casa,BR_casa,B/E_casa,TO_casa,FC_casa,T/FC_casa,ET_casa,VI_casa,EF_casa,Pts_visitante,3P_visitante,2P_visitante,LL_visitante,RT_visitante,RO_visitante,RD_visitante,AS_visitante,ER_visitante,IA%_visitante,3PC_visitante,3PT_visitante,3P%_visitante,2PC_visitante,2PT_visitante,2P%_visitante,LLC_visitante,LLT_visitante,LL%_visitante,EN_visitante,BR_visitante,B/E_visitante,TO_visitante,FC_visitante,T/FC_visitante,ET_visitante,VI_visitante,EF_visitante
91,76,2015-01-21,1,2,2014-2015,Minas,Coop/São José Basketball,1,75.6,21.6,37.333333333333336,16.666666666666668,36.4,10.666666666666666,25.733333333333334,15.2,15.133333333333333,1.0546666666666666,7.2,21.8,34.418,18.666666666666668,38.06666666666667,49.08866666666666,16.666666666666668,22.933333333333334,72.67266666666666,2.1333333333333333,10.866666666666667,0.7273333333333333,1.8666666666666667,22.4,0.08466666666666668,15.133333333333333,3.466666666666667,84.53333333333333,76.06666666666666,17.8,45.06666666666667,13.2,36.333333333333336,9.066666666666666,27.266666666666666,17.4,13.866666666666667,1.3626666666666665,5.933333333333334,18.8,31.074000000000005,22.533333333333335,42.266666666666666,53.435333333333325,13.2,17.666666666666668,72.71000000000001,1.2,8.0,0.6233333333333334,1.5333333333333334,18.8,0.08400000000000002,13.866666666666667,2.6666666666666665,88.4
