placar_casa,placar_visitante,data,round,stage,ano,equipe_casa,equipe_visitante,resultado,Pts_casa,3P_casa,2P_casa,LL_casa,RT_casa,RO_casa,RD_casa,AS_casa,ER_casa,IA%_casa,3PC_casa,3PT_casa,3P%_casa,2PC_casa,2PT_casa,2P%_casa,LLC_casa,LLT_casa,LL%_casa,EN_casa,BR_casa,B/E_casa,TO_casa,FC_casa,T/FC_casa,ET_casa,VI_casa,EF_casa,Pts_visitante,3P_visitante,2P_visitante,LL_visitante,RT_visitante,RO_visitante,RD_visitante,AS_visitante,ER_visitante,IA%_visitante,3PC_visitante,3PT_visitante,3P%_visitante,2PC_visitante,2PT_visitante,2P%_visitante,LLC_visitante,LLT_visitante,LL%_visitante,EN_visitante,BR_visitante,B/E_visitante,TO_visitante,FC_visitante,T/FC_visitante,ET_visitante,VI_visitante,EF_visitante
67,72,2017-01-27,17,1,2016-2017,Vitória,Pinheiros,0,76.78571428571429,21.0,38.285714285714285,17.5,35.92857142857143,8.857142857142858,27.071428571428573,16.857142857142858,15.0,1.2235714285714285,7.0,20.857142857142858,33.52428571428571,19.142857142857142,37.92857142857143,50.36071428571428,17.5,22.428571428571427,78.26357142857141,1.4285714285714286,6.142857142857143,0.43142857142857144,1.3571428571428572,21.357142857142858,0.06642857142857142,15.0,4.0,84.5,82.73333333333333,19.2,45.86666666666667,17.666666666666668,39.0,11.733333333333333,27.266666666666666,16.933333333333334,13.466666666666667,1.3113333333333332,6.4,24.133333333333333,26.927333333333333,22.933333333333334,40.93333333333333,56.008666666666656,17.666666666666668,23.666666666666668,75.04866666666666,2.3333333333333335,7.8,0.5920000000000001,2.6666666666666665,21.066666666666666,0.1366666666666667,13.466666666666667,3.466666666666667,93.93333333333334
