placar_casa,placar_visitante,data,round,stage,ano,equipe_casa,equipe_visitante,resultado,Pts_casa,3P_casa,2P_casa,LL_casa,RT_casa,RO_casa,RD_casa,AS_casa,ER_casa,IA%_casa,3PC_casa,3PT_casa,3P%_casa,2PC_casa,2PT_casa,2P%_casa,LLC_casa,LLT_casa,LL%_casa,EN_casa,BR_casa,B/E_casa,TO_casa,FC_casa,T/FC_casa,ET_casa,VI_casa,EF_casa,Pts_visitante,3P_visitante,2P_visitante,LL_visitante,RT_visitante,RO_visitante,RD_visitante,AS_visitante,ER_visitante,IA%_visitante,3PC_visitante,3PT_visitante,3P%_visitante,2PC_visitante,2PT_visitante,2P%_visitante,LLC_visitante,LLT_visitante,LL%_visitante,EN_visitante,BR_visitante,B/E_visitante,TO_visitante,FC_visitante,T/FC_visitante,ET_visitante,VI_visitante,EF_visitante
78,81,2025-04-28,3,3,2024-2025,Vasco da Gama,São José Basketball,0,80.6,27.8,36.8,16.0,36.13333333333333,7.8,28.333333333333332,20.133333333333333,14.8,1.382,9.266666666666667,25.933333333333334,36.11533333333333,18.4,32.333333333333336,57.47666666666668,16.0,21.866666666666667,72.18666666666665,1.8666666666666667,6.133333333333334,0.4226666666666667,2.2,20.866666666666667,0.11200000000000002,14.8,3.0,93.93333333333334,80.4,32.4,34.0,14.0,39.2,13.333333333333334,25.866666666666667,17.533333333333335,12.8,1.4953333333333334,10.8,32.6,32.906,17.0,36.4,47.00133333333333,14.0,19.2,71.82466666666667,1.2666666666666666,7.533333333333333,0.6306666666666666,2.1333333333333333,19.2,0.11333333333333333,12.8,2.0,87.6
