placar_casa,placar_visitante,data,round,stage,ano,equipe_casa,equipe_visitante,resultado,Pts_casa,3P_casa,2P_casa,LL_casa,RT_casa,RO_casa,RD_casa,AS_casa,ER_casa,IA%_casa,3PC_casa,3PT_casa,3P%_casa,2PC_casa,2PT_casa,2P%_casa,LLC_casa,LLT_casa,LL%_casa,EN_casa,BR_casa,B/E_casa,TO_casa,FC_casa,T/FC_casa,ET_casa,VI_casa,EF_casa,Pts_visitante,3P_visitante,2P_visitante,LL_visitante,RT_visitante,RO_visitante,RD_visitante,AS_visitante,ER_visitante,IA%_visitante,3PC_visitante,3PT_visitante,3P%_visitante,2PC_visitante,2PT_visitante,2P%_visitante,LLC_visitante,LLT_visitante,LL%_visitante,EN_visitante,BR_visitante,B/E_visitante,TO_visitante,FC_visitante,T/FC_visitante,ET_visitante,VI_visitante,EF_visitante
68,73,2015-04-01,14,2,2014-2015,Minas,Palmeiras,0,75.73333333333333,23.6,37.733333333333334,14.4,35.0,10.066666666666666,24.933333333333334,16.466666666666665,13.0,1.3340000000000003,7.866666666666666,24.2,32.117333333333335,18.866666666666667,36.666666666666664,51.331999999999994,14.4,19.933333333333334,71.32333333333332,2.2666666666666666,8.933333333333334,0.73,1.3333333333333333,23.333333333333332,0.058000000000000024,13.0,2.8,84.8,78.6,22.8,42.8,13.0,33.93333333333333,11.2,22.733333333333334,15.333333333333334,14.333333333333334,1.1413333333333335,7.6,23.933333333333334,31.880666666666663,21.4,39.86666666666667,53.64266666666666,13.0,18.2,72.454,2.533333333333333,10.733333333333333,0.7966666666666666,1.5333333333333334,19.333333333333332,0.08333333333333336,14.333333333333334,2.8,85.8
