placar_casa,placar_visitante,data,round,stage,ano,equipe_casa,equipe_visitante,resultado,Pts_casa,3P_casa,2P_casa,LL_casa,RT_casa,RO_casa,RD_casa,AS_casa,ER_casa,IA%_casa,3PC_casa,3PT_casa,3P%_casa,2PC_casa,2PT_casa,2P%_casa,LLC_casa,LLT_casa,LL%_casa,EN_casa,BR_casa,B/E_casa,TO_casa,FC_casa,T/FC_casa,ET_casa,VI_casa,EF_casa,Pts_visitante,3P_visitante,2P_visitante,LL_visitante,RT_visitante,RO_visitante,RD_visitante,AS_visitante,ER_visitante,IA%_visitante,3PC_visitante,3PT_visitante,3P%_visitante,2PC_visitante,2PT_visitante,2P%_visitante,LLC_visitante,LLT_visitante,LL%_visitante,EN_visitante,BR_visitante,B/E_visitante,TO_visitante,FC_visitante,T/FC_visitante,ET_visitante,VI_visitante,EF_visitante
76,53,2023-03-11,6,2,2022-2023,Caxias do Sul Basquete,Rio Claro,1,73.0,21.8,36.4,14.8,36.766,9.0,27.766,12.367333333333333,13.933333333333334,0.9373333333333334,7.267333333333334,24.1,30.297333333333324,18.2,38.10066666666667,47.720000000000006,14.8,20.434000000000005,71.94666666666667,0.49933333333333335,6.999333333333333,0.5066666666666666,2.1340000000000003,20.133333333333333,0.10933333333333335,13.933333333333334,2.566666666666667,74.96600000000002,76.86666666666666,24.6,41.2,11.066666666666666,30.066666666666666,8.366666666666667,21.7,18.233333333333334,12.033333333333333,1.5746666666666669,8.2,23.4,35.116,20.6,40.0,51.690666666666665,11.066666666666666,16.233333333333334,67.588,0.9666666666666667,6.6,0.5966666666666666,1.7,21.333333333333332,0.08800000000000002,12.033333333333333,2.2333333333333334,81.66666666666667
