placar_casa,placar_visitante,data,round,stage,ano,equipe_casa,equipe_visitante,resultado,Pts_casa,3P_casa,2P_casa,LL_casa,RT_casa,RO_casa,RD_casa,AS_casa,ER_casa,IA%_casa,3PC_casa,3PT_casa,3P%_casa,2PC_casa,2PT_casa,2P%_casa,LLC_casa,LLT_casa,LL%_casa,EN_casa,BR_casa,B/E_casa,TO_casa,FC_casa,T/FC_casa,ET_casa,VI_casa,EF_casa,Pts_visitante,3P_visitante,2P_visitante,LL_visitante,RT_visitante,RO_visitante,RD_visitante,AS_visitante,ER_visitante,IA%_visitante,3PC_visitante,3PT_visitante,3P%_visitante,2PC_visitante,2PT_visitante,2P%_visitante,LLC_visitante,LLT_visitante,LL%_visitante,EN_visitante,BR_visitante,B/E_visitante,TO_visitante,FC_visitante,T/FC_visitante,ET_visitante,VI_visitante,EF_visitante
96,83,2009-03-25,1,2,2008-2009,Minas,Paulistano,1,85.66666666666667,21.5,48.5,15.666666666666666,35.833333333333336,10.833333333333334,25.0,16.25,15.0,1.1275000000000002,7.166666666666667,20.166666666666668,36.149166666666666,24.25,43.083333333333336,56.451666666666675,15.666666666666666,22.083333333333332,71.39416666666666,1.5,7.0,0.4766666666666666,2.9166666666666665,19.5,0.16333333333333336,15.0,0.0,94.41666666666667,74.92857142857143,21.857142857142858,39.0,14.071428571428571,31.285714285714285,11.071428571428571,20.214285714285715,14.785714285714286,16.214285714285715,1.0035714285714286,7.285714285714286,23.214285714285715,31.60214285714286,19.5,36.785714285714285,52.93285714285714,14.071428571428571,20.357142857142858,68.4707142857143,0.9285714285714286,8.0,0.5092857142857142,2.7142857142857144,21.928571428571427,0.12714285714285714,16.214285714285715,0.0,76.0
