placar_casa,placar_visitante,data,round,stage,ano,equipe_casa,equipe_visitante,resultado,Pts_casa,3P_casa,2P_casa,LL_casa,RT_casa,RO_casa,RD_casa,AS_casa,ER_casa,IA%_casa,3PC_casa,3PT_casa,3P%_casa,2PC_casa,2PT_casa,2P%_casa,LLC_casa,LLT_casa,LL%_casa,EN_casa,BR_casa,B/E_casa,TO_casa,FC_casa,T/FC_casa,ET_casa,VI_casa,EF_casa,Pts_visitante,3P_visitante,2P_visitante,LL_visitante,RT_visitante,RO_visitante,RD_visitante,AS_visitante,ER_visitante,IA%_visitante,3PC_visitante,3PT_visitante,3P%_visitante,2PC_visitante,2PT_visitante,2P%_visitante,LLC_visitante,LLT_visitante,LL%_visitante,EN_visitante,BR_visitante,B/E_visitante,TO_visitante,FC_visitante,T/FC_visitante,ET_visitante,VI_visitante,EF_visitante
75,69,2023-12-07,8,1,2023-2024,Pinheiros,Mogi,1,77.77777777777777,30.333333333333332,37.111111111111114,10.333333333333334,36.888888888888886,10.88888888888889,26.0,17.444444444444443,14.444444444444445,1.2922222222222224,10.11111111111111,27.555555555555557,36.79888888888889,18.555555555555557,35.111111111111114,52.98111111111111,10.333333333333334,16.77777777777778,61.453333333333326,1.3333333333333333,5.222222222222222,0.37444444444444447,1.3333333333333333,17.77777777777778,0.07555555555555557,14.444444444444445,2.3333333333333335,83.77777777777777,73.33416666666666,31.125,29.584166666666672,12.625,30.459166666666672,8.209166666666667,22.25,17.125,14.665833333333333,1.1716666666666666,10.375833333333334,27.749166666666664,37.55583333333334,14.790833333333333,27.875,53.2175,12.625,17.459166666666665,72.38333333333333,0.3325,5.2925,0.36000000000000004,1.4166666666666667,22.166666666666668,0.06333333333333334,14.665833333333333,2.999166666666666,77.66749999999999
