placar_casa,placar_visitante,data,round,stage,ano,equipe_casa,equipe_visitante,resultado,Pts_casa,3P_casa,2P_casa,LL_casa,RT_casa,RO_casa,RD_casa,AS_casa,ER_casa,IA%_casa,3PC_casa,3PT_casa,3P%_casa,2PC_casa,2PT_casa,2P%_casa,LLC_casa,LLT_casa,LL%_casa,EN_casa,BR_casa,B/E_casa,TO_casa,FC_casa,T/FC_casa,ET_casa,VI_casa,EF_casa,Pts_visitante,3P_visitante,2P_visitante,LL_visitante,RT_visitante,RO_visitante,RD_visitante,AS_visitante,ER_visitante,IA%_visitante,3PC_visitante,3PT_visitante,3P%_visitante,2PC_visitante,2PT_visitante,2P%_visitante,LLC_visitante,LLT_visitante,LL%_visitante,EN_visitante,BR_visitante,B/E_visitante,TO_visitante,FC_visitante,T/FC_visitante,ET_visitante,VI_visitante,EF_visitante
112,104,2013-03-07,9,2,2012-2013,Palmeiras,Uberlândia,1,76.06666666666666,57.8,38.53333333333333,15.933333333333334,30.8,10.533333333333333,20.266666666666666,11.933333333333334,12.866666666666667,1.0713333333333332,7.2,21.933333333333334,32.830666666666666,19.266666666666666,40.46666666666667,47.696000000000005,15.933333333333334,23.333333333333332,68.38600000000001,1.6,7.4,0.6353333333333334,1.5333333333333334,22.066666666666666,0.07266666666666667,12.866666666666667,2.7333333333333334,81.66666666666667,82.6,64.6,43.06666666666667,15.533333333333333,29.666666666666668,6.933333333333334,22.733333333333334,16.8,12.866666666666667,1.4613333333333334,8.0,20.266666666666666,39.958,21.533333333333335,38.06666666666667,57.00066666666666,15.533333333333333,19.2,80.10333333333332,3.066666666666667,5.266666666666667,0.422,2.3333333333333335,20.333333333333332,0.11466666666666667,12.866666666666667,2.4,97.4
