placar_casa,placar_visitante,data,round,stage,ano,equipe_casa,equipe_visitante,resultado,Pts_casa,3P_casa,2P_casa,LL_casa,RT_casa,RO_casa,RD_casa,AS_casa,ER_casa,IA%_casa,3PC_casa,3PT_casa,3P%_casa,2PC_casa,2PT_casa,2P%_casa,LLC_casa,LLT_casa,LL%_casa,EN_casa,BR_casa,B/E_casa,TO_casa,FC_casa,T/FC_casa,ET_casa,VI_casa,EF_casa,Pts_visitante,3P_visitante,2P_visitante,LL_visitante,RT_visitante,RO_visitante,RD_visitante,AS_visitante,ER_visitante,IA%_visitante,3PC_visitante,3PT_visitante,3P%_visitante,2PC_visitante,2PT_visitante,2P%_visitante,LLC_visitante,LLT_visitante,LL%_visitante,EN_visitante,BR_visitante,B/E_visitante,TO_visitante,FC_visitante,T/FC_visitante,ET_visitante,VI_visitante,EF_visitante
89,79,2009-05-31,3,5,2008-2009,Brasília,Minas,1,85.2,23.8,42.53333333333333,18.866666666666667,32.8,8.4,24.4,15.2,16.2,1.097333333333333,7.933333333333334,22.8,35.268666666666675,21.266666666666666,38.2,55.443999999999996,18.866666666666667,24.533333333333335,77.30666666666666,1.6666666666666667,8.466666666666667,0.5586666666666666,3.8,23.4,0.17333333333333334,16.2,0.0,91.8,82.6,21.6,44.666666666666664,16.333333333333332,33.93333333333333,8.066666666666666,25.866666666666667,17.6,14.733333333333333,1.4033333333333333,7.2,21.066666666666666,34.23866666666667,22.333333333333332,39.46666666666667,56.81133333333333,16.333333333333332,22.066666666666666,74.18466666666669,1.2666666666666666,7.0,0.5359999999999999,2.466666666666667,17.0,0.1446666666666667,14.733333333333333,0.0,92.13333333333334
