placar_casa,placar_visitante,data,round,stage,ano,equipe_casa,equipe_visitante,resultado,Pts_casa,3P_casa,2P_casa,LL_casa,RT_casa,RO_casa,RD_casa,AS_casa,ER_casa,IA%_casa,3PC_casa,3PT_casa,3P%_casa,2PC_casa,2PT_casa,2P%_casa,LLC_casa,LLT_casa,LL%_casa,EN_casa,BR_casa,B/E_casa,TO_casa,FC_casa,T/FC_casa,ET_casa,VI_casa,EF_casa,Pts_visitante,3P_visitante,2P_visitante,LL_visitante,RT_visitante,RO_visitante,RD_visitante,AS_visitante,ER_visitante,IA%_visitante,3PC_visitante,3PT_visitante,3P%_visitante,2PC_visitante,2PT_visitante,2P%_visitante,LLC_visitante,LLT_visitante,LL%_visitante,EN_visitante,BR_visitante,B/E_visitante,TO_visitante,FC_visitante,T/FC_visitante,ET_visitante,VI_visitante,EF_visitante
87,74,2022-05-14,2,5,2021-2022,São Paulo,Sesi Franca,1,85.76666666666667,30.2,41.333333333333336,14.233333333333333,37.833333333333336,7.333333333333333,30.5,18.066666666666666,11.033333333333333,1.7246666666666668,10.066666666666666,28.466666666666665,35.162000000000006,20.666666666666668,33.36666666666667,61.947333333333326,14.233333333333333,19.633333333333333,73.37799999999999,2.3666666666666667,6.333333333333333,0.5966666666666666,2.8666666666666667,18.133333333333333,0.17266666666666666,11.033333333333333,1.1666666666666667,103.33333333333333,87.86666666666666,30.0,44.13333333333333,13.733333333333333,38.93333333333333,9.066666666666666,29.866666666666667,18.0,9.266666666666667,2.0933333333333333,10.0,28.933333333333334,34.36266666666667,22.066666666666666,38.733333333333334,57.684000000000005,13.733333333333333,18.133333333333333,76.15333333333335,3.2666666666666666,5.8,0.6753333333333333,2.066666666666667,18.266666666666666,0.12199999999999998,9.266666666666667,1.4,103.4
