placar_casa,placar_visitante,data,round,stage,ano,equipe_casa,equipe_visitante,resultado,Pts_casa,3P_casa,2P_casa,LL_casa,RT_casa,RO_casa,RD_casa,AS_casa,ER_casa,IA%_casa,3PC_casa,3PT_casa,3P%_casa,2PC_casa,2PT_casa,2P%_casa,LLC_casa,LLT_casa,LL%_casa,EN_casa,BR_casa,B/E_casa,TO_casa,FC_casa,T/FC_casa,ET_casa,VI_casa,EF_casa,Pts_visitante,3P_visitante,2P_visitante,LL_visitante,RT_visitante,RO_visitante,RD_visitante,AS_visitante,ER_visitante,IA%_visitante,3PC_visitante,3PT_visitante,3P%_visitante,2PC_visitante,2PT_visitante,2P%_visitante,LLC_visitante,LLT_visitante,LL%_visitante,EN_visitante,BR_visitante,B/E_visitante,TO_visitante,FC_visitante,T/FC_visitante,ET_visitante,VI_visitante,EF_visitante
79,86,2023-11-10,4,1,2023-2024,Botafogo,Sesi Franca,0,71.33333333333333,22.75,37.5,11.083333333333334,37.0,11.083333333333334,25.916666666666668,14.0,15.166666666666666,1.0366666666666668,7.583333333333333,28.0,26.186666666666667,18.75,36.0,51.80666666666667,11.083333333333334,17.916666666666668,62.48166666666666,0.5833333333333334,6.916666666666667,0.5266666666666667,2.25,21.666666666666668,0.10666666666666667,15.166666666666666,3.9166666666666665,71.83333333333333,92.83333333333333,30.5,43.333333333333336,19.0,38.833333333333336,10.5,28.333333333333332,22.666666666666668,14.0,1.6866666666666668,10.166666666666666,27.5,37.36666666666667,21.666666666666668,36.166666666666664,59.79333333333333,19.0,24.0,78.73,3.1666666666666665,7.833333333333333,0.58,3.0,20.666666666666668,0.15333333333333332,14.0,3.5,114.33333333333333
