placar_casa,placar_visitante,data,round,stage,ano,equipe_casa,equipe_visitante,resultado,Pts_casa,3P_casa,2P_casa,LL_casa,RT_casa,RO_casa,RD_casa,AS_casa,ER_casa,IA%_casa,3PC_casa,3PT_casa,3P%_casa,2PC_casa,2PT_casa,2P%_casa,LLC_casa,LLT_casa,LL%_casa,EN_casa,BR_casa,B/E_casa,TO_casa,FC_casa,T/FC_casa,ET_casa,VI_casa,EF_casa,Pts_visitante,3P_visitante,2P_visitante,LL_visitante,RT_visitante,RO_visitante,RD_visitante,AS_visitante,ER_visitante,IA%_visitante,3PC_visitante,3PT_visitante,3P%_visitante,2PC_visitante,2PT_visitante,2P%_visitante,LLC_visitante,LLT_visitante,LL%_visitante,EN_visitante,BR_visitante,B/E_visitante,TO_visitante,FC_visitante,T/FC_visitante,ET_visitante,VI_visitante,EF_visitante
111,81,2025-04-18,16,2,2024-2025,Corinthians,União Corinthians,1,82.93333333333334,32.3,35.666666666666664,14.966666666666667,40.03333333333333,10.833333333333334,29.2,19.433333333333334,13.966666666666667,1.4846666666666668,10.766666666666667,29.766666666666666,35.53066666666666,17.833333333333332,33.266666666666666,53.39533333333333,14.966666666666667,20.1,74.46666666666665,1.3,5.733333333333333,0.4326666666666667,1.7,19.0,0.09000000000000001,13.966666666666667,3.2333333333333334,96.3,78.26666666666667,21.2,41.93333333333333,15.133333333333333,39.96666666666667,13.066666666666666,26.9,18.766666666666666,13.233333333333333,1.4966666666666666,7.066666666666666,26.033333333333335,26.945999999999994,20.966666666666665,40.266666666666666,52.48799999999999,15.133333333333333,21.433333333333334,70.43466666666669,1.4333333333333333,6.233333333333333,0.478,1.9333333333333333,21.966666666666665,0.09000000000000001,13.233333333333333,3.466666666666667,87.36666666666666
