placar_casa,placar_visitante,data,round,stage,ano,equipe_casa,equipe_visitante,resultado,Pts_casa,3P_casa,2P_casa,LL_casa,RT_casa,RO_casa,RD_casa,AS_casa,ER_casa,IA%_casa,3PC_casa,3PT_casa,3P%_casa,2PC_casa,2PT_casa,2P%_casa,LLC_casa,LLT_casa,LL%_casa,EN_casa,BR_casa,B/E_casa,TO_casa,FC_casa,T/FC_casa,ET_casa,VI_casa,EF_casa,Pts_visitante,3P_visitante,2P_visitante,LL_visitante,RT_visitante,RO_visitante,RD_visitante,AS_visitante,ER_visitante,IA%_visitante,3PC_visitante,3PT_visitante,3P%_visitante,2PC_visitante,2PT_visitante,2P%_visitante,LLC_visitante,LLT_visitante,LL%_visitante,EN_visitante,BR_visitante,B/E_visitante,TO_visitante,FC_visitante,T/FC_visitante,ET_visitante,VI_visitante,EF_visitante
88,96,2022-11-26,6,1,2022-2023,Cerrado,BRB/Brasília,0,82.42857142857143,39.0,28.0,15.428571428571429,34.857142857142854,11.142857142857142,23.714285714285715,14.142857142857142,15.0,0.9814285714285714,13.0,38.0,33.65285714285715,14.0,26.571428571428573,52.8,15.428571428571429,21.0,73.31857142857143,1.8571428571428572,7.0,0.4914285714285715,2.0,17.0,0.11571428571428573,15.0,3.2857142857142856,82.28571428571429,72.0,25.285714285714285,34.0,12.714285714285714,34.57142857142857,8.285714285714286,26.285714285714285,14.285714285714286,13.428571428571429,1.1728571428571428,8.428571428571429,29.0,29.557142857142857,17.0,32.285714285714285,52.095714285714294,12.714285714285714,19.714285714285715,63.78285714285715,1.7142857142857142,5.571428571428571,0.45999999999999996,0.0,20.857142857142858,0.0,13.428571428571429,2.7142857142857144,70.14285714285714
