placar_casa,placar_visitante,data,round,stage,ano,equipe_casa,equipe_visitante,resultado,Pts_casa,3P_casa,2P_casa,LL_casa,RT_casa,RO_casa,RD_casa,AS_casa,ER_casa,IA%_casa,3PC_casa,3PT_casa,3P%_casa,2PC_casa,2PT_casa,2P%_casa,LLC_casa,LLT_casa,LL%_casa,EN_casa,BR_casa,B/E_casa,TO_casa,FC_casa,T/FC_casa,ET_casa,VI_casa,EF_casa,Pts_visitante,3P_visitante,2P_visitante,LL_visitante,RT_visitante,RO_visitante,RD_visitante,AS_visitante,ER_visitante,IA%_visitante,3PC_visitante,3PT_visitante,3P%_visitante,2PC_visitante,2PT_visitante,2P%_visitante,LLC_visitante,LLT_visitante,LL%_visitante,EN_visitante,BR_visitante,B/E_visitante,TO_visitante,FC_visitante,T/FC_visitante,ET_visitante,VI_visitante,EF_visitante
85,80,2010-03-19,9,2,2009-2010,Paulistano,Pinheiros,1,78.46666666666667,21.8,41.733333333333334,14.933333333333334,30.466666666666665,10.4,20.066666666666666,12.866666666666667,15.266666666666667,0.8793333333333333,7.266666666666667,23.733333333333334,30.390666666666668,20.866666666666667,40.2,52.184666666666665,14.933333333333334,21.933333333333334,68.52866666666667,1.2,7.933333333333334,0.5266666666666667,2.2,21.4,0.10533333333333333,15.266666666666667,3.1333333333333333,73.86666666666666,89.06666666666666,26.6,43.86666666666667,18.6,29.866666666666667,8.266666666666667,21.6,14.466666666666667,13.466666666666667,1.1239999999999999,8.866666666666667,23.4,38.258666666666656,21.933333333333334,39.0,55.99733333333332,18.6,23.4,79.58266666666665,2.3333333333333335,6.6,0.5106666666666667,3.066666666666667,18.933333333333334,0.17266666666666666,13.466666666666667,2.3333333333333335,93.2
