placar_casa,placar_visitante,data,round,stage,ano,equipe_casa,equipe_visitante,resultado,Pts_casa,3P_casa,2P_casa,LL_casa,RT_casa,RO_casa,RD_casa,AS_casa,ER_casa,IA%_casa,3PC_casa,3PT_casa,3P%_casa,2PC_casa,2PT_casa,2P%_casa,LLC_casa,LLT_casa,LL%_casa,EN_casa,BR_casa,B/E_casa,TO_casa,FC_casa,T/FC_casa,ET_casa,VI_casa,EF_casa,Pts_visitante,3P_visitante,2P_visitante,LL_visitante,RT_visitante,RO_visitante,RD_visitante,AS_visitante,ER_visitante,IA%_visitante,3PC_visitante,3PT_visitante,3P%_visitante,2PC_visitante,2PT_visitante,2P%_visitante,LLC_visitante,LLT_visitante,LL%_visitante,EN_visitante,BR_visitante,B/E_visitante,TO_visitante,FC_visitante,T/FC_visitante,ET_visitante,VI_visitante,EF_visitante
86,92,2015-02-11,7,2,2014-2015,Sesi Franca,Limeira,0,75.46666666666667,19.6,41.46666666666667,14.4,34.06666666666667,10.933333333333334,23.133333333333333,13.466666666666667,13.8,1.0846666666666667,6.533333333333333,22.466666666666665,28.326666666666664,20.733333333333334,39.266666666666666,53.001333333333335,14.4,20.133333333333333,71.41333333333334,2.6666666666666665,10.533333333333333,0.8493333333333335,3.066666666666667,20.6,0.15133333333333335,13.8,3.466666666666667,82.6,81.46666666666667,27.0,41.733333333333334,12.733333333333333,31.066666666666666,8.333333333333334,22.733333333333334,18.0,12.2,1.5313333333333332,9.0,22.333333333333332,40.821999999999996,20.866666666666667,37.93333333333333,54.75933333333334,12.733333333333333,16.0,78.66533333333334,2.1333333333333333,9.466666666666667,0.7846666666666666,3.2,19.266666666666666,0.16666666666666666,12.2,2.6666666666666665,97.33333333333333
