placar_casa,placar_visitante,data,round,stage,ano,equipe_casa,equipe_visitante,resultado,Pts_casa,3P_casa,2P_casa,LL_casa,RT_casa,RO_casa,RD_casa,AS_casa,ER_casa,IA%_casa,3PC_casa,3PT_casa,3P%_casa,2PC_casa,2PT_casa,2P%_casa,LLC_casa,LLT_casa,LL%_casa,EN_casa,BR_casa,B/E_casa,TO_casa,FC_casa,T/FC_casa,ET_casa,VI_casa,EF_casa,Pts_visitante,3P_visitante,2P_visitante,LL_visitante,RT_visitante,RO_visitante,RD_visitante,AS_visitante,ER_visitante,IA%_visitante,3PC_visitante,3PT_visitante,3P%_visitante,2PC_visitante,2PT_visitante,2P%_visitante,LLC_visitante,LLT_visitante,LL%_visitante,EN_visitante,BR_visitante,B/E_visitante,TO_visitante,FC_visitante,T/FC_visitante,ET_visitante,VI_visitante,EF_visitante
62,71,2014-03-15,14,2,2013-2014,Minas,Brasília,0,71.86666666666666,17.2,40.0,14.666666666666666,30.333333333333332,9.8,20.533333333333335,13.533333333333333,12.066666666666666,1.172,5.733333333333333,16.866666666666667,34.21,20.0,41.13333333333333,48.629999999999995,14.666666666666666,20.0,75.01466666666668,1.3333333333333333,9.066666666666666,0.7993333333333332,2.933333333333333,22.733333333333334,0.12933333333333336,12.066666666666666,2.6,78.06666666666666,91.4,38.4,38.0,15.0,38.266666666666666,8.8,29.466666666666665,19.4,10.933333333333334,2.017333333333333,12.8,31.933333333333334,40.10066666666667,19.0,33.2,58.648,15.0,18.466666666666665,81.62000000000002,1.6,8.533333333333333,0.864,3.7333333333333334,17.733333333333334,0.2213333333333333,10.933333333333334,1.0666666666666667,113.6
