placar_casa,placar_visitante,data,round,stage,ano,equipe_casa,equipe_visitante,resultado,Pts_casa,3P_casa,2P_casa,LL_casa,RT_casa,RO_casa,RD_casa,AS_casa,ER_casa,IA%_casa,3PC_casa,3PT_casa,3P%_casa,2PC_casa,2PT_casa,2P%_casa,LLC_casa,LLT_casa,LL%_casa,EN_casa,BR_casa,B/E_casa,TO_casa,FC_casa,T/FC_casa,ET_casa,VI_casa,EF_casa,Pts_visitante,3P_visitante,2P_visitante,LL_visitante,RT_visitante,RO_visitante,RD_visitante,AS_visitante,ER_visitante,IA%_visitante,3PC_visitante,3PT_visitante,3P%_visitante,2PC_visitante,2PT_visitante,2P%_visitante,LLC_visitante,LLT_visitante,LL%_visitante,EN_visitante,BR_visitante,B/E_visitante,TO_visitante,FC_visitante,T/FC_visitante,ET_visitante,VI_visitante,EF_visitante
68,74,2019-03-26,12,2,2018-2019,Minas,Brasília,0,77.70066666666666,24.9,38.6,14.200666666666667,38.20066666666666,11.866666666666667,26.334,16.599333333333334,16.266000000000002,1.0466666666666666,8.300666666666666,25.566666666666666,32.63,19.3,37.89933333333333,51.08133333333333,14.200666666666667,19.733999999999998,69.52600000000001,1.8,7.766666666666667,0.48399999999999993,2.1333333333333333,21.267333333333333,0.10466666666666667,16.266000000000002,2.466,84.46666666666667,78.934,24.0,40.333999999999996,14.6,35.9,9.799333333333333,26.100666666666665,16.466666666666665,15.3,1.1813333333333333,8.0,25.066,31.97266666666666,20.166,37.70066666666666,53.477999999999994,14.6,20.700666666666667,70.222,0.5666666666666667,7.133333333333334,0.5086666666666666,3.1,22.766666666666666,0.13733333333333334,15.3,2.2006666666666663,85.066
