placar_casa,placar_visitante,data,round,stage,ano,equipe_casa,equipe_visitante,resultado,Pts_casa,3P_casa,2P_casa,LL_casa,RT_casa,RO_casa,RD_casa,AS_casa,ER_casa,IA%_casa,3PC_casa,3PT_casa,3P%_casa,2PC_casa,2PT_casa,2P%_casa,LLC_casa,LLT_casa,LL%_casa,EN_casa,BR_casa,B/E_casa,TO_casa,FC_casa,T/FC_casa,ET_casa,VI_casa,EF_casa,Pts_visitante,3P_visitante,2P_visitante,LL_visitante,RT_visitante,RO_visitante,RD_visitante,AS_visitante,ER_visitante,IA%_visitante,3PC_visitante,3PT_visitante,3P%_visitante,2PC_visitante,2PT_visitante,2P%_visitante,LLC_visitante,LLT_visitante,LL%_visitante,EN_visitante,BR_visitante,B/E_visitante,TO_visitante,FC_visitante,T/FC_visitante,ET_visitante,VI_visitante,EF_visitante
80,88,2024-02-05,4,2,2023-2024,Pato Basquete,Coop/São José Basketball,0,77.59933333333335,27.7,39.132666666666665,10.766666666666667,38.03333333333333,12.1,25.933333333333334,16.699333333333332,10.8,1.6446666666666667,9.232666666666667,29.365999999999996,31.320666666666664,19.567333333333337,36.632666666666665,53.38866666666668,10.766666666666667,14.632666666666664,72.52066666666666,1.6326666666666663,4.700666666666667,0.43733333333333324,1.0993333333333335,18.50066666666667,0.06333333333333334,10.8,2.032666666666666,86.26733333333333,78.73333333333333,24.2,41.8,12.733333333333333,40.1,11.033333333333333,29.066666666666666,18.066666666666666,14.5,1.3079999999999998,8.066666666666666,23.533333333333335,34.148,20.9,41.56666666666667,50.36466666666667,12.733333333333333,18.2,70.58999999999999,1.7,7.2,0.5106666666666666,2.1,19.366666666666667,0.11400000000000003,14.5,3.1666666666666665,90.1
