placar_casa,placar_visitante,data,round,stage,ano,equipe_casa,equipe_visitante,resultado,Pts_casa,3P_casa,2P_casa,LL_casa,RT_casa,RO_casa,RD_casa,AS_casa,ER_casa,IA%_casa,3PC_casa,3PT_casa,3P%_casa,2PC_casa,2PT_casa,2P%_casa,LLC_casa,LLT_casa,LL%_casa,EN_casa,BR_casa,B/E_casa,TO_casa,FC_casa,T/FC_casa,ET_casa,VI_casa,EF_casa,Pts_visitante,3P_visitante,2P_visitante,LL_visitante,RT_visitante,RO_visitante,RD_visitante,AS_visitante,ER_visitante,IA%_visitante,3PC_visitante,3PT_visitante,3P%_visitante,2PC_visitante,2PT_visitante,2P%_visitante,LLC_visitante,LLT_visitante,LL%_visitante,EN_visitante,BR_visitante,B/E_visitante,TO_visitante,FC_visitante,T/FC_visitante,ET_visitante,VI_visitante,EF_visitante
60,89,2017-01-12,15,1,2016-2017,Minas,Flamengo,0,79.61538461538461,25.384615384615383,40.76923076923077,13.461538461538462,36.07692307692308,11.307692307692308,24.76923076923077,17.692307692307693,15.846153846153847,1.1315384615384618,8.461538461538462,24.46153846153846,35.26538461538462,20.384615384615383,37.84615384615385,53.50076923076923,13.461538461538462,19.0,71.30000000000001,2.0,7.0,0.45461538461538464,1.6153846153846154,21.846153846153847,0.07538461538461538,15.846153846153847,4.769230769230769,87.15384615384616,91.0909090909091,25.636363636363637,44.90909090909091,20.545454545454547,40.63636363636363,10.272727272727273,30.363636363636363,20.363636363636363,13.0,1.6354545454545457,8.545454545454545,25.09090909090909,33.39090909090909,22.454545454545453,40.18181818181818,56.00727272727273,20.545454545454547,26.90909090909091,75.85363636363635,1.0909090909090908,7.181818181818182,0.560909090909091,1.6363636363636365,19.181818181818183,0.09636363636363637,13.0,3.272727272727273,107.27272727272727
