placar_casa,placar_visitante,data,round,stage,ano,equipe_casa,equipe_visitante,resultado,Pts_casa,3P_casa,2P_casa,LL_casa,RT_casa,RO_casa,RD_casa,AS_casa,ER_casa,IA%_casa,3PC_casa,3PT_casa,3P%_casa,2PC_casa,2PT_casa,2P%_casa,LLC_casa,LLT_casa,LL%_casa,EN_casa,BR_casa,B/E_casa,TO_casa,FC_casa,T/FC_casa,ET_casa,VI_casa,EF_casa,Pts_visitante,3P_visitante,2P_visitante,LL_visitante,RT_visitante,RO_visitante,RD_visitante,AS_visitante,ER_visitante,IA%_visitante,3PC_visitante,3PT_visitante,3P%_visitante,2PC_visitante,2PT_visitante,2P%_visitante,LLC_visitante,LLT_visitante,LL%_visitante,EN_visitante,BR_visitante,B/E_visitante,TO_visitante,FC_visitante,T/FC_visitante,ET_visitante,VI_visitante,EF_visitante
81,89,2014-12-19,12,1,2014-2015,Uberlândia,Limeira,0,77.2,30.0,35.2,12.0,32.2,9.9,22.3,14.5,13.1,1.178,10.0,27.8,34.464999999999996,17.6,35.0,49.952999999999996,12.0,15.7,76.195,1.2,9.1,0.764,2.7,21.8,0.127,13.1,2.5,83.7,83.27272727272727,28.636363636363637,39.81818181818182,14.818181818181818,32.09090909090909,9.272727272727273,22.818181818181817,18.363636363636363,12.636363636363637,1.5372727272727273,9.545454545454545,24.818181818181817,38.23181818181819,19.90909090909091,35.36363636363637,56.404545454545456,14.818181818181818,18.545454545454547,79.86636363636363,1.9090909090909092,9.636363636363637,0.8045454545454546,2.6363636363636362,20.90909090909091,0.12636363636363634,12.636363636363637,2.6363636363636362,98.9090909090909
