placar_casa,placar_visitante,data,round,stage,ano,equipe_casa,equipe_visitante,resultado,Pts_casa,3P_casa,2P_casa,LL_casa,RT_casa,RO_casa,RD_casa,AS_casa,ER_casa,IA%_casa,3PC_casa,3PT_casa,3P%_casa,2PC_casa,2PT_casa,2P%_casa,LLC_casa,LLT_casa,LL%_casa,EN_casa,BR_casa,B/E_casa,TO_casa,FC_casa,T/FC_casa,ET_casa,VI_casa,EF_casa,Pts_visitante,3P_visitante,2P_visitante,LL_visitante,RT_visitante,RO_visitante,RD_visitante,AS_visitante,ER_visitante,IA%_visitante,3PC_visitante,3PT_visitante,3P%_visitante,2PC_visitante,2PT_visitante,2P%_visitante,LLC_visitante,LLT_visitante,LL%_visitante,EN_visitante,BR_visitante,B/E_visitante,TO_visitante,FC_visitante,T/FC_visitante,ET_visitante,VI_visitante,EF_visitante
74,92,2023-03-30,8,2,2022-2023,BRB/Brasília,Rio Claro,0,81.8,29.8,37.46666666666667,14.533333333333333,37.2,11.0,26.2,18.0,15.333333333333334,1.2126666666666666,9.933333333333334,28.4,34.90133333333334,18.733333333333334,37.4,49.58466666666667,14.533333333333333,20.4,71.14000000000001,2.2,6.066666666666666,0.40533333333333327,1.9333333333333333,20.266666666666666,0.0946666666666667,15.333333333333334,2.8666666666666667,86.66666666666667,77.2,24.0,40.46666666666667,12.733333333333333,32.333333333333336,9.033333333333333,23.3,17.466666666666665,13.033333333333333,1.3546666666666667,8.0,24.4,33.02733333333334,20.233333333333334,39.63333333333333,51.296666666666674,12.733333333333333,17.366666666666667,72.05866666666667,0.9333333333333333,6.1,0.47866666666666663,1.1,22.266666666666666,0.05866666666666667,13.033333333333333,2.7,80.73333333333333
