placar_casa,placar_visitante,data,round,stage,ano,equipe_casa,equipe_visitante,resultado,Pts_casa,3P_casa,2P_casa,LL_casa,RT_casa,RO_casa,RD_casa,AS_casa,ER_casa,IA%_casa,3PC_casa,3PT_casa,3P%_casa,2PC_casa,2PT_casa,2P%_casa,LLC_casa,LLT_casa,LL%_casa,EN_casa,BR_casa,B/E_casa,TO_casa,FC_casa,T/FC_casa,ET_casa,VI_casa,EF_casa,Pts_visitante,3P_visitante,2P_visitante,LL_visitante,RT_visitante,RO_visitante,RD_visitante,AS_visitante,ER_visitante,IA%_visitante,3PC_visitante,3PT_visitante,3P%_visitante,2PC_visitante,2PT_visitante,2P%_visitante,LLC_visitante,LLT_visitante,LL%_visitante,EN_visitante,BR_visitante,B/E_visitante,TO_visitante,FC_visitante,T/FC_visitante,ET_visitante,VI_visitante,EF_visitante
84,98,2024-01-08,1,2,2023-2024,São Paulo,Sesi Franca,0,77.16733333333332,25.35,36.93266666666667,14.882666666666667,34.24933333333333,9.066666666666666,25.182666666666663,16.149333333333335,11.050666666666666,1.4799999999999998,8.45,25.982666666666663,32.483333333333334,18.467333333333332,33.24933333333333,54.904666666666664,14.882666666666667,19.29933333333333,77.15066666666667,0.95,5.634,0.5086666666666667,2.6826666666666665,18.065999999999995,0.15133333333333335,11.050666666666666,1.884,88.10066666666665,84.96733333333331,30.5,40.534666666666666,13.932666666666668,39.36666666666667,10.434,28.93466666666667,18.799333333333333,14.533333333333333,1.3279999999999998,10.166666666666666,27.698666666666664,36.69466666666667,20.26533333333333,35.70066666666666,56.893333333333345,13.932666666666668,17.865333333333332,78.30466666666666,1.8333333333333333,6.432666666666666,0.45466666666666666,2.6013333333333337,18.134000000000004,0.15799999999999997,14.533333333333333,3.168,100.732
