placar_casa,placar_visitante,data,round,stage,ano,equipe_casa,equipe_visitante,resultado,Pts_casa,3P_casa,2P_casa,LL_casa,RT_casa,RO_casa,RD_casa,AS_casa,ER_casa,IA%_casa,3PC_casa,3PT_casa,3P%_casa,2PC_casa,2PT_casa,2P%_casa,LLC_casa,LLT_casa,LL%_casa,EN_casa,BR_casa,B/E_casa,TO_casa,FC_casa,T/FC_casa,ET_casa,VI_casa,EF_casa,Pts_visitante,3P_visitante,2P_visitante,LL_visitante,RT_visitante,RO_visitante,RD_visitante,AS_visitante,ER_visitante,IA%_visitante,3PC_visitante,3PT_visitante,3P%_visitante,2PC_visitante,2PT_visitante,2P%_visitante,LLC_visitante,LLT_visitante,LL%_visitante,EN_visitante,BR_visitante,B/E_visitante,TO_visitante,FC_visitante,T/FC_visitante,ET_visitante,VI_visitante,EF_visitante
98,94,2014-03-06,11,2,2013-2014,Macaé Basquete,Bauru Basket,1,78.8,25.4,36.0,17.4,29.0,5.466666666666667,23.533333333333335,14.533333333333333,13.933333333333334,1.134,8.466666666666667,20.866666666666667,40.77133333333333,18.0,33.4,54.225333333333325,17.4,21.8,79.97733333333333,1.8,9.0,0.7179999999999999,1.9333333333333333,21.6,0.08933333333333333,13.933333333333334,3.2,87.13333333333334,82.4,26.0,39.6,16.8,32.93333333333333,10.066666666666666,22.866666666666667,15.333333333333334,11.466666666666667,1.478,8.666666666666666,22.666666666666668,39.04133333333334,19.8,36.733333333333334,54.65933333333333,16.8,20.466666666666665,82.19133333333335,2.1333333333333333,7.933333333333334,0.7786666666666666,2.066666666666667,18.533333333333335,0.11600000000000002,11.466666666666667,1.5333333333333334,94.53333333333333
