placar_casa,placar_visitante,data,round,stage,ano,equipe_casa,equipe_visitante,resultado,Pts_casa,3P_casa,2P_casa,LL_casa,RT_casa,RO_casa,RD_casa,AS_casa,ER_casa,IA%_casa,3PC_casa,3PT_casa,3P%_casa,2PC_casa,2PT_casa,2P%_casa,LLC_casa,LLT_casa,LL%_casa,EN_casa,BR_casa,B/E_casa,TO_casa,FC_casa,T/FC_casa,ET_casa,VI_casa,EF_casa,Pts_visitante,3P_visitante,2P_visitante,LL_visitante,RT_visitante,RO_visitante,RD_visitante,AS_visitante,ER_visitante,IA%_visitante,3PC_visitante,3PT_visitante,3P%_visitante,2PC_visitante,2PT_visitante,2P%_visitante,LLC_visitante,LLT_visitante,LL%_visitante,EN_visitante,BR_visitante,B/E_visitante,TO_visitante,FC_visitante,T/FC_visitante,ET_visitante,VI_visitante,EF_visitante
91,79,2018-12-04,8,1,2018-2019,Pinheiros,Sesi Franca,1,81.701,32.1,36.601,13.0,34.099000000000004,10.200999999999999,23.901,14.599,11.599,1.269,10.699000000000002,28.801,37.248999999999995,18.299,35.1,52.914,13.0,16.899,76.124,1.0,7.6,0.651,2.1990000000000003,18.000999999999998,0.118,11.599,1.9,89.7,87.81818181818181,34.09090909090909,38.36363636363637,15.363636363636363,34.72727272727273,8.181818181818182,26.545454545454547,18.09090909090909,11.181818181818182,1.62,11.363636363636363,30.181818181818183,37.629090909090905,19.181818181818183,31.454545454545453,61.13999999999999,15.363636363636363,18.545454545454547,82.3090909090909,2.3636363636363638,5.818181818181818,0.5272727272727273,1.8181818181818181,18.363636363636363,0.10545454545454547,11.181818181818182,1.2727272727272727,102.63636363636364
