placar_casa,placar_visitante,data,round,stage,ano,equipe_casa,equipe_visitante,resultado,Pts_casa,3P_casa,2P_casa,LL_casa,RT_casa,RO_casa,RD_casa,AS_casa,ER_casa,IA%_casa,3PC_casa,3PT_casa,3P%_casa,2PC_casa,2PT_casa,2P%_casa,LLC_casa,LLT_casa,LL%_casa,EN_casa,BR_casa,B/E_casa,TO_casa,FC_casa,T/FC_casa,ET_casa,VI_casa,EF_casa,Pts_visitante,3P_visitante,2P_visitante,LL_visitante,RT_visitante,RO_visitante,RD_visitante,AS_visitante,ER_visitante,IA%_visitante,3PC_visitante,3PT_visitante,3P%_visitante,2PC_visitante,2PT_visitante,2P%_visitante,LLC_visitante,LLT_visitante,LL%_visitante,EN_visitante,BR_visitante,B/E_visitante,TO_visitante,FC_visitante,T/FC_visitante,ET_visitante,VI_visitante,EF_visitante
76,79,2021-12-20,9,1,2021-2022,Mogi,Bauru Basket,0,77.0,26.727272727272727,36.54545454545455,13.727272727272727,39.90909090909091,11.0,28.90909090909091,18.545454545454547,15.181818181818182,1.249090909090909,8.909090909090908,28.181818181818183,32.10454545454545,18.272727272727273,36.54545454545455,50.280909090909084,13.727272727272727,17.363636363636363,79.04,2.8181818181818183,7.0,0.4790909090909091,2.5454545454545454,20.0,0.12545454545454546,15.181818181818182,2.4545454545454546,88.63636363636364,77.0,26.454545454545453,38.18181818181818,12.363636363636363,36.72727272727273,8.363636363636363,28.363636363636363,17.454545454545453,12.636363636363637,1.4454545454545455,8.818181818181818,28.90909090909091,30.29272727272727,19.09090909090909,32.18181818181818,59.19545454545455,12.363636363636363,16.727272727272727,74.88909090909091,0.5454545454545454,6.545454545454546,0.5254545454545454,2.6363636363636362,17.90909090909091,0.15000000000000002,12.636363636363637,2.1818181818181817,90.18181818181819
