placar_casa,placar_visitante,data,round,stage,ano,equipe_casa,equipe_visitante,resultado,Pts_casa,3P_casa,2P_casa,LL_casa,RT_casa,RO_casa,RD_casa,AS_casa,ER_casa,IA%_casa,3PC_casa,3PT_casa,3P%_casa,2PC_casa,2PT_casa,2P%_casa,LLC_casa,LLT_casa,LL%_casa,EN_casa,BR_casa,B/E_casa,TO_casa,FC_casa,T/FC_casa,ET_casa,VI_casa,EF_casa,Pts_visitante,3P_visitante,2P_visitante,LL_visitante,RT_visitante,RO_visitante,RD_visitante,AS_visitante,ER_visitante,IA%_visitante,3PC_visitante,3PT_visitante,3P%_visitante,2PC_visitante,2PT_visitante,2P%_visitante,LLC_visitante,LLT_visitante,LL%_visitante,EN_visitante,BR_visitante,B/E_visitante,TO_visitante,FC_visitante,T/FC_visitante,ET_visitante,VI_visitante,EF_visitante
78,85,2019-11-12,5,1,2019-2020,Botafogo,São Paulo,0,72.33333333333333,25.0,31.333333333333332,16.0,35.666666666666664,10.833333333333334,24.833333333333332,14.5,14.166666666666666,1.11,8.333333333333334,27.666666666666668,30.036666666666672,15.666666666666666,32.5,47.77333333333333,16.0,20.833333333333332,76.89999999999999,1.0,5.333333333333333,0.35000000000000003,2.0,23.5,0.08333333333333333,14.166666666666666,3.1666666666666665,74.66666666666667,84.66666666666667,34.5,37.666666666666664,12.5,45.666666666666664,11.833333333333334,33.833333333333336,19.833333333333332,13.666666666666666,1.593333333333333,11.5,32.333333333333336,35.031666666666666,18.833333333333332,35.666666666666664,52.52333333333333,12.5,19.0,66.45166666666667,2.1666666666666665,5.333333333333333,0.395,3.8333333333333335,19.0,0.21166666666666667,13.666666666666666,1.6666666666666667,101.5
