placar_casa,placar_visitante,data,round,stage,ano,equipe_casa,equipe_visitante,resultado,Pts_casa,3P_casa,2P_casa,LL_casa,RT_casa,RO_casa,RD_casa,AS_casa,ER_casa,IA%_casa,3PC_casa,3PT_casa,3P%_casa,2PC_casa,2PT_casa,2P%_casa,LLC_casa,LLT_casa,LL%_casa,EN_casa,BR_casa,B/E_casa,TO_casa,FC_casa,T/FC_casa,ET_casa,VI_casa,EF_casa,Pts_visitante,3P_visitante,2P_visitante,LL_visitante,RT_visitante,RO_visitante,RD_visitante,AS_visitante,ER_visitante,IA%_visitante,3PC_visitante,3PT_visitante,3P%_visitante,2PC_visitante,2PT_visitante,2P%_visitante,LLC_visitante,LLT_visitante,LL%_visitante,EN_visitante,BR_visitante,B/E_visitante,TO_visitante,FC_visitante,T/FC_visitante,ET_visitante,VI_visitante,EF_visitante
99,71,2016-03-09,11,2,2015-2016,Fortaleza B. C. / CFO,Sesi Franca,1,76.73333333333333,28.2,32.266666666666666,16.266666666666666,37.13333333333333,9.2,27.933333333333334,13.2,13.6,1.0953333333333333,9.4,28.4,33.72,16.133333333333333,31.4,51.06066666666666,16.266666666666666,22.2,73.62866666666667,1.8,10.4,0.8113333333333334,2.7333333333333334,21.666666666666668,0.12199999999999998,13.6,3.2666666666666666,86.4,74.0,21.2,38.13333333333333,14.666666666666666,31.2,8.6,22.6,14.066666666666666,15.133333333333333,0.9386666666666665,7.066666666666666,20.2,34.425333333333334,19.066666666666666,36.4,53.93666666666666,14.666666666666666,19.666666666666668,74.83333333333334,2.0,8.2,0.5873333333333334,2.8,19.266666666666666,0.146,15.133333333333333,3.4,79.66666666666667
