placar_casa,placar_visitante,data,round,stage,ano,equipe_casa,equipe_visitante,resultado,Pts_casa,3P_casa,2P_casa,LL_casa,RT_casa,RO_casa,RD_casa,AS_casa,ER_casa,IA%_casa,3PC_casa,3PT_casa,3P%_casa,2PC_casa,2PT_casa,2P%_casa,LLC_casa,LLT_casa,LL%_casa,EN_casa,BR_casa,B/E_casa,TO_casa,FC_casa,T/FC_casa,ET_casa,VI_casa,EF_casa,Pts_visitante,3P_visitante,2P_visitante,LL_visitante,RT_visitante,RO_visitante,RD_visitante,AS_visitante,ER_visitante,IA%_visitante,3PC_visitante,3PT_visitante,3P%_visitante,2PC_visitante,2PT_visitante,2P%_visitante,LLC_visitante,LLT_visitante,LL%_visitante,EN_visitante,BR_visitante,B/E_visitante,TO_visitante,FC_visitante,T/FC_visitante,ET_visitante,VI_visitante,EF_visitante
67,77,2015-12-20,13,1,2015-2016,Rio Claro,Minas,0,75.41666666666667,26.25,37.166666666666664,12.0,32.5,8.833333333333334,23.666666666666668,18.25,16.333333333333332,1.1675000000000002,8.75,23.583333333333332,37.19583333333333,18.583333333333332,34.0,54.42416666666667,12.0,18.5,64.63166666666667,2.4166666666666665,10.583333333333334,0.66,2.5833333333333335,22.166666666666668,0.11750000000000001,16.333333333333332,4.166666666666667,86.25,71.25,19.75,38.666666666666664,12.833333333333334,35.333333333333336,9.75,25.583333333333332,16.5,14.333333333333334,1.2674999999999998,6.583333333333333,20.583333333333332,31.985833333333336,19.333333333333332,38.083333333333336,51.06666666666666,12.833333333333334,18.083333333333332,68.30833333333334,1.5833333333333333,8.416666666666666,0.6483333333333333,2.5833333333333335,20.25,0.12666666666666665,14.333333333333334,3.4166666666666665,81.75
