placar_casa,placar_visitante,data,round,stage,ano,equipe_casa,equipe_visitante,resultado,Pts_casa,3P_casa,2P_casa,LL_casa,RT_casa,RO_casa,RD_casa,AS_casa,ER_casa,IA%_casa,3PC_casa,3PT_casa,3P%_casa,2PC_casa,2PT_casa,2P%_casa,LLC_casa,LLT_casa,LL%_casa,EN_casa,BR_casa,B/E_casa,TO_casa,FC_casa,T/FC_casa,ET_casa,VI_casa,EF_casa,Pts_visitante,3P_visitante,2P_visitante,LL_visitante,RT_visitante,RO_visitante,RD_visitante,AS_visitante,ER_visitante,IA%_visitante,3PC_visitante,3PT_visitante,3P%_visitante,2PC_visitante,2PT_visitante,2P%_visitante,LLC_visitante,LLT_visitante,LL%_visitante,EN_visitante,BR_visitante,B/E_visitante,TO_visitante,FC_visitante,T/FC_visitante,ET_visitante,VI_visitante,EF_visitante
73,64,2021-12-01,6,1,2021-2022,Corinthians,BRB/Brasília,1,71.42857142857143,34.285714285714285,26.571428571428573,10.571428571428571,35.285714285714285,11.142857142857142,24.142857142857142,15.428571428571429,14.857142857142858,1.0957142857142859,11.428571428571429,34.285714285714285,33.455714285714286,13.285714285714286,27.714285714285715,47.91142857142857,10.571428571428571,13.714285714285714,77.52428571428572,1.1428571428571428,6.285714285714286,0.43000000000000005,3.0,17.571428571428573,0.1742857142857143,14.857142857142858,3.0,76.14285714285714,65.28571428571429,19.714285714285715,29.714285714285715,15.857142857142858,42.42857142857143,10.857142857142858,31.571428571428573,12.0,16.285714285714285,0.8099999999999999,6.571428571428571,22.428571428571427,29.385714285714275,14.857142857142858,37.42857142857143,40.77285714285714,15.857142857142858,21.0,76.69428571428571,1.0,3.4285714285714284,0.22999999999999998,2.857142857142857,17.142857142857142,0.17142857142857146,16.285714285714285,2.142857142857143,66.14285714285714
