placar_casa,placar_visitante,data,round,stage,ano,equipe_casa,equipe_visitante,resultado,Pts_casa,3P_casa,2P_casa,LL_casa,RT_casa,RO_casa,RD_casa,AS_casa,ER_casa,IA%_casa,3PC_casa,3PT_casa,3P%_casa,2PC_casa,2PT_casa,2P%_casa,LLC_casa,LLT_casa,LL%_casa,EN_casa,BR_casa,B/E_casa,TO_casa,FC_casa,T/FC_casa,ET_casa,VI_casa,EF_casa,Pts_visitante,3P_visitante,2P_visitante,LL_visitante,RT_visitante,RO_visitante,RD_visitante,AS_visitante,ER_visitante,IA%_visitante,3PC_visitante,3PT_visitante,3P%_visitante,2PC_visitante,2PT_visitante,2P%_visitante,LLC_visitante,LLT_visitante,LL%_visitante,EN_visitante,BR_visitante,B/E_visitante,TO_visitante,FC_visitante,T/FC_visitante,ET_visitante,VI_visitante,EF_visitante
83,78,2014-02-08,6,2,2013-2014,Goiânia,Sesi Franca,1,76.8,20.6,40.13333333333333,16.066666666666666,31.466666666666665,8.866666666666667,22.6,15.466666666666667,12.733333333333333,1.4999999999999998,6.866666666666666,19.933333333333334,35.50866666666666,20.066666666666666,38.86666666666667,52.134666666666675,16.066666666666666,21.2,77.52600000000001,1.2666666666666666,8.2,0.7653333333333333,1.6,22.666666666666668,0.06933333333333333,12.733333333333333,3.0,83.8,76.6,19.6,43.333333333333336,13.666666666666666,35.4,10.466666666666667,24.933333333333334,14.666666666666666,14.733333333333333,1.0846666666666667,6.533333333333333,19.266666666666666,34.302666666666674,21.666666666666668,41.266666666666666,53.17133333333334,13.666666666666666,18.6,72.92666666666668,1.4666666666666666,9.4,0.6913333333333334,2.6,18.333333333333332,0.15133333333333338,14.733333333333333,2.066666666666667,86.6
