placar_casa,placar_visitante,data,round,stage,ano,equipe_casa,equipe_visitante,resultado,Pts_casa,3P_casa,2P_casa,LL_casa,RT_casa,RO_casa,RD_casa,AS_casa,ER_casa,IA%_casa,3PC_casa,3PT_casa,3P%_casa,2PC_casa,2PT_casa,2P%_casa,LLC_casa,LLT_casa,LL%_casa,EN_casa,BR_casa,B/E_casa,TO_casa,FC_casa,T/FC_casa,ET_casa,VI_casa,EF_casa,Pts_visitante,3P_visitante,2P_visitante,LL_visitante,RT_visitante,RO_visitante,RD_visitante,AS_visitante,ER_visitante,IA%_visitante,3PC_visitante,3PT_visitante,3P%_visitante,2PC_visitante,2PT_visitante,2P%_visitante,LLC_visitante,LLT_visitante,LL%_visitante,EN_visitante,BR_visitante,B/E_visitante,TO_visitante,FC_visitante,T/FC_visitante,ET_visitante,VI_visitante,EF_visitante
89,90,2015-01-24,5,2,2014-2015,Paulistano,Bauru Basket,0,79.8,23.4,39.333333333333336,17.066666666666666,39.666666666666664,14.0,25.666666666666668,11.4,12.533333333333333,0.9919999999999999,7.8,23.533333333333335,33.20933333333333,19.666666666666668,42.86666666666667,46.164,17.066666666666666,22.066666666666666,78.94533333333332,1.1333333333333333,8.8,0.7553333333333332,1.2666666666666666,23.866666666666667,0.05400000000000001,12.533333333333333,2.8666666666666667,84.46666666666667,89.53333333333333,36.6,38.8,14.133333333333333,37.06666666666667,8.4,28.666666666666668,18.533333333333335,12.2,1.7019999999999997,12.2,30.2,39.723333333333336,19.4,32.06666666666667,60.3,14.133333333333333,19.466666666666665,71.87066666666666,1.6,8.933333333333334,0.7993333333333333,2.0,17.0,0.12866666666666668,12.2,2.066666666666667,107.86666666666666
