placar_casa,placar_visitante,data,round,stage,ano,equipe_casa,equipe_visitante,resultado,Pts_casa,3P_casa,2P_casa,LL_casa,RT_casa,RO_casa,RD_casa,AS_casa,ER_casa,IA%_casa,3PC_casa,3PT_casa,3P%_casa,2PC_casa,2PT_casa,2P%_casa,LLC_casa,LLT_casa,LL%_casa,EN_casa,BR_casa,B/E_casa,TO_casa,FC_casa,T/FC_casa,ET_casa,VI_casa,EF_casa,Pts_visitante,3P_visitante,2P_visitante,LL_visitante,RT_visitante,RO_visitante,RD_visitante,AS_visitante,ER_visitante,IA%_visitante,3PC_visitante,3PT_visitante,3P%_visitante,2PC_visitante,2PT_visitante,2P%_visitante,LLC_visitante,LLT_visitante,LL%_visitante,EN_visitante,BR_visitante,B/E_visitante,TO_visitante,FC_visitante,T/FC_visitante,ET_visitante,VI_visitante,EF_visitante
95,84,2013-02-16,6,2,2012-2013,Bauru Basket,Fortaleza B. C. / CFO,1,82.86666666666666,62.0,41.333333333333336,14.133333333333333,31.4,9.2,22.2,16.2,12.133333333333333,1.4246666666666665,9.133333333333333,22.533333333333335,40.528000000000006,20.666666666666668,40.13333333333333,52.31133333333333,14.133333333333333,18.8,76.27799999999999,1.6666666666666667,8.533333333333333,0.7606666666666667,2.2666666666666666,19.4,0.12200000000000001,12.133333333333333,3.2,99.46666666666667,78.4,61.2,40.8,16.0,31.733333333333334,9.066666666666666,22.666666666666668,12.266666666666667,10.466666666666667,1.25,7.2,21.933333333333334,33.366,20.4,41.0,50.11933333333333,16.0,21.066666666666666,75.338,0.9333333333333333,6.266666666666667,0.712,2.6,19.933333333333334,0.13,10.466666666666667,2.533333333333333,88.0
