placar_casa,placar_visitante,data,round,stage,ano,equipe_casa,equipe_visitante,resultado,Pts_casa,3P_casa,2P_casa,LL_casa,RT_casa,RO_casa,RD_casa,AS_casa,ER_casa,IA%_casa,3PC_casa,3PT_casa,3P%_casa,2PC_casa,2PT_casa,2P%_casa,LLC_casa,LLT_casa,LL%_casa,EN_casa,BR_casa,B/E_casa,TO_casa,FC_casa,T/FC_casa,ET_casa,VI_casa,EF_casa,Pts_visitante,3P_visitante,2P_visitante,LL_visitante,RT_visitante,RO_visitante,RD_visitante,AS_visitante,ER_visitante,IA%_visitante,3PC_visitante,3PT_visitante,3P%_visitante,2PC_visitante,2PT_visitante,2P%_visitante,LLC_visitante,LLT_visitante,LL%_visitante,EN_visitante,BR_visitante,B/E_visitante,TO_visitante,FC_visitante,T/FC_visitante,ET_visitante,VI_visitante,EF_visitante
94,67,2013-01-24,17,1,2012-2013,Brasília,Mogi,1,86.71428571428571,58.5,39.0,17.5,31.857142857142858,9.785714285714286,22.071428571428573,17.0,12.142857142857142,1.6192857142857147,10.071428571428571,27.571428571428573,36.56928571428571,19.5,35.642857142857146,55.050714285714285,17.5,21.571428571428573,82.55999999999999,0.8571428571428571,7.785714285714286,0.75,3.7857142857142856,22.357142857142858,0.17857142857142855,12.142857142857142,2.857142857142857,104.21428571428571,73.53333333333333,56.8,37.86666666666667,17.666666666666668,32.46666666666667,9.466666666666667,23.0,12.266666666666667,14.933333333333334,1.0273333333333332,6.0,19.0,31.45733333333333,18.933333333333334,41.53333333333333,45.778666666666666,17.666666666666668,23.666666666666668,74.01866666666668,0.4666666666666667,5.666666666666667,0.4366666666666667,1.1333333333333333,22.933333333333334,0.052000000000000005,14.933333333333334,2.6,77.13333333333334
