placar_casa,placar_visitante,data,round,stage,ano,equipe_casa,equipe_visitante,resultado,Pts_casa,3P_casa,2P_casa,LL_casa,RT_casa,RO_casa,RD_casa,AS_casa,ER_casa,IA%_casa,3PC_casa,3PT_casa,3P%_casa,2PC_casa,2PT_casa,2P%_casa,LLC_casa,LLT_casa,LL%_casa,EN_casa,BR_casa,B/E_casa,TO_casa,FC_casa,T/FC_casa,ET_casa,VI_casa,EF_casa,Pts_visitante,3P_visitante,2P_visitante,LL_visitante,RT_visitante,RO_visitante,RD_visitante,AS_visitante,ER_visitante,IA%_visitante,3PC_visitante,3PT_visitante,3P%_visitante,2PC_visitante,2PT_visitante,2P%_visitante,LLC_visitante,LLT_visitante,LL%_visitante,EN_visitante,BR_visitante,B/E_visitante,TO_visitante,FC_visitante,T/FC_visitante,ET_visitante,VI_visitante,EF_visitante
90,60,2019-12-29,11,1,2019-2020,Minas,Brasília,1,84.0,28.285714285714285,40.142857142857146,15.571428571428571,40.142857142857146,13.285714285714286,26.857142857142858,17.571428571428573,11.785714285714286,1.5935714285714284,9.428571428571429,29.571428571428573,31.71214285714285,20.071428571428573,37.5,53.89642857142858,15.571428571428571,20.142857142857142,77.49214285714287,1.4285714285714286,6.357142857142857,0.5600000000000002,2.0,24.071428571428573,0.08285714285714287,11.785714285714286,1.7142857142857142,96.07142857142857,75.85714285714286,21.214285714285715,40.285714285714285,14.357142857142858,37.857142857142854,11.0,26.857142857142858,16.642857142857142,15.071428571428571,1.147142857142857,7.071428571428571,22.571428571428573,31.074285714285715,20.142857142857142,40.214285714285715,50.294999999999995,14.357142857142858,21.571428571428573,67.69785714285716,1.7142857142857142,7.142857142857143,0.49000000000000005,2.0,21.571428571428573,0.0942857142857143,15.071428571428571,2.142857142857143,81.35714285714286
