placar_casa,placar_visitante,data,round,stage,ano,equipe_casa,equipe_visitante,resultado,Pts_casa,3P_casa,2P_casa,LL_casa,RT_casa,RO_casa,RD_casa,AS_casa,ER_casa,IA%_casa,3PC_casa,3PT_casa,3P%_casa,2PC_casa,2PT_casa,2P%_casa,LLC_casa,LLT_casa,LL%_casa,EN_casa,BR_casa,B/E_casa,TO_casa,FC_casa,T/FC_casa,ET_casa,VI_casa,EF_casa,Pts_visitante,3P_visitante,2P_visitante,LL_visitante,RT_visitante,RO_visitante,RD_visitante,AS_visitante,ER_visitante,IA%_visitante,3PC_visitante,3PT_visitante,3P%_visitante,2PC_visitante,2PT_visitante,2P%_visitante,LLC_visitante,LLT_visitante,LL%_visitante,EN_visitante,BR_visitante,B/E_visitante,TO_visitante,FC_visitante,T/FC_visitante,ET_visitante,VI_visitante,EF_visitante
69,80,2023-03-22,7,2,2022-2023,UNIFACISA,Pinheiros,0,79.4,30.4,36.53333333333333,12.466666666666667,39.333333333333336,11.066666666666666,28.266666666666666,15.466666666666667,13.4,1.204,10.133333333333333,30.533333333333335,33.19466666666667,18.266666666666666,36.0,50.534666666666666,12.466666666666667,16.666666666666668,75.4,0.9333333333333333,6.733333333333333,0.5246666666666666,1.9333333333333333,20.266666666666666,0.09600000000000003,13.4,2.6,87.13333333333334,80.63266666666668,25.2,41.86666666666667,13.566,42.634,13.566666666666666,29.067333333333337,19.399333333333335,13.899333333333335,1.514,8.4,26.09933333333333,31.975333333333335,20.933333333333334,41.300666666666665,50.42733333333334,13.566,20.266666666666666,67.63799999999999,1.866,7.766,0.5886666666666667,1.599333333333333,20.266,0.08133333333333335,13.899333333333335,2.899333333333333,93.36666666666666
