placar_casa,placar_visitante,data,round,stage,ano,equipe_casa,equipe_visitante,resultado,Pts_casa,3P_casa,2P_casa,LL_casa,RT_casa,RO_casa,RD_casa,AS_casa,ER_casa,IA%_casa,3PC_casa,3PT_casa,3P%_casa,2PC_casa,2PT_casa,2P%_casa,LLC_casa,LLT_casa,LL%_casa,EN_casa,BR_casa,B/E_casa,TO_casa,FC_casa,T/FC_casa,ET_casa,VI_casa,EF_casa,Pts_visitante,3P_visitante,2P_visitante,LL_visitante,RT_visitante,RO_visitante,RD_visitante,AS_visitante,ER_visitante,IA%_visitante,3PC_visitante,3PT_visitante,3P%_visitante,2PC_visitante,2PT_visitante,2P%_visitante,LLC_visitante,LLT_visitante,LL%_visitante,EN_visitante,BR_visitante,B/E_visitante,TO_visitante,FC_visitante,T/FC_visitante,ET_visitante,VI_visitante,EF_visitante
73,56,2024-03-25,10,2,2023-2024,Minas,Coop/São José Basketball,1,89.066,32.4,40.132666666666665,16.533333333333335,40.666666666666664,11.066,29.60066666666667,19.599333333333334,12.933333333333334,1.5846666666666667,10.800666666666666,28.000666666666667,38.510666666666665,20.067333333333334,34.86666666666667,57.63799999999999,16.533333333333335,23.200666666666667,71.136,1.9333333333333333,5.934,0.47466666666666674,2.200666666666667,19.067333333333334,0.12533333333333335,12.933333333333334,2.6,105.86666666666666,80.56666666666666,26.0,42.6,11.966666666666667,36.03333333333333,9.733333333333333,26.3,18.766666666666666,14.5,1.3553333333333337,8.666666666666666,23.966666666666665,36.01466666666668,21.3,39.4,54.41,11.966666666666667,17.4,66.47733333333332,2.533333333333333,6.866666666666666,0.48600000000000004,1.7333333333333334,20.3,0.08800000000000004,14.5,3.1,90.63333333333334
