placar_casa,placar_visitante,data,round,stage,ano,equipe_casa,equipe_visitante,resultado,Pts_casa,3P_casa,2P_casa,LL_casa,RT_casa,RO_casa,RD_casa,AS_casa,ER_casa,IA%_casa,3PC_casa,3PT_casa,3P%_casa,2PC_casa,2PT_casa,2P%_casa,LLC_casa,LLT_casa,LL%_casa,EN_casa,BR_casa,B/E_casa,TO_casa,FC_casa,T/FC_casa,ET_casa,VI_casa,EF_casa,Pts_visitante,3P_visitante,2P_visitante,LL_visitante,RT_visitante,RO_visitante,RD_visitante,AS_visitante,ER_visitante,IA%_visitante,3PC_visitante,3PT_visitante,3P%_visitante,2PC_visitante,2PT_visitante,2P%_visitante,LLC_visitante,LLT_visitante,LL%_visitante,EN_visitante,BR_visitante,B/E_visitante,TO_visitante,FC_visitante,T/FC_visitante,ET_visitante,VI_visitante,EF_visitante
78,65,2024-12-10,10,1,2024-2025,Paulistano,União Corinthians,1,76.39,26.25,36.333333333333336,13.806666666666665,35.41583333333333,10.667499999999999,24.750833333333333,15.223333333333334,14.417499999999999,1.0566666666666666,8.750833333333334,24.305833333333336,35.89083333333334,18.166666666666668,35.39000000000001,51.21666666666666,13.806666666666665,18.778333333333332,73.84333333333335,1.778333333333333,7.639166666666667,0.5291666666666667,2.3341666666666665,18.665833333333335,0.12333333333333336,14.417499999999999,2.0558333333333336,84.83416666666666,79.00076923076921,21.23076923076923,41.53846153846154,16.23153846153846,37.61615384615385,13.23,24.38384615384615,18.07769230769231,13.384615384615385,1.4607692307692306,7.076923076923077,22.92230769230769,30.861538461538466,20.76923076923077,42.15384615384615,49.51307692307693,16.23153846153846,22.38384615384615,72.30076923076923,1.6146153846153848,8.307692307692308,0.64,1.2307692307692308,23.691538461538457,0.05230769230769232,13.384615384615385,2.6153846153846154,87.46153846153847
