placar_casa,placar_visitante,data,round,stage,ano,equipe_casa,equipe_visitante,resultado,Pts_casa,3P_casa,2P_casa,LL_casa,RT_casa,RO_casa,RD_casa,AS_casa,ER_casa,IA%_casa,3PC_casa,3PT_casa,3P%_casa,2PC_casa,2PT_casa,2P%_casa,LLC_casa,LLT_casa,LL%_casa,EN_casa,BR_casa,B/E_casa,TO_casa,FC_casa,T/FC_casa,ET_casa,VI_casa,EF_casa,Pts_visitante,3P_visitante,2P_visitante,LL_visitante,RT_visitante,RO_visitante,RD_visitante,AS_visitante,ER_visitante,IA%_visitante,3PC_visitante,3PT_visitante,3P%_visitante,2PC_visitante,2PT_visitante,2P%_visitante,LLC_visitante,LLT_visitante,LL%_visitante,EN_visitante,BR_visitante,B/E_visitante,TO_visitante,FC_visitante,T/FC_visitante,ET_visitante,VI_visitante,EF_visitante
75,85,2021-12-01,6,1,2021-2022,Mogi,UNIFACISA,0,76.75,27.375,36.5,12.875,40.5,11.5,29.0,18.375,15.0,1.2349999999999999,9.125,27.875,33.32749999999999,18.25,37.875,48.245,12.875,16.5,78.7175,2.875,7.0,0.4725,2.5,20.25,0.12000000000000002,15.0,2.75,88.125,74.83333333333333,29.5,34.0,11.333333333333334,38.333333333333336,11.166666666666666,27.166666666666668,17.666666666666668,11.833333333333334,1.5383333333333333,9.833333333333334,29.666666666666668,33.24833333333333,17.0,34.666666666666664,49.57333333333333,11.333333333333334,15.5,71.57333333333334,2.1666666666666665,5.333333333333333,0.45999999999999996,1.0,17.833333333333332,0.05833333333333333,11.833333333333334,2.1666666666666665,83.66666666666667
