placar_casa,placar_visitante,data,round,stage,ano,equipe_casa,equipe_visitante,resultado,Pts_casa,3P_casa,2P_casa,LL_casa,RT_casa,RO_casa,RD_casa,AS_casa,ER_casa,IA%_casa,3PC_casa,3PT_casa,3P%_casa,2PC_casa,2PT_casa,2P%_casa,LLC_casa,LLT_casa,LL%_casa,EN_casa,BR_casa,B/E_casa,TO_casa,FC_casa,T/FC_casa,ET_casa,VI_casa,EF_casa,Pts_visitante,3P_visitante,2P_visitante,LL_visitante,RT_visitante,RO_visitante,RD_visitante,AS_visitante,ER_visitante,IA%_visitante,3PC_visitante,3PT_visitante,3P%_visitante,2PC_visitante,2PT_visitante,2P%_visitante,LLC_visitante,LLT_visitante,LL%_visitante,EN_visitante,BR_visitante,B/E_visitante,TO_visitante,FC_visitante,T/FC_visitante,ET_visitante,VI_visitante,EF_visitante
85,88,2014-02-08,6,2,2013-2014,Espírito Santo,Bauru Basket,0,70.0,21.6,36.266666666666666,12.133333333333333,29.4,9.2,20.2,11.0,14.333333333333334,0.8506666666666667,7.2,24.333333333333332,29.248,18.133333333333333,34.666666666666664,52.16066666666666,12.133333333333333,16.933333333333334,72.71866666666666,1.0,7.8,0.6133333333333333,0.8666666666666667,20.133333333333333,0.04133333333333334,14.333333333333334,3.466666666666667,66.26666666666667,82.13333333333334,26.8,37.06666666666667,18.266666666666666,31.8,9.6,22.2,15.466666666666667,11.133333333333333,1.5833333333333333,8.933333333333334,24.133333333333333,37.983333333333334,18.533333333333335,34.6,53.686,18.266666666666666,22.933333333333334,80.64933333333333,2.0,8.8,0.8926666666666666,2.2,18.533333333333335,0.126,11.133333333333333,1.4666666666666666,93.26666666666667
