placar_casa,placar_visitante,data,round,stage,ano,equipe_casa,equipe_visitante,resultado,Pts_casa,3P_casa,2P_casa,LL_casa,RT_casa,RO_casa,RD_casa,AS_casa,ER_casa,IA%_casa,3PC_casa,3PT_casa,3P%_casa,2PC_casa,2PT_casa,2P%_casa,LLC_casa,LLT_casa,LL%_casa,EN_casa,BR_casa,B/E_casa,TO_casa,FC_casa,T/FC_casa,ET_casa,VI_casa,EF_casa,Pts_visitante,3P_visitante,2P_visitante,LL_visitante,RT_visitante,RO_visitante,RD_visitante,AS_visitante,ER_visitante,IA%_visitante,3PC_visitante,3PT_visitante,3P%_visitante,2PC_visitante,2PT_visitante,2P%_visitante,LLC_visitante,LLT_visitante,LL%_visitante,EN_visitante,BR_visitante,B/E_visitante,TO_visitante,FC_visitante,T/FC_visitante,ET_visitante,VI_visitante,EF_visitante
91,76,2010-03-28,12,2,2009-2010,Brasília,Londrina,1,93.46666666666667,23.4,52.666666666666664,17.4,33.86666666666667,10.066666666666666,23.8,17.6,11.533333333333333,1.6673333333333333,7.8,23.066666666666666,33.23533333333334,26.333333333333332,42.93333333333333,61.77933333333335,17.4,22.133333333333333,77.34466666666667,2.2,8.266666666666667,0.828,3.2,18.133333333333333,0.204,11.533333333333333,1.8666666666666667,108.26666666666667,77.26666666666667,25.6,34.93333333333333,16.733333333333334,29.0,9.466666666666667,19.533333333333335,12.466666666666667,13.6,1.1106666666666665,8.533333333333333,26.666666666666668,31.901999999999997,17.466666666666665,35.46666666666667,49.471999999999994,16.733333333333334,22.533333333333335,74.93599999999999,0.7333333333333333,6.733333333333333,0.538,2.0,20.733333333333334,0.10600000000000002,13.6,1.6666666666666667,71.93333333333334
