placar_casa,placar_visitante,data,round,stage,ano,equipe_casa,equipe_visitante,resultado,Pts_casa,3P_casa,2P_casa,LL_casa,RT_casa,RO_casa,RD_casa,AS_casa,ER_casa,IA%_casa,3PC_casa,3PT_casa,3P%_casa,2PC_casa,2PT_casa,2P%_casa,LLC_casa,LLT_casa,LL%_casa,EN_casa,BR_casa,B/E_casa,TO_casa,FC_casa,T/FC_casa,ET_casa,VI_casa,EF_casa,Pts_visitante,3P_visitante,2P_visitante,LL_visitante,RT_visitante,RO_visitante,RD_visitante,AS_visitante,ER_visitante,IA%_visitante,3PC_visitante,3PT_visitante,3P%_visitante,2PC_visitante,2PT_visitante,2P%_visitante,LLC_visitante,LLT_visitante,LL%_visitante,EN_visitante,BR_visitante,B/E_visitante,TO_visitante,FC_visitante,T/FC_visitante,ET_visitante,VI_visitante,EF_visitante
76,63,2025-01-10,3,2,2024-2025,Paulistano,Mogi Basquete,1,77.60133333333333,26.6,36.93333333333333,14.068,35.132666666666665,10.734,24.400666666666666,16.268000000000004,13.200666666666667,1.2586666666666666,8.867333333333333,24.467333333333336,36.026666666666664,18.466666666666665,36.40133333333333,50.382666666666665,14.068,18.666666666666664,75.79,1.5333333333333334,7.000666666666667,0.5346666666666666,2.334,19.466,0.1206666666666667,13.200666666666667,2.3340000000000005,87.00066666666666,73.4,26.4,33.333333333333336,13.666666666666666,32.8,9.066666666666666,23.733333333333334,15.4,14.333333333333334,1.1106666666666665,8.8,26.133333333333333,33.942,16.666666666666668,34.266666666666666,48.662666666666674,13.666666666666666,19.333333333333332,69.68866666666666,1.4666666666666666,8.2,0.5993333333333334,1.8,22.466666666666665,0.08133333333333334,14.333333333333334,2.466666666666667,76.66666666666667
