placar_casa,placar_visitante,data,round,stage,ano,equipe_casa,equipe_visitante,resultado,Pts_casa,3P_casa,2P_casa,LL_casa,RT_casa,RO_casa,RD_casa,AS_casa,ER_casa,IA%_casa,3PC_casa,3PT_casa,3P%_casa,2PC_casa,2PT_casa,2P%_casa,LLC_casa,LLT_casa,LL%_casa,EN_casa,BR_casa,B/E_casa,TO_casa,FC_casa,T/FC_casa,ET_casa,VI_casa,EF_casa,Pts_visitante,3P_visitante,2P_visitante,LL_visitante,RT_visitante,RO_visitante,RD_visitante,AS_visitante,ER_visitante,IA%_visitante,3PC_visitante,3PT_visitante,3P%_visitante,2PC_visitante,2PT_visitante,2P%_visitante,LLC_visitante,LLT_visitante,LL%_visitante,EN_visitante,BR_visitante,B/E_visitante,TO_visitante,FC_visitante,T/FC_visitante,ET_visitante,VI_visitante,EF_visitante
82,87,2014-04-26,1,4,2013-2014,Brasília,Coop/São José Basketball,0,89.33333333333333,37.2,36.13333333333333,16.0,37.2,8.933333333333334,28.266666666666666,17.933333333333334,10.733333333333333,1.8753333333333335,12.4,32.53333333333333,38.05333333333333,18.066666666666666,31.866666666666667,57.69866666666667,16.0,19.733333333333334,81.45133333333334,1.3333333333333333,8.6,0.9273333333333333,3.8,18.866666666666667,0.21866666666666662,10.733333333333333,1.6,108.46666666666667,80.0,23.8,40.53333333333333,15.666666666666666,37.4,10.2,27.2,18.6,15.133333333333333,1.2846666666666666,7.933333333333334,23.933333333333334,32.89266666666667,20.266666666666666,38.53333333333333,52.162,15.666666666666666,20.0,75.27333333333333,0.7333333333333333,9.6,0.6493333333333332,2.533333333333333,18.866666666666667,0.142,15.133333333333333,2.8,94.4
