placar_casa,placar_visitante,data,round,stage,ano,equipe_casa,equipe_visitante,resultado,Pts_casa,3P_casa,2P_casa,LL_casa,RT_casa,RO_casa,RD_casa,AS_casa,ER_casa,IA%_casa,3PC_casa,3PT_casa,3P%_casa,2PC_casa,2PT_casa,2P%_casa,LLC_casa,LLT_casa,LL%_casa,EN_casa,BR_casa,B/E_casa,TO_casa,FC_casa,T/FC_casa,ET_casa,VI_casa,EF_casa,Pts_visitante,3P_visitante,2P_visitante,LL_visitante,RT_visitante,RO_visitante,RD_visitante,AS_visitante,ER_visitante,IA%_visitante,3PC_visitante,3PT_visitante,3P%_visitante,2PC_visitante,2PT_visitante,2P%_visitante,LLC_visitante,LLT_visitante,LL%_visitante,EN_visitante,BR_visitante,B/E_visitante,TO_visitante,FC_visitante,T/FC_visitante,ET_visitante,VI_visitante,EF_visitante
98,108,2012-02-29,9,2,2011-2012,Espírito Santo,Tijuca,0,61.90909090909091,20.454545454545453,28.363636363636363,13.090909090909092,26.0,8.0,18.0,8.090909090909092,17.454545454545453,0.5181818181818181,6.818181818181818,21.272727272727273,30.684545454545457,14.181818181818182,34.27272727272727,42.32181818181818,13.090909090909092,17.272727272727273,75.5290909090909,0.5454545454545454,7.2727272727272725,0.4354545454545455,2.0,21.454545454545453,0.09272727272727273,17.454545454545453,4.090909090909091,50.45454545454545,76.72727272727273,16.09090909090909,42.72727272727273,17.90909090909091,26.727272727272727,7.909090909090909,18.818181818181817,10.818181818181818,14.181818181818182,0.7972727272727272,5.363636363636363,18.545454545454547,27.359090909090913,21.363636363636363,40.27272727272727,53.27272727272727,17.90909090909091,23.90909090909091,75.92,1.1818181818181819,7.090909090909091,0.5218181818181818,1.8181818181818181,20.727272727272727,0.10090909090909092,14.181818181818182,2.272727272727273,73.18181818181819
