placar_casa,placar_visitante,data,round,stage,ano,equipe_casa,equipe_visitante,resultado,Pts_casa,3P_casa,2P_casa,LL_casa,RT_casa,RO_casa,RD_casa,AS_casa,ER_casa,IA%_casa,3PC_casa,3PT_casa,3P%_casa,2PC_casa,2PT_casa,2P%_casa,LLC_casa,LLT_casa,LL%_casa,EN_casa,BR_casa,B/E_casa,TO_casa,FC_casa,T/FC_casa,ET_casa,VI_casa,EF_casa,Pts_visitante,3P_visitante,2P_visitante,LL_visitante,RT_visitante,RO_visitante,RD_visitante,AS_visitante,ER_visitante,IA%_visitante,3PC_visitante,3PT_visitante,3P%_visitante,2PC_visitante,2PT_visitante,2P%_visitante,LLC_visitante,LLT_visitante,LL%_visitante,EN_visitante,BR_visitante,B/E_visitante,TO_visitante,FC_visitante,T/FC_visitante,ET_visitante,VI_visitante,EF_visitante
108,99,2015-02-12,8,2,2014-2015,Mogi,Brasília,1,85.06666666666666,23.2,43.733333333333334,18.133333333333333,38.53333333333333,14.2,24.333333333333332,15.733333333333333,13.266666666666667,1.2453333333333334,7.733333333333333,20.933333333333334,36.702666666666666,21.866666666666667,42.8,51.38733333333334,18.133333333333333,23.733333333333334,75.40933333333332,2.2,9.8,0.7493333333333333,2.2666666666666666,22.8,0.10066666666666668,13.266666666666667,2.466666666666667,98.4,82.33333333333333,25.2,42.266666666666666,14.866666666666667,37.13333333333333,9.666666666666666,27.466666666666665,17.533333333333335,12.866666666666667,1.4413333333333334,8.4,23.533333333333335,36.441333333333326,21.133333333333333,39.06666666666667,54.14200000000001,14.866666666666667,19.4,75.18733333333334,3.0,7.466666666666667,0.6020000000000001,2.8666666666666667,20.6,0.138,12.866666666666667,2.466666666666667,96.86666666666666
