placar_casa,placar_visitante,data,round,stage,ano,equipe_casa,equipe_visitante,resultado,Pts_casa,3P_casa,2P_casa,LL_casa,RT_casa,RO_casa,RD_casa,AS_casa,ER_casa,IA%_casa,3PC_casa,3PT_casa,3P%_casa,2PC_casa,2PT_casa,2P%_casa,LLC_casa,LLT_casa,LL%_casa,EN_casa,BR_casa,B/E_casa,TO_casa,FC_casa,T/FC_casa,ET_casa,VI_casa,EF_casa,Pts_visitante,3P_visitante,2P_visitante,LL_visitante,RT_visitante,RO_visitante,RD_visitante,AS_visitante,ER_visitante,IA%_visitante,3PC_visitante,3PT_visitante,3P%_visitante,2PC_visitante,2PT_visitante,2P%_visitante,LLC_visitante,LLT_visitante,LL%_visitante,EN_visitante,BR_visitante,B/E_visitante,TO_visitante,FC_visitante,T/FC_visitante,ET_visitante,VI_visitante,EF_visitante
76,77,2016-03-12,12,2,2015-2016,Rio Claro,Pinheiros,0,73.33333333333333,26.2,35.2,11.933333333333334,35.06666666666667,9.6,25.466666666666665,15.666666666666666,15.4,1.0806666666666667,8.733333333333333,24.466666666666665,35.146,17.6,34.46666666666667,50.19866666666666,11.933333333333334,17.933333333333334,66.286,1.4,9.8,0.6799999999999999,2.1333333333333333,22.933333333333334,0.09600000000000004,15.4,3.2666666666666666,82.0,83.06666666666666,22.4,42.666666666666664,18.0,38.86666666666667,12.2,26.666666666666668,15.866666666666667,15.066666666666666,1.096,7.466666666666667,20.133333333333333,37.30133333333334,21.333333333333332,44.53333333333333,48.30466666666667,18.0,23.066666666666666,77.94399999999999,1.3333333333333333,11.4,0.7899999999999999,2.6666666666666665,20.8,0.13933333333333334,15.066666666666666,2.6,95.86666666666666
