placar_casa,placar_visitante,data,round,stage,ano,equipe_casa,equipe_visitante,resultado,Pts_casa,3P_casa,2P_casa,LL_casa,RT_casa,RO_casa,RD_casa,AS_casa,ER_casa,IA%_casa,3PC_casa,3PT_casa,3P%_casa,2PC_casa,2PT_casa,2P%_casa,LLC_casa,LLT_casa,LL%_casa,EN_casa,BR_casa,B/E_casa,TO_casa,FC_casa,T/FC_casa,ET_casa,VI_casa,EF_casa,Pts_visitante,3P_visitante,2P_visitante,LL_visitante,RT_visitante,RO_visitante,RD_visitante,AS_visitante,ER_visitante,IA%_visitante,3PC_visitante,3PT_visitante,3P%_visitante,2PC_visitante,2PT_visitante,2P%_visitante,LLC_visitante,LLT_visitante,LL%_visitante,EN_visitante,BR_visitante,B/E_visitante,TO_visitante,FC_visitante,T/FC_visitante,ET_visitante,VI_visitante,EF_visitante
76,69,2025-04-07,15,2,2024-2025,Minas,Vasco da Gama,1,81.4,26.6,43.333333333333336,11.466666666666667,41.4,13.133333333333333,28.266666666666666,18.666666666666668,14.133333333333333,1.5440000000000003,8.866666666666667,26.466666666666665,34.57866666666666,21.666666666666668,40.06666666666667,53.79066666666666,11.466666666666667,17.733333333333334,65.21866666666666,1.6,8.533333333333333,0.6739999999999999,2.8666666666666667,18.266666666666666,0.1673333333333333,14.133333333333333,2.7333333333333334,96.46666666666667,80.48866666666666,24.8,37.821999999999996,17.866666666666667,36.91133333333334,9.421999999999999,27.488666666666667,19.978,13.8,1.4946666666666668,8.266666666666667,26.35533333333333,32.535333333333334,18.911333333333335,33.178000000000004,57.01933333333333,17.866666666666667,23.888666666666666,74.85266666666668,1.6,6.422,0.48266666666666663,2.4,21.088666666666665,0.11800000000000002,13.8,2.7333333333333334,94.02199999999999
