placar_casa,placar_visitante,data,round,stage,ano,equipe_casa,equipe_visitante,resultado,Pts_casa,3P_casa,2P_casa,LL_casa,RT_casa,RO_casa,RD_casa,AS_casa,ER_casa,IA%_casa,3PC_casa,3PT_casa,3P%_casa,2PC_casa,2PT_casa,2P%_casa,LLC_casa,LLT_casa,LL%_casa,EN_casa,BR_casa,B/E_casa,TO_casa,FC_casa,T/FC_casa,ET_casa,VI_casa,EF_casa,Pts_visitante,3P_visitante,2P_visitante,LL_visitante,RT_visitante,RO_visitante,RD_visitante,AS_visitante,ER_visitante,IA%_visitante,3PC_visitante,3PT_visitante,3P%_visitante,2PC_visitante,2PT_visitante,2P%_visitante,LLC_visitante,LLT_visitante,LL%_visitante,EN_visitante,BR_visitante,B/E_visitante,TO_visitante,FC_visitante,T/FC_visitante,ET_visitante,VI_visitante,EF_visitante
88,63,2013-04-10,16,2,2012-2013,Uberlândia,Coop/São José Basketball,1,85.53333333333333,59.4,44.4,13.733333333333333,30.333333333333332,7.0,23.333333333333332,18.133333333333333,12.066666666666666,1.7613333333333332,9.133333333333333,22.933333333333334,40.67133333333334,22.2,38.6,57.66666666666666,13.733333333333333,16.866666666666667,81.34533333333334,3.3333333333333335,5.933333333333334,0.5353333333333333,2.933333333333333,21.066666666666666,0.14400000000000002,12.066666666666666,2.6,102.13333333333334,81.8,55.6,41.2,15.8,30.2,6.8,23.4,18.6,13.666666666666666,1.468,8.266666666666667,21.666666666666668,38.01066666666667,20.6,36.733333333333334,56.107333333333344,15.8,20.6,76.12133333333331,0.4666666666666667,5.6,0.42133333333333334,2.6666666666666665,18.466666666666665,0.15533333333333335,13.666666666666666,2.2,96.13333333333334
