placar_casa,placar_visitante,data,round,stage,ano,equipe_casa,equipe_visitante,resultado,Pts_casa,3P_casa,2P_casa,LL_casa,RT_casa,RO_casa,RD_casa,AS_casa,ER_casa,IA%_casa,3PC_casa,3PT_casa,3P%_casa,2PC_casa,2PT_casa,2P%_casa,LLC_casa,LLT_casa,LL%_casa,EN_casa,BR_casa,B/E_casa,TO_casa,FC_casa,T/FC_casa,ET_casa,VI_casa,EF_casa,Pts_visitante,3P_visitante,2P_visitante,LL_visitante,RT_visitante,RO_visitante,RD_visitante,AS_visitante,ER_visitante,IA%_visitante,3PC_visitante,3PT_visitante,3P%_visitante,2PC_visitante,2PT_visitante,2P%_visitante,LLC_visitante,LLT_visitante,LL%_visitante,EN_visitante,BR_visitante,B/E_visitante,TO_visitante,FC_visitante,T/FC_visitante,ET_visitante,VI_visitante,EF_visitante
88,66,2021-12-09,7,1,2021-2022,Pinheiros,União Corinthians,1,78.38888888888889,27.666666666666668,37.22222222222222,13.5,45.22222222222222,17.0,28.22222222222222,17.11111111111111,13.277777777777779,1.3099999999999998,9.222222222222221,29.666666666666668,31.451111111111103,18.61111111111111,41.888888888888886,44.52777777777777,13.5,19.055555555555557,70.57111111111111,2.0555555555555554,7.611111111111111,0.5877777777777777,3.4444444444444446,18.333333333333332,0.18777777777777777,13.277777777777779,2.1666666666666665,89.22222222222223,72.95,27.6,35.7,9.65,37.1,9.8,27.3,13.75,14.0,1.0859999999999999,9.2,31.25,29.241999999999997,17.85,37.9,47.924,9.65,14.55,65.53,1.9,9.75,0.7219999999999999,2.7,19.55,0.139,14.0,2.65,75.25
