placar_casa,placar_visitante,data,round,stage,ano,equipe_casa,equipe_visitante,resultado,Pts_casa,3P_casa,2P_casa,LL_casa,RT_casa,RO_casa,RD_casa,AS_casa,ER_casa,IA%_casa,3PC_casa,3PT_casa,3P%_casa,2PC_casa,2PT_casa,2P%_casa,LLC_casa,LLT_casa,LL%_casa,EN_casa,BR_casa,B/E_casa,TO_casa,FC_casa,T/FC_casa,ET_casa,VI_casa,EF_casa,Pts_visitante,3P_visitante,2P_visitante,LL_visitante,RT_visitante,RO_visitante,RD_visitante,AS_visitante,ER_visitante,IA%_visitante,3PC_visitante,3PT_visitante,3P%_visitante,2PC_visitante,2PT_visitante,2P%_visitante,LLC_visitante,LLT_visitante,LL%_visitante,EN_visitante,BR_visitante,B/E_visitante,TO_visitante,FC_visitante,T/FC_visitante,ET_visitante,VI_visitante,EF_visitante
88,92,2016-04-24,3,4,2015-2016,Bauru Basket,Pinheiros,0,90.06666666666666,36.6,37.333333333333336,16.133333333333333,37.8,10.066666666666666,27.733333333333334,19.133333333333333,13.8,1.49,12.2,29.6,41.408,18.666666666666668,33.0,56.754000000000005,16.133333333333333,21.2,76.36933333333333,0.9333333333333333,10.066666666666666,0.7253333333333334,1.6666666666666667,19.733333333333334,0.08400000000000002,13.8,3.4,108.13333333333334,79.33333333333333,21.6,41.333333333333336,16.4,38.93333333333333,11.533333333333333,27.4,14.066666666666666,13.866666666666667,1.0706666666666667,7.2,22.066666666666666,32.489999999999995,20.666666666666668,43.46666666666667,47.61066666666666,16.4,22.266666666666666,73.46733333333333,1.5333333333333334,11.2,0.8493333333333333,2.2,20.2,0.11800000000000004,13.866666666666667,3.4,88.33333333333333
