placar_casa,placar_visitante,data,round,stage,ano,equipe_casa,equipe_visitante,resultado,Pts_casa,3P_casa,2P_casa,LL_casa,RT_casa,RO_casa,RD_casa,AS_casa,ER_casa,IA%_casa,3PC_casa,3PT_casa,3P%_casa,2PC_casa,2PT_casa,2P%_casa,LLC_casa,LLT_casa,LL%_casa,EN_casa,BR_casa,B/E_casa,TO_casa,FC_casa,T/FC_casa,ET_casa,VI_casa,EF_casa,Pts_visitante,3P_visitante,2P_visitante,LL_visitante,RT_visitante,RO_visitante,RD_visitante,AS_visitante,ER_visitante,IA%_visitante,3PC_visitante,3PT_visitante,3P%_visitante,2PC_visitante,2PT_visitante,2P%_visitante,LLC_visitante,LLT_visitante,LL%_visitante,EN_visitante,BR_visitante,B/E_visitante,TO_visitante,FC_visitante,T/FC_visitante,ET_visitante,VI_visitante,EF_visitante
100,86,2022-12-15,9,1,2022-2023,Pinheiros,UNIFACISA,1,80.375,24.25,41.666666666666664,14.458333333333334,42.958333333333336,13.625,29.333333333333332,18.583333333333332,14.375,1.3741666666666665,8.083333333333334,25.958333333333332,31.277500000000003,20.833333333333332,42.041666666666664,49.80166666666668,14.458333333333334,20.166666666666668,70.75666666666666,1.75,7.291666666666667,0.5425,2.75,19.333333333333332,0.15750000000000003,14.375,2.125,92.79166666666667,77.45454545454545,28.90909090909091,36.81818181818182,11.727272727272727,34.13636363636363,9.363636363636363,24.772727272727273,14.636363636363637,13.454545454545455,1.1118181818181816,9.636363636363637,26.454545454545453,36.27454545454545,18.40909090909091,36.22727272727273,50.77090909090909,11.727272727272727,16.181818181818183,73.0009090909091,1.1363636363636365,6.545454545454546,0.4936363636363637,0.9545454545454546,20.90909090909091,0.046363636363636364,13.454545454545455,2.727272727272727,81.18181818181819
