placar_casa,placar_visitante,data,round,stage,ano,equipe_casa,equipe_visitante,resultado,Pts_casa,3P_casa,2P_casa,LL_casa,RT_casa,RO_casa,RD_casa,AS_casa,ER_casa,IA%_casa,3PC_casa,3PT_casa,3P%_casa,2PC_casa,2PT_casa,2P%_casa,LLC_casa,LLT_casa,LL%_casa,EN_casa,BR_casa,B/E_casa,TO_casa,FC_casa,T/FC_casa,ET_casa,VI_casa,EF_casa,Pts_visitante,3P_visitante,2P_visitante,LL_visitante,RT_visitante,RO_visitante,RD_visitante,AS_visitante,ER_visitante,IA%_visitante,3PC_visitante,3PT_visitante,3P%_visitante,2PC_visitante,2PT_visitante,2P%_visitante,LLC_visitante,LLT_visitante,LL%_visitante,EN_visitante,BR_visitante,B/E_visitante,TO_visitante,FC_visitante,T/FC_visitante,ET_visitante,VI_visitante,EF_visitante
91,77,2023-12-18,10,1,2023-2024,Pinheiros,Pato Basquete,1,75.53846153846153,28.384615384615383,35.23076923076923,11.923076923076923,37.61538461538461,11.538461538461538,26.076923076923077,16.846153846153847,14.692307692307692,1.2207692307692306,9.461538461538462,28.153846153846153,34.26384615384615,17.615384615384617,34.46153846153846,51.185384615384606,11.923076923076923,17.923076923076923,65.82461538461537,1.3076923076923077,5.3076923076923075,0.39,1.6923076923076923,17.846153846153847,0.0953846153846154,14.692307692307692,2.8461538461538463,80.76923076923077,74.57142857142857,28.5,36.42857142857143,9.642857142857142,37.214285714285715,11.357142857142858,25.857142857142858,17.071428571428573,11.857142857142858,1.5235714285714288,9.5,29.285714285714285,32.33928571428571,18.214285714285715,35.5,51.72000000000001,9.642857142857142,14.428571428571429,65.63714285714286,1.4285714285714286,5.928571428571429,0.5185714285714286,0.9285714285714286,17.785714285714285,0.055714285714285716,11.857142857142858,2.7142857142857144,82.0
