placar_casa,placar_visitante,data,round,stage,ano,equipe_casa,equipe_visitante,resultado,Pts_casa,3P_casa,2P_casa,LL_casa,RT_casa,RO_casa,RD_casa,AS_casa,ER_casa,IA%_casa,3PC_casa,3PT_casa,3P%_casa,2PC_casa,2PT_casa,2P%_casa,LLC_casa,LLT_casa,LL%_casa,EN_casa,BR_casa,B/E_casa,TO_casa,FC_casa,T/FC_casa,ET_casa,VI_casa,EF_casa,Pts_visitante,3P_visitante,2P_visitante,LL_visitante,RT_visitante,RO_visitante,RD_visitante,AS_visitante,ER_visitante,IA%_visitante,3PC_visitante,3PT_visitante,3P%_visitante,2PC_visitante,2PT_visitante,2P%_visitante,LLC_visitante,LLT_visitante,LL%_visitante,EN_visitante,BR_visitante,B/E_visitante,TO_visitante,FC_visitante,T/FC_visitante,ET_visitante,VI_visitante,EF_visitante
88,70,2021-02-28,4,2,2020-2021,UNIFACISA,Mogi,1,82.49,28.733333333333334,42.13333333333333,11.623333333333331,35.73266666666667,9.176666666666668,26.556,17.843999999999998,13.000666666666666,1.4486666666666665,9.578000000000001,26.022,37.126666666666665,21.066666666666666,40.04466666666667,52.562000000000005,11.623333333333331,15.800666666666666,72.588,0.8886666666666667,7.756666666666667,0.6440000000000001,1.9333333333333333,21.110666666666663,0.09533333333333334,13.000666666666666,2.444666666666667,93.15666666666667,79.844,28.866666666666667,36.666666666666664,14.310666666666668,39.97733333333334,10.689333333333332,29.289333333333335,20.22266666666667,15.97733333333333,1.282,9.622666666666666,28.422666666666668,33.725333333333325,18.333333333333332,35.156,52.464000000000006,14.310666666666668,18.089333333333336,79.00266666666667,1.5106666666666664,6.444,0.40799999999999986,2.9560000000000004,21.043999999999997,0.14533333333333331,15.97733333333333,2.556,94.06666666666666
