placar_casa,placar_visitante,data,round,stage,ano,equipe_casa,equipe_visitante,resultado,Pts_casa,3P_casa,2P_casa,LL_casa,RT_casa,RO_casa,RD_casa,AS_casa,ER_casa,IA%_casa,3PC_casa,3PT_casa,3P%_casa,2PC_casa,2PT_casa,2P%_casa,LLC_casa,LLT_casa,LL%_casa,EN_casa,BR_casa,B/E_casa,TO_casa,FC_casa,T/FC_casa,ET_casa,VI_casa,EF_casa,Pts_visitante,3P_visitante,2P_visitante,LL_visitante,RT_visitante,RO_visitante,RD_visitante,AS_visitante,ER_visitante,IA%_visitante,3PC_visitante,3PT_visitante,3P%_visitante,2PC_visitante,2PT_visitante,2P%_visitante,LLC_visitante,LLT_visitante,LL%_visitante,EN_visitante,BR_visitante,B/E_visitante,TO_visitante,FC_visitante,T/FC_visitante,ET_visitante,VI_visitante,EF_visitante
70,62,2013-05-06,4,4,2012-2013,Sesi Franca,Bauru Basket,1,74.6,28.0,45.2,13.2,28.666666666666668,7.8,20.866666666666667,14.4,13.533333333333333,1.1659999999999997,5.4,15.666666666666666,34.94200000000001,22.6,43.8,51.80866666666667,13.2,18.266666666666666,72.106,3.2666666666666666,10.333333333333334,0.8099999999999999,4.266666666666667,19.0,0.2373333333333333,13.533333333333333,2.1333333333333333,83.66666666666667,82.6,44.4,45.333333333333336,11.466666666666667,31.666666666666668,8.333333333333334,23.333333333333332,15.866666666666667,11.266666666666667,1.6086666666666665,8.6,22.2,39.23466666666666,22.666666666666668,39.733333333333334,58.39733333333333,11.466666666666667,15.933333333333334,72.55333333333333,1.8666666666666667,6.2,0.6220000000000001,1.3333333333333333,18.2,0.07933333333333333,11.266666666666667,1.8666666666666667,93.86666666666666
