placar_casa,placar_visitante,data,round,stage,ano,equipe_casa,equipe_visitante,resultado,Pts_casa,3P_casa,2P_casa,LL_casa,RT_casa,RO_casa,RD_casa,AS_casa,ER_casa,IA%_casa,3PC_casa,3PT_casa,3P%_casa,2PC_casa,2PT_casa,2P%_casa,LLC_casa,LLT_casa,LL%_casa,EN_casa,BR_casa,B/E_casa,TO_casa,FC_casa,T/FC_casa,ET_casa,VI_casa,EF_casa,Pts_visitante,3P_visitante,2P_visitante,LL_visitante,RT_visitante,RO_visitante,RD_visitante,AS_visitante,ER_visitante,IA%_visitante,3PC_visitante,3PT_visitante,3P%_visitante,2PC_visitante,2PT_visitante,2P%_visitante,LLC_visitante,LLT_visitante,LL%_visitante,EN_visitante,BR_visitante,B/E_visitante,TO_visitante,FC_visitante,T/FC_visitante,ET_visitante,VI_visitante,EF_visitante
100,63,2021-03-14,6,2,2020-2021,Flamengo,Pinheiros,1,88.99933333333335,40.6,33.866,14.533333333333333,41.79933333333334,12.332666666666666,29.466666666666665,21.6,11.666,1.9273333333333327,13.532666666666668,37.866,35.356,16.934000000000005,29.666666666666668,57.07133333333333,14.533333333333333,19.53466666666667,73.61599999999999,1.1986666666666668,6.733333333333333,0.5933333333333334,1.6673333333333331,17.332,0.096,11.666,1.9333333333333333,107.06600000000002,71.56533333333333,24.1,36.33266666666667,11.132666666666667,37.86866666666667,10.3,27.566666666666666,17.232000000000003,14.365333333333336,1.22,8.032666666666666,26.7,30.055999999999994,18.167333333333335,40.566,44.600666666666676,11.132666666666667,15.900000000000002,69.27266666666668,1.1006666666666665,7.7346666666666675,0.5433333333333332,2.1013333333333337,18.300666666666675,0.11800000000000001,14.365333333333336,1.7346666666666668,76.29933333333335
