placar_casa,placar_visitante,data,round,stage,ano,equipe_casa,equipe_visitante,resultado,Pts_casa,3P_casa,2P_casa,LL_casa,RT_casa,RO_casa,RD_casa,AS_casa,ER_casa,IA%_casa,3PC_casa,3PT_casa,3P%_casa,2PC_casa,2PT_casa,2P%_casa,LLC_casa,LLT_casa,LL%_casa,EN_casa,BR_casa,B/E_casa,TO_casa,FC_casa,T/FC_casa,ET_casa,VI_casa,EF_casa,Pts_visitante,3P_visitante,2P_visitante,LL_visitante,RT_visitante,RO_visitante,RD_visitante,AS_visitante,ER_visitante,IA%_visitante,3PC_visitante,3PT_visitante,3P%_visitante,2PC_visitante,2PT_visitante,2P%_visitante,LLC_visitante,LLT_visitante,LL%_visitante,EN_visitante,BR_visitante,B/E_visitante,TO_visitante,FC_visitante,T/FC_visitante,ET_visitante,VI_visitante,EF_visitante
95,71,2023-12-29,11,1,2023-2024,Minas,União Corinthians,1,84.23333333333333,30.0,39.666666666666664,14.566666666666666,39.233333333333334,10.833333333333334,28.4,20.4,13.033333333333333,1.6000000000000003,10.0,27.133333333333333,36.47066666666667,19.833333333333332,35.766666666666666,55.35799999999999,14.566666666666666,20.233333333333334,71.21333333333334,1.5333333333333334,5.6,0.4186666666666667,2.6666666666666665,18.166666666666668,0.15733333333333335,13.033333333333333,2.966666666666667,100.36666666666666,71.6,25.6,32.53333333333333,13.466666666666667,34.36666666666667,9.5,24.866666666666667,14.2,13.066666666666666,1.1426666666666665,8.533333333333333,26.3,33.048,16.266666666666666,34.9,46.678,13.466666666666667,17.9,73.83333333333331,0.5,5.566666666666666,0.4373333333333334,1.7333333333333334,21.4,0.0826666666666667,13.066666666666666,2.066666666666667,73.56666666666666
