placar_casa,placar_visitante,data,round,stage,ano,equipe_casa,equipe_visitante,resultado,Pts_casa,3P_casa,2P_casa,LL_casa,RT_casa,RO_casa,RD_casa,AS_casa,ER_casa,IA%_casa,3PC_casa,3PT_casa,3P%_casa,2PC_casa,2PT_casa,2P%_casa,LLC_casa,LLT_casa,LL%_casa,EN_casa,BR_casa,B/E_casa,TO_casa,FC_casa,T/FC_casa,ET_casa,VI_casa,EF_casa,Pts_visitante,3P_visitante,2P_visitante,LL_visitante,RT_visitante,RO_visitante,RD_visitante,AS_visitante,ER_visitante,IA%_visitante,3PC_visitante,3PT_visitante,3P%_visitante,2PC_visitante,2PT_visitante,2P%_visitante,LLC_visitante,LLT_visitante,LL%_visitante,EN_visitante,BR_visitante,B/E_visitante,TO_visitante,FC_visitante,T/FC_visitante,ET_visitante,VI_visitante,EF_visitante
88,83,2021-02-24,4,2,2020-2021,UNIFACISA,Caxias do Sul Basquete,1,82.17799999999998,27.533333333333335,43.37733333333333,11.267333333333333,35.643333333333324,9.176666666666666,26.466666666666665,17.044,13.223333333333331,1.360666666666667,9.178,25.132666666666662,36.910666666666664,21.689333333333334,40.178000000000004,53.915333333333336,11.267333333333333,15.40066666666667,72.17733333333332,1.022,7.578,0.62,1.6226666666666667,21.2,0.07933333333333335,13.223333333333331,2.356666666666667,92.26733333333333,77.51133333333335,23.733333333333334,38.66666666666667,15.11133333333333,35.0,9.467333333333332,25.532666666666664,15.644666666666673,14.133333333333333,1.11,7.911333333333333,24.266,32.708,19.333333333333332,36.17866666666667,53.49399999999999,15.11133333333333,21.289333333333335,71.21733333333333,1.422,5.846000000000001,0.4126666666666667,1.1106666666666667,21.953999999999994,0.05333333333333333,14.133333333333333,3.0893333333333337,81.60000000000001
