placar_casa,placar_visitante,data,round,stage,ano,equipe_casa,equipe_visitante,resultado,Pts_casa,3P_casa,2P_casa,LL_casa,RT_casa,RO_casa,RD_casa,AS_casa,ER_casa,IA%_casa,3PC_casa,3PT_casa,3P%_casa,2PC_casa,2PT_casa,2P%_casa,LLC_casa,LLT_casa,LL%_casa,EN_casa,BR_casa,B/E_casa,TO_casa,FC_casa,T/FC_casa,ET_casa,VI_casa,EF_casa,Pts_visitante,3P_visitante,2P_visitante,LL_visitante,RT_visitante,RO_visitante,RD_visitante,AS_visitante,ER_visitante,IA%_visitante,3PC_visitante,3PT_visitante,3P%_visitante,2PC_visitante,2PT_visitante,2P%_visitante,LLC_visitante,LLT_visitante,LL%_visitante,EN_visitante,BR_visitante,B/E_visitante,TO_visitante,FC_visitante,T/FC_visitante,ET_visitante,VI_visitante,EF_visitante
89,52,2024-01-08,1,2,2023-2024,Minas,Botafogo,1,85.4,30.8,39.46666666666667,15.133333333333333,39.733333333333334,10.933333333333334,28.8,20.666666666666668,12.733333333333333,1.6373333333333335,10.266666666666667,27.0,37.78333333333333,19.733333333333334,35.86666666666667,54.978666666666655,15.133333333333333,21.066666666666666,71.25333333333333,1.5333333333333334,5.0,0.3933333333333334,2.8,18.6,0.162,12.733333333333333,2.6666666666666665,102.06666666666666,79.06733333333332,25.8,38.532666666666664,14.732666666666663,36.2,11.733333333333333,24.466666666666665,16.933333333333334,14.399333333333336,1.2699999999999998,8.6,27.865999999999996,30.924000000000003,19.267333333333337,37.666000000000004,51.53066666666666,14.732666666666663,19.79933333333333,74.84933333333333,0.33266666666666667,6.8,0.5146666666666666,1.8666666666666667,21.732666666666663,0.08533333333333334,14.399333333333336,3.2673333333333336,83.73266666666669
