placar_casa,placar_visitante,data,round,stage,ano,equipe_casa,equipe_visitante,resultado,Pts_casa,3P_casa,2P_casa,LL_casa,RT_casa,RO_casa,RD_casa,AS_casa,ER_casa,IA%_casa,3PC_casa,3PT_casa,3P%_casa,2PC_casa,2PT_casa,2P%_casa,LLC_casa,LLT_casa,LL%_casa,EN_casa,BR_casa,B/E_casa,TO_casa,FC_casa,T/FC_casa,ET_casa,VI_casa,EF_casa,Pts_visitante,3P_visitante,2P_visitante,LL_visitante,RT_visitante,RO_visitante,RD_visitante,AS_visitante,ER_visitante,IA%_visitante,3PC_visitante,3PT_visitante,3P%_visitante,2PC_visitante,2PT_visitante,2P%_visitante,LLC_visitante,LLT_visitante,LL%_visitante,EN_visitante,BR_visitante,B/E_visitante,TO_visitante,FC_visitante,T/FC_visitante,ET_visitante,VI_visitante,EF_visitante
75,84,2009-03-13,13,1,2008-2009,Araraquara,Pinheiros,0,74.72727272727273,26.454545454545453,34.36363636363637,13.909090909090908,30.636363636363637,6.909090909090909,23.727272727272727,15.545454545454545,15.545454545454545,1.0736363636363635,8.818181818181818,26.636363636363637,33.13363636363636,17.181818181818183,32.45454545454545,53.16272727272727,13.909090909090908,20.272727272727273,67.63545454545455,1.6363636363636365,7.545454545454546,0.4954545454545455,5.181818181818182,20.636363636363637,0.25818181818181823,15.545454545454545,0.0,78.63636363636364,84.36363636363636,28.636363636363637,36.54545454545455,19.181818181818183,31.727272727272727,9.181818181818182,22.545454545454547,13.727272727272727,12.363636363636363,1.1363636363636365,9.545454545454545,24.90909090909091,38.28454545454545,18.272727272727273,35.09090909090909,52.58363636363636,19.181818181818183,26.454545454545453,73.62363636363638,1.9090909090909092,5.454545454545454,0.4790909090909091,1.7272727272727273,18.545454545454547,0.09818181818181819,12.363636363636363,0.0,85.18181818181819
