placar_casa,placar_visitante,data,round,stage,ano,equipe_casa,equipe_visitante,resultado,Pts_casa,3P_casa,2P_casa,LL_casa,RT_casa,RO_casa,RD_casa,AS_casa,ER_casa,IA%_casa,3PC_casa,3PT_casa,3P%_casa,2PC_casa,2PT_casa,2P%_casa,LLC_casa,LLT_casa,LL%_casa,EN_casa,BR_casa,B/E_casa,TO_casa,FC_casa,T/FC_casa,ET_casa,VI_casa,EF_casa,Pts_visitante,3P_visitante,2P_visitante,LL_visitante,RT_visitante,RO_visitante,RD_visitante,AS_visitante,ER_visitante,IA%_visitante,3PC_visitante,3PT_visitante,3P%_visitante,2PC_visitante,2PT_visitante,2P%_visitante,LLC_visitante,LLT_visitante,LL%_visitante,EN_visitante,BR_visitante,B/E_visitante,TO_visitante,FC_visitante,T/FC_visitante,ET_visitante,VI_visitante,EF_visitante
67,59,2013-02-07,4,2,2012-2013,Espírito Santo,Joinville,1,81.6,56.8,37.86666666666667,19.333333333333332,29.6,9.066666666666666,20.533333333333335,10.733333333333333,12.8,0.9586666666666669,8.133333333333333,24.866666666666667,33.053999999999995,18.933333333333334,37.333333333333336,50.84266666666667,19.333333333333332,24.066666666666666,80.48866666666666,1.4666666666666666,8.533333333333333,0.7373333333333333,1.3333333333333333,21.066666666666666,0.06466666666666666,12.8,3.933333333333333,87.8,71.86666666666666,63.2,42.13333333333333,12.933333333333334,31.8,10.933333333333334,20.866666666666667,12.6,15.933333333333334,0.8526666666666667,5.6,20.533333333333335,27.16666666666667,21.066666666666666,42.4,49.60866666666667,12.933333333333334,18.466666666666665,70.61466666666665,1.8666666666666667,8.333333333333334,0.5473333333333332,4.0,21.2,0.204,15.933333333333334,3.3333333333333335,79.73333333333333
