placar_casa,placar_visitante,data,round,stage,ano,equipe_casa,equipe_visitante,resultado,Pts_casa,3P_casa,2P_casa,LL_casa,RT_casa,RO_casa,RD_casa,AS_casa,ER_casa,IA%_casa,3PC_casa,3PT_casa,3P%_casa,2PC_casa,2PT_casa,2P%_casa,LLC_casa,LLT_casa,LL%_casa,EN_casa,BR_casa,B/E_casa,TO_casa,FC_casa,T/FC_casa,ET_casa,VI_casa,EF_casa,Pts_visitante,3P_visitante,2P_visitante,LL_visitante,RT_visitante,RO_visitante,RD_visitante,AS_visitante,ER_visitante,IA%_visitante,3PC_visitante,3PT_visitante,3P%_visitante,2PC_visitante,2PT_visitante,2P%_visitante,LLC_visitante,LLT_visitante,LL%_visitante,EN_visitante,BR_visitante,B/E_visitante,TO_visitante,FC_visitante,T/FC_visitante,ET_visitante,VI_visitante,EF_visitante
81,79,2009-02-27,9,1,2008-2009,Assis,Araraquara,1,79.16666666666667,24.0,34.333333333333336,20.833333333333332,30.833333333333332,9.0,21.833333333333332,11.5,10.666666666666666,1.3183333333333334,8.0,22.166666666666668,35.635,17.166666666666668,32.833333333333336,52.51333333333333,20.833333333333332,28.833333333333332,73.44000000000001,1.0,6.666666666666667,0.6233333333333334,2.8333333333333335,18.333333333333332,0.15500000000000003,10.666666666666666,0.0,82.5,75.57142857142857,25.714285714285715,36.0,13.857142857142858,30.857142857142858,6.142857142857143,24.714285714285715,15.428571428571429,15.428571428571429,1.0999999999999999,8.571428571428571,27.0,31.93,18.0,34.142857142857146,52.68285714285714,13.857142857142858,20.428571428571427,66.43428571428572,1.4285714285714286,8.0,0.5228571428571429,5.571428571428571,20.428571428571427,0.2857142857142857,15.428571428571429,0.0,78.85714285714286
