placar_casa,placar_visitante,data,round,stage,ano,equipe_casa,equipe_visitante,resultado,Pts_casa,3P_casa,2P_casa,LL_casa,RT_casa,RO_casa,RD_casa,AS_casa,ER_casa,IA%_casa,3PC_casa,3PT_casa,3P%_casa,2PC_casa,2PT_casa,2P%_casa,LLC_casa,LLT_casa,LL%_casa,EN_casa,BR_casa,B/E_casa,TO_casa,FC_casa,T/FC_casa,ET_casa,VI_casa,EF_casa,Pts_visitante,3P_visitante,2P_visitante,LL_visitante,RT_visitante,RO_visitante,RD_visitante,AS_visitante,ER_visitante,IA%_visitante,3PC_visitante,3PT_visitante,3P%_visitante,2PC_visitante,2PT_visitante,2P%_visitante,LLC_visitante,LLT_visitante,LL%_visitante,EN_visitante,BR_visitante,B/E_visitante,TO_visitante,FC_visitante,T/FC_visitante,ET_visitante,VI_visitante,EF_visitante
75,71,2013-03-07,9,2,2012-2013,Suzano,Sesi Franca,1,72.66666666666667,57.8,38.53333333333333,14.933333333333334,29.266666666666666,9.266666666666667,20.0,11.466666666666667,17.933333333333334,0.6646666666666667,6.4,21.0,29.48,19.266666666666666,37.93333333333333,51.15333333333333,14.933333333333334,21.733333333333334,68.41466666666666,0.6,5.933333333333334,0.33066666666666666,1.8,20.533333333333335,0.08933333333333335,17.933333333333334,3.2,73.13333333333334,80.66666666666667,71.8,47.86666666666667,15.2,28.6,8.066666666666666,20.533333333333335,14.266666666666667,13.066666666666666,1.2040000000000002,5.866666666666666,16.266666666666666,35.74733333333333,23.933333333333334,43.6,55.11399999999999,15.2,23.0,64.512,3.2,9.133333333333333,0.7706666666666667,2.933333333333333,20.066666666666666,0.15533333333333335,13.066666666666666,2.0,94.46666666666667
