placar_casa,placar_visitante,data,round,stage,ano,equipe_casa,equipe_visitante,resultado,Pts_casa,3P_casa,2P_casa,LL_casa,RT_casa,RO_casa,RD_casa,AS_casa,ER_casa,IA%_casa,3PC_casa,3PT_casa,3P%_casa,2PC_casa,2PT_casa,2P%_casa,LLC_casa,LLT_casa,LL%_casa,EN_casa,BR_casa,B/E_casa,TO_casa,FC_casa,T/FC_casa,ET_casa,VI_casa,EF_casa,Pts_visitante,3P_visitante,2P_visitante,LL_visitante,RT_visitante,RO_visitante,RD_visitante,AS_visitante,ER_visitante,IA%_visitante,3PC_visitante,3PT_visitante,3P%_visitante,2PC_visitante,2PT_visitante,2P%_visitante,LLC_visitante,LLT_visitante,LL%_visitante,EN_visitante,BR_visitante,B/E_visitante,TO_visitante,FC_visitante,T/FC_visitante,ET_visitante,VI_visitante,EF_visitante
78,85,2017-01-25,16,1,2016-2017,Paulistano,VipTech CMB,0,82.0,30.857142857142858,36.142857142857146,15.0,37.0,12.928571428571429,24.071428571428573,18.0,12.428571428571429,1.5878571428571429,10.285714285714286,30.071428571428573,34.512142857142855,18.071428571428573,37.214285714285715,48.80785714285714,15.0,18.642857142857142,80.49000000000001,2.0,7.285714285714286,0.6421428571428571,1.7142857142857142,19.285714285714285,0.09500000000000001,12.428571428571429,2.2857142857142856,91.0,75.64285714285714,28.071428571428573,34.42857142857143,13.142857142857142,36.0,11.357142857142858,24.642857142857142,14.428571428571429,13.071428571428571,1.18,9.357142857142858,28.142857142857142,33.122142857142855,17.214285714285715,36.57142857142857,47.44785714285715,13.142857142857142,18.857142857142858,69.40857142857142,1.0714285714285714,7.0,0.577857142857143,3.2142857142857144,20.142857142857142,0.16928571428571426,13.071428571428571,3.0,79.35714285714286
