placar_casa,placar_visitante,data,round,stage,ano,equipe_casa,equipe_visitante,resultado,Pts_casa,3P_casa,2P_casa,LL_casa,RT_casa,RO_casa,RD_casa,AS_casa,ER_casa,IA%_casa,3PC_casa,3PT_casa,3P%_casa,2PC_casa,2PT_casa,2P%_casa,LLC_casa,LLT_casa,LL%_casa,EN_casa,BR_casa,B/E_casa,TO_casa,FC_casa,T/FC_casa,ET_casa,VI_casa,EF_casa,Pts_visitante,3P_visitante,2P_visitante,LL_visitante,RT_visitante,RO_visitante,RD_visitante,AS_visitante,ER_visitante,IA%_visitante,3PC_visitante,3PT_visitante,3P%_visitante,2PC_visitante,2PT_visitante,2P%_visitante,LLC_visitante,LLT_visitante,LL%_visitante,EN_visitante,BR_visitante,B/E_visitante,TO_visitante,FC_visitante,T/FC_visitante,ET_visitante,VI_visitante,EF_visitante
92,83,2015-02-25,9,2,2014-2015,Rio Claro,Fortaleza B. C. / CFO,1,79.0,20.4,43.733333333333334,14.866666666666667,30.466666666666665,7.333333333333333,23.133333333333333,16.466666666666665,14.066666666666666,1.2646666666666666,6.8,20.666666666666668,31.442,21.866666666666667,39.93333333333333,54.882,14.866666666666667,18.333333333333332,80.47600000000001,1.4,10.4,0.7633333333333332,1.3333333333333333,19.2,0.07333333333333333,14.066666666666666,2.4,88.2,76.4,26.8,35.46666666666667,14.133333333333333,33.46666666666667,10.0,23.466666666666665,13.8,11.066666666666666,1.312,8.933333333333334,29.533333333333335,30.563333333333336,17.733333333333334,34.86666666666667,50.96933333333334,14.133333333333333,18.8,75.85066666666667,0.6666666666666666,9.466666666666667,0.9593333333333333,2.533333333333333,18.2,0.15000000000000002,11.066666666666666,2.2,82.2
