placar_casa,placar_visitante,data,round,stage,ano,equipe_casa,equipe_visitante,resultado,Pts_casa,3P_casa,2P_casa,LL_casa,RT_casa,RO_casa,RD_casa,AS_casa,ER_casa,IA%_casa,3PC_casa,3PT_casa,3P%_casa,2PC_casa,2PT_casa,2P%_casa,LLC_casa,LLT_casa,LL%_casa,EN_casa,BR_casa,B/E_casa,TO_casa,FC_casa,T/FC_casa,ET_casa,VI_casa,EF_casa,Pts_visitante,3P_visitante,2P_visitante,LL_visitante,RT_visitante,RO_visitante,RD_visitante,AS_visitante,ER_visitante,IA%_visitante,3PC_visitante,3PT_visitante,3P%_visitante,2PC_visitante,2PT_visitante,2P%_visitante,LLC_visitante,LLT_visitante,LL%_visitante,EN_visitante,BR_visitante,B/E_visitante,TO_visitante,FC_visitante,T/FC_visitante,ET_visitante,VI_visitante,EF_visitante
80,86,2009-03-25,1,2,2008-2009,Assis,Brasília,0,77.38461538461539,23.53846153846154,33.69230769230769,20.153846153846153,29.23076923076923,7.923076923076923,21.307692307692307,11.076923076923077,12.76923076923077,1.0453846153846154,7.846153846153846,22.153846153846153,35.88461538461539,16.846153846153847,31.076923076923077,54.19538461538462,20.153846153846153,28.53846153846154,70.74076923076923,1.0769230769230769,7.230769230769231,0.6046153846153846,3.230769230769231,19.46153846153846,0.16615384615384615,12.76923076923077,0.0,78.46153846153847,86.5,22.071428571428573,45.714285714285715,18.714285714285715,35.5,9.142857142857142,26.357142857142858,15.285714285714286,16.285714285714285,1.007857142857143,7.357142857142857,21.571428571428573,33.816428571428574,22.857142857142858,39.07142857142857,58.84285714285714,18.714285714285715,25.142857142857142,74.65785714285714,2.142857142857143,7.785714285714286,0.5128571428571429,4.5,22.214285714285715,0.21142857142857144,16.285714285714285,0.0,96.42857142857143
