placar_casa,placar_visitante,data,round,stage,ano,equipe_casa,equipe_visitante,resultado,Pts_casa,3P_casa,2P_casa,LL_casa,RT_casa,RO_casa,RD_casa,AS_casa,ER_casa,IA%_casa,3PC_casa,3PT_casa,3P%_casa,2PC_casa,2PT_casa,2P%_casa,LLC_casa,LLT_casa,LL%_casa,EN_casa,BR_casa,B/E_casa,TO_casa,FC_casa,T/FC_casa,ET_casa,VI_casa,EF_casa,Pts_visitante,3P_visitante,2P_visitante,LL_visitante,RT_visitante,RO_visitante,RD_visitante,AS_visitante,ER_visitante,IA%_visitante,3PC_visitante,3PT_visitante,3P%_visitante,2PC_visitante,2PT_visitante,2P%_visitante,LLC_visitante,LLT_visitante,LL%_visitante,EN_visitante,BR_visitante,B/E_visitante,TO_visitante,FC_visitante,T/FC_visitante,ET_visitante,VI_visitante,EF_visitante
80,83,2016-03-17,12,2,2015-2016,Mogi,Paulistano,0,82.06666666666666,24.8,40.666666666666664,16.6,35.333333333333336,11.0,24.333333333333332,16.0,12.933333333333334,1.4019999999999997,8.266666666666667,26.066666666666666,32.0,20.333333333333332,37.13333333333333,54.98933333333333,16.6,23.133333333333333,72.998,1.6,11.6,1.0673333333333332,2.066666666666667,20.066666666666666,0.106,12.933333333333334,2.533333333333333,93.0,79.06666666666666,26.4,39.333333333333336,13.333333333333334,38.53333333333333,11.666666666666666,26.866666666666667,16.533333333333335,14.466666666666667,1.2319999999999998,8.8,24.4,36.39266666666666,19.666666666666668,38.6,52.150666666666666,13.333333333333334,17.0,76.72933333333334,2.0,9.2,0.6653333333333332,1.7333333333333334,19.066666666666666,0.09400000000000003,14.466666666666667,3.1333333333333333,92.4
