placar_casa,placar_visitante,data,round,stage,ano,equipe_casa,equipe_visitante,resultado,Pts_casa,3P_casa,2P_casa,LL_casa,RT_casa,RO_casa,RD_casa,AS_casa,ER_casa,IA%_casa,3PC_casa,3PT_casa,3P%_casa,2PC_casa,2PT_casa,2P%_casa,LLC_casa,LLT_casa,LL%_casa,EN_casa,BR_casa,B/E_casa,TO_casa,FC_casa,T/FC_casa,ET_casa,VI_casa,EF_casa,Pts_visitante,3P_visitante,2P_visitante,LL_visitante,RT_visitante,RO_visitante,RD_visitante,AS_visitante,ER_visitante,IA%_visitante,3PC_visitante,3PT_visitante,3P%_visitante,2PC_visitante,2PT_visitante,2P%_visitante,LLC_visitante,LLT_visitante,LL%_visitante,EN_visitante,BR_visitante,B/E_visitante,TO_visitante,FC_visitante,T/FC_visitante,ET_visitante,VI_visitante,EF_visitante
93,77,2012-04-20,3,3,2011-2012,Uberlândia,Tijuca,1,81.86666666666666,24.4,42.266666666666666,15.2,29.6,7.666666666666667,21.933333333333334,14.733333333333333,11.6,1.403333333333333,8.133333333333333,22.133333333333333,35.80266666666667,21.133333333333333,38.86666666666667,54.258666666666656,15.2,19.933333333333334,76.526,3.2,6.266666666666667,0.5986666666666667,3.4,18.8,0.19066666666666668,11.6,2.4,92.8,79.4,16.6,45.733333333333334,17.066666666666666,28.733333333333334,8.066666666666666,20.666666666666668,11.4,12.6,0.9233333333333335,5.533333333333333,17.666666666666668,30.533333333333335,22.866666666666667,42.13333333333333,55.10999999999999,17.066666666666666,23.0,74.06666666666666,0.9333333333333333,7.466666666666667,0.6106666666666668,1.6,21.666666666666668,0.07866666666666666,12.6,2.3333333333333335,84.73333333333333
