placar_casa,placar_visitante,data,round,stage,ano,equipe_casa,equipe_visitante,resultado,Pts_casa,3P_casa,2P_casa,LL_casa,RT_casa,RO_casa,RD_casa,AS_casa,ER_casa,IA%_casa,3PC_casa,3PT_casa,3P%_casa,2PC_casa,2PT_casa,2P%_casa,LLC_casa,LLT_casa,LL%_casa,EN_casa,BR_casa,B/E_casa,TO_casa,FC_casa,T/FC_casa,ET_casa,VI_casa,EF_casa,Pts_visitante,3P_visitante,2P_visitante,LL_visitante,RT_visitante,RO_visitante,RD_visitante,AS_visitante,ER_visitante,IA%_visitante,3PC_visitante,3PT_visitante,3P%_visitante,2PC_visitante,2PT_visitante,2P%_visitante,LLC_visitante,LLT_visitante,LL%_visitante,EN_visitante,BR_visitante,B/E_visitante,TO_visitante,FC_visitante,T/FC_visitante,ET_visitante,VI_visitante,EF_visitante
86,91,2022-12-10,8,1,2022-2023,União Corinthians,Corinthians,0,76.04727272727271,36.54545454545455,30.45454545454546,9.044545454545455,32.908181818181816,9.092727272727272,23.818181818181824,18.591818181818187,12.726363636363637,1.543636363636364,12.18,33.63818181818182,36.76090909090909,15.22727272727273,32.409090909090914,47.08,9.044545454545455,11.409090909090908,78.60272727272728,1.771818181818182,6.499090909090909,0.5190909090909092,1.9545454545454546,19.54454545454545,0.1,12.726363636363637,2.3181818181818183,82.27272727272728,82.68181818181819,29.181818181818183,39.45454545454545,14.045454545454545,40.81818181818182,9.363636363636363,31.454545454545453,16.5,16.545454545454547,1.0781818181818181,9.727272727272727,28.454545454545453,33.25636363636364,19.727272727272727,32.90909090909091,59.92545454545455,14.045454545454545,19.227272727272727,72.2090909090909,3.4545454545454546,6.2272727272727275,0.39999999999999997,4.5,17.90909090909091,0.2527272727272727,16.545454545454547,3.772727272727273,97.0909090909091
