placar_casa,placar_visitante,data,round,stage,ano,equipe_casa,equipe_visitante,resultado,Pts_casa,3P_casa,2P_casa,LL_casa,RT_casa,RO_casa,RD_casa,AS_casa,ER_casa,IA%_casa,3PC_casa,3PT_casa,3P%_casa,2PC_casa,2PT_casa,2P%_casa,LLC_casa,LLT_casa,LL%_casa,EN_casa,BR_casa,B/E_casa,TO_casa,FC_casa,T/FC_casa,ET_casa,VI_casa,EF_casa,Pts_visitante,3P_visitante,2P_visitante,LL_visitante,RT_visitante,RO_visitante,RD_visitante,AS_visitante,ER_visitante,IA%_visitante,3PC_visitante,3PT_visitante,3P%_visitante,2PC_visitante,2PT_visitante,2P%_visitante,LLC_visitante,LLT_visitante,LL%_visitante,EN_visitante,BR_visitante,B/E_visitante,TO_visitante,FC_visitante,T/FC_visitante,ET_visitante,VI_visitante,EF_visitante
83,71,2023-11-27,7,1,2023-2024,Coop/São José Basketball,R10 Score Vasco da Gama,1,81.625,26.25,41.25,14.125,39.0,9.875,29.125,18.25,15.25,1.2000000000000002,8.75,26.625,32.832499999999996,20.625,36.25,56.945,14.125,19.875,70.5975,0.75,8.5,0.5675,1.75,21.0,0.08500000000000002,15.25,3.125,94.625,73.89,28.0,33.55444444444444,12.33222222222222,39.77666666666667,10.333333333333334,29.443333333333335,20.332222222222224,15.667777777777777,1.3711111111111112,9.334444444444445,28.112222222222222,33.19111111111111,16.778888888888886,31.99888888888889,52.82666666666666,12.33222222222222,18.556666666666665,67.89222222222222,1.7777777777777777,6.890000000000001,0.43111111111111117,2.4455555555555555,22.333333333333332,0.10333333333333333,15.667777777777777,3.5555555555555554,87.44444444444444
