placar_casa,placar_visitante,data,round,stage,ano,equipe_casa,equipe_visitante,resultado,Pts_casa,3P_casa,2P_casa,LL_casa,RT_casa,RO_casa,RD_casa,AS_casa,ER_casa,IA%_casa,3PC_casa,3PT_casa,3P%_casa,2PC_casa,2PT_casa,2P%_casa,LLC_casa,LLT_casa,LL%_casa,EN_casa,BR_casa,B/E_casa,TO_casa,FC_casa,T/FC_casa,ET_casa,VI_casa,EF_casa,Pts_visitante,3P_visitante,2P_visitante,LL_visitante,RT_visitante,RO_visitante,RD_visitante,AS_visitante,ER_visitante,IA%_visitante,3PC_visitante,3PT_visitante,3P%_visitante,2PC_visitante,2PT_visitante,2P%_visitante,LLC_visitante,LLT_visitante,LL%_visitante,EN_visitante,BR_visitante,B/E_visitante,TO_visitante,FC_visitante,T/FC_visitante,ET_visitante,VI_visitante,EF_visitante
59,72,2021-01-26,1,2,2020-2021,VipTech CMB,UNIFACISA,0,77.06866666666666,29.0,38.001333333333335,10.06733333333333,38.79866666666667,12.599333333333336,26.201333333333334,17.334,12.667333333333334,1.4466666666666668,9.66733333333333,29.13266666666667,33.256,18.998666666666665,39.466666666666676,47.725333333333325,10.06733333333333,16.33333333333333,61.62600000000001,1.1326666666666667,5.866,0.504,1.6,20.068,0.07933333333333334,12.667333333333334,2.1340000000000003,81.80066666666669,82.86533333333334,27.4,44.0,11.467333333333332,37.066,10.198666666666666,26.86733333333333,17.066666666666666,12.666666666666666,1.3706666666666665,9.132,26.2,35.22866666666666,22.0,41.4,53.19533333333333,11.467333333333332,15.334,73.43266666666668,0.8666666666666667,7.6659999999999995,0.6213333333333334,1.468,20.467333333333332,0.07333333333333333,12.666666666666666,2.0006666666666666,93.13266666666667
