placar_casa,placar_visitante,data,round,stage,ano,equipe_casa,equipe_visitante,resultado,Pts_casa,3P_casa,2P_casa,LL_casa,RT_casa,RO_casa,RD_casa,AS_casa,ER_casa,IA%_casa,3PC_casa,3PT_casa,3P%_casa,2PC_casa,2PT_casa,2P%_casa,LLC_casa,LLT_casa,LL%_casa,EN_casa,BR_casa,B/E_casa,TO_casa,FC_casa,T/FC_casa,ET_casa,VI_casa,EF_casa,Pts_visitante,3P_visitante,2P_visitante,LL_visitante,RT_visitante,RO_visitante,RD_visitante,AS_visitante,ER_visitante,IA%_visitante,3PC_visitante,3PT_visitante,3P%_visitante,2PC_visitante,2PT_visitante,2P%_visitante,LLC_visitante,LLT_visitante,LL%_visitante,EN_visitante,BR_visitante,B/E_visitante,TO_visitante,FC_visitante,T/FC_visitante,ET_visitante,VI_visitante,EF_visitante
109,97,2018-12-10,9,1,2018-2019,Paulistano,Joinville / AABJ,1,79.45454545454545,27.818181818181817,35.09090909090909,16.545454545454547,41.09090909090909,12.272727272727273,28.818181818181817,15.363636363636363,13.545454545454545,1.18,9.272727272727273,30.636363636363637,30.483636363636368,17.545454545454547,34.27272727272727,51.00363636363637,16.545454545454547,22.181818181818183,74.61727272727273,2.727272727272727,6.909090909090909,0.5209090909090909,2.090909090909091,21.636363636363637,0.09818181818181819,13.545454545454545,2.1818181818181817,87.54545454545455,75.54545454545455,32.18181818181818,31.09,12.273636363636363,37.27272727272727,11.637272727272727,25.635454545454547,15.454545454545455,14.00090909090909,1.24,10.726363636363637,28.818181818181817,37.015454545454546,15.546363636363635,33.18272727272727,47.04909090909091,12.273636363636363,18.90818181818182,63.856363636363646,1.09,7.00090909090909,0.5672727272727273,2.1827272727272726,19.272727272727273,0.10636363636363635,14.00090909090909,2.6354545454545457,80.9090909090909
