placar_casa,placar_visitante,data,round,stage,ano,equipe_casa,equipe_visitante,resultado,Pts_casa,3P_casa,2P_casa,LL_casa,RT_casa,RO_casa,RD_casa,AS_casa,ER_casa,IA%_casa,3PC_casa,3PT_casa,3P%_casa,2PC_casa,2PT_casa,2P%_casa,LLC_casa,LLT_casa,LL%_casa,EN_casa,BR_casa,B/E_casa,TO_casa,FC_casa,T/FC_casa,ET_casa,VI_casa,EF_casa,Pts_visitante,3P_visitante,2P_visitante,LL_visitante,RT_visitante,RO_visitante,RD_visitante,AS_visitante,ER_visitante,IA%_visitante,3PC_visitante,3PT_visitante,3P%_visitante,2PC_visitante,2PT_visitante,2P%_visitante,LLC_visitante,LLT_visitante,LL%_visitante,EN_visitante,BR_visitante,B/E_visitante,TO_visitante,FC_visitante,T/FC_visitante,ET_visitante,VI_visitante,EF_visitante
106,86,2013-05-19,3,5,2012-2013,Flamengo,Coop/São José Basketball,1,89.26666666666667,35.6,47.733333333333334,15.333333333333334,33.86666666666667,9.6,24.266666666666666,14.8,12.133333333333333,1.3820000000000003,8.733333333333333,22.333333333333332,39.31066666666667,23.866666666666667,42.4,56.23933333333334,15.333333333333334,21.6,71.42933333333333,1.8666666666666667,7.733333333333333,0.6993333333333334,1.3333333333333333,19.4,0.07200000000000001,12.133333333333333,1.6666666666666667,97.93333333333334,75.86666666666666,22.0,36.13333333333333,17.733333333333334,32.93333333333333,9.8,23.133333333333333,14.666666666666666,14.666666666666666,1.134,7.333333333333333,21.866666666666667,33.4,18.066666666666666,36.86666666666667,48.81733333333334,17.733333333333334,22.733333333333334,77.28933333333335,0.6,6.133333333333334,0.466,3.1333333333333333,17.866666666666667,0.18666666666666668,14.666666666666666,2.533333333333333,79.73333333333333
