placar_casa,placar_visitante,data,round,stage,ano,equipe_casa,equipe_visitante,resultado,Pts_casa,3P_casa,2P_casa,LL_casa,RT_casa,RO_casa,RD_casa,AS_casa,ER_casa,IA%_casa,3PC_casa,3PT_casa,3P%_casa,2PC_casa,2PT_casa,2P%_casa,LLC_casa,LLT_casa,LL%_casa,EN_casa,BR_casa,B/E_casa,TO_casa,FC_casa,T/FC_casa,ET_casa,VI_casa,EF_casa,Pts_visitante,3P_visitante,2P_visitante,LL_visitante,RT_visitante,RO_visitante,RD_visitante,AS_visitante,ER_visitante,IA%_visitante,3PC_visitante,3PT_visitante,3P%_visitante,2PC_visitante,2PT_visitante,2P%_visitante,LLC_visitante,LLT_visitante,LL%_visitante,EN_visitante,BR_visitante,B/E_visitante,TO_visitante,FC_visitante,T/FC_visitante,ET_visitante,VI_visitante,EF_visitante
94,88,2022-03-10,6,2,2021-2022,Paulistano,Fortaleza B. C. / CFO,1,76.82200000000002,25.6,38.534,12.689333333333332,38.04466666666667,10.644,27.39933333333333,14.544666666666666,14.033999999999997,1.097333333333333,8.532666666666666,26.189333333333334,32.748000000000005,19.266,39.22266666666667,48.92333333333333,12.689333333333332,17.022,73.66266666666667,1.2673333333333332,6.967333333333333,0.522,2.3,20.256000000000004,0.11733333333333337,14.033999999999997,3.056,82.70066666666668,76.26666666666667,23.0,39.60066666666667,13.666,38.73266666666667,11.067333333333332,27.667333333333335,13.133999999999999,13.333333333333334,1.0273333333333334,7.666666666666667,25.60066666666667,30.184000000000008,19.79933333333333,41.534,48.076666666666675,13.666,21.000666666666667,64.51199999999999,1.2660000000000002,7.066666666666666,0.5486666666666667,2.2659999999999996,19.532666666666664,0.11866666666666666,13.333333333333334,2.7326666666666664,77.13333333333334
