placar_casa,placar_visitante,data,round,stage,ano,equipe_casa,equipe_visitante,resultado,Pts_casa,3P_casa,2P_casa,LL_casa,RT_casa,RO_casa,RD_casa,AS_casa,ER_casa,IA%_casa,3PC_casa,3PT_casa,3P%_casa,2PC_casa,2PT_casa,2P%_casa,LLC_casa,LLT_casa,LL%_casa,EN_casa,BR_casa,B/E_casa,TO_casa,FC_casa,T/FC_casa,ET_casa,VI_casa,EF_casa,Pts_visitante,3P_visitante,2P_visitante,LL_visitante,RT_visitante,RO_visitante,RD_visitante,AS_visitante,ER_visitante,IA%_visitante,3PC_visitante,3PT_visitante,3P%_visitante,2PC_visitante,2PT_visitante,2P%_visitante,LLC_visitante,LLT_visitante,LL%_visitante,EN_visitante,BR_visitante,B/E_visitante,TO_visitante,FC_visitante,T/FC_visitante,ET_visitante,VI_visitante,EF_visitante
83,77,2010-03-21,10,2,2009-2010,Coop/São José Basketball,Sesi Franca,1,80.26666666666667,30.0,36.8,13.466666666666667,31.666666666666668,10.133333333333333,21.533333333333335,18.0,14.4,1.3186666666666664,10.0,27.866666666666667,35.79466666666667,18.4,32.53333333333333,56.592,13.466666666666667,20.0,67.452,1.2666666666666666,7.133333333333334,0.5433333333333334,1.9333333333333333,20.2,0.09933333333333334,14.4,1.4666666666666666,86.06666666666666,85.93333333333334,26.8,40.266666666666666,18.866666666666667,28.933333333333334,7.333333333333333,21.6,13.533333333333333,11.533333333333333,1.3293333333333335,8.933333333333334,23.0,39.186,20.133333333333333,38.2,52.94533333333333,18.866666666666667,24.666666666666668,77.36333333333333,0.8666666666666667,9.333333333333334,0.9066666666666667,2.2666666666666666,20.666666666666668,0.12200000000000001,11.533333333333333,2.4,90.53333333333333
