placar_casa,placar_visitante,data,round,stage,ano,equipe_casa,equipe_visitante,resultado,Pts_casa,3P_casa,2P_casa,LL_casa,RT_casa,RO_casa,RD_casa,AS_casa,ER_casa,IA%_casa,3PC_casa,3PT_casa,3P%_casa,2PC_casa,2PT_casa,2P%_casa,LLC_casa,LLT_casa,LL%_casa,EN_casa,BR_casa,B/E_casa,TO_casa,FC_casa,T/FC_casa,ET_casa,VI_casa,EF_casa,Pts_visitante,3P_visitante,2P_visitante,LL_visitante,RT_visitante,RO_visitante,RD_visitante,AS_visitante,ER_visitante,IA%_visitante,3PC_visitante,3PT_visitante,3P%_visitante,2PC_visitante,2PT_visitante,2P%_visitante,LLC_visitante,LLT_visitante,LL%_visitante,EN_visitante,BR_visitante,B/E_visitante,TO_visitante,FC_visitante,T/FC_visitante,ET_visitante,VI_visitante,EF_visitante
90,93,2024-02-29,6,2,2023-2024,Botafogo,Coop/São José Basketball,0,78.268,27.2,36.93333333333333,14.132666666666667,34.266666666666666,9.666,24.60066666666667,16.79933333333333,12.666,1.3786666666666665,9.066666666666666,27.332666666666668,33.12733333333333,18.46666666666666,37.53333333333333,49.023333333333326,14.132666666666667,19.932666666666666,71.28933333333335,0.7333333333333333,6.732666666666666,0.5426666666666667,1.8,20.866,0.08666666666666668,12.666,2.734,82.066,80.8,24.0,43.733333333333334,13.066666666666666,37.86666666666667,10.133333333333333,27.733333333333334,17.866666666666667,13.533333333333333,1.3866666666666665,8.0,22.733333333333334,35.09333333333334,21.866666666666667,41.4,53.23933333333333,13.066666666666666,18.866666666666667,68.57333333333334,2.1333333333333333,6.866666666666666,0.5259999999999999,1.9333333333333333,20.066666666666666,0.10200000000000004,13.533333333333333,3.466666666666667,91.73333333333333
