placar_casa,placar_visitante,data,round,stage,ano,equipe_casa,equipe_visitante,resultado,Pts_casa,3P_casa,2P_casa,LL_casa,RT_casa,RO_casa,RD_casa,AS_casa,ER_casa,IA%_casa,3PC_casa,3PT_casa,3P%_casa,2PC_casa,2PT_casa,2P%_casa,LLC_casa,LLT_casa,LL%_casa,EN_casa,BR_casa,B/E_casa,TO_casa,FC_casa,T/FC_casa,ET_casa,VI_casa,EF_casa,Pts_visitante,3P_visitante,2P_visitante,LL_visitante,RT_visitante,RO_visitante,RD_visitante,AS_visitante,ER_visitante,IA%_visitante,3PC_visitante,3PT_visitante,3P%_visitante,2PC_visitante,2PT_visitante,2P%_visitante,LLC_visitante,LLT_visitante,LL%_visitante,EN_visitante,BR_visitante,B/E_visitante,TO_visitante,FC_visitante,T/FC_visitante,ET_visitante,VI_visitante,EF_visitante
93,84,2019-12-02,8,1,2019-2020,Mogi,Brasília,1,81.11111111111111,28.666666666666668,34.22222222222222,18.22222222222222,35.0,8.444444444444445,26.555555555555557,17.444444444444443,13.11111111111111,1.3633333333333333,9.555555555555555,25.444444444444443,37.57777777777778,17.11111111111111,35.44444444444444,48.483333333333334,18.22222222222222,22.444444444444443,80.81,0.6666666666666666,8.0,0.6233333333333334,2.7777777777777777,20.444444444444443,0.14333333333333334,13.11111111111111,2.111111111111111,92.77777777777777,76.22222222222223,22.0,39.77777777777778,14.444444444444445,36.666666666666664,10.333333333333334,26.333333333333332,17.11111111111111,14.88888888888889,1.2044444444444444,7.333333333333333,23.11111111111111,31.571111111111115,19.88888888888889,39.111111111111114,51.18666666666667,14.444444444444445,20.88888888888889,70.44777777777779,1.7777777777777777,7.444444444444445,0.5288888888888889,2.111111111111111,20.666666666666668,0.10444444444444445,14.88888888888889,2.6666666666666665,82.77777777777777
