placar_casa,placar_visitante,data,round,stage,ano,equipe_casa,equipe_visitante,resultado,Pts_casa,3P_casa,2P_casa,LL_casa,RT_casa,RO_casa,RD_casa,AS_casa,ER_casa,IA%_casa,3PC_casa,3PT_casa,3P%_casa,2PC_casa,2PT_casa,2P%_casa,LLC_casa,LLT_casa,LL%_casa,EN_casa,BR_casa,B/E_casa,TO_casa,FC_casa,T/FC_casa,ET_casa,VI_casa,EF_casa,Pts_visitante,3P_visitante,2P_visitante,LL_visitante,RT_visitante,RO_visitante,RD_visitante,AS_visitante,ER_visitante,IA%_visitante,3PC_visitante,3PT_visitante,3P%_visitante,2PC_visitante,2PT_visitante,2P%_visitante,LLC_visitante,LLT_visitante,LL%_visitante,EN_visitante,BR_visitante,B/E_visitante,TO_visitante,FC_visitante,T/FC_visitante,ET_visitante,VI_visitante,EF_visitante
79,81,2019-03-14,10,2,2018-2019,Fortaleza B. C. / CFO,Pinheiros,0,71.86666666666666,23.2,38.666666666666664,10.0,37.0,11.4,25.6,12.733333333333333,14.733333333333333,0.9226666666666665,7.733333333333333,23.933333333333334,32.60066666666666,19.333333333333332,38.4,50.51733333333333,10.0,16.333333333333332,60.77066666666666,1.4666666666666666,8.066666666666666,0.5726666666666668,2.2,19.666666666666668,0.11400000000000003,14.733333333333333,3.4,75.26666666666667,81.7,31.8,35.8,14.1,37.0,11.3,25.7,15.266666666666667,13.0,1.3333333333333333,10.6,28.8,37.05133333333333,17.9,35.4,50.64066666666666,14.1,19.966666666666665,71.66,1.1333333333333333,7.633333333333334,0.6606666666666666,1.4666666666666666,19.033333333333335,0.082,13.0,2.8,88.5
