placar_casa,placar_visitante,data,round,stage,ano,equipe_casa,equipe_visitante,resultado,Pts_casa,3P_casa,2P_casa,LL_casa,RT_casa,RO_casa,RD_casa,AS_casa,ER_casa,IA%_casa,3PC_casa,3PT_casa,3P%_casa,2PC_casa,2PT_casa,2P%_casa,LLC_casa,LLT_casa,LL%_casa,EN_casa,BR_casa,B/E_casa,TO_casa,FC_casa,T/FC_casa,ET_casa,VI_casa,EF_casa,Pts_visitante,3P_visitante,2P_visitante,LL_visitante,RT_visitante,RO_visitante,RD_visitante,AS_visitante,ER_visitante,IA%_visitante,3PC_visitante,3PT_visitante,3P%_visitante,2PC_visitante,2PT_visitante,2P%_visitante,LLC_visitante,LLT_visitante,LL%_visitante,EN_visitante,BR_visitante,B/E_visitante,TO_visitante,FC_visitante,T/FC_visitante,ET_visitante,VI_visitante,EF_visitante
95,80,2022-01-27,1,2,2021-2022,Sesi Franca,Pinheiros,1,91.80066666666669,34.0,43.00066666666666,14.8,42.06600000000001,9.433333333333334,32.632666666666665,17.666,13.166000000000002,1.384,11.333333333333334,29.70066666666667,38.154666666666664,21.49933333333333,35.20066666666666,61.282666666666664,14.8,19.167333333333335,78.39933333333333,2.8673333333333337,6.0,0.4713333333333333,3.1326666666666663,16.066666666666666,0.2166666666666667,13.166000000000002,1.9340000000000004,111.06733333333335,76.66666666666667,25.9,38.53333333333333,12.233333333333333,42.666666666666664,15.566666666666666,27.1,15.633333333333333,13.8,1.16,8.633333333333333,28.4,30.72133333333333,19.266666666666666,41.06666666666667,47.18266666666667,12.233333333333333,18.133333333333333,67.11066666666666,1.5666666666666667,7.366666666666666,0.5413333333333333,3.3,16.666666666666668,0.19600000000000004,13.8,2.3666666666666667,84.36666666666666
