placar_casa,placar_visitante,data,round,stage,ano,equipe_casa,equipe_visitante,resultado,Pts_casa,3P_casa,2P_casa,LL_casa,RT_casa,RO_casa,RD_casa,AS_casa,ER_casa,IA%_casa,3PC_casa,3PT_casa,3P%_casa,2PC_casa,2PT_casa,2P%_casa,LLC_casa,LLT_casa,LL%_casa,EN_casa,BR_casa,B/E_casa,TO_casa,FC_casa,T/FC_casa,ET_casa,VI_casa,EF_casa,Pts_visitante,3P_visitante,2P_visitante,LL_visitante,RT_visitante,RO_visitante,RD_visitante,AS_visitante,ER_visitante,IA%_visitante,3PC_visitante,3PT_visitante,3P%_visitante,2PC_visitante,2PT_visitante,2P%_visitante,LLC_visitante,LLT_visitante,LL%_visitante,EN_visitante,BR_visitante,B/E_visitante,TO_visitante,FC_visitante,T/FC_visitante,ET_visitante,VI_visitante,EF_visitante
98,64,2015-05-05,5,4,2014-2015,Flamengo,Coop/São José Basketball,1,89.0,30.0,43.333333333333336,15.666666666666666,37.06666666666667,10.466666666666667,26.6,17.533333333333335,10.733333333333333,1.858666666666667,10.0,25.133333333333333,39.95133333333334,21.666666666666668,38.733333333333334,56.00066666666666,15.666666666666666,20.8,75.77733333333335,2.2,9.4,0.9900000000000001,1.6,18.2,0.09333333333333335,10.733333333333333,1.4666666666666666,106.53333333333333,79.73333333333333,21.4,46.266666666666666,12.066666666666666,35.2,10.0,25.2,17.666666666666668,12.266666666666667,1.532,7.133333333333334,20.333333333333332,36.16733333333333,23.133333333333333,42.93333333333333,54.345333333333336,12.066666666666666,16.0,74.52666666666666,0.7333333333333333,6.066666666666666,0.49599999999999994,2.6,19.466666666666665,0.1373333333333333,12.266666666666667,2.2666666666666666,92.06666666666666
