placar_casa,placar_visitante,data,round,stage,ano,equipe_casa,equipe_visitante,resultado,Pts_casa,3P_casa,2P_casa,LL_casa,RT_casa,RO_casa,RD_casa,AS_casa,ER_casa,IA%_casa,3PC_casa,3PT_casa,3P%_casa,2PC_casa,2PT_casa,2P%_casa,LLC_casa,LLT_casa,LL%_casa,EN_casa,BR_casa,B/E_casa,TO_casa,FC_casa,T/FC_casa,ET_casa,VI_casa,EF_casa,Pts_visitante,3P_visitante,2P_visitante,LL_visitante,RT_visitante,RO_visitante,RD_visitante,AS_visitante,ER_visitante,IA%_visitante,3PC_visitante,3PT_visitante,3P%_visitante,2PC_visitante,2PT_visitante,2P%_visitante,LLC_visitante,LLT_visitante,LL%_visitante,EN_visitante,BR_visitante,B/E_visitante,TO_visitante,FC_visitante,T/FC_visitante,ET_visitante,VI_visitante,EF_visitante
85,88,2016-03-25,14,2,2015-2016,Mogi,Flamengo,0,82.06666666666666,24.0,42.266666666666666,15.8,35.93333333333333,11.2,24.733333333333334,16.6,12.333333333333334,1.481333333333333,8.0,25.266666666666666,32.333999999999996,21.133333333333333,38.8,54.691333333333326,15.8,22.066666666666666,73.00466666666667,1.8666666666666667,11.8,1.1026666666666667,2.2,19.866666666666667,0.11333333333333333,12.333333333333334,2.8,95.06666666666666,84.8,23.6,46.8,14.4,37.266666666666666,10.4,26.866666666666667,19.333333333333332,13.0,1.5433333333333332,7.866666666666666,21.066666666666666,37.70466666666667,23.4,41.8,56.07000000000001,14.4,18.8,73.11533333333334,1.6,10.4,0.818,3.0,17.333333333333332,0.1793333333333334,13.0,1.8,105.8
