placar_casa,placar_visitante,data,round,stage,ano,equipe_casa,equipe_visitante,resultado,Pts_casa,3P_casa,2P_casa,LL_casa,RT_casa,RO_casa,RD_casa,AS_casa,ER_casa,IA%_casa,3PC_casa,3PT_casa,3P%_casa,2PC_casa,2PT_casa,2P%_casa,LLC_casa,LLT_casa,LL%_casa,EN_casa,BR_casa,B/E_casa,TO_casa,FC_casa,T/FC_casa,ET_casa,VI_casa,EF_casa,Pts_visitante,3P_visitante,2P_visitante,LL_visitante,RT_visitante,RO_visitante,RD_visitante,AS_visitante,ER_visitante,IA%_visitante,3PC_visitante,3PT_visitante,3P%_visitante,2PC_visitante,2PT_visitante,2P%_visitante,LLC_visitante,LLT_visitante,LL%_visitante,EN_visitante,BR_visitante,B/E_visitante,TO_visitante,FC_visitante,T/FC_visitante,ET_visitante,VI_visitante,EF_visitante
82,77,2009-04-29,11,2,2008-2009,Brasília,Minas,1,88.0,23.0,42.93333333333333,22.066666666666666,30.2,7.133333333333334,23.066666666666666,15.733333333333333,15.466666666666667,1.0719999999999998,7.666666666666667,21.066666666666666,37.139333333333326,21.466666666666665,36.0,59.94599999999999,22.066666666666666,28.6,76.88666666666667,2.8,8.666666666666666,0.5893333333333336,4.333333333333333,22.066666666666666,0.21333333333333335,15.466666666666667,0.0,97.0,89.66666666666667,23.8,48.666666666666664,17.2,33.93333333333333,9.666666666666666,24.266666666666666,16.8,15.266666666666667,1.144,7.933333333333334,20.6,38.284666666666666,24.333333333333332,40.53333333333333,60.441333333333326,17.2,23.666666666666668,73.06933333333333,1.2666666666666666,7.4,0.4953333333333333,3.933333333333333,17.6,0.22400000000000006,15.266666666666667,0.0,101.13333333333334
