placar_casa,placar_visitante,data,round,stage,ano,equipe_casa,equipe_visitante,resultado,Pts_casa,3P_casa,2P_casa,LL_casa,RT_casa,RO_casa,RD_casa,AS_casa,ER_casa,IA%_casa,3PC_casa,3PT_casa,3P%_casa,2PC_casa,2PT_casa,2P%_casa,LLC_casa,LLT_casa,LL%_casa,EN_casa,BR_casa,B/E_casa,TO_casa,FC_casa,T/FC_casa,ET_casa,VI_casa,EF_casa,Pts_visitante,3P_visitante,2P_visitante,LL_visitante,RT_visitante,RO_visitante,RD_visitante,AS_visitante,ER_visitante,IA%_visitante,3PC_visitante,3PT_visitante,3P%_visitante,2PC_visitante,2PT_visitante,2P%_visitante,LLC_visitante,LLT_visitante,LL%_visitante,EN_visitante,BR_visitante,B/E_visitante,TO_visitante,FC_visitante,T/FC_visitante,ET_visitante,VI_visitante,EF_visitante
88,79,2016-03-23,13,2,2015-2016,Mogi,Macaé Basquete,1,81.2,24.4,40.666666666666664,16.133333333333333,35.266666666666666,10.733333333333333,24.533333333333335,15.8,12.666666666666666,1.409333333333333,8.133333333333333,25.266666666666666,33.00066666666667,20.333333333333332,37.6,54.32266666666666,16.133333333333333,22.6,72.58133333333332,1.7333333333333334,11.533333333333333,1.0713333333333332,2.1333333333333333,19.933333333333334,0.11,12.666666666666666,2.6,92.4,73.53333333333333,21.0,33.46666666666667,19.066666666666666,34.93333333333333,9.333333333333334,25.6,14.533333333333333,14.266666666666667,1.082,7.0,23.0,31.00333333333333,16.733333333333334,36.2,46.769999999999996,19.066666666666666,24.0,79.54400000000001,1.1333333333333333,8.733333333333333,0.6613333333333332,1.4666666666666666,22.0,0.06266666666666666,14.266666666666667,2.6,78.53333333333333
