placar_casa,placar_visitante,data,round,stage,ano,equipe_casa,equipe_visitante,resultado,Pts_casa,3P_casa,2P_casa,LL_casa,RT_casa,RO_casa,RD_casa,AS_casa,ER_casa,IA%_casa,3PC_casa,3PT_casa,3P%_casa,2PC_casa,2PT_casa,2P%_casa,LLC_casa,LLT_casa,LL%_casa,EN_casa,BR_casa,B/E_casa,TO_casa,FC_casa,T/FC_casa,ET_casa,VI_casa,EF_casa,Pts_visitante,3P_visitante,2P_visitante,LL_visitante,RT_visitante,RO_visitante,RD_visitante,AS_visitante,ER_visitante,IA%_visitante,3PC_visitante,3PT_visitante,3P%_visitante,2PC_visitante,2PT_visitante,2P%_visitante,LLC_visitante,LLT_visitante,LL%_visitante,EN_visitante,BR_visitante,B/E_visitante,TO_visitante,FC_visitante,T/FC_visitante,ET_visitante,VI_visitante,EF_visitante
84,89,2024-03-08,7,2,2023-2024,BRB/Brasília,R10 Score Vasco da Gama,0,70.06666666666666,25.2,34.844,10.022666666666668,31.556,9.110666666666667,22.444,12.756,12.6,1.14,8.4,26.489333333333335,31.66266666666667,17.422666666666668,38.53333333333333,45.51733333333334,10.022666666666668,14.956,65.69866666666665,1.1333333333333333,7.110666666666666,0.6073333333333333,1.6,18.733333333333334,0.08466666666666667,12.6,1.956,66.35600000000001,79.06666666666666,29.5,35.0,14.566666666666666,35.06666666666667,8.7,26.366666666666667,20.566666666666666,14.766666666666667,1.4813333333333332,9.833333333333334,27.233333333333334,36.32399999999999,17.5,31.066666666666666,56.04333333333332,14.566666666666666,18.9,77.66533333333334,1.8333333333333333,6.833333333333333,0.47066666666666657,2.7,22.166666666666668,0.12266666666666666,14.766666666666667,3.2666666666666666,94.16666666666667
