placar_casa,placar_visitante,data,round,stage,ano,equipe_casa,equipe_visitante,resultado,Pts_casa,3P_casa,2P_casa,LL_casa,RT_casa,RO_casa,RD_casa,AS_casa,ER_casa,IA%_casa,3PC_casa,3PT_casa,3P%_casa,2PC_casa,2PT_casa,2P%_casa,LLC_casa,LLT_casa,LL%_casa,EN_casa,BR_casa,B/E_casa,TO_casa,FC_casa,T/FC_casa,ET_casa,VI_casa,EF_casa,Pts_visitante,3P_visitante,2P_visitante,LL_visitante,RT_visitante,RO_visitante,RD_visitante,AS_visitante,ER_visitante,IA%_visitante,3PC_visitante,3PT_visitante,3P%_visitante,2PC_visitante,2PT_visitante,2P%_visitante,LLC_visitante,LLT_visitante,LL%_visitante,EN_visitante,BR_visitante,B/E_visitante,TO_visitante,FC_visitante,T/FC_visitante,ET_visitante,VI_visitante,EF_visitante
92,86,2013-04-04,17,2,2012-2013,Palmeiras,Joinville,1,83.26666666666667,48.4,42.13333333333333,18.933333333333334,32.93333333333333,10.133333333333333,22.8,12.866666666666667,13.666666666666666,1.1433333333333335,7.4,22.266666666666666,33.114000000000004,21.066666666666666,40.733333333333334,51.732,18.933333333333334,27.4,69.06733333333334,2.4,8.133333333333333,0.7033333333333334,1.9333333333333333,20.733333333333334,0.08733333333333333,13.666666666666666,3.066666666666667,91.2,75.66666666666667,60.6,44.266666666666666,16.4,28.266666666666666,10.866666666666667,17.4,11.133333333333333,15.066666666666666,0.8359999999999999,5.0,17.933333333333334,27.654666666666667,22.133333333333333,43.93333333333333,50.15466666666667,16.4,23.733333333333334,68.86333333333332,2.466666666666667,9.666666666666666,0.7246666666666666,2.933333333333333,21.4,0.13933333333333334,15.066666666666666,3.7333333333333334,80.8
