placar_casa,placar_visitante,data,round,stage,ano,equipe_casa,equipe_visitante,resultado,Pts_casa,3P_casa,2P_casa,LL_casa,RT_casa,RO_casa,RD_casa,AS_casa,ER_casa,IA%_casa,3PC_casa,3PT_casa,3P%_casa,2PC_casa,2PT_casa,2P%_casa,LLC_casa,LLT_casa,LL%_casa,EN_casa,BR_casa,B/E_casa,TO_casa,FC_casa,T/FC_casa,ET_casa,VI_casa,EF_casa,Pts_visitante,3P_visitante,2P_visitante,LL_visitante,RT_visitante,RO_visitante,RD_visitante,AS_visitante,ER_visitante,IA%_visitante,3PC_visitante,3PT_visitante,3P%_visitante,2PC_visitante,2PT_visitante,2P%_visitante,LLC_visitante,LLT_visitante,LL%_visitante,EN_visitante,BR_visitante,B/E_visitante,TO_visitante,FC_visitante,T/FC_visitante,ET_visitante,VI_visitante,EF_visitante
87,64,2015-02-26,10,2,2014-2015,Bauru Basket,Uberlândia,1,92.73333333333333,38.4,39.86666666666667,14.466666666666667,38.266666666666666,9.333333333333334,28.933333333333334,18.866666666666667,11.533333333333333,1.8493333333333335,12.8,31.066666666666666,40.82333333333334,19.933333333333334,33.4,59.34333333333335,14.466666666666667,18.933333333333334,75.23533333333333,1.2666666666666666,8.666666666666666,0.8673333333333334,1.8,18.0,0.10800000000000003,11.533333333333333,1.6,112.6,74.73333333333333,20.2,39.06666666666667,15.466666666666667,31.2,7.6,23.6,14.0,15.266666666666667,1.02,6.733333333333333,20.933333333333334,32.27133333333333,19.533333333333335,37.06666666666667,52.916666666666664,15.466666666666667,19.2,80.09200000000001,1.4666666666666666,9.466666666666667,0.706,2.8666666666666667,22.333333333333332,0.13733333333333334,15.266666666666667,3.2666666666666666,81.53333333333333
