placar_casa,placar_visitante,data,round,stage,ano,equipe_casa,equipe_visitante,resultado,Pts_casa,3P_casa,2P_casa,LL_casa,RT_casa,RO_casa,RD_casa,AS_casa,ER_casa,IA%_casa,3PC_casa,3PT_casa,3P%_casa,2PC_casa,2PT_casa,2P%_casa,LLC_casa,LLT_casa,LL%_casa,EN_casa,BR_casa,B/E_casa,TO_casa,FC_casa,T/FC_casa,ET_casa,VI_casa,EF_casa,Pts_visitante,3P_visitante,2P_visitante,LL_visitante,RT_visitante,RO_visitante,RD_visitante,AS_visitante,ER_visitante,IA%_visitante,3PC_visitante,3PT_visitante,3P%_visitante,2PC_visitante,2PT_visitante,2P%_visitante,LLC_visitante,LLT_visitante,LL%_visitante,EN_visitante,BR_visitante,B/E_visitante,TO_visitante,FC_visitante,T/FC_visitante,ET_visitante,VI_visitante,EF_visitante
73,85,2014-12-12,10,1,2014-2015,Brasília,Rio Claro,0,79.375,21.375,41.5,16.5,36.625,11.125,25.5,16.625,13.625,1.2375,7.125,20.25,35.185,20.75,41.75,49.945,16.5,20.375,81.3125,2.75,8.0,0.60375,2.875,23.125,0.12875,13.625,2.625,91.875,72.0,18.666666666666668,40.22222222222222,13.11111111111111,30.77777777777778,8.11111111111111,22.666666666666668,16.444444444444443,14.777777777777779,1.2255555555555555,6.222222222222222,22.22222222222222,27.733333333333334,20.11111111111111,38.55555555555556,51.96000000000001,13.11111111111111,16.88888888888889,77.41777777777777,1.7777777777777777,11.11111111111111,0.7844444444444445,0.8888888888888888,17.333333333333332,0.060000000000000005,14.777777777777779,3.6666666666666665,78.22222222222223
