placar_casa,placar_visitante,data,round,stage,ano,equipe_casa,equipe_visitante,resultado,Pts_casa,3P_casa,2P_casa,LL_casa,RT_casa,RO_casa,RD_casa,AS_casa,ER_casa,IA%_casa,3PC_casa,3PT_casa,3P%_casa,2PC_casa,2PT_casa,2P%_casa,LLC_casa,LLT_casa,LL%_casa,EN_casa,BR_casa,B/E_casa,TO_casa,FC_casa,T/FC_casa,ET_casa,VI_casa,EF_casa,Pts_visitante,3P_visitante,2P_visitante,LL_visitante,RT_visitante,RO_visitante,RD_visitante,AS_visitante,ER_visitante,IA%_visitante,3PC_visitante,3PT_visitante,3P%_visitante,2PC_visitante,2PT_visitante,2P%_visitante,LLC_visitante,LLT_visitante,LL%_visitante,EN_visitante,BR_visitante,B/E_visitante,TO_visitante,FC_visitante,T/FC_visitante,ET_visitante,VI_visitante,EF_visitante
97,63,2012-03-03,10,2,2011-2012,Brasília,Paulistano,1,87.07692307692308,24.0,45.23076923076923,17.846153846153847,32.46153846153846,8.76923076923077,23.692307692307693,14.692307692307692,14.153846153846153,1.0699999999999998,8.0,23.153846153846153,34.8,22.615384615384617,38.38461538461539,58.980000000000004,17.846153846153847,21.76923076923077,82.1776923076923,1.3076923076923077,7.076923076923077,0.5276923076923077,2.769230769230769,21.76923076923077,0.13461538461538464,14.153846153846153,3.1538461538461537,97.15384615384616,86.0,22.75,45.5,17.75,30.166666666666668,7.916666666666667,22.25,12.25,14.0,1.0108333333333333,7.583333333333333,20.583333333333332,35.81333333333334,22.75,39.833333333333336,57.23500000000001,17.75,22.333333333333332,76.8525,1.5833333333333333,7.583333333333333,0.6191666666666668,2.25,22.416666666666668,0.1075,14.0,3.9166666666666665,91.75
