placar_casa,placar_visitante,data,round,stage,ano,equipe_casa,equipe_visitante,resultado,Pts_casa,3P_casa,2P_casa,LL_casa,RT_casa,RO_casa,RD_casa,AS_casa,ER_casa,IA%_casa,3PC_casa,3PT_casa,3P%_casa,2PC_casa,2PT_casa,2P%_casa,LLC_casa,LLT_casa,LL%_casa,EN_casa,BR_casa,B/E_casa,TO_casa,FC_casa,T/FC_casa,ET_casa,VI_casa,EF_casa,Pts_visitante,3P_visitante,2P_visitante,LL_visitante,RT_visitante,RO_visitante,RD_visitante,AS_visitante,ER_visitante,IA%_visitante,3PC_visitante,3PT_visitante,3P%_visitante,2PC_visitante,2PT_visitante,2P%_visitante,LLC_visitante,LLT_visitante,LL%_visitante,EN_visitante,BR_visitante,B/E_visitante,TO_visitante,FC_visitante,T/FC_visitante,ET_visitante,VI_visitante,EF_visitante
89,109,2020-12-13,5,1,2020-2021,Caxias do Sul Basquete,São Paulo,0,68.69,21.9375,33.75125,13.00125,33.125,9.938749999999999,23.18625,12.815,14.061250000000001,0.9124999999999999,7.315,23.37375,31.126250000000002,16.87375,35.62500000000001,47.275000000000006,13.00125,19.62375,65.57499999999999,1.06125,5.625000000000001,0.39625000000000005,1.3125,21.935,0.06625,14.061250000000001,2.125,66.0625,97.04374999999999,38.5,43.833749999999995,14.7075,37.625,8.79125,28.833749999999995,19.25,9.91625,1.9737500000000003,12.83375,30.916250000000005,41.402499999999996,21.916249999999998,37.082499999999996,59.41374999999999,14.7075,18.706249999999997,79.075,3.75,8.706249999999999,0.8887500000000002,3.0412500000000007,16.4175,0.18625000000000005,9.91625,1.66875,118.49875
