placar_casa,placar_visitante,data,round,stage,ano,equipe_casa,equipe_visitante,resultado,Pts_casa,3P_casa,2P_casa,LL_casa,RT_casa,RO_casa,RD_casa,AS_casa,ER_casa,IA%_casa,3PC_casa,3PT_casa,3P%_casa,2PC_casa,2PT_casa,2P%_casa,LLC_casa,LLT_casa,LL%_casa,EN_casa,BR_casa,B/E_casa,TO_casa,FC_casa,T/FC_casa,ET_casa,VI_casa,EF_casa,Pts_visitante,3P_visitante,2P_visitante,LL_visitante,RT_visitante,RO_visitante,RD_visitante,AS_visitante,ER_visitante,IA%_visitante,3PC_visitante,3PT_visitante,3P%_visitante,2PC_visitante,2PT_visitante,2P%_visitante,LLC_visitante,LLT_visitante,LL%_visitante,EN_visitante,BR_visitante,B/E_visitante,TO_visitante,FC_visitante,T/FC_visitante,ET_visitante,VI_visitante,EF_visitante
98,87,2016-12-22,12,1,2016-2017,Flamengo,Vitória,1,90.0,25.333333333333332,44.666666666666664,20.0,40.77777777777778,9.88888888888889,30.88888888888889,18.88888888888889,13.444444444444445,1.4344444444444444,8.444444444444445,25.444444444444443,32.20222222222222,22.333333333333332,39.77777777777778,56.26,20.0,26.0,76.01888888888888,1.2222222222222223,7.0,0.5144444444444445,1.4444444444444444,19.22222222222222,0.08555555555555555,13.444444444444445,3.2222222222222223,104.22222222222223,75.0,21.666666666666668,38.666666666666664,14.666666666666666,35.333333333333336,8.666666666666666,26.666666666666668,16.11111111111111,14.222222222222221,1.231111111111111,7.222222222222222,21.88888888888889,32.583333333333336,19.333333333333332,37.888888888888886,51.266666666666666,14.666666666666666,19.88888888888889,75.52666666666666,1.3333333333333333,6.666666666666667,0.48888888888888893,1.5555555555555556,20.88888888888889,0.07888888888888888,14.222222222222221,4.222222222222222,82.0
