placar_casa,placar_visitante,data,round,stage,ano,equipe_casa,equipe_visitante,resultado,Pts_casa,3P_casa,2P_casa,LL_casa,RT_casa,RO_casa,RD_casa,AS_casa,ER_casa,IA%_casa,3PC_casa,3PT_casa,3P%_casa,2PC_casa,2PT_casa,2P%_casa,LLC_casa,LLT_casa,LL%_casa,EN_casa,BR_casa,B/E_casa,TO_casa,FC_casa,T/FC_casa,ET_casa,VI_casa,EF_casa,Pts_visitante,3P_visitante,2P_visitante,LL_visitante,RT_visitante,RO_visitante,RD_visitante,AS_visitante,ER_visitante,IA%_visitante,3PC_visitante,3PT_visitante,3P%_visitante,2PC_visitante,2PT_visitante,2P%_visitante,LLC_visitante,LLT_visitante,LL%_visitante,EN_visitante,BR_visitante,B/E_visitante,TO_visitante,FC_visitante,T/FC_visitante,ET_visitante,VI_visitante,EF_visitante
91,82,2021-03-14,6,2,2020-2021,Corinthians,Pato Basquete,1,83.466,35.0,35.734,12.734,37.666000000000004,9.399333333333335,28.266666666666666,17.399333333333335,13.0,1.3953333333333333,11.666666666666666,29.599333333333334,39.00800000000001,17.866,35.734,50.251999999999995,12.734,16.466666666666665,78.71733333333331,0.8006666666666666,6.465999999999999,0.5373333333333332,2.066666666666667,19.667333333333332,0.10933333333333332,13.0,1.3326666666666669,94.53266666666667,76.70066666666668,24.7,36.86666666666667,15.133999999999999,37.13133333333333,10.633333333333333,26.500000000000004,15.468666666666666,13.367333333333333,1.328,8.232666666666667,24.365999999999996,34.35000000000001,18.433333333333337,40.2,45.687333333333335,15.133999999999999,21.434000000000005,70.77533333333332,1.468,7.833333333333333,0.6093333333333335,1.6673333333333331,21.56533333333333,0.07866666666666668,13.367333333333333,2.7326666666666664,81.23400000000001
