placar_casa,placar_visitante,data,round,stage,ano,equipe_casa,equipe_visitante,resultado,Pts_casa,3P_casa,2P_casa,LL_casa,RT_casa,RO_casa,RD_casa,AS_casa,ER_casa,IA%_casa,3PC_casa,3PT_casa,3P%_casa,2PC_casa,2PT_casa,2P%_casa,LLC_casa,LLT_casa,LL%_casa,EN_casa,BR_casa,B/E_casa,TO_casa,FC_casa,T/FC_casa,ET_casa,VI_casa,EF_casa,Pts_visitante,3P_visitante,2P_visitante,LL_visitante,RT_visitante,RO_visitante,RD_visitante,AS_visitante,ER_visitante,IA%_visitante,3PC_visitante,3PT_visitante,3P%_visitante,2PC_visitante,2PT_visitante,2P%_visitante,LLC_visitante,LLT_visitante,LL%_visitante,EN_visitante,BR_visitante,B/E_visitante,TO_visitante,FC_visitante,T/FC_visitante,ET_visitante,VI_visitante,EF_visitante
72,69,2023-05-17,3,5,2022-2023,São Paulo,Flamengo,1,83.8,32.2,36.93333333333333,14.666666666666666,34.6,8.466666666666667,26.133333333333333,17.466666666666665,12.066666666666666,1.5086666666666666,10.733333333333333,30.2,35.27733333333333,18.466666666666665,32.666666666666664,56.82600000000001,14.666666666666666,19.266666666666666,76.14000000000001,1.1333333333333333,6.8,0.588,0.8666666666666667,19.733333333333334,0.04066666666666667,12.066666666666666,2.466666666666667,93.2,85.66666666666667,34.06666666666667,38.266666666666666,13.333333333333334,39.221999999999994,11.111333333333334,28.111333333333334,20.0,14.4,1.5799999999999996,11.355333333333332,30.533333333333335,37.758,19.133333333333333,32.24466666666667,58.346000000000004,13.333333333333334,17.244666666666667,77.23066666666666,1.4446666666666668,6.1113333333333335,0.476,1.6886666666666665,18.555333333333333,0.09733333333333334,14.4,2.155333333333333,102.08866666666667
