placar_casa,placar_visitante,data,round,stage,ano,equipe_casa,equipe_visitante,resultado,Pts_casa,3P_casa,2P_casa,LL_casa,RT_casa,RO_casa,RD_casa,AS_casa,ER_casa,IA%_casa,3PC_casa,3PT_casa,3P%_casa,2PC_casa,2PT_casa,2P%_casa,LLC_casa,LLT_casa,LL%_casa,EN_casa,BR_casa,B/E_casa,TO_casa,FC_casa,T/FC_casa,ET_casa,VI_casa,EF_casa,Pts_visitante,3P_visitante,2P_visitante,LL_visitante,RT_visitante,RO_visitante,RD_visitante,AS_visitante,ER_visitante,IA%_visitante,3PC_visitante,3PT_visitante,3P%_visitante,2PC_visitante,2PT_visitante,2P%_visitante,LLC_visitante,LLT_visitante,LL%_visitante,EN_visitante,BR_visitante,B/E_visitante,TO_visitante,FC_visitante,T/FC_visitante,ET_visitante,VI_visitante,EF_visitante
91,75,2019-11-26,7,1,2019-2020,Corinthians,UNIFACISA,1,85.40777777777777,30.0,43.556666666666665,11.851111111111111,36.92666666666666,11.222222222222221,25.70444444444444,19.257777777777775,12.666666666666666,1.6355555555555557,9.998888888888889,22.962222222222223,43.39666666666667,21.776666666666667,41.556666666666665,52.41111111111111,11.851111111111111,17.51777777777778,67.18,2.631111111111111,6.593333333333333,0.5455555555555556,2.2588888888888885,21.00111111111111,0.10777777777777779,12.666666666666666,1.7022222222222223,99.11,84.42857142857143,29.571428571428573,41.714285714285715,13.142857142857142,38.857142857142854,11.0,27.857142857142858,18.428571428571427,11.857142857142858,1.5657142857142856,9.857142857142858,29.428571428571427,34.112857142857145,20.857142857142858,38.857142857142854,53.982857142857135,13.142857142857142,18.428571428571427,71.93285714285715,1.4285714285714286,8.142857142857142,0.7014285714285714,2.142857142857143,19.428571428571427,0.1142857142857143,11.857142857142858,2.0,97.28571428571429
