placar_casa,placar_visitante,data,round,stage,ano,equipe_casa,equipe_visitante,resultado,Pts_casa,3P_casa,2P_casa,LL_casa,RT_casa,RO_casa,RD_casa,AS_casa,ER_casa,IA%_casa,3PC_casa,3PT_casa,3P%_casa,2PC_casa,2PT_casa,2P%_casa,LLC_casa,LLT_casa,LL%_casa,EN_casa,BR_casa,B/E_casa,TO_casa,FC_casa,T/FC_casa,ET_casa,VI_casa,EF_casa,Pts_visitante,3P_visitante,2P_visitante,LL_visitante,RT_visitante,RO_visitante,RD_visitante,AS_visitante,ER_visitante,IA%_visitante,3PC_visitante,3PT_visitante,3P%_visitante,2PC_visitante,2PT_visitante,2P%_visitante,LLC_visitante,LLT_visitante,LL%_visitante,EN_visitante,BR_visitante,B/E_visitante,TO_visitante,FC_visitante,T/FC_visitante,ET_visitante,VI_visitante,EF_visitante
63,60,2009-04-23,10,2,2008-2009,Assis,Coop/São José Basketball,1,74.46666666666667,22.0,33.6,18.866666666666667,27.466666666666665,8.0,19.466666666666665,12.0,14.066666666666666,0.9673333333333335,7.333333333333333,21.933333333333334,34.11533333333333,16.8,32.53333333333333,51.586000000000006,18.866666666666667,25.933333333333334,73.50933333333336,1.3333333333333333,6.866666666666666,0.5393333333333333,3.2,21.733333333333334,0.15133333333333335,14.066666666666666,0.0,72.53333333333333,75.66666666666667,23.0,37.733333333333334,14.933333333333334,29.533333333333335,10.2,19.333333333333332,12.0,13.6,0.968,7.666666666666667,24.533333333333335,30.716,18.866666666666667,38.2,50.001999999999995,14.933333333333334,21.533333333333335,70.30466666666668,0.7333333333333333,7.0,0.544,1.8,23.666666666666668,0.08733333333333335,13.6,0.0,69.6
