placar_casa,placar_visitante,data,round,stage,ano,equipe_casa,equipe_visitante,resultado,Pts_casa,3P_casa,2P_casa,LL_casa,RT_casa,RO_casa,RD_casa,AS_casa,ER_casa,IA%_casa,3PC_casa,3PT_casa,3P%_casa,2PC_casa,2PT_casa,2P%_casa,LLC_casa,LLT_casa,LL%_casa,EN_casa,BR_casa,B/E_casa,TO_casa,FC_casa,T/FC_casa,ET_casa,VI_casa,EF_casa,Pts_visitante,3P_visitante,2P_visitante,LL_visitante,RT_visitante,RO_visitante,RD_visitante,AS_visitante,ER_visitante,IA%_visitante,3PC_visitante,3PT_visitante,3P%_visitante,2PC_visitante,2PT_visitante,2P%_visitante,LLC_visitante,LLT_visitante,LL%_visitante,EN_visitante,BR_visitante,B/E_visitante,TO_visitante,FC_visitante,T/FC_visitante,ET_visitante,VI_visitante,EF_visitante
74,86,2024-02-17,5,2,2023-2024,BRB/Brasília,Flamengo,0,70.46666666666667,24.0,35.33266666666667,11.133999999999999,31.534,9.066,22.466,12.334,13.466666666666667,0.9326666666666666,8.0,25.600666666666665,31.649333333333335,17.667333333333332,38.6,46.07266666666668,11.133999999999999,16.400666666666666,66.76866666666666,1.0666666666666667,7.465999999999999,0.5586666666666666,1.5333333333333334,19.866666666666667,0.07400000000000001,13.466666666666667,2.134,66.06733333333334,87.99933333333335,30.3,40.4,17.29933333333333,39.034,11.334,27.7,21.365999999999996,12.834,1.7186666666666668,10.100666666666665,27.534000000000002,36.802666666666674,20.2,36.266,55.63200000000001,17.29933333333333,22.666666666666668,76.84066666666666,1.6993333333333334,6.999333333333333,0.56,1.8326666666666662,18.465999999999998,0.1053333333333333,12.834,2.5,105.53266666666667
