placar_casa,placar_visitante,data,round,stage,ano,equipe_casa,equipe_visitante,resultado,Pts_casa,3P_casa,2P_casa,LL_casa,RT_casa,RO_casa,RD_casa,AS_casa,ER_casa,IA%_casa,3PC_casa,3PT_casa,3P%_casa,2PC_casa,2PT_casa,2P%_casa,LLC_casa,LLT_casa,LL%_casa,EN_casa,BR_casa,B/E_casa,TO_casa,FC_casa,T/FC_casa,ET_casa,VI_casa,EF_casa,Pts_visitante,3P_visitante,2P_visitante,LL_visitante,RT_visitante,RO_visitante,RD_visitante,AS_visitante,ER_visitante,IA%_visitante,3PC_visitante,3PT_visitante,3P%_visitante,2PC_visitante,2PT_visitante,2P%_visitante,LLC_visitante,LLT_visitante,LL%_visitante,EN_visitante,BR_visitante,B/E_visitante,TO_visitante,FC_visitante,T/FC_visitante,ET_visitante,VI_visitante,EF_visitante
73,68,2021-12-02,6,1,2021-2022,Bauru Basket,Pinheiros,1,77.14285714285714,25.285714285714285,39.42857142857143,12.428571428571429,37.857142857142854,9.0,28.857142857142858,16.714285714285715,11.714285714285714,1.5028571428571431,8.428571428571429,29.571428571428573,28.177142857142858,19.714285714285715,32.714285714285715,60.22714285714285,12.428571428571429,16.0,78.75714285714285,0.5714285714285714,5.714285714285714,0.5,2.7142857142857144,17.857142857142858,0.1542857142857143,11.714285714285714,2.0,90.71428571428571,79.42857142857143,27.857142857142858,38.0,13.571428571428571,46.0,18.142857142857142,27.857142857142858,18.0,12.857142857142858,1.407142857142857,9.285714285714286,29.857142857142858,31.569999999999993,19.0,43.42857142857143,43.75857142857142,13.571428571428571,19.428571428571427,69.20142857142856,2.4285714285714284,7.142857142857143,0.562857142857143,3.142857142857143,18.857142857142858,0.16428571428571428,12.857142857142858,1.7142857142857142,90.0
