placar_casa,placar_visitante,data,round,stage,ano,equipe_casa,equipe_visitante,resultado,Pts_casa,3P_casa,2P_casa,LL_casa,RT_casa,RO_casa,RD_casa,AS_casa,ER_casa,IA%_casa,3PC_casa,3PT_casa,3P%_casa,2PC_casa,2PT_casa,2P%_casa,LLC_casa,LLT_casa,LL%_casa,EN_casa,BR_casa,B/E_casa,TO_casa,FC_casa,T/FC_casa,ET_casa,VI_casa,EF_casa,Pts_visitante,3P_visitante,2P_visitante,LL_visitante,RT_visitante,RO_visitante,RD_visitante,AS_visitante,ER_visitante,IA%_visitante,3PC_visitante,3PT_visitante,3P%_visitante,2PC_visitante,2PT_visitante,2P%_visitante,LLC_visitante,LLT_visitante,LL%_visitante,EN_visitante,BR_visitante,B/E_visitante,TO_visitante,FC_visitante,T/FC_visitante,ET_visitante,VI_visitante,EF_visitante
87,78,2022-03-04,5,2,2021-2022,UNIFACISA,Pato Basquete,1,81.7,32.3,37.266666666666666,12.133333333333333,36.333333333333336,9.433333333333334,26.9,14.1,11.8,1.2773333333333334,10.766666666666667,29.2,35.937333333333335,18.633333333333333,35.03333333333333,53.86800000000001,12.133333333333333,16.066666666666666,75.31933333333333,1.3333333333333333,7.933333333333334,0.7413333333333334,1.5666666666666667,19.666666666666668,0.08066666666666668,11.8,1.9333333333333333,91.06666666666666,75.73333333333333,33.4,31.4,10.933333333333334,35.13333333333333,10.6,24.533333333333335,13.3,12.966666666666667,1.0479999999999998,11.133333333333333,29.1,37.854000000000006,15.7,34.96666666666667,45.156666666666666,10.933333333333334,15.733333333333333,70.20866666666666,1.4,7.066666666666666,0.5426666666666666,1.9,21.033333333333335,0.09666666666666668,12.966666666666667,3.066666666666667,78.13333333333334
