placar_casa,placar_visitante,data,round,stage,ano,equipe_casa,equipe_visitante,resultado,Pts_casa,3P_casa,2P_casa,LL_casa,RT_casa,RO_casa,RD_casa,AS_casa,ER_casa,IA%_casa,3PC_casa,3PT_casa,3P%_casa,2PC_casa,2PT_casa,2P%_casa,LLC_casa,LLT_casa,LL%_casa,EN_casa,BR_casa,B/E_casa,TO_casa,FC_casa,T/FC_casa,ET_casa,VI_casa,EF_casa,Pts_visitante,3P_visitante,2P_visitante,LL_visitante,RT_visitante,RO_visitante,RD_visitante,AS_visitante,ER_visitante,IA%_visitante,3PC_visitante,3PT_visitante,3P%_visitante,2PC_visitante,2PT_visitante,2P%_visitante,LLC_visitante,LLT_visitante,LL%_visitante,EN_visitante,BR_visitante,B/E_visitante,TO_visitante,FC_visitante,T/FC_visitante,ET_visitante,VI_visitante,EF_visitante
78,89,2012-02-23,7,2,2011-2012,Tijuca,Coop/São José Basketball,0,75.0,14.666666666666666,43.111111111111114,17.22222222222222,26.22222222222222,8.0,18.22222222222222,11.666666666666666,14.333333333333334,0.86,4.888888888888889,17.444444444444443,26.52111111111111,21.555555555555557,40.44444444444444,53.20222222222222,17.22222222222222,22.333333333333332,77.67444444444445,1.4444444444444444,6.444444444444445,0.46111111111111114,2.0,19.0,0.11555555555555556,14.333333333333334,2.2222222222222223,70.44444444444444,87.55555555555556,26.333333333333332,40.0,21.22222222222222,32.333333333333336,8.555555555555555,23.77777777777778,19.333333333333332,13.222222222222221,1.5933333333333333,8.777777777777779,24.444444444444443,35.15222222222222,20.0,36.333333333333336,54.846666666666664,21.22222222222222,24.333333333333332,86.71222222222221,0.8888888888888888,7.0,0.5655555555555556,3.7777777777777777,18.333333333333332,0.21222222222222223,13.222222222222221,1.8888888888888888,101.66666666666667
