placar_casa,placar_visitante,data,round,stage,ano,equipe_casa,equipe_visitante,resultado,Pts_casa,3P_casa,2P_casa,LL_casa,RT_casa,RO_casa,RD_casa,AS_casa,ER_casa,IA%_casa,3PC_casa,3PT_casa,3P%_casa,2PC_casa,2PT_casa,2P%_casa,LLC_casa,LLT_casa,LL%_casa,EN_casa,BR_casa,B/E_casa,TO_casa,FC_casa,T/FC_casa,ET_casa,VI_casa,EF_casa,Pts_visitante,3P_visitante,2P_visitante,LL_visitante,RT_visitante,RO_visitante,RD_visitante,AS_visitante,ER_visitante,IA%_visitante,3PC_visitante,3PT_visitante,3P%_visitante,2PC_visitante,2PT_visitante,2P%_visitante,LLC_visitante,LLT_visitante,LL%_visitante,EN_visitante,BR_visitante,B/E_visitante,TO_visitante,FC_visitante,T/FC_visitante,ET_visitante,VI_visitante,EF_visitante
94,82,2012-03-17,12,2,2011-2012,Sesi Franca,Tijuca,1,83.78571428571429,21.428571428571427,44.0,18.357142857142858,30.0,9.214285714285714,20.785714285714285,16.642857142857142,14.571428571428571,1.292857142857143,7.142857142857143,19.0,37.756428571428565,22.0,42.642857142857146,52.33857142857143,18.357142857142858,22.357142857142858,83.30285714285716,1.7857142857142858,6.928571428571429,0.5199999999999999,2.642857142857143,22.071428571428573,0.11928571428571429,14.571428571428571,2.7142857142857144,90.85714285714286,78.3076923076923,16.615384615384617,43.38461538461539,18.307692307692307,27.076923076923077,8.0,19.076923076923077,10.615384615384615,13.846153846153847,0.7976923076923076,5.538461538461538,18.23076923076923,29.560000000000002,21.692307692307693,41.15384615384615,53.360769230769236,18.307692307692307,24.307692307692307,75.95384615384616,1.2307692307692308,7.461538461538462,0.5607692307692308,1.6923076923076923,20.53846153846154,0.09153846153846155,13.846153846153847,2.3076923076923075,76.38461538461539
