placar_casa,placar_visitante,data,round,stage,ano,equipe_casa,equipe_visitante,resultado,Pts_casa,3P_casa,2P_casa,LL_casa,RT_casa,RO_casa,RD_casa,AS_casa,ER_casa,IA%_casa,3PC_casa,3PT_casa,3P%_casa,2PC_casa,2PT_casa,2P%_casa,LLC_casa,LLT_casa,LL%_casa,EN_casa,BR_casa,B/E_casa,TO_casa,FC_casa,T/FC_casa,ET_casa,VI_casa,EF_casa,Pts_visitante,3P_visitante,2P_visitante,LL_visitante,RT_visitante,RO_visitante,RD_visitante,AS_visitante,ER_visitante,IA%_visitante,3PC_visitante,3PT_visitante,3P%_visitante,2PC_visitante,2PT_visitante,2P%_visitante,LLC_visitante,LLT_visitante,LL%_visitante,EN_visitante,BR_visitante,B/E_visitante,TO_visitante,FC_visitante,T/FC_visitante,ET_visitante,VI_visitante,EF_visitante
68,72,2022-01-10,12,1,2021-2022,Mogi,Pato Basquete,0,76.4,26.8,36.8,12.8,39.0,10.4,28.6,17.6,15.266666666666667,1.1893333333333334,8.933333333333334,27.666666666666668,32.63533333333333,18.4,36.06666666666667,51.24599999999999,12.8,17.0,75.27333333333334,2.8,7.066666666666666,0.4806666666666667,2.2,19.4,0.11066666666666669,15.266666666666667,2.8,86.4,70.64285714285714,26.142857142857142,33.42857142857143,11.071428571428571,37.285714285714285,10.071428571428571,27.214285714285715,12.642857142857142,14.0,0.9485714285714285,8.714285714285714,26.571428571428573,32.53857142857142,16.714285714285715,36.57142857142857,46.25857142857142,11.071428571428571,18.785714285714285,58.844285714285725,1.6428571428571428,7.714285714285714,0.5828571428571429,1.4285714285714286,20.5,0.07142857142857142,14.0,2.2857142857142856,70.28571428571429
