placar_casa,placar_visitante,data,round,stage,ano,equipe_casa,equipe_visitante,resultado,Pts_casa,3P_casa,2P_casa,LL_casa,RT_casa,RO_casa,RD_casa,AS_casa,ER_casa,IA%_casa,3PC_casa,3PT_casa,3P%_casa,2PC_casa,2PT_casa,2P%_casa,LLC_casa,LLT_casa,LL%_casa,EN_casa,BR_casa,B/E_casa,TO_casa,FC_casa,T/FC_casa,ET_casa,VI_casa,EF_casa,Pts_visitante,3P_visitante,2P_visitante,LL_visitante,RT_visitante,RO_visitante,RD_visitante,AS_visitante,ER_visitante,IA%_visitante,3PC_visitante,3PT_visitante,3P%_visitante,2PC_visitante,2PT_visitante,2P%_visitante,LLC_visitante,LLT_visitante,LL%_visitante,EN_visitante,BR_visitante,B/E_visitante,TO_visitante,FC_visitante,T/FC_visitante,ET_visitante,VI_visitante,EF_visitante
75,66,2013-03-16,12,2,2012-2013,Mogi,Minas,1,76.0,58.2,38.8,17.8,31.066666666666666,8.933333333333334,22.133333333333333,12.066666666666666,15.2,0.9153333333333334,6.466666666666667,18.333333333333332,35.727999999999994,19.4,41.4,47.63066666666667,17.8,24.6,72.16333333333334,0.3333333333333333,5.533333333333333,0.4293333333333334,1.3333333333333333,23.8,0.06133333333333334,15.2,3.2666666666666666,80.2,85.86666666666666,69.2,46.13333333333333,19.133333333333333,31.533333333333335,10.0,21.533333333333335,13.4,14.4,1.034,6.866666666666666,19.2,34.884,23.066666666666666,42.0,55.21733333333332,19.133333333333333,23.4,81.90666666666667,0.9333333333333333,7.333333333333333,0.5686666666666667,2.2,21.866666666666667,0.10400000000000002,14.4,2.6,97.26666666666667
