placar_casa,placar_visitante,data,round,stage,ano,equipe_casa,equipe_visitante,resultado,Pts_casa,3P_casa,2P_casa,LL_casa,RT_casa,RO_casa,RD_casa,AS_casa,ER_casa,IA%_casa,3PC_casa,3PT_casa,3P%_casa,2PC_casa,2PT_casa,2P%_casa,LLC_casa,LLT_casa,LL%_casa,EN_casa,BR_casa,B/E_casa,TO_casa,FC_casa,T/FC_casa,ET_casa,VI_casa,EF_casa,Pts_visitante,3P_visitante,2P_visitante,LL_visitante,RT_visitante,RO_visitante,RD_visitante,AS_visitante,ER_visitante,IA%_visitante,3PC_visitante,3PT_visitante,3P%_visitante,2PC_visitante,2PT_visitante,2P%_visitante,LLC_visitante,LLT_visitante,LL%_visitante,EN_visitante,BR_visitante,B/E_visitante,TO_visitante,FC_visitante,T/FC_visitante,ET_visitante,VI_visitante,EF_visitante
94,59,2023-11-22,6,1,2023-2024,Bauru Basket,Caxias do Sul Basquete,1,77.27777777777777,30.0,37.22222222222222,10.055555555555555,32.55555555555556,8.944444444444445,23.61111111111111,16.944444444444443,12.055555555555555,1.38,10.0,27.72222222222222,35.373333333333335,18.61111111111111,37.333333333333336,50.303333333333335,10.055555555555555,13.11111111111111,75.39888888888888,1.5555555555555556,7.5,0.62,1.0555555555555556,17.61111111111111,0.06333333333333334,12.055555555555555,2.5,83.77777777777777,75.14285714285714,20.571428571428573,37.714285714285715,16.857142857142858,37.142857142857146,11.142857142857142,26.0,16.714285714285715,13.428571428571429,1.2514285714285713,6.857142857142857,23.714285714285715,29.40285714285714,18.857142857142858,39.857142857142854,47.86,16.857142857142858,25.428571428571427,66.41714285714286,1.5714285714285714,8.714285714285714,0.6742857142857144,1.8571428571428572,18.857142857142858,0.10142857142857142,13.428571428571429,3.7142857142857144,79.71428571428571
