placar_casa,placar_visitante,data,round,stage,ano,equipe_casa,equipe_visitante,resultado,Pts_casa,3P_casa,2P_casa,LL_casa,RT_casa,RO_casa,RD_casa,AS_casa,ER_casa,IA%_casa,3PC_casa,3PT_casa,3P%_casa,2PC_casa,2PT_casa,2P%_casa,LLC_casa,LLT_casa,LL%_casa,EN_casa,BR_casa,B/E_casa,TO_casa,FC_casa,T/FC_casa,ET_casa,VI_casa,EF_casa,Pts_visitante,3P_visitante,2P_visitante,LL_visitante,RT_visitante,RO_visitante,RD_visitante,AS_visitante,ER_visitante,IA%_visitante,3PC_visitante,3PT_visitante,3P%_visitante,2PC_visitante,2PT_visitante,2P%_visitante,LLC_visitante,LLT_visitante,LL%_visitante,EN_visitante,BR_visitante,B/E_visitante,TO_visitante,FC_visitante,T/FC_visitante,ET_visitante,VI_visitante,EF_visitante
67,109,2015-01-22,2,2,2014-2015,Fortaleza B. C. / CFO,Bauru Basket,0,76.0,28.0,34.266666666666666,13.733333333333333,33.0,9.866666666666667,23.133333333333333,13.933333333333334,12.466666666666667,1.2313333333333334,9.333333333333334,29.933333333333334,31.212666666666667,17.133333333333333,34.46666666666667,49.83733333333334,13.733333333333333,18.4,75.74866666666665,0.7333333333333333,10.066666666666666,0.9406666666666667,2.066666666666667,18.0,0.12200000000000003,12.466666666666667,2.1333333333333333,80.0,88.86666666666666,34.8,39.2,14.866666666666667,37.266666666666666,8.6,28.666666666666668,18.133333333333333,12.466666666666667,1.628,11.6,29.6,38.798,19.6,32.13333333333333,60.82866666666666,14.866666666666667,20.0,73.51266666666666,1.5333333333333334,8.866666666666667,0.7753333333333333,1.9333333333333333,17.466666666666665,0.12466666666666668,12.466666666666667,2.1333333333333333,106.93333333333334
