placar_casa,placar_visitante,data,round,stage,ano,equipe_casa,equipe_visitante,resultado,Pts_casa,3P_casa,2P_casa,LL_casa,RT_casa,RO_casa,RD_casa,AS_casa,ER_casa,IA%_casa,3PC_casa,3PT_casa,3P%_casa,2PC_casa,2PT_casa,2P%_casa,LLC_casa,LLT_casa,LL%_casa,EN_casa,BR_casa,B/E_casa,TO_casa,FC_casa,T/FC_casa,ET_casa,VI_casa,EF_casa,Pts_visitante,3P_visitante,2P_visitante,LL_visitante,RT_visitante,RO_visitante,RD_visitante,AS_visitante,ER_visitante,IA%_visitante,3PC_visitante,3PT_visitante,3P%_visitante,2PC_visitante,2PT_visitante,2P%_visitante,LLC_visitante,LLT_visitante,LL%_visitante,EN_visitante,BR_visitante,B/E_visitante,TO_visitante,FC_visitante,T/FC_visitante,ET_visitante,VI_visitante,EF_visitante
87,84,2023-11-21,6,1,2023-2024,Fortaleza B. C. / CFO,Pinheiros,1,77.16666666666667,23.0,40.0,14.166666666666666,37.333333333333336,8.666666666666666,28.666666666666668,15.833333333333334,13.666666666666666,1.2166666666666668,7.666666666666667,20.833333333333332,35.685,20.0,37.333333333333336,53.06166666666667,14.166666666666666,20.0,69.96499999999999,1.5,5.666666666666667,0.4466666666666666,2.3333333333333335,19.166666666666668,0.12166666666666669,13.666666666666666,3.0,88.33333333333333,74.33333333333333,30.5,33.333333333333336,10.5,35.833333333333336,8.666666666666666,27.166666666666668,18.0,16.0,1.1916666666666667,10.166666666666666,26.0,39.068333333333335,16.666666666666668,33.0,50.55666666666667,10.5,17.166666666666668,61.10999999999999,1.1666666666666667,5.833333333333333,0.39166666666666666,1.6666666666666667,17.666666666666668,0.09500000000000001,16.0,3.0,80.83333333333333
