placar_casa,placar_visitante,data,round,stage,ano,equipe_casa,equipe_visitante,resultado,Pts_casa,3P_casa,2P_casa,LL_casa,RT_casa,RO_casa,RD_casa,AS_casa,ER_casa,IA%_casa,3PC_casa,3PT_casa,3P%_casa,2PC_casa,2PT_casa,2P%_casa,LLC_casa,LLT_casa,LL%_casa,EN_casa,BR_casa,B/E_casa,TO_casa,FC_casa,T/FC_casa,ET_casa,VI_casa,EF_casa,Pts_visitante,3P_visitante,2P_visitante,LL_visitante,RT_visitante,RO_visitante,RD_visitante,AS_visitante,ER_visitante,IA%_visitante,3PC_visitante,3PT_visitante,3P%_visitante,2PC_visitante,2PT_visitante,2P%_visitante,LLC_visitante,LLT_visitante,LL%_visitante,EN_visitante,BR_visitante,B/E_visitante,TO_visitante,FC_visitante,T/FC_visitante,ET_visitante,VI_visitante,EF_visitante
71,75,2009-11-29,6,1,2009-2010,Sesi Franca,Espírito Santo,0,86.66666666666667,36.0,40.0,10.666666666666666,27.0,7.333333333333333,19.666666666666668,14.666666666666666,10.333333333333334,2.7866666666666666,12.0,26.333333333333332,42.483333333333334,20.0,39.0,51.19,10.666666666666666,16.333333333333332,66.07333333333334,0.0,6.666666666666667,0.75,2.3333333333333335,18.666666666666668,0.13333333333333333,10.333333333333334,2.0,88.0,68.33333333333333,19.0,33.333333333333336,16.0,40.333333333333336,13.0,27.333333333333332,10.333333333333334,19.0,0.5733333333333334,6.333333333333333,21.333333333333332,25.39,16.666666666666668,39.0,42.81,16.0,26.333333333333332,62.99666666666667,3.0,8.666666666666666,0.52,3.3333333333333335,23.333333333333332,0.14666666666666667,19.0,4.666666666666667,64.33333333333333
