placar_casa,placar_visitante,data,round,stage,ano,equipe_casa,equipe_visitante,resultado,Pts_casa,3P_casa,2P_casa,LL_casa,RT_casa,RO_casa,RD_casa,AS_casa,ER_casa,IA%_casa,3PC_casa,3PT_casa,3P%_casa,2PC_casa,2PT_casa,2P%_casa,LLC_casa,LLT_casa,LL%_casa,EN_casa,BR_casa,B/E_casa,TO_casa,FC_casa,T/FC_casa,ET_casa,VI_casa,EF_casa,Pts_visitante,3P_visitante,2P_visitante,LL_visitante,RT_visitante,RO_visitante,RD_visitante,AS_visitante,ER_visitante,IA%_visitante,3PC_visitante,3PT_visitante,3P%_visitante,2PC_visitante,2PT_visitante,2P%_visitante,LLC_visitante,LLT_visitante,LL%_visitante,EN_visitante,BR_visitante,B/E_visitante,TO_visitante,FC_visitante,T/FC_visitante,ET_visitante,VI_visitante,EF_visitante
84,85,2013-01-12,14,1,2012-2013,Fortaleza B. C. / CFO,Pinheiros,0,76.9090909090909,64.63636363636364,43.09090909090909,13.090909090909092,29.636363636363637,8.454545454545455,21.181818181818183,13.454545454545455,11.272727272727273,1.3063636363636364,6.909090909090909,20.727272727272727,34.20727272727273,21.545454545454547,42.0,51.46454545454546,13.090909090909092,18.181818181818183,71.09909090909092,1.1818181818181819,7.454545454545454,0.7536363636363638,2.6363636363636362,20.545454545454547,0.1309090909090909,11.272727272727273,2.3636363636363638,86.9090909090909,91.54545454545455,57.81818181818182,38.54545454545455,19.454545454545453,30.0,6.7272727272727275,23.272727272727273,17.181818181818183,15.0,1.2727272727272727,11.181818181818182,27.636363636363637,41.31545454545455,19.272727272727273,34.18181818181818,57.09636363636364,19.454545454545453,25.454545454545453,75.87363636363636,2.0,7.545454545454546,0.5790909090909092,2.727272727272727,21.636363636363637,0.13181818181818183,15.0,1.7272727272727273,104.36363636363636
