placar_casa,placar_visitante,data,round,stage,ano,equipe_casa,equipe_visitante,resultado,Pts_casa,3P_casa,2P_casa,LL_casa,RT_casa,RO_casa,RD_casa,AS_casa,ER_casa,IA%_casa,3PC_casa,3PT_casa,3P%_casa,2PC_casa,2PT_casa,2P%_casa,LLC_casa,LLT_casa,LL%_casa,EN_casa,BR_casa,B/E_casa,TO_casa,FC_casa,T/FC_casa,ET_casa,VI_casa,EF_casa,Pts_visitante,3P_visitante,2P_visitante,LL_visitante,RT_visitante,RO_visitante,RD_visitante,AS_visitante,ER_visitante,IA%_visitante,3PC_visitante,3PT_visitante,3P%_visitante,2PC_visitante,2PT_visitante,2P%_visitante,LLC_visitante,LLT_visitante,LL%_visitante,EN_visitante,BR_visitante,B/E_visitante,TO_visitante,FC_visitante,T/FC_visitante,ET_visitante,VI_visitante,EF_visitante
67,58,2023-12-02,7,1,2023-2024,R10 Score Vasco da Gama,Bauru Basket,1,73.401,27.15,34.099000000000004,12.149,39.549,10.45,29.099,20.199,15.800999999999998,1.346,9.051,27.750999999999998,32.525,17.051,32.749,52.480999999999995,12.149,18.151,68.344,1.75,7.301,0.453,2.601,21.7,0.118,15.800999999999998,3.55,86.85,77.555,29.833333333333332,36.833333333333336,10.888333333333334,32.971666666666664,8.833333333333334,24.138333333333332,17.333333333333332,12.75,1.3550000000000002,9.945,28.111666666666668,34.928333333333335,18.416666666666668,35.805,51.94833333333333,10.888333333333334,14.25,75.14999999999999,1.5,7.611666666666667,0.605,1.4166666666666667,18.028333333333336,0.08,12.75,2.9716666666666662,85.22166666666668
