placar_casa,placar_visitante,data,round,stage,ano,equipe_casa,equipe_visitante,resultado,Pts_casa,3P_casa,2P_casa,LL_casa,RT_casa,RO_casa,RD_casa,AS_casa,ER_casa,IA%_casa,3PC_casa,3PT_casa,3P%_casa,2PC_casa,2PT_casa,2P%_casa,LLC_casa,LLT_casa,LL%_casa,EN_casa,BR_casa,B/E_casa,TO_casa,FC_casa,T/FC_casa,ET_casa,VI_casa,EF_casa,Pts_visitante,3P_visitante,2P_visitante,LL_visitante,RT_visitante,RO_visitante,RD_visitante,AS_visitante,ER_visitante,IA%_visitante,3PC_visitante,3PT_visitante,3P%_visitante,2PC_visitante,2PT_visitante,2P%_visitante,LLC_visitante,LLT_visitante,LL%_visitante,EN_visitante,BR_visitante,B/E_visitante,TO_visitante,FC_visitante,T/FC_visitante,ET_visitante,VI_visitante,EF_visitante
64,82,2021-04-22,1,3,2020-2021,Fortaleza B. C. / CFO,Sesi Franca,0,80.86733333333333,24.4,44.266666666666666,12.200666666666665,39.599333333333334,11.200666666666667,28.40066666666667,15.065999999999997,13.732666666666669,1.2026666666666666,8.133333333333333,28.666666666666668,27.847333333333328,22.133333333333333,41.06666666666667,54.24800000000001,12.200666666666665,18.000666666666667,68.20133333333334,0.5993333333333334,8.734,0.6693333333333332,3.199333333333333,20.267333333333337,0.1693333333333333,13.732666666666669,2.799333333333333,88.46666666666667,87.93333333333335,24.8,46.93266666666668,16.19866666666667,35.468,7.134,28.334,18.668000000000003,12.067333333333332,1.592,8.265333333333333,21.66533333333333,38.263999999999996,23.467333333333336,42.866666666666674,54.686666666666675,16.19866666666667,20.333333333333332,79.75933333333332,2.466666666666667,8.066666666666666,0.6806666666666665,2.134666666666667,19.000000000000004,0.11266666666666666,12.067333333333332,1.3993333333333335,103.26533333333332
