placar_casa,placar_visitante,data,round,stage,ano,equipe_casa,equipe_visitante,resultado,Pts_casa,3P_casa,2P_casa,LL_casa,RT_casa,RO_casa,RD_casa,AS_casa,ER_casa,IA%_casa,3PC_casa,3PT_casa,3P%_casa,2PC_casa,2PT_casa,2P%_casa,LLC_casa,LLT_casa,LL%_casa,EN_casa,BR_casa,B/E_casa,TO_casa,FC_casa,T/FC_casa,ET_casa,VI_casa,EF_casa,Pts_visitante,3P_visitante,2P_visitante,LL_visitante,RT_visitante,RO_visitante,RD_visitante,AS_visitante,ER_visitante,IA%_visitante,3PC_visitante,3PT_visitante,3P%_visitante,2PC_visitante,2PT_visitante,2P%_visitante,LLC_visitante,LLT_visitante,LL%_visitante,EN_visitante,BR_visitante,B/E_visitante,TO_visitante,FC_visitante,T/FC_visitante,ET_visitante,VI_visitante,EF_visitante
68,77,2023-05-02,3,4,2022-2023,Paulistano,Minas,0,83.422,27.933333333333334,41.422,14.066666666666666,40.08866666666666,14.133333333333333,25.955333333333332,15.288666666666666,13.222,1.1640000000000001,9.311333333333334,26.6,34.92733333333333,20.711333333333336,40.221999999999994,51.888000000000005,14.066666666666666,19.133333333333333,73.00466666666667,2.4886666666666666,7.488666666666666,0.572,2.444666666666667,21.511333333333333,0.11333333333333334,13.222,2.6886666666666668,93.64466666666667,86.99866666666667,31.4,40.668666666666674,14.933999999999997,39.532666666666664,9.400666666666666,30.134000000000004,19.4,13.998666666666667,1.402666666666667,10.466666666666667,26.866,38.88533333333333,20.331333333333326,36.06666666666667,56.37333333333333,14.933999999999997,19.932666666666666,75.32933333333334,2.6653333333333324,5.934666666666667,0.4293333333333333,1.3993333333333335,19.201333333333334,0.07133333333333335,13.998666666666667,3.2013333333333334,102.1333333333333
