placar_casa,placar_visitante,data,round,stage,ano,equipe_casa,equipe_visitante,resultado,Pts_casa,3P_casa,2P_casa,LL_casa,RT_casa,RO_casa,RD_casa,AS_casa,ER_casa,IA%_casa,3PC_casa,3PT_casa,3P%_casa,2PC_casa,2PT_casa,2P%_casa,LLC_casa,LLT_casa,LL%_casa,EN_casa,BR_casa,B/E_casa,TO_casa,FC_casa,T/FC_casa,ET_casa,VI_casa,EF_casa,Pts_visitante,3P_visitante,2P_visitante,LL_visitante,RT_visitante,RO_visitante,RD_visitante,AS_visitante,ER_visitante,IA%_visitante,3PC_visitante,3PT_visitante,3P%_visitante,2PC_visitante,2PT_visitante,2P%_visitante,LLC_visitante,LLT_visitante,LL%_visitante,EN_visitante,BR_visitante,B/E_visitante,TO_visitante,FC_visitante,T/FC_visitante,ET_visitante,VI_visitante,EF_visitante
79,76,2014-01-25,2,2,2013-2014,Uberlândia,Mogi,1,84.0,29.2,41.2,13.6,33.13333333333333,9.533333333333333,23.6,18.733333333333334,12.6,1.6053333333333335,9.733333333333333,23.066666666666666,41.92466666666667,20.6,38.13333333333333,54.61599999999999,13.6,17.666666666666668,79.09466666666665,3.466666666666667,8.4,0.6926666666666665,2.533333333333333,20.533333333333335,0.12466666666666666,12.6,3.1333333333333333,99.26666666666667,78.73333333333333,19.8,39.86666666666667,19.066666666666666,36.266666666666666,12.266666666666667,24.0,12.8,13.8,1.0173333333333334,6.6,19.2,35.07,19.933333333333334,40.53333333333333,49.02666666666667,19.066666666666666,25.666666666666668,73.70133333333334,1.0,10.2,0.7706666666666666,1.4666666666666666,21.333333333333332,0.07000000000000002,13.8,2.8,85.86666666666666
