placar_casa,placar_visitante,data,round,stage,ano,equipe_casa,equipe_visitante,resultado,Pts_casa,3P_casa,2P_casa,LL_casa,RT_casa,RO_casa,RD_casa,AS_casa,ER_casa,IA%_casa,3PC_casa,3PT_casa,3P%_casa,2PC_casa,2PT_casa,2P%_casa,LLC_casa,LLT_casa,LL%_casa,EN_casa,BR_casa,B/E_casa,TO_casa,FC_casa,T/FC_casa,ET_casa,VI_casa,EF_casa,Pts_visitante,3P_visitante,2P_visitante,LL_visitante,RT_visitante,RO_visitante,RD_visitante,AS_visitante,ER_visitante,IA%_visitante,3PC_visitante,3PT_visitante,3P%_visitante,2PC_visitante,2PT_visitante,2P%_visitante,LLC_visitante,LLT_visitante,LL%_visitante,EN_visitante,BR_visitante,B/E_visitante,TO_visitante,FC_visitante,T/FC_visitante,ET_visitante,VI_visitante,EF_visitante
97,74,2024-03-19,9,2,2023-2024,Sesi Franca,Botafogo,1,87.97800000000001,36.4,36.44533333333334,15.132666666666664,39.087999999999994,10.378000000000002,28.710666666666665,19.732666666666663,12.688,1.6453333333333333,12.133333333333333,29.021333333333327,41.30199999999999,18.22133333333333,34.99933333333333,51.87466666666668,15.132666666666664,18.622666666666667,81.14000000000001,2.5340000000000003,5.889333333333334,0.4760000000000001,2.444,19.910666666666664,0.126,12.688,2.9120000000000004,105.28933333333335,80.30066666666667,26.0,38.467333333333336,15.833333333333334,34.43333333333333,10.032666666666668,24.400666666666666,17.199333333333335,13.6,1.318,8.666666666666666,26.633333333333333,32.84733333333333,19.232666666666667,38.333999999999996,49.82333333333333,15.833333333333334,22.3,70.41533333333335,0.7673333333333333,6.999333333333333,0.5180000000000001,2.2,21.466666666666665,0.102,13.6,3.1333333333333333,84.0
