placar_casa,placar_visitante,data,round,stage,ano,equipe_casa,equipe_visitante,resultado,Pts_casa,3P_casa,2P_casa,LL_casa,RT_casa,RO_casa,RD_casa,AS_casa,ER_casa,IA%_casa,3PC_casa,3PT_casa,3P%_casa,2PC_casa,2PT_casa,2P%_casa,LLC_casa,LLT_casa,LL%_casa,EN_casa,BR_casa,B/E_casa,TO_casa,FC_casa,T/FC_casa,ET_casa,VI_casa,EF_casa,Pts_visitante,3P_visitante,2P_visitante,LL_visitante,RT_visitante,RO_visitante,RD_visitante,AS_visitante,ER_visitante,IA%_visitante,3PC_visitante,3PT_visitante,3P%_visitante,2PC_visitante,2PT_visitante,2P%_visitante,LLC_visitante,LLT_visitante,LL%_visitante,EN_visitante,BR_visitante,B/E_visitante,TO_visitante,FC_visitante,T/FC_visitante,ET_visitante,VI_visitante,EF_visitante
85,74,2010-04-04,14,2,2009-2010,Coop/São José Basketball,Minas,1,82.4,30.6,37.6,14.2,30.0,10.266666666666667,19.733333333333334,18.933333333333334,13.333333333333334,1.4746666666666668,10.2,28.266666666666666,36.236666666666665,18.8,33.53333333333333,56.29066666666666,14.2,19.8,72.012,1.5333333333333334,6.733333333333333,0.5373333333333333,1.9333333333333333,21.2,0.09200000000000003,13.333333333333334,1.4666666666666666,88.26666666666667,87.33333333333333,23.2,49.333333333333336,14.8,33.0,9.466666666666667,23.533333333333335,20.6,14.133333333333333,1.5073333333333332,7.733333333333333,19.733333333333334,38.418000000000006,24.666666666666668,43.53333333333333,56.33133333333333,14.8,19.2,75.42933333333333,1.0666666666666667,6.466666666666667,0.4626666666666666,2.8,21.733333333333334,0.14333333333333337,14.133333333333333,2.533333333333333,100.8
