placar_casa,placar_visitante,data,round,stage,ano,equipe_casa,equipe_visitante,resultado,Pts_casa,3P_casa,2P_casa,LL_casa,RT_casa,RO_casa,RD_casa,AS_casa,ER_casa,IA%_casa,3PC_casa,3PT_casa,3P%_casa,2PC_casa,2PT_casa,2P%_casa,LLC_casa,LLT_casa,LL%_casa,EN_casa,BR_casa,B/E_casa,TO_casa,FC_casa,T/FC_casa,ET_casa,VI_casa,EF_casa,Pts_visitante,3P_visitante,2P_visitante,LL_visitante,RT_visitante,RO_visitante,RD_visitante,AS_visitante,ER_visitante,IA%_visitante,3PC_visitante,3PT_visitante,3P%_visitante,2PC_visitante,2PT_visitante,2P%_visitante,LLC_visitante,LLT_visitante,LL%_visitante,EN_visitante,BR_visitante,B/E_visitante,TO_visitante,FC_visitante,T/FC_visitante,ET_visitante,VI_visitante,EF_visitante
93,82,2016-04-23,3,4,2015-2016,Flamengo,Rio Claro,1,84.06666666666666,22.8,47.6,13.666666666666666,35.53333333333333,9.533333333333333,26.0,18.266666666666666,13.4,1.428,7.6,20.4,37.70399999999999,23.8,42.333333333333336,56.36466666666668,13.666666666666666,17.933333333333334,74.106,1.6666666666666667,11.533333333333333,0.8986666666666666,2.8666666666666667,17.666666666666668,0.17200000000000001,13.4,2.3333333333333335,103.26666666666667,74.4,26.0,34.13333333333333,14.266666666666667,34.93333333333333,9.533333333333333,25.4,15.066666666666666,17.533333333333335,0.9160000000000001,8.666666666666666,23.0,38.087333333333326,17.066666666666666,34.06666666666667,49.77533333333334,14.266666666666667,19.866666666666667,70.97933333333334,2.1333333333333333,10.466666666666667,0.6233333333333333,1.8666666666666667,23.066666666666666,0.08400000000000002,17.533333333333335,3.8666666666666667,82.26666666666667
