placar_casa,placar_visitante,data,round,stage,ano,equipe_casa,equipe_visitante,resultado,Pts_casa,3P_casa,2P_casa,LL_casa,RT_casa,RO_casa,RD_casa,AS_casa,ER_casa,IA%_casa,3PC_casa,3PT_casa,3P%_casa,2PC_casa,2PT_casa,2P%_casa,LLC_casa,LLT_casa,LL%_casa,EN_casa,BR_casa,B/E_casa,TO_casa,FC_casa,T/FC_casa,ET_casa,VI_casa,EF_casa,Pts_visitante,3P_visitante,2P_visitante,LL_visitante,RT_visitante,RO_visitante,RD_visitante,AS_visitante,ER_visitante,IA%_visitante,3PC_visitante,3PT_visitante,3P%_visitante,2PC_visitante,2PT_visitante,2P%_visitante,LLC_visitante,LLT_visitante,LL%_visitante,EN_visitante,BR_visitante,B/E_visitante,TO_visitante,FC_visitante,T/FC_visitante,ET_visitante,VI_visitante,EF_visitante
85,75,2022-04-04,10,2,2021-2022,Mogi,União Corinthians,1,75.39933333333335,28.0,36.2,11.199333333333334,39.099333333333334,10.267333333333333,28.834000000000003,19.133333333333333,18.066666666666666,1.106,9.333333333333334,29.466666666666665,31.752666666666663,18.1,34.434,52.50666666666667,11.199333333333334,16.166,68.44333333333333,2.8326666666666664,6.066,0.35933333333333334,2.6006666666666667,18.965999999999998,0.13866666666666666,18.066666666666666,2.7,82.8,76.2,24.5,38.0,13.7,38.06666666666667,11.7,26.366666666666667,15.366666666666667,11.333333333333334,1.3953333333333333,8.166666666666666,27.6,29.55,19.0,41.166666666666664,46.30333333333333,13.7,20.2,68.52399999999999,1.8,7.133333333333334,0.6453333333333334,2.2333333333333334,21.966666666666665,0.10666666666666669,11.333333333333334,1.4,79.56666666666666
