placar_casa,placar_visitante,data,round,stage,ano,equipe_casa,equipe_visitante,resultado,Pts_casa,3P_casa,2P_casa,LL_casa,RT_casa,RO_casa,RD_casa,AS_casa,ER_casa,IA%_casa,3PC_casa,3PT_casa,3P%_casa,2PC_casa,2PT_casa,2P%_casa,LLC_casa,LLT_casa,LL%_casa,EN_casa,BR_casa,B/E_casa,TO_casa,FC_casa,T/FC_casa,ET_casa,VI_casa,EF_casa,Pts_visitante,3P_visitante,2P_visitante,LL_visitante,RT_visitante,RO_visitante,RD_visitante,AS_visitante,ER_visitante,IA%_visitante,3PC_visitante,3PT_visitante,3P%_visitante,2PC_visitante,2PT_visitante,2P%_visitante,LLC_visitante,LLT_visitante,LL%_visitante,EN_visitante,BR_visitante,B/E_visitante,TO_visitante,FC_visitante,T/FC_visitante,ET_visitante,VI_visitante,EF_visitante
101,84,2009-02-25,8,1,2008-2009,Pinheiros,Espírito Santo,1,81.0,28.714285714285715,34.57142857142857,17.714285714285715,30.285714285714285,8.142857142857142,22.142857142857142,13.142857142857142,12.142857142857142,1.1085714285714285,9.571428571428571,25.0,38.332857142857144,17.285714285714285,32.857142857142854,52.83,17.714285714285715,25.0,71.47428571428573,2.0,5.428571428571429,0.46571428571428575,1.5714285714285714,18.571428571428573,0.08714285714285715,12.142857142857142,0.0,81.0,76.83333333333333,19.0,41.666666666666664,16.166666666666668,27.333333333333332,7.166666666666667,20.166666666666668,9.166666666666666,12.333333333333334,0.8033333333333332,6.333333333333333,21.5,29.648333333333337,20.833333333333332,36.666666666666664,57.723333333333336,16.166666666666668,26.5,60.91666666666666,0.6666666666666666,10.833333333333334,0.8883333333333333,1.0,23.333333333333332,0.043333333333333335,12.333333333333334,0.0,71.5
