placar_casa,placar_visitante,data,round,stage,ano,equipe_casa,equipe_visitante,resultado,Pts_casa,3P_casa,2P_casa,LL_casa,RT_casa,RO_casa,RD_casa,AS_casa,ER_casa,IA%_casa,3PC_casa,3PT_casa,3P%_casa,2PC_casa,2PT_casa,2P%_casa,LLC_casa,LLT_casa,LL%_casa,EN_casa,BR_casa,B/E_casa,TO_casa,FC_casa,T/FC_casa,ET_casa,VI_casa,EF_casa,Pts_visitante,3P_visitante,2P_visitante,LL_visitante,RT_visitante,RO_visitante,RD_visitante,AS_visitante,ER_visitante,IA%_visitante,3PC_visitante,3PT_visitante,3P%_visitante,2PC_visitante,2PT_visitante,2P%_visitante,LLC_visitante,LLT_visitante,LL%_visitante,EN_visitante,BR_visitante,B/E_visitante,TO_visitante,FC_visitante,T/FC_visitante,ET_visitante,VI_visitante,EF_visitante
84,89,2010-03-26,11,2,2009-2010,Assis,Coop/São José Basketball,0,80.2,27.8,38.266666666666666,14.133333333333333,32.13333333333333,9.333333333333334,22.8,11.6,10.8,1.2706666666666666,9.266666666666667,25.733333333333334,36.57266666666666,19.133333333333333,36.06666666666667,53.37066666666667,14.133333333333333,20.0,70.518,1.6666666666666667,6.533333333333333,0.6839999999999999,2.1333333333333333,18.6,0.11733333333333335,10.8,2.6,82.53333333333333,80.4,29.4,36.8,14.2,31.933333333333334,10.533333333333333,21.4,17.466666666666665,14.0,1.3199999999999998,9.8,28.133333333333333,34.752,18.4,33.0,55.73466666666666,14.2,20.8,67.928,1.6,7.133333333333334,0.5606666666666666,2.066666666666667,20.6,0.10400000000000001,14.0,1.5333333333333334,85.46666666666667
