placar_casa,placar_visitante,data,round,stage,ano,equipe_casa,equipe_visitante,resultado,Pts_casa,3P_casa,2P_casa,LL_casa,RT_casa,RO_casa,RD_casa,AS_casa,ER_casa,IA%_casa,3PC_casa,3PT_casa,3P%_casa,2PC_casa,2PT_casa,2P%_casa,LLC_casa,LLT_casa,LL%_casa,EN_casa,BR_casa,B/E_casa,TO_casa,FC_casa,T/FC_casa,ET_casa,VI_casa,EF_casa,Pts_visitante,3P_visitante,2P_visitante,LL_visitante,RT_visitante,RO_visitante,RD_visitante,AS_visitante,ER_visitante,IA%_visitante,3PC_visitante,3PT_visitante,3P%_visitante,2PC_visitante,2PT_visitante,2P%_visitante,LLC_visitante,LLT_visitante,LL%_visitante,EN_visitante,BR_visitante,B/E_visitante,TO_visitante,FC_visitante,T/FC_visitante,ET_visitante,VI_visitante,EF_visitante
93,73,2014-02-08,6,2,2013-2014,Pinheiros,Fortaleza B. C. / CFO,1,86.93333333333334,31.2,39.2,16.533333333333335,34.13333333333333,7.933333333333334,26.2,16.4,13.133333333333333,1.3253333333333335,10.4,25.466666666666665,40.89333333333333,19.6,34.53333333333333,56.56733333333332,16.533333333333335,20.933333333333334,78.77133333333335,2.6,10.0,0.8073333333333333,3.8666666666666667,18.533333333333335,0.21533333333333332,13.133333333333333,2.2,103.8,77.4,20.0,43.2,14.2,36.46666666666667,10.133333333333333,26.333333333333332,13.4,13.333333333333334,1.1013333333333333,6.666666666666667,18.2,37.210666666666675,21.6,42.93333333333333,50.580000000000005,14.2,19.533333333333335,72.01266666666668,2.8,10.8,0.8806666666666666,2.2666666666666666,20.6,0.11466666666666668,13.333333333333334,2.6666666666666665,88.8
