placar_casa,placar_visitante,data,round,stage,ano,equipe_casa,equipe_visitante,resultado,Pts_casa,3P_casa,2P_casa,LL_casa,RT_casa,RO_casa,RD_casa,AS_casa,ER_casa,IA%_casa,3PC_casa,3PT_casa,3P%_casa,2PC_casa,2PT_casa,2P%_casa,LLC_casa,LLT_casa,LL%_casa,EN_casa,BR_casa,B/E_casa,TO_casa,FC_casa,T/FC_casa,ET_casa,VI_casa,EF_casa,Pts_visitante,3P_visitante,2P_visitante,LL_visitante,RT_visitante,RO_visitante,RD_visitante,AS_visitante,ER_visitante,IA%_visitante,3PC_visitante,3PT_visitante,3P%_visitante,2PC_visitante,2PT_visitante,2P%_visitante,LLC_visitante,LLT_visitante,LL%_visitante,EN_visitante,BR_visitante,B/E_visitante,TO_visitante,FC_visitante,T/FC_visitante,ET_visitante,VI_visitante,EF_visitante
80,85,2016-05-26,2,6,2015-2016,Flamengo,Bauru Basket,0,85.46666666666667,24.0,45.6,15.866666666666667,34.86666666666667,9.466666666666667,25.4,19.866666666666667,13.933333333333334,1.490666666666667,8.0,21.933333333333334,36.454,22.8,39.666666666666664,57.37599999999999,15.866666666666667,20.066666666666666,77.14599999999999,0.9333333333333333,9.733333333333333,0.73,2.533333333333333,21.0,0.13066666666666668,13.933333333333334,3.066666666666667,103.53333333333333,88.26666666666667,35.8,37.86666666666667,14.6,37.0,10.0,27.0,18.2,13.466666666666667,1.436,11.933333333333334,30.733333333333334,38.61866666666667,18.933333333333334,33.333333333333336,57.071333333333335,14.6,19.533333333333335,75.07066666666668,1.0,10.266666666666667,0.7919999999999999,1.6666666666666667,21.066666666666666,0.08200000000000003,13.466666666666667,2.8,103.8
