placar_casa,placar_visitante,data,round,stage,ano,equipe_casa,equipe_visitante,resultado,Pts_casa,3P_casa,2P_casa,LL_casa,RT_casa,RO_casa,RD_casa,AS_casa,ER_casa,IA%_casa,3PC_casa,3PT_casa,3P%_casa,2PC_casa,2PT_casa,2P%_casa,LLC_casa,LLT_casa,LL%_casa,EN_casa,BR_casa,B/E_casa,TO_casa,FC_casa,T/FC_casa,ET_casa,VI_casa,EF_casa,Pts_visitante,3P_visitante,2P_visitante,LL_visitante,RT_visitante,RO_visitante,RD_visitante,AS_visitante,ER_visitante,IA%_visitante,3PC_visitante,3PT_visitante,3P%_visitante,2PC_visitante,2PT_visitante,2P%_visitante,LLC_visitante,LLT_visitante,LL%_visitante,EN_visitante,BR_visitante,B/E_visitante,TO_visitante,FC_visitante,T/FC_visitante,ET_visitante,VI_visitante,EF_visitante
88,66,2012-03-15,11,2,2011-2012,Uberlândia,Tijuca,1,85.35714285714286,25.285714285714285,44.857142857142854,15.214285714285714,28.357142857142858,6.571428571428571,21.785714285714285,16.285714285714285,11.428571428571429,1.517857142857143,8.428571428571429,22.857142857142858,36.46642857142857,22.428571428571427,39.92857142857143,56.33,15.214285714285714,19.285714285714285,78.23857142857143,3.7142857142857144,6.928571428571429,0.6585714285714285,3.142857142857143,18.214285714285715,0.195,11.428571428571429,2.0714285714285716,94.78571428571429,79.33333333333333,16.25,44.166666666666664,18.916666666666668,26.833333333333332,7.666666666666667,19.166666666666668,10.75,13.916666666666666,0.8066666666666666,5.416666666666667,18.0,29.245833333333337,22.083333333333332,40.25,55.083333333333336,18.916666666666668,25.083333333333332,76.1725,1.1666666666666667,7.0,0.5241666666666667,1.8333333333333333,21.083333333333332,0.09916666666666668,13.916666666666666,2.25,77.83333333333333
