placar_casa,placar_visitante,data,round,stage,ano,equipe_casa,equipe_visitante,resultado,Pts_casa,3P_casa,2P_casa,LL_casa,RT_casa,RO_casa,RD_casa,AS_casa,ER_casa,IA%_casa,3PC_casa,3PT_casa,3P%_casa,2PC_casa,2PT_casa,2P%_casa,LLC_casa,LLT_casa,LL%_casa,EN_casa,BR_casa,B/E_casa,TO_casa,FC_casa,T/FC_casa,ET_casa,VI_casa,EF_casa,Pts_visitante,3P_visitante,2P_visitante,LL_visitante,RT_visitante,RO_visitante,RD_visitante,AS_visitante,ER_visitante,IA%_visitante,3PC_visitante,3PT_visitante,3P%_visitante,2PC_visitante,2PT_visitante,2P%_visitante,LLC_visitante,LLT_visitante,LL%_visitante,EN_visitante,BR_visitante,B/E_visitante,TO_visitante,FC_visitante,T/FC_visitante,ET_visitante,VI_visitante,EF_visitante
96,80,2012-04-10,14,2,2011-2012,Bauru Basket,Brasília,1,79.26666666666667,22.0,41.06666666666667,16.2,32.8,12.133333333333333,20.666666666666668,11.933333333333334,10.666666666666666,1.3586666666666667,7.333333333333333,21.8,34.28066666666667,20.533333333333335,41.46666666666667,49.88533333333333,16.2,20.866666666666667,77.79066666666668,1.2666666666666666,6.0,0.6706666666666664,2.0,18.2,0.10533333333333336,10.666666666666666,2.6,85.06666666666666,87.86666666666666,24.2,43.733333333333334,19.933333333333334,34.0,8.8,25.2,14.466666666666667,13.666666666666666,1.1453333333333333,8.066666666666666,23.0,34.760666666666665,21.866666666666667,37.333333333333336,58.592666666666666,19.933333333333334,24.466666666666665,81.66666666666666,1.3333333333333333,6.466666666666667,0.504,3.4,22.6,0.16066666666666668,13.666666666666666,2.6,101.46666666666667
