placar_casa,placar_visitante,data,round,stage,ano,equipe_casa,equipe_visitante,resultado,Pts_casa,3P_casa,2P_casa,LL_casa,RT_casa,RO_casa,RD_casa,AS_casa,ER_casa,IA%_casa,3PC_casa,3PT_casa,3P%_casa,2PC_casa,2PT_casa,2P%_casa,LLC_casa,LLT_casa,LL%_casa,EN_casa,BR_casa,B/E_casa,TO_casa,FC_casa,T/FC_casa,ET_casa,VI_casa,EF_casa,Pts_visitante,3P_visitante,2P_visitante,LL_visitante,RT_visitante,RO_visitante,RD_visitante,AS_visitante,ER_visitante,IA%_visitante,3PC_visitante,3PT_visitante,3P%_visitante,2PC_visitante,2PT_visitante,2P%_visitante,LLC_visitante,LLT_visitante,LL%_visitante,EN_visitante,BR_visitante,B/E_visitante,TO_visitante,FC_visitante,T/FC_visitante,ET_visitante,VI_visitante,EF_visitante
97,96,2012-03-29,13,2,2011-2012,Flamengo,Limeira,1,89.46666666666667,26.4,50.4,12.666666666666666,31.266666666666666,6.866666666666666,24.4,18.266666666666666,11.533333333333333,1.7099999999999997,8.8,20.266666666666666,42.556,25.2,42.733333333333334,59.24133333333335,12.666666666666666,16.8,73.54466666666666,0.9333333333333333,7.133333333333334,0.674,1.5333333333333334,17.666666666666668,0.09666666666666666,11.533333333333333,2.6666666666666665,106.53333333333333,82.07142857142857,29.571428571428573,36.57142857142857,15.928571428571429,26.285714285714285,6.928571428571429,19.357142857142858,13.5,11.071428571428571,1.2835714285714288,9.857142857142858,23.928571428571427,40.425714285714285,18.285714285714285,36.92857142857143,49.63142857142857,15.928571428571429,19.142857142857142,84.47500000000001,1.6428571428571428,6.285714285714286,0.6328571428571428,1.5714285714285714,21.642857142857142,0.08857142857142859,11.071428571428571,2.4285714285714284,85.21428571428571
