placar_casa,placar_visitante,data,round,stage,ano,equipe_casa,equipe_visitante,resultado,Pts_casa,3P_casa,2P_casa,LL_casa,RT_casa,RO_casa,RD_casa,AS_casa,ER_casa,IA%_casa,3PC_casa,3PT_casa,3P%_casa,2PC_casa,2PT_casa,2P%_casa,LLC_casa,LLT_casa,LL%_casa,EN_casa,BR_casa,B/E_casa,TO_casa,FC_casa,T/FC_casa,ET_casa,VI_casa,EF_casa,Pts_visitante,3P_visitante,2P_visitante,LL_visitante,RT_visitante,RO_visitante,RD_visitante,AS_visitante,ER_visitante,IA%_visitante,3PC_visitante,3PT_visitante,3P%_visitante,2PC_visitante,2PT_visitante,2P%_visitante,LLC_visitante,LLT_visitante,LL%_visitante,EN_visitante,BR_visitante,B/E_visitante,TO_visitante,FC_visitante,T/FC_visitante,ET_visitante,VI_visitante,EF_visitante
70,61,2018-12-12,9,1,2018-2019,Fortaleza B. C. / CFO,Minas,1,71.08416666666666,22.5,38.1675,10.416666666666666,40.00083333333333,13.25,26.750833333333333,12.750833333333333,14.499166666666667,0.9358333333333334,7.5,23.915833333333335,31.057500000000005,19.0825,40.416666666666664,47.70583333333334,10.416666666666666,16.499166666666667,63.76,2.1675,6.916666666666667,0.4908333333333333,2.249166666666667,18.9175,0.12000000000000004,14.499166666666667,3.6666666666666665,74.49916666666667,78.97,27.454545454545453,36.00090909090909,15.514545454545454,37.152727272727276,10.18090909090909,26.969090909090912,17.12090909090909,13.393636363636364,1.319090909090909,9.152727272727274,26.0,34.91181818181819,17.99909090909091,36.303636363636365,49.82363636363637,15.514545454545454,21.78727272727273,70.93181818181819,1.91,7.546363636363637,0.5981818181818181,2.0,19.69727272727273,0.10272727272727274,13.393636363636364,1.4836363636363636,87.8190909090909
