placar_casa,placar_visitante,data,round,stage,ano,equipe_casa,equipe_visitante,resultado,Pts_casa,3P_casa,2P_casa,LL_casa,RT_casa,RO_casa,RD_casa,AS_casa,ER_casa,IA%_casa,3PC_casa,3PT_casa,3P%_casa,2PC_casa,2PT_casa,2P%_casa,LLC_casa,LLT_casa,LL%_casa,EN_casa,BR_casa,B/E_casa,TO_casa,FC_casa,T/FC_casa,ET_casa,VI_casa,EF_casa,Pts_visitante,3P_visitante,2P_visitante,LL_visitante,RT_visitante,RO_visitante,RD_visitante,AS_visitante,ER_visitante,IA%_visitante,3PC_visitante,3PT_visitante,3P%_visitante,2PC_visitante,2PT_visitante,2P%_visitante,LLC_visitante,LLT_visitante,LL%_visitante,EN_visitante,BR_visitante,B/E_visitante,TO_visitante,FC_visitante,T/FC_visitante,ET_visitante,VI_visitante,EF_visitante
87,95,2019-11-23,6,1,2019-2020,Coop/São José Basketball,Rio Claro,0,80.66666666666667,24.333333333333332,42.44444444444444,13.88888888888889,37.5,11.277777777777779,26.22222222222222,18.944444444444443,14.777777777777779,1.3355555555555556,8.11111111111111,23.944444444444443,34.06444444444445,21.22222222222222,43.27777777777778,49.46333333333333,13.88888888888889,18.833333333333332,73.42777777777778,1.2777777777777777,7.333333333333333,0.5166666666666667,1.3888888888888888,21.72222222222222,0.061111111111111116,14.777777777777779,2.0555555555555554,88.11111111111111,82.57142857142857,27.0,35.857142857142854,19.714285714285715,31.357142857142858,6.357142857142857,25.0,17.857142857142858,14.0,1.3114285714285714,9.0,25.142857142857142,36.27142857142857,17.928571428571427,32.07142857142857,56.18285714285714,19.714285714285715,25.714285714285715,76.56142857142856,2.2857142857142856,5.714285714285714,0.4071428571428571,1.2142857142857142,23.785714285714285,0.05285714285714286,14.0,1.6428571428571428,88.42857142857143
