placar_casa,placar_visitante,data,round,stage,ano,equipe_casa,equipe_visitante,resultado,Pts_casa,3P_casa,2P_casa,LL_casa,RT_casa,RO_casa,RD_casa,AS_casa,ER_casa,IA%_casa,3PC_casa,3PT_casa,3P%_casa,2PC_casa,2PT_casa,2P%_casa,LLC_casa,LLT_casa,LL%_casa,EN_casa,BR_casa,B/E_casa,TO_casa,FC_casa,T/FC_casa,ET_casa,VI_casa,EF_casa,Pts_visitante,3P_visitante,2P_visitante,LL_visitante,RT_visitante,RO_visitante,RD_visitante,AS_visitante,ER_visitante,IA%_visitante,3PC_visitante,3PT_visitante,3P%_visitante,2PC_visitante,2PT_visitante,2P%_visitante,LLC_visitante,LLT_visitante,LL%_visitante,EN_visitante,BR_visitante,B/E_visitante,TO_visitante,FC_visitante,T/FC_visitante,ET_visitante,VI_visitante,EF_visitante
81,69,2025-04-17,16,2,2024-2025,Paulistano,Brasília Basquete,1,78.23333333333333,24.3,39.53333333333333,14.4,39.2,12.933333333333334,26.266666666666666,17.833333333333332,15.333333333333334,1.2493333333333332,8.1,24.066666666666666,33.657999999999994,19.766666666666666,41.233333333333334,48.05533333333334,14.4,19.166666666666668,74.36333333333332,2.6,8.266666666666667,0.5506666666666667,2.7333333333333334,22.0,0.12600000000000003,15.333333333333334,2.7666666666666666,88.73333333333333,79.06666666666666,33.4,32.4,13.266666666666667,34.733333333333334,8.266666666666667,26.466666666666665,16.466666666666665,11.666666666666666,1.4733333333333336,11.133333333333333,31.733333333333334,35.188,16.2,30.666666666666668,53.02866666666667,13.266666666666667,17.133333333333333,77.09400000000001,0.8666666666666667,6.066666666666666,0.5486666666666667,2.0,20.6,0.10333333333333333,11.666666666666666,2.7333333333333334,87.73333333333333
