placar_casa,placar_visitante,data,round,stage,ano,equipe_casa,equipe_visitante,resultado,Pts_casa,3P_casa,2P_casa,LL_casa,RT_casa,RO_casa,RD_casa,AS_casa,ER_casa,IA%_casa,3PC_casa,3PT_casa,3P%_casa,2PC_casa,2PT_casa,2P%_casa,LLC_casa,LLT_casa,LL%_casa,EN_casa,BR_casa,B/E_casa,TO_casa,FC_casa,T/FC_casa,ET_casa,VI_casa,EF_casa,Pts_visitante,3P_visitante,2P_visitante,LL_visitante,RT_visitante,RO_visitante,RD_visitante,AS_visitante,ER_visitante,IA%_visitante,3PC_visitante,3PT_visitante,3P%_visitante,2PC_visitante,2PT_visitante,2P%_visitante,LLC_visitante,LLT_visitante,LL%_visitante,EN_visitante,BR_visitante,B/E_visitante,TO_visitante,FC_visitante,T/FC_visitante,ET_visitante,VI_visitante,EF_visitante
68,81,2012-05-27,5,5,2011-2012,Pinheiros,Brasília,0,82.73333333333333,22.2,43.6,16.933333333333334,32.733333333333334,8.666666666666666,24.066666666666666,16.466666666666665,13.933333333333334,1.3066666666666664,7.4,20.533333333333335,36.15133333333333,21.8,39.86666666666667,54.618666666666655,16.933333333333334,24.2,70.56266666666667,2.0,7.266666666666667,0.5406666666666666,2.3333333333333335,22.933333333333334,0.10333333333333333,13.933333333333334,3.7333333333333334,100.13333333333334,86.86666666666666,24.8,40.93333333333333,21.133333333333333,30.2,7.466666666666667,22.733333333333334,13.8,12.933333333333334,1.1680000000000001,8.266666666666667,23.266666666666666,34.78,20.466666666666665,35.06666666666667,58.43666666666665,21.133333333333333,25.666666666666668,82.648,0.8666666666666667,6.8,0.5586666666666668,3.466666666666667,23.4,0.15399999999999997,12.933333333333334,2.6,101.2
