placar_casa,placar_visitante,data,round,stage,ano,equipe_casa,equipe_visitante,resultado,Pts_casa,3P_casa,2P_casa,LL_casa,RT_casa,RO_casa,RD_casa,AS_casa,ER_casa,IA%_casa,3PC_casa,3PT_casa,3P%_casa,2PC_casa,2PT_casa,2P%_casa,LLC_casa,LLT_casa,LL%_casa,EN_casa,BR_casa,B/E_casa,TO_casa,FC_casa,T/FC_casa,ET_casa,VI_casa,EF_casa,Pts_visitante,3P_visitante,2P_visitante,LL_visitante,RT_visitante,RO_visitante,RD_visitante,AS_visitante,ER_visitante,IA%_visitante,3PC_visitante,3PT_visitante,3P%_visitante,2PC_visitante,2PT_visitante,2P%_visitante,LLC_visitante,LLT_visitante,LL%_visitante,EN_visitante,BR_visitante,B/E_visitante,TO_visitante,FC_visitante,T/FC_visitante,ET_visitante,VI_visitante,EF_visitante
68,84,2015-01-27,3,2,2014-2015,Palmeiras,Mogi,0,79.86666666666666,25.2,41.333333333333336,13.333333333333334,36.46666666666667,11.2,25.266666666666666,16.266666666666666,14.133333333333333,1.2626666666666668,8.4,22.866666666666667,37.41066666666666,20.666666666666668,39.333333333333336,52.621999999999986,13.333333333333334,17.866666666666667,73.15133333333333,2.466666666666667,9.066666666666666,0.6919999999999998,1.4,18.0,0.08400000000000002,14.133333333333333,3.6666666666666665,91.26666666666667,83.26666666666667,24.6,41.2,17.466666666666665,37.8,12.933333333333334,24.866666666666667,15.2,15.066666666666666,1.1,8.2,20.866666666666667,39.407333333333334,20.6,40.53333333333333,51.076666666666675,17.466666666666665,22.333333333333332,76.95666666666668,2.6,9.866666666666667,0.6873333333333334,2.2666666666666666,21.666666666666668,0.10400000000000002,15.066666666666666,2.7333333333333334,95.86666666666666
