placar_casa,placar_visitante,data,round,stage,ano,equipe_casa,equipe_visitante,resultado,Pts_casa,3P_casa,2P_casa,LL_casa,RT_casa,RO_casa,RD_casa,AS_casa,ER_casa,IA%_casa,3PC_casa,3PT_casa,3P%_casa,2PC_casa,2PT_casa,2P%_casa,LLC_casa,LLT_casa,LL%_casa,EN_casa,BR_casa,B/E_casa,TO_casa,FC_casa,T/FC_casa,ET_casa,VI_casa,EF_casa,Pts_visitante,3P_visitante,2P_visitante,LL_visitante,RT_visitante,RO_visitante,RD_visitante,AS_visitante,ER_visitante,IA%_visitante,3PC_visitante,3PT_visitante,3P%_visitante,2PC_visitante,2PT_visitante,2P%_visitante,LLC_visitante,LLT_visitante,LL%_visitante,EN_visitante,BR_visitante,B/E_visitante,TO_visitante,FC_visitante,T/FC_visitante,ET_visitante,VI_visitante,EF_visitante
74,68,2022-02-04,2,2,2021-2022,Bauru Basket,Cerrado,1,78.33333333333333,30.9,36.4,11.033333333333333,34.333333333333336,8.566666666666666,25.766666666666666,18.666666666666668,11.366666666666667,1.6973333333333334,10.3,30.3,34.07666666666667,18.2,32.666666666666664,55.85600000000001,11.033333333333333,15.166666666666666,73.25133333333332,1.1333333333333333,7.1,0.6373333333333334,1.9666666666666666,18.566666666666666,0.11200000000000002,11.366666666666667,1.9666666666666666,90.43333333333334,79.33333333333333,28.3,40.333333333333336,10.7,40.833333333333336,12.6,28.233333333333334,16.433333333333334,14.2,1.2646666666666668,9.433333333333334,31.333333333333332,30.175333333333334,20.166666666666668,40.3,49.96666666666667,10.7,15.533333333333333,70.23866666666666,2.466666666666667,6.9,0.5173333333333333,3.033333333333333,18.866666666666667,0.16066666666666665,14.2,2.533333333333333,85.46666666666667
