placar_casa,placar_visitante,data,round,stage,ano,equipe_casa,equipe_visitante,resultado,Pts_casa,3P_casa,2P_casa,LL_casa,RT_casa,RO_casa,RD_casa,AS_casa,ER_casa,IA%_casa,3PC_casa,3PT_casa,3P%_casa,2PC_casa,2PT_casa,2P%_casa,LLC_casa,LLT_casa,LL%_casa,EN_casa,BR_casa,B/E_casa,TO_casa,FC_casa,T/FC_casa,ET_casa,VI_casa,EF_casa,Pts_visitante,3P_visitante,2P_visitante,LL_visitante,RT_visitante,RO_visitante,RD_visitante,AS_visitante,ER_visitante,IA%_visitante,3PC_visitante,3PT_visitante,3P%_visitante,2PC_visitante,2PT_visitante,2P%_visitante,LLC_visitante,LLT_visitante,LL%_visitante,EN_visitante,BR_visitante,B/E_visitante,TO_visitante,FC_visitante,T/FC_visitante,ET_visitante,VI_visitante,EF_visitante
79,84,2015-12-22,14,1,2015-2016,Paulistano,Sesi Franca,0,83.36363636363636,30.818181818181817,40.72727272727273,11.818181818181818,37.36363636363637,11.545454545454545,25.818181818181817,16.363636363636363,13.363636363636363,1.3836363636363636,10.272727272727273,26.272727272727273,39.18181818181818,20.363636363636363,38.63636363636363,53.26363636363637,11.818181818181818,16.09090909090909,73.36363636363636,1.7272727272727273,10.272727272727273,0.859090909090909,1.5454545454545454,19.727272727272727,0.08545454545454545,13.363636363636363,3.727272727272727,97.0,74.91666666666667,21.5,37.0,16.416666666666668,30.75,8.416666666666666,22.333333333333332,14.25,15.333333333333334,1.0108333333333333,7.166666666666667,20.75,32.267500000000005,18.5,34.25,56.33666666666667,16.416666666666668,23.0,72.45416666666667,2.6666666666666665,7.666666666666667,0.5358333333333334,3.0,21.0,0.14583333333333334,15.333333333333334,2.4166666666666665,79.33333333333333
