placar_casa,placar_visitante,data,round,stage,ano,equipe_casa,equipe_visitante,resultado,Pts_casa,3P_casa,2P_casa,LL_casa,RT_casa,RO_casa,RD_casa,AS_casa,ER_casa,IA%_casa,3PC_casa,3PT_casa,3P%_casa,2PC_casa,2PT_casa,2P%_casa,LLC_casa,LLT_casa,LL%_casa,EN_casa,BR_casa,B/E_casa,TO_casa,FC_casa,T/FC_casa,ET_casa,VI_casa,EF_casa,Pts_visitante,3P_visitante,2P_visitante,LL_visitante,RT_visitante,RO_visitante,RD_visitante,AS_visitante,ER_visitante,IA%_visitante,3PC_visitante,3PT_visitante,3P%_visitante,2PC_visitante,2PT_visitante,2P%_visitante,LLC_visitante,LLT_visitante,LL%_visitante,EN_visitante,BR_visitante,B/E_visitante,TO_visitante,FC_visitante,T/FC_visitante,ET_visitante,VI_visitante,EF_visitante
70,64,2023-03-04,5,2,2022-2023,São Paulo,Caxias do Sul Basquete,1,87.43266666666666,35.1,38.93266666666667,13.4,35.967333333333336,8.299333333333333,27.665999999999997,18.434000000000005,13.16733333333333,1.532,11.699333333333335,30.50066666666667,38.00066666666667,19.467333333333336,33.56733333333334,58.10333333333334,13.4,17.99933333333333,74.86533333333334,1.6333333333333333,7.666666666666667,0.6353333333333333,1.9666666666666666,20.766666666666666,0.09933333333333334,13.16733333333333,1.7666666666666666,100.79933333333332,75.33333333333333,22.6,37.2,15.533333333333333,35.99933333333333,8.466666666666667,27.532666666666664,12.667333333333337,13.333333333333334,1.0026666666666666,7.534000000000001,23.866666666666667,31.423999999999992,18.6,37.800666666666665,49.30466666666668,15.533333333333333,21.067333333333337,73.69266666666665,0.5993333333333334,6.799333333333333,0.5159999999999999,2.000666666666667,19.666666666666668,0.10400000000000001,13.333333333333334,2.2666666666666666,78.39933333333333
