placar_casa,placar_visitante,data,round,stage,ano,equipe_casa,equipe_visitante,resultado,Pts_casa,3P_casa,2P_casa,LL_casa,RT_casa,RO_casa,RD_casa,AS_casa,ER_casa,IA%_casa,3PC_casa,3PT_casa,3P%_casa,2PC_casa,2PT_casa,2P%_casa,LLC_casa,LLT_casa,LL%_casa,EN_casa,BR_casa,B/E_casa,TO_casa,FC_casa,T/FC_casa,ET_casa,VI_casa,EF_casa,Pts_visitante,3P_visitante,2P_visitante,LL_visitante,RT_visitante,RO_visitante,RD_visitante,AS_visitante,ER_visitante,IA%_visitante,3PC_visitante,3PT_visitante,3P%_visitante,2PC_visitante,2PT_visitante,2P%_visitante,LLC_visitante,LLT_visitante,LL%_visitante,EN_visitante,BR_visitante,B/E_visitante,TO_visitante,FC_visitante,T/FC_visitante,ET_visitante,VI_visitante,EF_visitante
79,71,2022-11-29,7,1,2022-2023,Minas,Fortaleza B. C. / CFO,1,88.55555555555556,31.333333333333332,45.77777777777778,11.444444444444445,42.333333333333336,11.333333333333334,31.0,20.22222222222222,14.333333333333334,1.6166666666666667,10.444444444444445,26.88888888888889,39.18888888888889,22.88888888888889,39.666666666666664,57.35222222222222,11.444444444444445,14.555555555555555,78.16444444444443,2.3333333333333335,7.222222222222222,0.6255555555555555,2.0,18.555555555555557,0.11555555555555556,14.333333333333334,3.888888888888889,109.66666666666667,69.11111111111111,17.666666666666668,41.77777777777778,9.666666666666666,45.77777777777778,14.444444444444445,31.333333333333332,13.0,13.555555555555555,1.018888888888889,5.888888888888889,25.333333333333332,22.66111111111111,20.88888888888889,44.333333333333336,46.676666666666655,9.666666666666666,19.22222222222222,51.794444444444444,1.5555555555555556,7.777777777777778,0.6188888888888889,2.2222222222222223,21.666666666666668,0.10333333333333335,13.555555555555555,2.3333333333333335,71.88888888888889
