placar_casa,placar_visitante,data,round,stage,ano,equipe_casa,equipe_visitante,resultado,Pts_casa,3P_casa,2P_casa,LL_casa,RT_casa,RO_casa,RD_casa,AS_casa,ER_casa,IA%_casa,3PC_casa,3PT_casa,3P%_casa,2PC_casa,2PT_casa,2P%_casa,LLC_casa,LLT_casa,LL%_casa,EN_casa,BR_casa,B/E_casa,TO_casa,FC_casa,T/FC_casa,ET_casa,VI_casa,EF_casa,Pts_visitante,3P_visitante,2P_visitante,LL_visitante,RT_visitante,RO_visitante,RD_visitante,AS_visitante,ER_visitante,IA%_visitante,3PC_visitante,3PT_visitante,3P%_visitante,2PC_visitante,2PT_visitante,2P%_visitante,LLC_visitante,LLT_visitante,LL%_visitante,EN_visitante,BR_visitante,B/E_visitante,TO_visitante,FC_visitante,T/FC_visitante,ET_visitante,VI_visitante,EF_visitante
73,81,2014-02-11,2,2,2013-2014,Pinheiros,Bauru Basket,0,87.26666666666667,31.0,39.6,16.666666666666668,34.53333333333333,8.266666666666667,26.266666666666666,16.733333333333334,13.666666666666666,1.2893333333333332,10.333333333333334,25.066666666666666,41.11533333333333,19.8,35.13333333333333,56.17733333333332,16.666666666666668,21.133333333333333,78.69733333333333,2.7333333333333334,10.066666666666666,0.7693333333333333,3.7333333333333334,18.4,0.21,13.666666666666666,2.3333333333333335,104.13333333333334,83.26666666666667,27.0,37.46666666666667,18.8,32.86666666666667,9.8,23.066666666666666,15.4,11.533333333333333,1.5493333333333337,9.0,23.933333333333334,38.47333333333333,18.733333333333334,35.13333333333333,53.49333333333334,18.8,22.8,82.64333333333335,1.9333333333333333,8.533333333333333,0.8533333333333333,2.466666666666667,18.866666666666667,0.13799999999999998,11.533333333333333,1.6,95.6
