placar_casa,placar_visitante,data,round,stage,ano,equipe_casa,equipe_visitante,resultado,Pts_casa,3P_casa,2P_casa,LL_casa,RT_casa,RO_casa,RD_casa,AS_casa,ER_casa,IA%_casa,3PC_casa,3PT_casa,3P%_casa,2PC_casa,2PT_casa,2P%_casa,LLC_casa,LLT_casa,LL%_casa,EN_casa,BR_casa,B/E_casa,TO_casa,FC_casa,T/FC_casa,ET_casa,VI_casa,EF_casa,Pts_visitante,3P_visitante,2P_visitante,LL_visitante,RT_visitante,RO_visitante,RD_visitante,AS_visitante,ER_visitante,IA%_visitante,3PC_visitante,3PT_visitante,3P%_visitante,2PC_visitante,2PT_visitante,2P%_visitante,LLC_visitante,LLT_visitante,LL%_visitante,EN_visitante,BR_visitante,B/E_visitante,TO_visitante,FC_visitante,T/FC_visitante,ET_visitante,VI_visitante,EF_visitante
80,73,2015-01-19,1,2,2014-2015,Macaé Basquete,L. Sorocabana,1,78.6,25.8,37.06666666666667,15.733333333333333,31.0,9.533333333333333,21.466666666666665,12.6,11.733333333333333,1.29,8.6,22.133333333333333,39.28333333333333,18.533333333333335,37.53333333333333,49.31133333333333,15.733333333333333,19.733333333333334,79.91000000000001,0.8666666666666667,8.866666666666667,0.8320000000000001,1.0666666666666667,21.4,0.04933333333333333,11.733333333333333,3.2,83.86666666666666,75.8,17.8,42.93333333333333,15.066666666666666,31.733333333333334,11.666666666666666,20.066666666666666,11.866666666666667,14.2,0.8760000000000001,5.933333333333334,20.4,28.97933333333333,21.466666666666665,44.0,48.66466666666666,15.066666666666666,20.466666666666665,74.41733333333335,1.4666666666666666,12.466666666666667,0.922,2.0,24.6,0.08399999999999999,14.2,2.2666666666666666,77.26666666666667
