placar_casa,placar_visitante,data,round,stage,ano,equipe_casa,equipe_visitante,resultado,Pts_casa,3P_casa,2P_casa,LL_casa,RT_casa,RO_casa,RD_casa,AS_casa,ER_casa,IA%_casa,3PC_casa,3PT_casa,3P%_casa,2PC_casa,2PT_casa,2P%_casa,LLC_casa,LLT_casa,LL%_casa,EN_casa,BR_casa,B/E_casa,TO_casa,FC_casa,T/FC_casa,ET_casa,VI_casa,EF_casa,Pts_visitante,3P_visitante,2P_visitante,LL_visitante,RT_visitante,RO_visitante,RD_visitante,AS_visitante,ER_visitante,IA%_visitante,3PC_visitante,3PT_visitante,3P%_visitante,2PC_visitante,2PT_visitante,2P%_visitante,LLC_visitante,LLT_visitante,LL%_visitante,EN_visitante,BR_visitante,B/E_visitante,TO_visitante,FC_visitante,T/FC_visitante,ET_visitante,VI_visitante,EF_visitante
102,85,2014-02-01,4,2,2013-2014,Fortaleza B. C. / CFO,Goiânia,1,75.86666666666666,18.6,44.13333333333333,13.133333333333333,36.4,10.6,25.8,12.6,13.2,1.1013333333333335,6.2,18.0,35.22733333333334,22.066666666666666,44.0,50.309333333333335,13.133333333333333,18.533333333333335,69.95266666666666,2.7333333333333334,10.4,0.8746666666666666,1.9333333333333333,20.066666666666666,0.09533333333333334,13.2,3.0,84.86666666666666,76.8,22.4,39.86666666666667,14.533333333333333,31.866666666666667,8.866666666666667,23.0,15.8,12.133333333333333,1.5779999999999998,7.466666666666667,21.6,35.382,19.933333333333334,38.13333333333333,52.981333333333325,14.533333333333333,19.0,77.34733333333334,1.2666666666666666,8.333333333333334,0.8086666666666668,1.6666666666666667,23.133333333333333,0.07266666666666667,12.133333333333333,2.8,85.53333333333333
