placar_casa,placar_visitante,data,round,stage,ano,equipe_casa,equipe_visitante,resultado,Pts_casa,3P_casa,2P_casa,LL_casa,RT_casa,RO_casa,RD_casa,AS_casa,ER_casa,IA%_casa,3PC_casa,3PT_casa,3P%_casa,2PC_casa,2PT_casa,2P%_casa,LLC_casa,LLT_casa,LL%_casa,EN_casa,BR_casa,B/E_casa,TO_casa,FC_casa,T/FC_casa,ET_casa,VI_casa,EF_casa,Pts_visitante,3P_visitante,2P_visitante,LL_visitante,RT_visitante,RO_visitante,RD_visitante,AS_visitante,ER_visitante,IA%_visitante,3PC_visitante,3PT_visitante,3P%_visitante,2PC_visitante,2PT_visitante,2P%_visitante,LLC_visitante,LLT_visitante,LL%_visitante,EN_visitante,BR_visitante,B/E_visitante,TO_visitante,FC_visitante,T/FC_visitante,ET_visitante,VI_visitante,EF_visitante
96,91,2009-04-01,3,2,2008-2009,Minas,Limeira,1,86.78571428571429,22.5,48.42857142857143,15.857142857142858,35.214285714285715,10.5,24.714285714285715,16.5,15.642857142857142,1.0985714285714288,7.5,20.571428571428573,36.910000000000004,24.214285714285715,42.5,57.184285714285714,15.857142857142858,22.571428571428573,70.77,1.2857142857142858,7.357142857142857,0.47714285714285715,2.9285714285714284,19.357142857142858,0.16428571428571428,15.642857142857142,0.0,95.07142857142857,85.46666666666667,26.2,40.0,19.266666666666666,29.666666666666668,7.6,22.066666666666666,16.333333333333332,15.0,1.2353333333333334,8.733333333333333,23.2,37.61466666666667,20.0,37.4,53.51,19.266666666666666,25.733333333333334,74.74866666666665,2.533333333333333,9.133333333333333,0.6473333333333333,4.2,21.266666666666666,0.20400000000000001,15.0,0.0,91.46666666666667
