placar_casa,placar_visitante,data,round,stage,ano,equipe_casa,equipe_visitante,resultado,Pts_casa,3P_casa,2P_casa,LL_casa,RT_casa,RO_casa,RD_casa,AS_casa,ER_casa,IA%_casa,3PC_casa,3PT_casa,3P%_casa,2PC_casa,2PT_casa,2P%_casa,LLC_casa,LLT_casa,LL%_casa,EN_casa,BR_casa,B/E_casa,TO_casa,FC_casa,T/FC_casa,ET_casa,VI_casa,EF_casa,Pts_visitante,3P_visitante,2P_visitante,LL_visitante,RT_visitante,RO_visitante,RD_visitante,AS_visitante,ER_visitante,IA%_visitante,3PC_visitante,3PT_visitante,3P%_visitante,2PC_visitante,2PT_visitante,2P%_visitante,LLC_visitante,LLT_visitante,LL%_visitante,EN_visitante,BR_visitante,B/E_visitante,TO_visitante,FC_visitante,T/FC_visitante,ET_visitante,VI_visitante,EF_visitante
81,65,2012-05-20,2,5,2011-2012,Pinheiros,Brasília,1,81.6,21.4,44.8,15.4,32.0,8.466666666666667,23.533333333333335,15.2,13.8,1.2193333333333336,7.133333333333334,19.866666666666667,35.788,22.4,39.86666666666667,56.55199999999999,15.4,22.466666666666665,68.556,2.4,6.733333333333333,0.506,2.6666666666666665,22.066666666666666,0.12466666666666669,13.8,3.3333333333333335,97.53333333333333,88.2,25.8,42.13333333333333,20.266666666666666,32.2,7.8,24.4,14.466666666666667,13.2,1.1953333333333334,8.6,22.733333333333334,37.294,21.066666666666666,35.666666666666664,58.870666666666665,20.266666666666666,25.066666666666666,80.75066666666666,1.2,6.8,0.5506666666666666,3.4,22.666666666666668,0.15866666666666665,13.2,2.533333333333333,104.26666666666667
