placar_casa,placar_visitante,data,round,stage,ano,equipe_casa,equipe_visitante,resultado,Pts_casa,3P_casa,2P_casa,LL_casa,RT_casa,RO_casa,RD_casa,AS_casa,ER_casa,IA%_casa,3PC_casa,3PT_casa,3P%_casa,2PC_casa,2PT_casa,2P%_casa,LLC_casa,LLT_casa,LL%_casa,EN_casa,BR_casa,B/E_casa,TO_casa,FC_casa,T/FC_casa,ET_casa,VI_casa,EF_casa,Pts_visitante,3P_visitante,2P_visitante,LL_visitante,RT_visitante,RO_visitante,RD_visitante,AS_visitante,ER_visitante,IA%_visitante,3PC_visitante,3PT_visitante,3P%_visitante,2PC_visitante,2PT_visitante,2P%_visitante,LLC_visitante,LLT_visitante,LL%_visitante,EN_visitante,BR_visitante,B/E_visitante,TO_visitante,FC_visitante,T/FC_visitante,ET_visitante,VI_visitante,EF_visitante
79,59,2009-04-22,9,2,2008-2009,Joinville,Sesi Franca,1,81.53333333333333,27.8,37.6,16.133333333333333,33.53333333333333,10.8,22.733333333333334,14.866666666666667,13.933333333333334,1.1606666666666667,9.266666666666667,28.0,32.97533333333333,18.8,36.86666666666667,50.81466666666667,16.133333333333333,24.2,66.75266666666666,1.9333333333333333,9.0,0.7053333333333335,3.2,20.533333333333335,0.16599999999999998,13.933333333333334,0.0,83.33333333333333,85.13333333333334,21.2,46.53333333333333,17.4,30.533333333333335,9.666666666666666,20.866666666666667,16.4,13.333333333333334,1.3173333333333332,7.066666666666666,19.733333333333334,37.398,23.266666666666666,44.733333333333334,52.21133333333332,17.4,22.933333333333334,75.652,1.0,8.933333333333334,0.7120000000000001,2.4,24.066666666666666,0.10400000000000002,13.333333333333334,0.0,90.4
