placar_casa,placar_visitante,data,round,stage,ano,equipe_casa,equipe_visitante,resultado,Pts_casa,3P_casa,2P_casa,LL_casa,RT_casa,RO_casa,RD_casa,AS_casa,ER_casa,IA%_casa,3PC_casa,3PT_casa,3P%_casa,2PC_casa,2PT_casa,2P%_casa,LLC_casa,LLT_casa,LL%_casa,EN_casa,BR_casa,B/E_casa,TO_casa,FC_casa,T/FC_casa,ET_casa,VI_casa,EF_casa,Pts_visitante,3P_visitante,2P_visitante,LL_visitante,RT_visitante,RO_visitante,RD_visitante,AS_visitante,ER_visitante,IA%_visitante,3PC_visitante,3PT_visitante,3P%_visitante,2PC_visitante,2PT_visitante,2P%_visitante,LLC_visitante,LLT_visitante,LL%_visitante,EN_visitante,BR_visitante,B/E_visitante,TO_visitante,FC_visitante,T/FC_visitante,ET_visitante,VI_visitante,EF_visitante
75,80,2021-01-04,9,1,2020-2021,Pato Basquete,Corinthians,0,75.25,20.75,39.666666666666664,14.833333333333334,37.49999999999999,11.917499999999999,25.585000000000004,14.165,13.165,1.0725,6.9175,23.166666666666668,29.582500000000007,19.833333333333332,42.6675,46.05333333333334,14.833333333333334,21.583333333333332,68.71416666666669,0.8325,8.333333333333334,0.6491666666666666,2.25,21.750833333333336,0.1125,13.165,2.750833333333333,78.5,78.88888888888889,31.666666666666668,33.55555555555556,13.666666666666666,33.333333333333336,7.888888888888889,25.444444444444443,17.0,13.555555555555555,1.2744444444444443,10.555555555555555,28.88888888888889,36.21888888888889,16.77777777777778,33.77777777777778,49.56444444444444,13.666666666666666,16.77777777777778,81.35111111111111,1.6666666666666667,7.111111111111111,0.5399999999999999,2.6666666666666665,20.77777777777778,0.1288888888888889,13.555555555555555,2.0,87.0
