placar_casa,placar_visitante,data,round,stage,ano,equipe_casa,equipe_visitante,resultado,Pts_casa,3P_casa,2P_casa,LL_casa,RT_casa,RO_casa,RD_casa,AS_casa,ER_casa,IA%_casa,3PC_casa,3PT_casa,3P%_casa,2PC_casa,2PT_casa,2P%_casa,LLC_casa,LLT_casa,LL%_casa,EN_casa,BR_casa,B/E_casa,TO_casa,FC_casa,T/FC_casa,ET_casa,VI_casa,EF_casa,Pts_visitante,3P_visitante,2P_visitante,LL_visitante,RT_visitante,RO_visitante,RD_visitante,AS_visitante,ER_visitante,IA%_visitante,3PC_visitante,3PT_visitante,3P%_visitante,2PC_visitante,2PT_visitante,2P%_visitante,LLC_visitante,LLT_visitante,LL%_visitante,EN_visitante,BR_visitante,B/E_visitante,TO_visitante,FC_visitante,T/FC_visitante,ET_visitante,VI_visitante,EF_visitante
79,88,2016-03-23,14,2,2015-2016,Sesi Franca,Paulistano,0,72.86666666666666,20.0,37.86666666666667,15.0,31.733333333333334,8.733333333333333,23.0,13.266666666666667,15.066666666666666,0.884,6.666666666666667,19.266666666666666,34.08866666666667,18.933333333333334,36.8,53.00666666666666,15.0,19.933333333333334,75.15733333333334,1.6,8.2,0.5893333333333336,2.7333333333333334,19.333333333333332,0.14466666666666667,15.066666666666666,3.7333333333333334,78.33333333333333,79.0,27.2,37.86666666666667,13.933333333333334,38.4,11.666666666666666,26.733333333333334,16.533333333333335,14.133333333333333,1.2626666666666666,9.066666666666666,24.533333333333335,37.202666666666666,18.933333333333334,38.333333333333336,50.32533333333333,13.933333333333334,17.333333333333332,78.27933333333334,1.8666666666666667,9.0,0.6679999999999999,1.7333333333333334,19.066666666666666,0.09400000000000001,14.133333333333333,2.933333333333333,92.26666666666667
