placar_casa,placar_visitante,data,round,stage,ano,equipe_casa,equipe_visitante,resultado,Pts_casa,3P_casa,2P_casa,LL_casa,RT_casa,RO_casa,RD_casa,AS_casa,ER_casa,IA%_casa,3PC_casa,3PT_casa,3P%_casa,2PC_casa,2PT_casa,2P%_casa,LLC_casa,LLT_casa,LL%_casa,EN_casa,BR_casa,B/E_casa,TO_casa,FC_casa,T/FC_casa,ET_casa,VI_casa,EF_casa,Pts_visitante,3P_visitante,2P_visitante,LL_visitante,RT_visitante,RO_visitante,RD_visitante,AS_visitante,ER_visitante,IA%_visitante,3PC_visitante,3PT_visitante,3P%_visitante,2PC_visitante,2PT_visitante,2P%_visitante,LLC_visitante,LLT_visitante,LL%_visitante,EN_visitante,BR_visitante,B/E_visitante,TO_visitante,FC_visitante,T/FC_visitante,ET_visitante,VI_visitante,EF_visitante
81,85,2017-04-11,3,3,2016-2017,Paulistano,Fortaleza B. C. / CFO,0,81.86666666666666,29.0,37.2,15.666666666666666,36.0,10.666666666666666,25.333333333333332,19.2,13.4,1.5233333333333334,9.666666666666666,27.2,35.81399999999999,18.6,36.2,52.39533333333333,15.666666666666666,20.133333333333333,76.85600000000001,1.4,7.266666666666667,0.5646666666666668,2.466666666666667,22.333333333333332,0.12133333333333335,13.4,2.466666666666667,93.8,74.73333333333333,28.2,31.6,14.933333333333334,36.93333333333333,10.0,26.933333333333334,15.0,15.066666666666666,1.0306666666666666,9.4,27.6,34.224666666666664,15.8,36.2,44.044,14.933333333333334,21.333333333333332,68.45666666666666,1.1333333333333333,7.466666666666667,0.5126666666666667,2.6,22.066666666666666,0.12000000000000002,15.066666666666666,2.8666666666666667,76.66666666666667
