placar_casa,placar_visitante,data,round,stage,ano,equipe_casa,equipe_visitante,resultado,Pts_casa,3P_casa,2P_casa,LL_casa,RT_casa,RO_casa,RD_casa,AS_casa,ER_casa,IA%_casa,3PC_casa,3PT_casa,3P%_casa,2PC_casa,2PT_casa,2P%_casa,LLC_casa,LLT_casa,LL%_casa,EN_casa,BR_casa,B/E_casa,TO_casa,FC_casa,T/FC_casa,ET_casa,VI_casa,EF_casa,Pts_visitante,3P_visitante,2P_visitante,LL_visitante,RT_visitante,RO_visitante,RD_visitante,AS_visitante,ER_visitante,IA%_visitante,3PC_visitante,3PT_visitante,3P%_visitante,2PC_visitante,2PT_visitante,2P%_visitante,LLC_visitante,LLT_visitante,LL%_visitante,EN_visitante,BR_visitante,B/E_visitante,TO_visitante,FC_visitante,T/FC_visitante,ET_visitante,VI_visitante,EF_visitante
72,70,2013-04-20,3,3,2012-2013,Sesi Franca,L. Sorocabana,1,74.46666666666667,42.4,47.733333333333334,12.333333333333334,29.4,8.2,21.2,14.933333333333334,13.866666666666667,1.1800000000000002,4.8,15.066666666666666,32.336,23.866666666666667,43.6,54.82466666666666,12.333333333333334,18.733333333333334,65.85733333333333,4.066666666666666,10.533333333333333,0.8073333333333333,4.6,19.0,0.25000000000000006,13.866666666666667,2.533333333333333,88.8,78.0,40.0,39.86666666666667,15.333333333333334,24.866666666666667,7.266666666666667,17.6,9.2,10.8,0.884,7.6,20.333333333333332,36.67600000000001,19.933333333333334,38.8,52.31733333333333,15.333333333333334,20.266666666666666,76.73,1.0,7.533333333333333,0.7346666666666667,1.3333333333333333,20.0,0.06533333333333334,10.8,2.6,76.4
