placar_casa,placar_visitante,data,round,stage,ano,equipe_casa,equipe_visitante,resultado,Pts_casa,3P_casa,2P_casa,LL_casa,RT_casa,RO_casa,RD_casa,AS_casa,ER_casa,IA%_casa,3PC_casa,3PT_casa,3P%_casa,2PC_casa,2PT_casa,2P%_casa,LLC_casa,LLT_casa,LL%_casa,EN_casa,BR_casa,B/E_casa,TO_casa,FC_casa,T/FC_casa,ET_casa,VI_casa,EF_casa,Pts_visitante,3P_visitante,2P_visitante,LL_visitante,RT_visitante,RO_visitante,RD_visitante,AS_visitante,ER_visitante,IA%_visitante,3PC_visitante,3PT_visitante,3P%_visitante,2PC_visitante,2PT_visitante,2P%_visitante,LLC_visitante,LLT_visitante,LL%_visitante,EN_visitante,BR_visitante,B/E_visitante,TO_visitante,FC_visitante,T/FC_visitante,ET_visitante,VI_visitante,EF_visitante
66,81,2022-04-16,11,2,2021-2022,São Paulo,Sesi Franca,0,86.13333333333334,31.2,39.53333333333333,15.4,36.8,7.933333333333334,28.866666666666667,17.6,11.2,1.6306666666666667,10.4,28.333333333333332,36.656,19.766666666666666,32.86666666666667,59.86000000000001,15.4,20.833333333333332,74.00933333333333,2.4,6.566666666666666,0.6020000000000001,2.8333333333333335,18.266666666666666,0.15333333333333332,11.2,1.3666666666666667,102.26666666666667,89.53333333333333,31.2,43.6,14.733333333333333,37.733333333333334,10.066666666666666,27.666666666666668,17.266666666666666,10.0,1.9420000000000002,10.4,29.666666666666668,34.413333333333334,21.8,35.86666666666667,61.733999999999995,14.733333333333333,18.666666666666668,79.21466666666669,3.2666666666666666,5.266666666666667,0.596,2.1333333333333333,16.8,0.13466666666666668,10.0,1.4666666666666666,104.66666666666667
