placar_casa,placar_visitante,data,round,stage,ano,equipe_casa,equipe_visitante,resultado,Pts_casa,3P_casa,2P_casa,LL_casa,RT_casa,RO_casa,RD_casa,AS_casa,ER_casa,IA%_casa,3PC_casa,3PT_casa,3P%_casa,2PC_casa,2PT_casa,2P%_casa,LLC_casa,LLT_casa,LL%_casa,EN_casa,BR_casa,B/E_casa,TO_casa,FC_casa,T/FC_casa,ET_casa,VI_casa,EF_casa,Pts_visitante,3P_visitante,2P_visitante,LL_visitante,RT_visitante,RO_visitante,RD_visitante,AS_visitante,ER_visitante,IA%_visitante,3PC_visitante,3PT_visitante,3P%_visitante,2PC_visitante,2PT_visitante,2P%_visitante,LLC_visitante,LLT_visitante,LL%_visitante,EN_visitante,BR_visitante,B/E_visitante,TO_visitante,FC_visitante,T/FC_visitante,ET_visitante,VI_visitante,EF_visitante
98,86,2025-02-14,7,2,2024-2025,Vasco da Gama,Pato Basquete,1,77.33266666666667,25.5,36.599333333333334,15.233333333333333,36.60066666666667,10.299333333333333,26.299333333333333,19.200666666666667,13.166666666666666,1.5226666666666668,8.5,29.599333333333334,29.164,18.300666666666665,32.333999999999996,57.016666666666666,15.233333333333333,22.066,70.51666666666667,1.3666666666666667,6.532666666666667,0.5133333333333333,2.6,21.699333333333335,0.12199999999999998,13.166666666666666,2.433333333333333,87.13266666666667,83.73399999999998,33.8,37.20066666666666,12.733333333333333,38.400666666666666,12.067333333333332,26.333333333333332,16.932666666666666,13.466000000000001,1.3093333333333335,11.266,31.267333333333337,35.84866666666666,18.599333333333334,34.734,53.468666666666664,12.733333333333333,16.8,77.02,0.8,5.866666666666666,0.454,1.2660000000000002,21.800666666666665,0.06266666666666666,13.466000000000001,2.7333333333333334,92.53333333333333
