placar_casa,placar_visitante,data,round,stage,ano,equipe_casa,equipe_visitante,resultado,Pts_casa,3P_casa,2P_casa,LL_casa,RT_casa,RO_casa,RD_casa,AS_casa,ER_casa,IA%_casa,3PC_casa,3PT_casa,3P%_casa,2PC_casa,2PT_casa,2P%_casa,LLC_casa,LLT_casa,LL%_casa,EN_casa,BR_casa,B/E_casa,TO_casa,FC_casa,T/FC_casa,ET_casa,VI_casa,EF_casa,Pts_visitante,3P_visitante,2P_visitante,LL_visitante,RT_visitante,RO_visitante,RD_visitante,AS_visitante,ER_visitante,IA%_visitante,3PC_visitante,3PT_visitante,3P%_visitante,2PC_visitante,2PT_visitante,2P%_visitante,LLC_visitante,LLT_visitante,LL%_visitante,EN_visitante,BR_visitante,B/E_visitante,TO_visitante,FC_visitante,T/FC_visitante,ET_visitante,VI_visitante,EF_visitante
104,76,2020-12-10,5,1,2020-2021,Flamengo,Paulistano,1,91.04125,40.5,34.9175,15.62375,46.75,13.5,33.25,21.25125,12.457500000000001,1.7125,13.501249999999999,37.875,35.4975,17.4575,31.667499999999997,55.2975,15.62375,20.45875,76.68125,1.165,7.62625,0.6174999999999999,2.2924999999999995,15.209999999999999,0.15000000000000002,12.457500000000001,1.70875,113.0825,74.33500000000001,25.333333333333332,37.11000000000001,11.886666666666665,41.001666666666665,11.61,29.386666666666667,17.00166666666667,11.721666666666666,1.485,8.446666666666667,25.666666666666668,32.75833333333334,18.55666666666667,38.501666666666665,48.296666666666674,11.886666666666665,14.555,81.76,1.6666666666666667,7.053333333333334,0.6183333333333333,2.111666666666667,17.72,0.125,11.721666666666666,2.0,89.94333333333333
