placar_casa,placar_visitante,data,round,stage,ano,equipe_casa,equipe_visitante,resultado,Pts_casa,3P_casa,2P_casa,LL_casa,RT_casa,RO_casa,RD_casa,AS_casa,ER_casa,IA%_casa,3PC_casa,3PT_casa,3P%_casa,2PC_casa,2PT_casa,2P%_casa,LLC_casa,LLT_casa,LL%_casa,EN_casa,BR_casa,B/E_casa,TO_casa,FC_casa,T/FC_casa,ET_casa,VI_casa,EF_casa,Pts_visitante,3P_visitante,2P_visitante,LL_visitante,RT_visitante,RO_visitante,RD_visitante,AS_visitante,ER_visitante,IA%_visitante,3PC_visitante,3PT_visitante,3P%_visitante,2PC_visitante,2PT_visitante,2P%_visitante,LLC_visitante,LLT_visitante,LL%_visitante,EN_visitante,BR_visitante,B/E_visitante,TO_visitante,FC_visitante,T/FC_visitante,ET_visitante,VI_visitante,EF_visitante
76,74,2013-12-21,12,1,2013-2014,Limeira,Macaé Basquete,1,80.0,25.0,42.22222222222222,12.777777777777779,34.888888888888886,8.333333333333334,26.555555555555557,17.0,11.222222222222221,1.582222222222222,8.333333333333334,18.22222222222222,45.20333333333333,21.11111111111111,40.77777777777778,52.082222222222214,12.777777777777779,17.555555555555557,74.04666666666667,1.4444444444444444,8.555555555555555,0.8022222222222223,2.6666666666666665,21.11111111111111,0.12666666666666668,11.222222222222221,2.4444444444444446,97.55555555555556,80.6,22.5,42.4,15.7,32.3,8.6,23.7,14.5,11.0,1.9240000000000002,7.5,21.9,34.413999999999994,21.2,39.9,53.06999999999999,15.7,20.7,78.62600000000002,0.5,9.5,1.338,1.2,21.3,0.055999999999999994,11.0,1.6,89.0
