placar_casa,placar_visitante,data,round,stage,ano,equipe_casa,equipe_visitante,resultado,Pts_casa,3P_casa,2P_casa,LL_casa,RT_casa,RO_casa,RD_casa,AS_casa,ER_casa,IA%_casa,3PC_casa,3PT_casa,3P%_casa,2PC_casa,2PT_casa,2P%_casa,LLC_casa,LLT_casa,LL%_casa,EN_casa,BR_casa,B/E_casa,TO_casa,FC_casa,T/FC_casa,ET_casa,VI_casa,EF_casa,Pts_visitante,3P_visitante,2P_visitante,LL_visitante,RT_visitante,RO_visitante,RD_visitante,AS_visitante,ER_visitante,IA%_visitante,3PC_visitante,3PT_visitante,3P%_visitante,2PC_visitante,2PT_visitante,2P%_visitante,LLC_visitante,LLT_visitante,LL%_visitante,EN_visitante,BR_visitante,B/E_visitante,TO_visitante,FC_visitante,T/FC_visitante,ET_visitante,VI_visitante,EF_visitante
100,66,2016-06-11,5,6,2015-2016,Flamengo,Bauru Basket,1,84.93333333333334,24.4,44.0,16.533333333333335,34.06666666666667,9.466666666666667,24.6,18.066666666666666,12.933333333333334,1.4666666666666666,8.133333333333333,22.6,36.001999999999995,22.0,39.8,55.52133333333333,16.533333333333335,21.333333333333332,76.80199999999999,0.8666666666666667,10.4,0.8753333333333333,2.6666666666666665,22.533333333333335,0.12466666666666668,12.933333333333334,3.1333333333333333,100.13333333333334,90.13333333333334,35.4,39.86666666666667,14.866666666666667,37.733333333333334,10.266666666666667,27.466666666666665,19.466666666666665,13.133333333333333,1.5453333333333332,11.8,31.0,37.88266666666667,19.933333333333334,33.46666666666667,59.76200000000001,14.866666666666667,19.933333333333334,76.208,1.2,9.333333333333334,0.7413333333333333,1.3333333333333333,20.8,0.06533333333333333,13.133333333333333,2.1333333333333333,107.06666666666666
