placar_casa,placar_visitante,data,round,stage,ano,equipe_casa,equipe_visitante,resultado,Pts_casa,3P_casa,2P_casa,LL_casa,RT_casa,RO_casa,RD_casa,AS_casa,ER_casa,IA%_casa,3PC_casa,3PT_casa,3P%_casa,2PC_casa,2PT_casa,2P%_casa,LLC_casa,LLT_casa,LL%_casa,EN_casa,BR_casa,B/E_casa,TO_casa,FC_casa,T/FC_casa,ET_casa,VI_casa,EF_casa,Pts_visitante,3P_visitante,2P_visitante,LL_visitante,RT_visitante,RO_visitante,RD_visitante,AS_visitante,ER_visitante,IA%_visitante,3PC_visitante,3PT_visitante,3P%_visitante,2PC_visitante,2PT_visitante,2P%_visitante,LLC_visitante,LLT_visitante,LL%_visitante,EN_visitante,BR_visitante,B/E_visitante,TO_visitante,FC_visitante,T/FC_visitante,ET_visitante,VI_visitante,EF_visitante
106,73,2010-01-29,13,1,2009-2010,Bauru Basket,Paulistano,1,77.75,26.625,38.75,12.375,30.5,9.375,21.125,13.25,10.125,1.58625,8.875,22.25,40.28375,19.375,39.125,50.30625,12.375,19.5,64.19125,1.125,6.375,0.75625,2.75,14.875,0.20500000000000002,10.125,2.625,80.25,69.83333333333333,17.0,41.333333333333336,11.5,28.833333333333332,9.0,19.833333333333332,12.833333333333334,11.333333333333334,1.2833333333333334,5.666666666666667,24.166666666666668,23.265,20.666666666666668,40.166666666666664,52.23499999999999,11.5,19.0,60.62833333333333,1.1666666666666667,8.833333333333334,0.8833333333333333,2.6666666666666665,21.5,0.12833333333333333,11.333333333333334,2.1666666666666665,66.16666666666667
