placar_casa,placar_visitante,data,round,stage,ano,equipe_casa,equipe_visitante,resultado,Pts_casa,3P_casa,2P_casa,LL_casa,RT_casa,RO_casa,RD_casa,AS_casa,ER_casa,IA%_casa,3PC_casa,3PT_casa,3P%_casa,2PC_casa,2PT_casa,2P%_casa,LLC_casa,LLT_casa,LL%_casa,EN_casa,BR_casa,B/E_casa,TO_casa,FC_casa,T/FC_casa,ET_casa,VI_casa,EF_casa,Pts_visitante,3P_visitante,2P_visitante,LL_visitante,RT_visitante,RO_visitante,RD_visitante,AS_visitante,ER_visitante,IA%_visitante,3PC_visitante,3PT_visitante,3P%_visitante,2PC_visitante,2PT_visitante,2P%_visitante,LLC_visitante,LLT_visitante,LL%_visitante,EN_visitante,BR_visitante,B/E_visitante,TO_visitante,FC_visitante,T/FC_visitante,ET_visitante,VI_visitante,EF_visitante
74,76,2017-01-11,14,1,2016-2017,Fortaleza B. C. / CFO,Paulistano,0,76.91666666666667,28.5,37.5,10.916666666666666,39.0,12.75,26.25,13.25,12.75,1.0575,9.5,28.166666666666668,33.778333333333336,18.75,40.75,45.63249999999999,10.916666666666666,15.333333333333334,69.34083333333334,1.1666666666666667,8.083333333333334,0.6683333333333333,1.9166666666666667,19.333333333333332,0.09666666666666668,12.75,2.4166666666666665,81.33333333333333,83.25,30.75,36.666666666666664,15.833333333333334,37.5,13.416666666666666,24.083333333333332,17.833333333333332,13.166666666666666,1.4566666666666668,10.25,28.916666666666668,35.483333333333334,18.333333333333332,38.083333333333336,48.44499999999999,15.833333333333334,19.583333333333332,80.6225,2.0,7.583333333333333,0.6341666666666667,1.6666666666666667,19.583333333333332,0.09166666666666667,13.166666666666666,2.4166666666666665,92.5
