placar_casa,placar_visitante,data,round,stage,ano,equipe_casa,equipe_visitante,resultado,Pts_casa,3P_casa,2P_casa,LL_casa,RT_casa,RO_casa,RD_casa,AS_casa,ER_casa,IA%_casa,3PC_casa,3PT_casa,3P%_casa,2PC_casa,2PT_casa,2P%_casa,LLC_casa,LLT_casa,LL%_casa,EN_casa,BR_casa,B/E_casa,TO_casa,FC_casa,T/FC_casa,ET_casa,VI_casa,EF_casa,Pts_visitante,3P_visitante,2P_visitante,LL_visitante,RT_visitante,RO_visitante,RD_visitante,AS_visitante,ER_visitante,IA%_visitante,3PC_visitante,3PT_visitante,3P%_visitante,2PC_visitante,2PT_visitante,2P%_visitante,LLC_visitante,LLT_visitante,LL%_visitante,EN_visitante,BR_visitante,B/E_visitante,TO_visitante,FC_visitante,T/FC_visitante,ET_visitante,VI_visitante,EF_visitante
104,76,2020-01-29,3,2,2019-2020,Bauru Basket,Rio Claro,1,81.3,24.4,42.93333333333333,13.966666666666667,35.233333333333334,9.833333333333334,25.4,16.733333333333334,14.233333333333333,1.2346666666666666,8.133333333333333,25.033333333333335,32.54533333333334,21.466666666666665,38.93333333333333,55.31266666666667,13.966666666666667,20.466666666666665,66.67933333333333,1.1333333333333333,9.366666666666667,0.67,1.3333333333333333,20.433333333333334,0.07133333333333333,14.233333333333333,1.5333333333333334,88.86666666666666,84.73399999999998,26.4,39.068,19.266,32.266,7.467333333333333,24.79866666666666,19.266,13.667333333333334,1.5079999999999998,8.8,24.934000000000005,35.67066666666666,19.531999999999993,33.99866666666666,57.556666666666686,19.266,24.268000000000008,79.63866666666667,2.2,5.466666666666667,0.4126666666666667,1.1333333333333335,23.333333333333332,0.04933333333333333,13.667333333333334,2.6,93.60000000000004
