placar_casa,placar_visitante,data,round,stage,ano,equipe_casa,equipe_visitante,resultado,Pts_casa,3P_casa,2P_casa,LL_casa,RT_casa,RO_casa,RD_casa,AS_casa,ER_casa,IA%_casa,3PC_casa,3PT_casa,3P%_casa,2PC_casa,2PT_casa,2P%_casa,LLC_casa,LLT_casa,LL%_casa,EN_casa,BR_casa,B/E_casa,TO_casa,FC_casa,T/FC_casa,ET_casa,VI_casa,EF_casa,Pts_visitante,3P_visitante,2P_visitante,LL_visitante,RT_visitante,RO_visitante,RD_visitante,AS_visitante,ER_visitante,IA%_visitante,3PC_visitante,3PT_visitante,3P%_visitante,2PC_visitante,2PT_visitante,2P%_visitante,LLC_visitante,LLT_visitante,LL%_visitante,EN_visitante,BR_visitante,B/E_visitante,TO_visitante,FC_visitante,T/FC_visitante,ET_visitante,VI_visitante,EF_visitante
95,76,2022-11-30,7,1,2022-2023,Pato Basquete,Pinheiros,1,69.11111111111111,26.0,32.888888888888886,10.222222222222221,34.111111111111114,9.555555555555555,24.555555555555557,11.666666666666666,13.666666666666666,0.8688888888888889,8.666666666666666,29.555555555555557,29.50333333333333,16.444444444444443,35.44444444444444,46.238888888888894,10.222222222222221,17.333333333333332,59.78333333333333,0.6666666666666666,8.555555555555555,0.6355555555555557,0.7777777777777778,18.444444444444443,0.04111111111111111,13.666666666666666,3.888888888888889,63.55555555555556,77.875,25.125,39.0,13.75,44.5,13.125,31.375,19.25,14.75,1.3412499999999998,8.375,26.625,31.90625,19.5,40.125,48.7625,13.75,18.625,72.35875,1.5,6.75,0.48375,3.125,19.25,0.18375000000000002,14.75,1.875,93.0
