placar_casa,placar_visitante,data,round,stage,ano,equipe_casa,equipe_visitante,resultado,Pts_casa,3P_casa,2P_casa,LL_casa,RT_casa,RO_casa,RD_casa,AS_casa,ER_casa,IA%_casa,3PC_casa,3PT_casa,3P%_casa,2PC_casa,2PT_casa,2P%_casa,LLC_casa,LLT_casa,LL%_casa,EN_casa,BR_casa,B/E_casa,TO_casa,FC_casa,T/FC_casa,ET_casa,VI_casa,EF_casa,Pts_visitante,3P_visitante,2P_visitante,LL_visitante,RT_visitante,RO_visitante,RD_visitante,AS_visitante,ER_visitante,IA%_visitante,3PC_visitante,3PT_visitante,3P%_visitante,2PC_visitante,2PT_visitante,2P%_visitante,LLC_visitante,LLT_visitante,LL%_visitante,EN_visitante,BR_visitante,B/E_visitante,TO_visitante,FC_visitante,T/FC_visitante,ET_visitante,VI_visitante,EF_visitante
89,66,2009-03-06,11,1,2008-2009,Limeira,Bauru Basket,1,85.0,28.0,34.666666666666664,22.333333333333332,30.444444444444443,7.222222222222222,23.22222222222222,15.444444444444445,16.555555555555557,1.0966666666666667,9.333333333333334,25.88888888888889,36.27111111111111,17.333333333333332,35.111111111111114,50.168888888888894,22.333333333333332,28.555555555555557,78.54222222222221,2.4444444444444446,8.333333333333334,0.61,4.888888888888889,22.11111111111111,0.21666666666666665,16.555555555555557,0.0,87.0,80.0,26.333333333333332,40.22222222222222,13.444444444444445,28.0,7.111111111111111,20.88888888888889,12.666666666666666,10.777777777777779,1.3766666666666667,8.777777777777779,21.77777777777778,39.00555555555555,20.11111111111111,38.0,53.260000000000005,13.444444444444445,18.22222222222222,75.09777777777778,1.1111111111111112,5.888888888888889,0.5944444444444444,2.111111111111111,17.555555555555557,0.1211111111111111,10.777777777777779,0.0,82.22222222222223
