placar_casa,placar_visitante,data,round,stage,ano,equipe_casa,equipe_visitante,resultado,Pts_casa,3P_casa,2P_casa,LL_casa,RT_casa,RO_casa,RD_casa,AS_casa,ER_casa,IA%_casa,3PC_casa,3PT_casa,3P%_casa,2PC_casa,2PT_casa,2P%_casa,LLC_casa,LLT_casa,LL%_casa,EN_casa,BR_casa,B/E_casa,TO_casa,FC_casa,T/FC_casa,ET_casa,VI_casa,EF_casa,Pts_visitante,3P_visitante,2P_visitante,LL_visitante,RT_visitante,RO_visitante,RD_visitante,AS_visitante,ER_visitante,IA%_visitante,3PC_visitante,3PT_visitante,3P%_visitante,2PC_visitante,2PT_visitante,2P%_visitante,LLC_visitante,LLT_visitante,LL%_visitante,EN_visitante,BR_visitante,B/E_visitante,TO_visitante,FC_visitante,T/FC_visitante,ET_visitante,VI_visitante,EF_visitante
78,102,2024-02-06,4,2,2023-2024,Botafogo,Flamengo,0,79.10133333333333,26.4,37.666666666666664,15.032666666666668,35.1,10.966000000000003,24.134000000000004,16.732666666666663,13.099333333333334,1.3453333333333335,8.8,26.932666666666663,32.89666666666667,18.83333333333333,37.9,49.755999999999986,15.032666666666668,20.532666666666668,73.76533333333333,0.26666666666666666,6.532666666666667,0.5226666666666666,1.7333333333333334,20.966,0.08266666666666668,13.099333333333334,2.667333333333333,83.39933333333333,87.59933333333333,29.2,40.53333333333333,17.865999999999996,38.934,12.000666666666664,26.933333333333334,21.332666666666665,12.46733333333333,1.8140000000000005,9.734,27.60066666666667,35.71000000000001,20.266666666666666,36.532666666666664,55.36600000000001,17.865999999999996,23.2,77.62400000000001,1.5326666666666664,7.199333333333333,0.6039999999999999,1.6659999999999997,19.59933333333333,0.08933333333333332,12.46733333333333,2.6,104.79933333333332
