placar_casa,placar_visitante,data,round,stage,ano,equipe_casa,equipe_visitante,resultado,Pts_casa,3P_casa,2P_casa,LL_casa,RT_casa,RO_casa,RD_casa,AS_casa,ER_casa,IA%_casa,3PC_casa,3PT_casa,3P%_casa,2PC_casa,2PT_casa,2P%_casa,LLC_casa,LLT_casa,LL%_casa,EN_casa,BR_casa,B/E_casa,TO_casa,FC_casa,T/FC_casa,ET_casa,VI_casa,EF_casa,Pts_visitante,3P_visitante,2P_visitante,LL_visitante,RT_visitante,RO_visitante,RD_visitante,AS_visitante,ER_visitante,IA%_visitante,3PC_visitante,3PT_visitante,3P%_visitante,2PC_visitante,2PT_visitante,2P%_visitante,LLC_visitante,LLT_visitante,LL%_visitante,EN_visitante,BR_visitante,B/E_visitante,TO_visitante,FC_visitante,T/FC_visitante,ET_visitante,VI_visitante,EF_visitante
104,92,2021-03-02,5,2,2020-2021,Bauru Basket,VipTech CMB,1,77.84533333333334,29.933333333333334,35.68866666666666,12.222666666666667,35.82133333333333,9.044666666666668,26.779333333333337,17.067333333333334,11.578000000000001,1.4920000000000002,9.977333333333332,28.82266666666667,33.977999999999994,17.84466666666667,34.266666666666666,52.73133333333333,12.222666666666667,17.62133333333333,68.888,1.1793333333333331,7.599333333333333,0.6620000000000001,1.8659999999999997,18.821333333333328,0.09933333333333334,11.578000000000001,1.6013333333333335,87.95466666666668,76.86733333333333,27.0,40.60133333333333,9.268,38.831999999999994,12.732,26.099999999999998,17.299999999999997,11.833999999999998,1.5213333333333336,9.0,28.60066666666667,31.433333333333337,20.298666666666666,41.733999999999995,48.34933333333334,9.268,15.833333333333332,57.93266666666667,1.1333333333333335,6.8,0.5999999999999999,1.2006666666666665,19.934,0.060000000000000005,11.833999999999998,1.9680000000000002,81.56666666666665
