placar_casa,placar_visitante,data,round,stage,ano,equipe_casa,equipe_visitante,resultado,Pts_casa,3P_casa,2P_casa,LL_casa,RT_casa,RO_casa,RD_casa,AS_casa,ER_casa,IA%_casa,3PC_casa,3PT_casa,3P%_casa,2PC_casa,2PT_casa,2P%_casa,LLC_casa,LLT_casa,LL%_casa,EN_casa,BR_casa,B/E_casa,TO_casa,FC_casa,T/FC_casa,ET_casa,VI_casa,EF_casa,Pts_visitante,3P_visitante,2P_visitante,LL_visitante,RT_visitante,RO_visitante,RD_visitante,AS_visitante,ER_visitante,IA%_visitante,3PC_visitante,3PT_visitante,3P%_visitante,2PC_visitante,2PT_visitante,2P%_visitante,LLC_visitante,LLT_visitante,LL%_visitante,EN_visitante,BR_visitante,B/E_visitante,TO_visitante,FC_visitante,T/FC_visitante,ET_visitante,VI_visitante,EF_visitante
93,79,2023-05-23,5,5,2022-2023,Sesi Franca,Minas,1,92.3,35.9,40.53333333333333,15.866666666666667,37.93333333333333,9.433333333333334,28.5,19.466666666666665,11.366666666666667,2.3826666666666663,11.966666666666667,29.7,40.50133333333334,20.266666666666666,35.733333333333334,56.602,15.866666666666667,20.833333333333332,77.68466666666669,2.1666666666666665,5.0,0.49800000000000005,1.9,21.1,0.09466666666666669,11.366666666666667,1.4,107.06666666666666,86.088,31.6,39.37866666666667,15.112,37.422,8.111333333333333,29.311333333333334,18.377333333333333,13.155333333333333,1.562,10.533999999999999,26.489333333333335,38.94200000000001,19.688,34.8,56.894,15.112,19.2,79.68333333333334,2.088,4.667333333333334,0.36333333333333334,1.4,20.467333333333332,0.06866666666666667,13.155333333333333,2.8673333333333333,99.64399999999999
