placar_casa,placar_visitante,data,round,stage,ano,equipe_casa,equipe_visitante,resultado,Pts_casa,3P_casa,2P_casa,LL_casa,RT_casa,RO_casa,RD_casa,AS_casa,ER_casa,IA%_casa,3PC_casa,3PT_casa,3P%_casa,2PC_casa,2PT_casa,2P%_casa,LLC_casa,LLT_casa,LL%_casa,EN_casa,BR_casa,B/E_casa,TO_casa,FC_casa,T/FC_casa,ET_casa,VI_casa,EF_casa,Pts_visitante,3P_visitante,2P_visitante,LL_visitante,RT_visitante,RO_visitante,RD_visitante,AS_visitante,ER_visitante,IA%_visitante,3PC_visitante,3PT_visitante,3P%_visitante,2PC_visitante,2PT_visitante,2P%_visitante,LLC_visitante,LLT_visitante,LL%_visitante,EN_visitante,BR_visitante,B/E_visitante,TO_visitante,FC_visitante,T/FC_visitante,ET_visitante,VI_visitante,EF_visitante
86,72,2020-02-01,3,2,2019-2020,Botafogo,Fortaleza B. C. / CFO,1,78.46666666666667,30.8,33.68933333333334,13.97733333333333,35.244,9.933333333333334,25.310666666666666,18.444,13.133333333333333,1.4886666666666666,10.266666666666667,29.843999999999998,34.583999999999996,16.843999999999998,33.244,51.27466666666667,13.97733333333333,17.356,81.43,1.0893333333333333,5.510666666666666,0.45333333333333337,2.3560000000000003,22.956000000000003,0.106,13.133333333333333,2.3560000000000003,87.4,73.534,23.6,37.33266666666667,12.599333333333334,37.422,11.066666666666666,26.35533333333333,12.533333333333333,13.066,0.9553333333333334,7.866666666666666,25.377333333333333,31.31533333333333,18.667333333333332,37.84400000000001,49.541999999999994,12.599333333333334,18.423333333333336,68.58733333333335,1.6,7.310666666666666,0.5593333333333333,2.667333333333333,22.577333333333332,0.11933333333333335,13.066,1.8439999999999999,77.55533333333334
