placar_casa,placar_visitante,data,round,stage,ano,equipe_casa,equipe_visitante,resultado,Pts_casa,3P_casa,2P_casa,LL_casa,RT_casa,RO_casa,RD_casa,AS_casa,ER_casa,IA%_casa,3PC_casa,3PT_casa,3P%_casa,2PC_casa,2PT_casa,2P%_casa,LLC_casa,LLT_casa,LL%_casa,EN_casa,BR_casa,B/E_casa,TO_casa,FC_casa,T/FC_casa,ET_casa,VI_casa,EF_casa,Pts_visitante,3P_visitante,2P_visitante,LL_visitante,RT_visitante,RO_visitante,RD_visitante,AS_visitante,ER_visitante,IA%_visitante,3PC_visitante,3PT_visitante,3P%_visitante,2PC_visitante,2PT_visitante,2P%_visitante,LLC_visitante,LLT_visitante,LL%_visitante,EN_visitante,BR_visitante,B/E_visitante,TO_visitante,FC_visitante,T/FC_visitante,ET_visitante,VI_visitante,EF_visitante
90,57,2013-01-26,18,1,2012-2013,Brasília,Coop/São José Basketball,1,87.2,59.8,39.86666666666667,17.133333333333333,32.46666666666667,9.466666666666667,23.0,17.2,12.466666666666667,1.5900000000000003,10.066666666666666,27.6,36.51199999999999,19.933333333333334,35.666666666666664,56.19533333333334,17.133333333333333,21.266666666666666,81.76199999999999,0.8666666666666667,7.933333333333334,0.7393333333333333,3.6,22.533333333333335,0.1693333333333333,12.466666666666667,2.933333333333333,105.6,82.0,62.0,41.333333333333336,14.666666666666666,31.866666666666667,8.0,23.866666666666667,18.0,14.866666666666667,1.2719999999999998,8.666666666666666,24.0,35.89533333333334,20.666666666666668,36.06666666666667,56.955999999999996,14.666666666666666,18.533333333333335,77.72466666666668,0.6,7.133333333333334,0.5013333333333333,2.533333333333333,19.733333333333334,0.13333333333333333,14.866666666666667,2.0,97.93333333333334
