placar_casa,placar_visitante,data,round,stage,ano,equipe_casa,equipe_visitante,resultado,Pts_casa,3P_casa,2P_casa,LL_casa,RT_casa,RO_casa,RD_casa,AS_casa,ER_casa,IA%_casa,3PC_casa,3PT_casa,3P%_casa,2PC_casa,2PT_casa,2P%_casa,LLC_casa,LLT_casa,LL%_casa,EN_casa,BR_casa,B/E_casa,TO_casa,FC_casa,T/FC_casa,ET_casa,VI_casa,EF_casa,Pts_visitante,3P_visitante,2P_visitante,LL_visitante,RT_visitante,RO_visitante,RD_visitante,AS_visitante,ER_visitante,IA%_visitante,3PC_visitante,3PT_visitante,3P%_visitante,2PC_visitante,2PT_visitante,2P%_visitante,LLC_visitante,LLT_visitante,LL%_visitante,EN_visitante,BR_visitante,B/E_visitante,TO_visitante,FC_visitante,T/FC_visitante,ET_visitante,VI_visitante,EF_visitante
91,94,2021-03-02,5,2,2020-2021,Sesi Franca,Flamengo,0,86.566,28.8,41.8,15.965999999999998,33.034000000000006,6.633333333333334,26.40066666666667,19.267333333333333,12.633999999999997,1.5639999999999996,9.599333333333334,24.532666666666664,38.99933333333334,20.9,38.06733333333333,55.33666666666667,15.965999999999998,19.933333333333334,80.51533333333332,1.6333333333333333,6.5,0.5239999999999999,2.300666666666667,19.532666666666664,0.1166666666666667,12.633999999999997,1.4326666666666663,98.96599999999998,88.30999999999999,41.2,33.91,13.2,41.866,12.399333333333336,29.466666666666665,21.733333333333334,11.422000000000002,1.9673333333333332,13.732666666666667,38.199333333333335,35.548,16.956666666666667,29.844,56.79,13.2,17.957333333333334,73.52799999999999,1.1093333333333333,6.8,0.604,1.3780000000000001,16.421333333333333,0.08666666666666668,11.422000000000002,2.022666666666667,106.55533333333334
