placar_casa,placar_visitante,data,round,stage,ano,equipe_casa,equipe_visitante,resultado,Pts_casa,3P_casa,2P_casa,LL_casa,RT_casa,RO_casa,RD_casa,AS_casa,ER_casa,IA%_casa,3PC_casa,3PT_casa,3P%_casa,2PC_casa,2PT_casa,2P%_casa,LLC_casa,LLT_casa,LL%_casa,EN_casa,BR_casa,B/E_casa,TO_casa,FC_casa,T/FC_casa,ET_casa,VI_casa,EF_casa,Pts_visitante,3P_visitante,2P_visitante,LL_visitante,RT_visitante,RO_visitante,RD_visitante,AS_visitante,ER_visitante,IA%_visitante,3PC_visitante,3PT_visitante,3P%_visitante,2PC_visitante,2PT_visitante,2P%_visitante,LLC_visitante,LLT_visitante,LL%_visitante,EN_visitante,BR_visitante,B/E_visitante,TO_visitante,FC_visitante,T/FC_visitante,ET_visitante,VI_visitante,EF_visitante
86,96,2013-02-21,7,2,2012-2013,Uberlândia,Limeira,0,83.66666666666667,64.8,43.2,14.866666666666667,30.4,7.2,23.2,17.066666666666666,12.733333333333333,1.4966666666666666,8.533333333333333,20.866666666666667,41.28533333333334,21.6,37.86666666666667,57.62333333333333,14.866666666666667,19.0,77.23866666666666,2.466666666666667,5.266666666666667,0.4426666666666667,2.066666666666667,19.6,0.11,12.733333333333333,2.6,99.73333333333333,78.13333333333334,56.4,37.6,11.933333333333334,29.133333333333333,8.533333333333333,20.6,15.866666666666667,11.866666666666667,1.3633333333333333,9.533333333333333,23.666666666666668,41.057333333333325,18.8,37.666666666666664,50.27066666666666,11.933333333333334,16.2,73.018,1.5333333333333334,6.266666666666667,0.5733333333333334,1.6666666666666667,21.4,0.07666666666666667,11.866666666666667,2.533333333333333,88.93333333333334
