placar_casa,placar_visitante,data,round,stage,ano,equipe_casa,equipe_visitante,resultado,Pts_casa,3P_casa,2P_casa,LL_casa,RT_casa,RO_casa,RD_casa,AS_casa,ER_casa,IA%_casa,3PC_casa,3PT_casa,3P%_casa,2PC_casa,2PT_casa,2P%_casa,LLC_casa,LLT_casa,LL%_casa,EN_casa,BR_casa,B/E_casa,TO_casa,FC_casa,T/FC_casa,ET_casa,VI_casa,EF_casa,Pts_visitante,3P_visitante,2P_visitante,LL_visitante,RT_visitante,RO_visitante,RD_visitante,AS_visitante,ER_visitante,IA%_visitante,3PC_visitante,3PT_visitante,3P%_visitante,2PC_visitante,2PT_visitante,2P%_visitante,LLC_visitante,LLT_visitante,LL%_visitante,EN_visitante,BR_visitante,B/E_visitante,TO_visitante,FC_visitante,T/FC_visitante,ET_visitante,VI_visitante,EF_visitante
87,78,2011-12-13,1,1,2011-2012,Coop/São José Basketball,Brasília,1,86.66666666666667,29.5,38.0,19.166666666666668,30.333333333333332,7.333333333333333,23.0,20.0,13.166666666666666,1.6316666666666668,9.833333333333334,24.666666666666668,39.17666666666667,19.0,35.333333333333336,53.66833333333333,19.166666666666668,22.666666666666668,84.29833333333333,0.8333333333333334,8.166666666666666,0.6483333333333333,4.0,17.333333333333332,0.24,13.166666666666666,2.3333333333333335,101.33333333333333,88.42857142857143,22.285714285714285,48.285714285714285,17.857142857142858,31.285714285714285,8.0,23.285714285714285,15.714285714285714,14.571428571428571,1.0699999999999998,7.428571428571429,22.285714285714285,33.308571428571426,24.142857142857142,39.142857142857146,61.96857142857143,17.857142857142858,20.285714285714285,87.54142857142857,1.4285714285714286,8.285714285714286,0.5914285714285714,3.0,19.714285714285715,0.15,14.571428571428571,3.4285714285714284,99.85714285714286
