placar_casa,placar_visitante,data,round,stage,ano,equipe_casa,equipe_visitante,resultado,Pts_casa,3P_casa,2P_casa,LL_casa,RT_casa,RO_casa,RD_casa,AS_casa,ER_casa,IA%_casa,3PC_casa,3PT_casa,3P%_casa,2PC_casa,2PT_casa,2P%_casa,LLC_casa,LLT_casa,LL%_casa,EN_casa,BR_casa,B/E_casa,TO_casa,FC_casa,T/FC_casa,ET_casa,VI_casa,EF_casa,Pts_visitante,3P_visitante,2P_visitante,LL_visitante,RT_visitante,RO_visitante,RD_visitante,AS_visitante,ER_visitante,IA%_visitante,3PC_visitante,3PT_visitante,3P%_visitante,2PC_visitante,2PT_visitante,2P%_visitante,LLC_visitante,LLT_visitante,LL%_visitante,EN_visitante,BR_visitante,B/E_visitante,TO_visitante,FC_visitante,T/FC_visitante,ET_visitante,VI_visitante,EF_visitante
80,70,2023-02-11,3,2,2022-2023,Bauru Basket,Paulistano,1,77.79999999999998,31.2,35.2,11.400000000000002,35.4,8.667333333333334,26.734666666666673,18.266666666666666,11.733999999999998,1.6059999999999997,10.399333333333335,29.666666666666668,35.080666666666666,17.6,31.80133333333334,54.81199999999999,11.400000000000002,15.533999999999999,72.42666666666668,2.467333333333334,7.133333333333334,0.6293333333333333,1.8659999999999997,18.199333333333335,0.11266666666666665,11.733999999999998,2.0,91.13333333333331,78.07733333333333,25.666666666666668,41.84400000000001,10.566666666666666,39.51066666666667,12.833333333333334,26.67733333333333,14.443999999999997,10.944,1.3593333333333333,8.556000000000001,25.766666666666666,33.474000000000004,20.922666666666668,43.84400000000001,48.00533333333333,10.566666666666666,15.0,69.96666666666665,1.7439999999999998,7.444,0.7066666666666667,2.156,18.856,0.12199999999999998,10.944,1.577333333333333,86.12266666666667
