placar_casa,placar_visitante,data,round,stage,ano,equipe_casa,equipe_visitante,resultado,Pts_casa,3P_casa,2P_casa,LL_casa,RT_casa,RO_casa,RD_casa,AS_casa,ER_casa,IA%_casa,3PC_casa,3PT_casa,3P%_casa,2PC_casa,2PT_casa,2P%_casa,LLC_casa,LLT_casa,LL%_casa,EN_casa,BR_casa,B/E_casa,TO_casa,FC_casa,T/FC_casa,ET_casa,VI_casa,EF_casa,Pts_visitante,3P_visitante,2P_visitante,LL_visitante,RT_visitante,RO_visitante,RD_visitante,AS_visitante,ER_visitante,IA%_visitante,3PC_visitante,3PT_visitante,3P%_visitante,2PC_visitante,2PT_visitante,2P%_visitante,LLC_visitante,LLT_visitante,LL%_visitante,EN_visitante,BR_visitante,B/E_visitante,TO_visitante,FC_visitante,T/FC_visitante,ET_visitante,VI_visitante,EF_visitante
91,74,2015-01-27,3,2,2014-2015,Uberlândia,Brasília,1,78.2,27.6,36.8,13.8,29.933333333333334,8.533333333333333,21.4,14.6,14.533333333333333,1.1026666666666667,9.2,24.8,37.361999999999995,18.4,35.0,52.038,13.8,16.8,81.45866666666666,1.5333333333333334,9.533333333333333,0.7506666666666665,2.6666666666666665,21.6,0.12933333333333336,14.533333333333333,2.7333333333333334,85.2,79.6,23.8,41.6,14.2,38.13333333333333,11.866666666666667,26.266666666666666,16.466666666666665,12.733333333333333,1.338,7.933333333333334,22.866666666666667,35.364,20.8,41.2,50.67066666666667,14.2,18.6,75.66799999999999,2.933333333333333,7.0,0.5653333333333334,3.2,21.533333333333335,0.14800000000000002,12.733333333333333,2.6,91.93333333333334
