placar_casa,placar_visitante,data,round,stage,ano,equipe_casa,equipe_visitante,resultado,Pts_casa,3P_casa,2P_casa,LL_casa,RT_casa,RO_casa,RD_casa,AS_casa,ER_casa,IA%_casa,3PC_casa,3PT_casa,3P%_casa,2PC_casa,2PT_casa,2P%_casa,LLC_casa,LLT_casa,LL%_casa,EN_casa,BR_casa,B/E_casa,TO_casa,FC_casa,T/FC_casa,ET_casa,VI_casa,EF_casa,Pts_visitante,3P_visitante,2P_visitante,LL_visitante,RT_visitante,RO_visitante,RD_visitante,AS_visitante,ER_visitante,IA%_visitante,3PC_visitante,3PT_visitante,3P%_visitante,2PC_visitante,2PT_visitante,2P%_visitante,LLC_visitante,LLT_visitante,LL%_visitante,EN_visitante,BR_visitante,B/E_visitante,TO_visitante,FC_visitante,T/FC_visitante,ET_visitante,VI_visitante,EF_visitante
77,97,2023-02-07,3,2,2022-2023,Rio Claro,Corinthians,0,73.73333333333333,24.6,37.86666666666667,11.266666666666667,31.266666666666666,9.533333333333333,21.733333333333334,16.4,11.8,1.4693333333333336,8.2,25.466666666666665,32.588,18.933333333333334,38.53333333333333,49.09866666666667,11.266666666666667,17.0,66.08599999999998,1.2666666666666666,6.733333333333333,0.6333333333333333,2.0,20.933333333333334,0.10266666666666668,11.8,2.066666666666667,75.73333333333333,81.66666666666667,29.5,38.4,13.766666666666667,40.63266666666667,10.033333333333333,30.59933333333333,16.165999999999997,15.900666666666664,1.0666666666666669,9.833999999999998,28.5,34.21533333333333,19.2,35.29933333333334,55.19533333333332,13.766666666666667,18.266000000000002,74.84266666666667,3.6333333333333333,5.7,0.3693333333333333,3.1666666666666665,17.733333333333334,0.1813333333333333,15.900666666666664,3.400666666666667,92.16666666666667
