placar_casa,placar_visitante,data,round,stage,ano,equipe_casa,equipe_visitante,resultado,Pts_casa,3P_casa,2P_casa,LL_casa,RT_casa,RO_casa,RD_casa,AS_casa,ER_casa,IA%_casa,3PC_casa,3PT_casa,3P%_casa,2PC_casa,2PT_casa,2P%_casa,LLC_casa,LLT_casa,LL%_casa,EN_casa,BR_casa,B/E_casa,TO_casa,FC_casa,T/FC_casa,ET_casa,VI_casa,EF_casa,Pts_visitante,3P_visitante,2P_visitante,LL_visitante,RT_visitante,RO_visitante,RD_visitante,AS_visitante,ER_visitante,IA%_visitante,3PC_visitante,3PT_visitante,3P%_visitante,2PC_visitante,2PT_visitante,2P%_visitante,LLC_visitante,LLT_visitante,LL%_visitante,EN_visitante,BR_visitante,B/E_visitante,TO_visitante,FC_visitante,T/FC_visitante,ET_visitante,VI_visitante,EF_visitante
92,81,2019-03-07,9,2,2018-2019,Bauru Basket,Corinthians,1,75.20066666666666,25.3,34.6,15.300666666666666,35.73266666666667,8.434000000000001,27.300666666666665,16.066,13.699333333333334,1.2393333333333332,8.433333333333334,25.599333333333334,33.00533333333333,17.3,33.833999999999996,50.85333333333333,15.300666666666666,20.899333333333335,73.66733333333333,0.9339999999999999,6.500666666666666,0.5,2.3666666666666667,21.899333333333335,0.10600000000000001,13.699333333333334,2.566666666666667,82.66666666666667,79.7,21.9,40.266,17.534,37.56666666666667,11.299333333333333,26.267333333333337,17.499333333333333,14.266,1.2946666666666666,7.300666666666667,22.89933333333333,32.01533333333334,20.134000000000004,40.666000000000004,50.038,17.534,22.565999999999995,77.56533333333333,2.033333333333333,7.266666666666667,0.5219999999999999,1.8673333333333333,23.534000000000002,0.07933333333333333,14.266,2.0,88.36733333333332
