placar_casa,placar_visitante,data,round,stage,ano,equipe_casa,equipe_visitante,resultado,Pts_casa,3P_casa,2P_casa,LL_casa,RT_casa,RO_casa,RD_casa,AS_casa,ER_casa,IA%_casa,3PC_casa,3PT_casa,3P%_casa,2PC_casa,2PT_casa,2P%_casa,LLC_casa,LLT_casa,LL%_casa,EN_casa,BR_casa,B/E_casa,TO_casa,FC_casa,T/FC_casa,ET_casa,VI_casa,EF_casa,Pts_visitante,3P_visitante,2P_visitante,LL_visitante,RT_visitante,RO_visitante,RD_visitante,AS_visitante,ER_visitante,IA%_visitante,3PC_visitante,3PT_visitante,3P%_visitante,2PC_visitante,2PT_visitante,2P%_visitante,LLC_visitante,LLT_visitante,LL%_visitante,EN_visitante,BR_visitante,B/E_visitante,TO_visitante,FC_visitante,T/FC_visitante,ET_visitante,VI_visitante,EF_visitante
106,105,2015-02-06,6,2,2014-2015,Brasília,Pinheiros,1,80.33333333333333,24.2,40.53333333333333,15.6,37.8,10.6,27.2,16.333333333333332,12.666666666666666,1.336666666666667,8.066666666666666,23.733333333333334,34.74933333333333,20.266666666666666,38.86666666666667,52.574000000000005,15.6,20.066666666666666,76.61666666666666,2.8666666666666667,7.266666666666667,0.586,3.066666666666667,21.533333333333335,0.14266666666666666,12.666666666666666,2.6,93.4,80.86666666666666,27.4,38.266666666666666,15.2,34.0,10.466666666666667,23.533333333333335,14.8,13.133333333333333,1.2293333333333336,9.133333333333333,26.333333333333332,34.587333333333326,19.133333333333333,37.666666666666664,50.85533333333333,15.2,20.266666666666666,73.94599999999998,1.6,9.266666666666667,0.77,2.6,21.133333333333333,0.12266666666666666,13.133333333333333,2.466666666666667,87.6
