placar_casa,placar_visitante,data,round,stage,ano,equipe_casa,equipe_visitante,resultado,Pts_casa,3P_casa,2P_casa,LL_casa,RT_casa,RO_casa,RD_casa,AS_casa,ER_casa,IA%_casa,3PC_casa,3PT_casa,3P%_casa,2PC_casa,2PT_casa,2P%_casa,LLC_casa,LLT_casa,LL%_casa,EN_casa,BR_casa,B/E_casa,TO_casa,FC_casa,T/FC_casa,ET_casa,VI_casa,EF_casa,Pts_visitante,3P_visitante,2P_visitante,LL_visitante,RT_visitante,RO_visitante,RD_visitante,AS_visitante,ER_visitante,IA%_visitante,3PC_visitante,3PT_visitante,3P%_visitante,2PC_visitante,2PT_visitante,2P%_visitante,LLC_visitante,LLT_visitante,LL%_visitante,EN_visitante,BR_visitante,B/E_visitante,TO_visitante,FC_visitante,T/FC_visitante,ET_visitante,VI_visitante,EF_visitante
95,93,2013-03-14,11,2,2012-2013,Coop/São José Basketball,Minas,1,77.6,59.0,39.333333333333336,14.666666666666666,29.8,6.466666666666667,23.333333333333332,17.466666666666665,12.666666666666666,1.4759999999999998,7.866666666666666,22.933333333333334,34.542,19.666666666666668,35.53333333333333,55.48599999999999,14.666666666666666,19.333333333333332,74.482,0.26666666666666666,5.466666666666667,0.44866666666666666,2.2666666666666666,19.466666666666665,0.11933333333333335,12.666666666666666,2.2,91.2,84.8,68.8,45.86666666666667,19.333333333333332,31.133333333333333,9.533333333333333,21.6,12.666666666666666,14.533333333333333,0.9926666666666667,6.533333333333333,18.6,34.28066666666667,22.933333333333334,41.4,55.80999999999999,19.333333333333332,23.666666666666668,81.62866666666669,0.8,7.466666666666667,0.5726666666666668,2.066666666666667,21.933333333333334,0.09733333333333334,14.533333333333333,2.6666666666666665,95.73333333333333
