placar_casa,placar_visitante,data,round,stage,ano,equipe_casa,equipe_visitante,resultado,Pts_casa,3P_casa,2P_casa,LL_casa,RT_casa,RO_casa,RD_casa,AS_casa,ER_casa,IA%_casa,3PC_casa,3PT_casa,3P%_casa,2PC_casa,2PT_casa,2P%_casa,LLC_casa,LLT_casa,LL%_casa,EN_casa,BR_casa,B/E_casa,TO_casa,FC_casa,T/FC_casa,ET_casa,VI_casa,EF_casa,Pts_visitante,3P_visitante,2P_visitante,LL_visitante,RT_visitante,RO_visitante,RD_visitante,AS_visitante,ER_visitante,IA%_visitante,3PC_visitante,3PT_visitante,3P%_visitante,2PC_visitante,2PT_visitante,2P%_visitante,LLC_visitante,LLT_visitante,LL%_visitante,EN_visitante,BR_visitante,B/E_visitante,TO_visitante,FC_visitante,T/FC_visitante,ET_visitante,VI_visitante,EF_visitante
90,91,2014-03-20,15,2,2013-2014,Brasília,Coop/São José Basketball,0,90.33333333333333,37.4,37.46666666666667,15.466666666666667,38.6,9.133333333333333,29.466666666666665,19.266666666666666,11.066666666666666,1.9819999999999998,12.466666666666667,31.933333333333334,39.02533333333333,18.733333333333334,32.333333333333336,58.867333333333335,15.466666666666667,19.0,82.03666666666666,1.6666666666666667,8.266666666666667,0.8273333333333334,4.0,18.0,0.23266666666666666,11.066666666666666,1.3333333333333333,112.8,82.46666666666667,25.4,41.333333333333336,15.733333333333333,36.6,9.933333333333334,26.666666666666668,17.0,14.4,1.2986666666666664,8.466666666666667,23.666666666666668,36.01733333333333,20.666666666666668,37.86666666666667,54.64733333333333,15.733333333333333,20.2,78.19133333333335,0.26666666666666666,8.933333333333334,0.6333333333333332,2.2666666666666666,17.333333333333332,0.15466666666666667,14.4,2.8666666666666667,96.0
