placar_casa,placar_visitante,data,round,stage,ano,equipe_casa,equipe_visitante,resultado,Pts_casa,3P_casa,2P_casa,LL_casa,RT_casa,RO_casa,RD_casa,AS_casa,ER_casa,IA%_casa,3PC_casa,3PT_casa,3P%_casa,2PC_casa,2PT_casa,2P%_casa,LLC_casa,LLT_casa,LL%_casa,EN_casa,BR_casa,B/E_casa,TO_casa,FC_casa,T/FC_casa,ET_casa,VI_casa,EF_casa,Pts_visitante,3P_visitante,2P_visitante,LL_visitante,RT_visitante,RO_visitante,RD_visitante,AS_visitante,ER_visitante,IA%_visitante,3PC_visitante,3PT_visitante,3P%_visitante,2PC_visitante,2PT_visitante,2P%_visitante,LLC_visitante,LLT_visitante,LL%_visitante,EN_visitante,BR_visitante,B/E_visitante,TO_visitante,FC_visitante,T/FC_visitante,ET_visitante,VI_visitante,EF_visitante
85,79,2016-05-10,3,5,2015-2016,Bauru Basket,Brasília,1,88.53333333333333,36.6,37.2,14.733333333333333,37.6,10.6,27.0,18.2,14.2,1.3586666666666667,12.2,31.2,38.96933333333333,18.6,32.666666666666664,57.070000000000014,14.733333333333333,19.4,75.97,0.9333333333333333,10.6,0.766,1.6666666666666667,20.2,0.08533333333333334,14.2,2.933333333333333,104.66666666666667,84.6,25.6,44.53333333333333,14.466666666666667,32.86666666666667,9.8,23.066666666666666,18.533333333333335,13.0,1.51,8.533333333333333,23.8,36.07266666666666,22.266666666666666,40.6,55.035999999999994,14.466666666666667,19.666666666666668,74.80199999999999,1.9333333333333333,9.8,0.7966666666666667,1.9333333333333333,24.2,0.08066666666666668,13.0,2.4,95.93333333333334
