placar_casa,placar_visitante,data,round,stage,ano,equipe_casa,equipe_visitante,resultado,Pts_casa,3P_casa,2P_casa,LL_casa,RT_casa,RO_casa,RD_casa,AS_casa,ER_casa,IA%_casa,3PC_casa,3PT_casa,3P%_casa,2PC_casa,2PT_casa,2P%_casa,LLC_casa,LLT_casa,LL%_casa,EN_casa,BR_casa,B/E_casa,TO_casa,FC_casa,T/FC_casa,ET_casa,VI_casa,EF_casa,Pts_visitante,3P_visitante,2P_visitante,LL_visitante,RT_visitante,RO_visitante,RD_visitante,AS_visitante,ER_visitante,IA%_visitante,3PC_visitante,3PT_visitante,3P%_visitante,2PC_visitante,2PT_visitante,2P%_visitante,LLC_visitante,LLT_visitante,LL%_visitante,EN_visitante,BR_visitante,B/E_visitante,TO_visitante,FC_visitante,T/FC_visitante,ET_visitante,VI_visitante,EF_visitante
77,80,2013-03-07,9,2,2012-2013,Limeira,Brasília,0,77.8,56.2,37.46666666666667,13.733333333333333,26.866666666666667,7.533333333333333,19.333333333333332,14.6,11.466666666666667,1.322666666666667,8.866666666666667,21.933333333333334,40.669333333333334,18.733333333333334,36.8,51.339999999999996,13.733333333333333,18.266666666666666,74.62933333333334,1.4666666666666666,6.733333333333333,0.6373333333333334,1.9333333333333333,21.666666666666668,0.09000000000000002,11.466666666666667,2.4,87.93333333333334,89.73333333333333,64.2,42.8,15.533333333333333,35.13333333333333,10.2,24.933333333333334,16.933333333333334,11.066666666666666,1.6920000000000002,10.466666666666667,27.266666666666666,38.98933333333333,21.4,38.2,56.36066666666667,15.533333333333333,19.466666666666665,80.52199999999998,1.0666666666666667,8.533333333333333,0.8300000000000001,2.6,22.8,0.11533333333333334,11.066666666666666,2.2,110.46666666666667
