placar_casa,placar_visitante,data,round,stage,ano,equipe_casa,equipe_visitante,resultado,Pts_casa,3P_casa,2P_casa,LL_casa,RT_casa,RO_casa,RD_casa,AS_casa,ER_casa,IA%_casa,3PC_casa,3PT_casa,3P%_casa,2PC_casa,2PT_casa,2P%_casa,LLC_casa,LLT_casa,LL%_casa,EN_casa,BR_casa,B/E_casa,TO_casa,FC_casa,T/FC_casa,ET_casa,VI_casa,EF_casa,Pts_visitante,3P_visitante,2P_visitante,LL_visitante,RT_visitante,RO_visitante,RD_visitante,AS_visitante,ER_visitante,IA%_visitante,3PC_visitante,3PT_visitante,3P%_visitante,2PC_visitante,2PT_visitante,2P%_visitante,LLC_visitante,LLT_visitante,LL%_visitante,EN_visitante,BR_visitante,B/E_visitante,TO_visitante,FC_visitante,T/FC_visitante,ET_visitante,VI_visitante,EF_visitante
90,73,2014-03-27,12,2,2013-2014,Palmeiras,Pinheiros,1,80.53333333333333,20.0,46.8,13.733333333333333,33.46666666666667,9.8,23.666666666666668,14.066666666666666,14.933333333333334,1.0606666666666666,6.666666666666667,18.733333333333334,35.59533333333333,23.4,44.0,53.666000000000004,13.733333333333333,19.133333333333333,70.96666666666667,1.7333333333333334,9.933333333333334,0.702,2.0,22.066666666666666,0.09266666666666667,14.933333333333334,2.6,87.0,81.2,25.0,39.6,16.6,33.53333333333333,8.133333333333333,25.4,14.666666666666666,13.0,1.2206666666666666,8.333333333333334,23.666666666666668,35.30266666666667,19.8,35.0,56.45533333333334,16.6,21.533333333333335,77.21200000000002,2.2666666666666666,10.333333333333334,0.858,3.2,18.866666666666667,0.1833333333333333,13.0,1.8666666666666667,94.46666666666667
