placar_casa,placar_visitante,data,round,stage,ano,equipe_casa,equipe_visitante,resultado,Pts_casa,3P_casa,2P_casa,LL_casa,RT_casa,RO_casa,RD_casa,AS_casa,ER_casa,IA%_casa,3PC_casa,3PT_casa,3P%_casa,2PC_casa,2PT_casa,2P%_casa,LLC_casa,LLT_casa,LL%_casa,EN_casa,BR_casa,B/E_casa,TO_casa,FC_casa,T/FC_casa,ET_casa,VI_casa,EF_casa,Pts_visitante,3P_visitante,2P_visitante,LL_visitante,RT_visitante,RO_visitante,RD_visitante,AS_visitante,ER_visitante,IA%_visitante,3PC_visitante,3PT_visitante,3P%_visitante,2PC_visitante,2PT_visitante,2P%_visitante,LLC_visitante,LLT_visitante,LL%_visitante,EN_visitante,BR_visitante,B/E_visitante,TO_visitante,FC_visitante,T/FC_visitante,ET_visitante,VI_visitante,EF_visitante
76,74,2021-03-01,5,2,2020-2021,Paulistano,Minas,1,76.80066666666667,31.733333333333334,35.37800000000001,9.689333333333334,41.33266666666667,12.778666666666668,28.556,17.2,13.088,1.3579999999999999,10.577333333333334,32.73266666666667,32.592,17.688666666666666,36.20066666666666,48.90933333333334,9.689333333333334,14.088666666666665,68.35866666666668,1.8006666666666666,7.288666666666667,0.5640000000000001,1.7106666666666668,17.156000000000002,0.10600000000000002,13.088,2.9993333333333334,86.17800000000001,89.04333333333334,33.2,39.95399999999999,15.888666666666666,39.733333333333334,10.333333333333334,29.4,20.088666666666665,13.288666666666666,1.565333333333333,11.066666666666666,25.44600000000001,43.489999999999995,19.979333333333336,37.709999999999994,52.82333333333333,15.888666666666666,19.687333333333324,79.99866666666668,1.1333333333333333,5.311333333333334,0.4120000000000001,2.222666666666667,21.110666666666663,0.10733333333333335,13.288666666666666,2.0886666666666667,107.19999999999999
