placar_casa,placar_visitante,data,round,stage,ano,equipe_casa,equipe_visitante,resultado,Pts_casa,3P_casa,2P_casa,LL_casa,RT_casa,RO_casa,RD_casa,AS_casa,ER_casa,IA%_casa,3PC_casa,3PT_casa,3P%_casa,2PC_casa,2PT_casa,2P%_casa,LLC_casa,LLT_casa,LL%_casa,EN_casa,BR_casa,B/E_casa,TO_casa,FC_casa,T/FC_casa,ET_casa,VI_casa,EF_casa,Pts_visitante,3P_visitante,2P_visitante,LL_visitante,RT_visitante,RO_visitante,RD_visitante,AS_visitante,ER_visitante,IA%_visitante,3PC_visitante,3PT_visitante,3P%_visitante,2PC_visitante,2PT_visitante,2P%_visitante,LLC_visitante,LLT_visitante,LL%_visitante,EN_visitante,BR_visitante,B/E_visitante,TO_visitante,FC_visitante,T/FC_visitante,ET_visitante,VI_visitante,EF_visitante
83,73,2024-03-09,7,2,2023-2024,Pato Basquete,Paulistano,1,78.466,26.5,41.266,10.7,37.766666666666666,11.666666666666666,26.1,16.766000000000002,11.0,1.6119999999999999,8.832666666666666,28.699333333333332,30.748000000000005,20.634,37.166000000000004,55.470666666666666,10.7,15.732666666666667,69.28866666666666,1.3326666666666669,4.500666666666667,0.4153333333333334,1.1660000000000001,20.000666666666667,0.05866666666666668,11.0,1.6660000000000001,86.234,76.46666666666667,22.8,40.0,13.666666666666666,38.93333333333333,12.2,26.733333333333334,16.666666666666668,14.2,1.3246666666666667,7.6,25.266666666666666,29.74866666666667,20.0,38.8,51.501999999999995,13.666666666666666,18.733333333333334,73.43399999999998,2.0,8.4,0.6453333333333333,2.3333333333333335,20.666666666666668,0.12066666666666669,14.2,3.2,87.06666666666666
