placar_casa,placar_visitante,data,round,stage,ano,equipe_casa,equipe_visitante,resultado,Pts_casa,3P_casa,2P_casa,LL_casa,RT_casa,RO_casa,RD_casa,AS_casa,ER_casa,IA%_casa,3PC_casa,3PT_casa,3P%_casa,2PC_casa,2PT_casa,2P%_casa,LLC_casa,LLT_casa,LL%_casa,EN_casa,BR_casa,B/E_casa,TO_casa,FC_casa,T/FC_casa,ET_casa,VI_casa,EF_casa,Pts_visitante,3P_visitante,2P_visitante,LL_visitante,RT_visitante,RO_visitante,RD_visitante,AS_visitante,ER_visitante,IA%_visitante,3PC_visitante,3PT_visitante,3P%_visitante,2PC_visitante,2PT_visitante,2P%_visitante,LLC_visitante,LLT_visitante,LL%_visitante,EN_visitante,BR_visitante,B/E_visitante,TO_visitante,FC_visitante,T/FC_visitante,ET_visitante,VI_visitante,EF_visitante
85,86,2012-03-31,14,2,2011-2012,Joinville,Pinheiros,0,80.53333333333333,16.6,44.266666666666666,19.666666666666668,29.066666666666666,8.6,20.466666666666665,12.2,11.266666666666667,1.2346666666666666,5.533333333333333,16.733333333333334,33.366,22.133333333333333,42.4,51.908,19.666666666666668,27.133333333333333,73.892,1.8666666666666667,6.8,0.7053333333333334,1.2666666666666666,22.8,0.05666666666666667,11.266666666666667,2.933333333333333,84.86666666666666,89.93333333333334,25.2,48.53333333333333,16.2,29.8,7.866666666666666,21.933333333333334,17.6,11.933333333333334,1.5766666666666667,8.4,20.8,39.808,24.266666666666666,40.266666666666666,60.17333333333334,16.2,22.4,71.24266666666668,3.466666666666667,9.2,0.8033333333333333,3.3333333333333335,19.0,0.174,11.933333333333334,2.7333333333333334,107.26666666666667
