placar_casa,placar_visitante,data,round,stage,ano,equipe_casa,equipe_visitante,resultado,Pts_casa,3P_casa,2P_casa,LL_casa,RT_casa,RO_casa,RD_casa,AS_casa,ER_casa,IA%_casa,3PC_casa,3PT_casa,3P%_casa,2PC_casa,2PT_casa,2P%_casa,LLC_casa,LLT_casa,LL%_casa,EN_casa,BR_casa,B/E_casa,TO_casa,FC_casa,T/FC_casa,ET_casa,VI_casa,EF_casa,Pts_visitante,3P_visitante,2P_visitante,LL_visitante,RT_visitante,RO_visitante,RD_visitante,AS_visitante,ER_visitante,IA%_visitante,3PC_visitante,3PT_visitante,3P%_visitante,2PC_visitante,2PT_visitante,2P%_visitante,LLC_visitante,LLT_visitante,LL%_visitante,EN_visitante,BR_visitante,B/E_visitante,TO_visitante,FC_visitante,T/FC_visitante,ET_visitante,VI_visitante,EF_visitante
88,101,2023-01-05,12,1,2022-2023,BRB/Brasília,Corinthians,0,77.96666666666667,26.3,38.4,13.266666666666667,38.06666666666667,10.266666666666667,27.8,16.4,14.233333333333333,1.2186666666666666,8.766666666666667,28.1,31.511999999999993,19.2,36.1,52.782666666666664,13.266666666666667,20.166666666666668,65.392,2.2666666666666666,5.233333333333333,0.394,1.0666666666666667,20.233333333333334,0.054000000000000006,14.233333333333333,2.566666666666667,81.36666666666666,81.53333333333333,27.6,39.266666666666666,14.666666666666666,40.6,9.566666666666666,31.033333333333335,16.033333333333335,16.233333333333334,1.0506666666666666,9.2,28.133333333333333,31.893333333333334,19.633333333333333,33.86666666666667,58.17533333333334,14.666666666666666,19.366666666666667,74.934,3.466666666666667,5.8,0.3739999999999999,3.8666666666666667,17.633333333333333,0.2193333333333333,16.233333333333334,3.6,93.73333333333333
