placar_casa,placar_visitante,data,round,stage,ano,equipe_casa,equipe_visitante,resultado,Pts_casa,3P_casa,2P_casa,LL_casa,RT_casa,RO_casa,RD_casa,AS_casa,ER_casa,IA%_casa,3PC_casa,3PT_casa,3P%_casa,2PC_casa,2PT_casa,2P%_casa,LLC_casa,LLT_casa,LL%_casa,EN_casa,BR_casa,B/E_casa,TO_casa,FC_casa,T/FC_casa,ET_casa,VI_casa,EF_casa,Pts_visitante,3P_visitante,2P_visitante,LL_visitante,RT_visitante,RO_visitante,RD_visitante,AS_visitante,ER_visitante,IA%_visitante,3PC_visitante,3PT_visitante,3P%_visitante,2PC_visitante,2PT_visitante,2P%_visitante,LLC_visitante,LLT_visitante,LL%_visitante,EN_visitante,BR_visitante,B/E_visitante,TO_visitante,FC_visitante,T/FC_visitante,ET_visitante,VI_visitante,EF_visitante
91,77,2023-03-13,7,2,2022-2023,Paulistano,Cerrado,1,79.39933333333335,25.6,41.599333333333334,12.2,40.33266666666667,12.733333333333333,27.59933333333333,15.065999999999997,11.399333333333335,1.3653333333333333,8.533999999999999,25.333333333333332,33.81399999999999,20.800666666666668,44.199333333333335,47.30333333333333,12.2,16.666666666666668,73.38266666666665,1.9326666666666663,7.799333333333333,0.7040000000000001,2.0673333333333335,19.40066666666667,0.11400000000000003,11.399333333333335,2.1326666666666663,88.60066666666667,82.2,36.2,34.00066666666667,11.999333333333334,37.66733333333333,10.666,26.99933333333333,15.333333333333334,15.93266666666667,0.9906666666666669,12.066666666666666,34.99933333333333,34.09866666666667,16.99933333333333,31.932666666666663,53.34066666666666,11.999333333333334,17.865999999999996,66.092,2.000666666666667,6.0,0.37933333333333336,2.000666666666667,15.133999999999997,0.14266666666666664,15.93266666666667,3.199333333333333,83.534
