placar_casa,placar_visitante,data,round,stage,ano,equipe_casa,equipe_visitante,resultado,Pts_casa,3P_casa,2P_casa,LL_casa,RT_casa,RO_casa,RD_casa,AS_casa,ER_casa,IA%_casa,3PC_casa,3PT_casa,3P%_casa,2PC_casa,2PT_casa,2P%_casa,LLC_casa,LLT_casa,LL%_casa,EN_casa,BR_casa,B/E_casa,TO_casa,FC_casa,T/FC_casa,ET_casa,VI_casa,EF_casa,Pts_visitante,3P_visitante,2P_visitante,LL_visitante,RT_visitante,RO_visitante,RD_visitante,AS_visitante,ER_visitante,IA%_visitante,3PC_visitante,3PT_visitante,3P%_visitante,2PC_visitante,2PT_visitante,2P%_visitante,LLC_visitante,LLT_visitante,LL%_visitante,EN_visitante,BR_visitante,B/E_visitante,TO_visitante,FC_visitante,T/FC_visitante,ET_visitante,VI_visitante,EF_visitante
92,73,2017-06-17,5,6,2016-2017,Bauru Basket,Paulistano,1,82.73333333333333,27.2,39.46666666666667,16.066666666666666,37.666666666666664,10.466666666666667,27.2,17.2,14.933333333333334,1.1786666666666663,9.066666666666666,26.0,35.227999999999994,19.733333333333334,35.4,56.252,16.066666666666666,21.866666666666667,73.78266666666667,1.6,7.466666666666667,0.5133333333333333,2.3333333333333335,23.466666666666665,0.09600000000000003,14.933333333333334,3.466666666666667,94.06666666666666,78.8,31.8,30.0,17.0,37.46666666666667,11.6,25.866666666666667,13.2,13.733333333333333,1.0633333333333335,10.6,30.666666666666668,34.842,15.0,31.666666666666668,48.23666666666667,17.0,22.4,76.83200000000001,1.2,5.733333333333333,0.44000000000000006,2.7333333333333334,21.933333333333334,0.12466666666666668,13.733333333333333,2.8,82.06666666666666
