placar_casa,placar_visitante,data,round,stage,ano,equipe_casa,equipe_visitante,resultado,Pts_casa,3P_casa,2P_casa,LL_casa,RT_casa,RO_casa,RD_casa,AS_casa,ER_casa,IA%_casa,3PC_casa,3PT_casa,3P%_casa,2PC_casa,2PT_casa,2P%_casa,LLC_casa,LLT_casa,LL%_casa,EN_casa,BR_casa,B/E_casa,TO_casa,FC_casa,T/FC_casa,ET_casa,VI_casa,EF_casa,Pts_visitante,3P_visitante,2P_visitante,LL_visitante,RT_visitante,RO_visitante,RD_visitante,AS_visitante,ER_visitante,IA%_visitante,3PC_visitante,3PT_visitante,3P%_visitante,2PC_visitante,2PT_visitante,2P%_visitante,LLC_visitante,LLT_visitante,LL%_visitante,EN_visitante,BR_visitante,B/E_visitante,TO_visitante,FC_visitante,T/FC_visitante,ET_visitante,VI_visitante,EF_visitante
79,80,2022-03-26,8,2,2021-2022,BRB/Brasília,Rio Claro,0,77.42266666666667,23.333333333333332,39.28933333333334,14.8,40.756,12.844,27.910666666666664,14.577333333333334,15.866666666666667,0.9566666666666666,7.777333333333333,24.866666666666667,31.184,19.644,38.266666666666666,51.407999999999994,14.8,21.710666666666665,67.14266666666667,1.1106666666666667,6.110666666666666,0.386,1.956,19.843999999999998,0.10133333333333333,15.866666666666667,3.222666666666667,82.33333333333333,79.83333333333333,24.0,39.8,16.033333333333335,36.233333333333334,11.233333333333333,25.0,13.666666666666666,12.366666666666667,1.1573333333333333,8.0,25.6,31.012,19.9,37.96666666666667,52.70666666666667,16.033333333333335,21.233333333333334,75.20000000000002,1.3333333333333333,6.8,0.5740000000000001,1.4666666666666666,22.333333333333332,0.06866666666666667,12.366666666666667,3.1666666666666665,84.76666666666667
