placar_casa,placar_visitante,data,round,stage,ano,equipe_casa,equipe_visitante,resultado,Pts_casa,3P_casa,2P_casa,LL_casa,RT_casa,RO_casa,RD_casa,AS_casa,ER_casa,IA%_casa,3PC_casa,3PT_casa,3P%_casa,2PC_casa,2PT_casa,2P%_casa,LLC_casa,LLT_casa,LL%_casa,EN_casa,BR_casa,B/E_casa,TO_casa,FC_casa,T/FC_casa,ET_casa,VI_casa,EF_casa,Pts_visitante,3P_visitante,2P_visitante,LL_visitante,RT_visitante,RO_visitante,RD_visitante,AS_visitante,ER_visitante,IA%_visitante,3PC_visitante,3PT_visitante,3P%_visitante,2PC_visitante,2PT_visitante,2P%_visitante,LLC_visitante,LLT_visitante,LL%_visitante,EN_visitante,BR_visitante,B/E_visitante,TO_visitante,FC_visitante,T/FC_visitante,ET_visitante,VI_visitante,EF_visitante
90,81,2015-12-17,12,1,2015-2016,Minas,Macaé Basquete,1,69.54545454545455,19.636363636363637,38.18181818181818,11.727272727272727,34.81818181818182,9.363636363636363,25.454545454545453,15.818181818181818,14.636363636363637,1.1845454545454546,6.545454545454546,21.181818181818183,30.34818181818182,19.09090909090909,37.09090909090909,51.627272727272725,11.727272727272727,17.0,66.94272727272727,1.5454545454545454,8.545454545454545,0.6490909090909092,2.727272727272727,20.0,0.13454545454545452,14.636363636363637,3.6363636363636362,78.9090909090909,78.9,22.8,34.6,21.5,31.8,9.2,22.6,10.4,13.2,0.8889999999999999,7.6,22.9,33.217999999999996,17.3,36.5,47.76700000000001,21.5,26.2,81.63199999999999,0.6,9.9,0.782,1.1,22.5,0.054000000000000006,13.2,3.5,79.7
