placar_casa,placar_visitante,data,round,stage,ano,equipe_casa,equipe_visitante,resultado,Pts_casa,3P_casa,2P_casa,LL_casa,RT_casa,RO_casa,RD_casa,AS_casa,ER_casa,IA%_casa,3PC_casa,3PT_casa,3P%_casa,2PC_casa,2PT_casa,2P%_casa,LLC_casa,LLT_casa,LL%_casa,EN_casa,BR_casa,B/E_casa,TO_casa,FC_casa,T/FC_casa,ET_casa,VI_casa,EF_casa,Pts_visitante,3P_visitante,2P_visitante,LL_visitante,RT_visitante,RO_visitante,RD_visitante,AS_visitante,ER_visitante,IA%_visitante,3PC_visitante,3PT_visitante,3P%_visitante,2PC_visitante,2PT_visitante,2P%_visitante,LLC_visitante,LLT_visitante,LL%_visitante,EN_visitante,BR_visitante,B/E_visitante,TO_visitante,FC_visitante,T/FC_visitante,ET_visitante,VI_visitante,EF_visitante
82,49,2016-12-20,11,1,2016-2017,Paulistano,Caxias do Sul Basquete,1,82.44444444444444,28.666666666666668,38.22222222222222,15.555555555555555,38.111111111111114,13.666666666666666,24.444444444444443,17.77777777777778,13.11111111111111,1.498888888888889,9.555555555555555,27.333333333333332,35.09222222222222,19.11111111111111,40.44444444444444,47.624444444444435,15.555555555555555,19.0,81.34222222222223,2.2222222222222223,8.11111111111111,0.6933333333333334,1.6666666666666667,18.22222222222222,0.09777777777777778,13.11111111111111,2.4444444444444446,92.44444444444444,72.5,18.6,37.8,16.1,32.3,8.1,24.2,14.4,13.7,1.077,6.2,20.1,30.542,18.9,40.8,46.413,16.1,22.3,73.338,1.0,6.0,0.421,2.0,20.5,0.09799999999999999,13.7,3.6,71.5
