placar_casa,placar_visitante,data,round,stage,ano,equipe_casa,equipe_visitante,resultado,Pts_casa,3P_casa,2P_casa,LL_casa,RT_casa,RO_casa,RD_casa,AS_casa,ER_casa,IA%_casa,3PC_casa,3PT_casa,3P%_casa,2PC_casa,2PT_casa,2P%_casa,LLC_casa,LLT_casa,LL%_casa,EN_casa,BR_casa,B/E_casa,TO_casa,FC_casa,T/FC_casa,ET_casa,VI_casa,EF_casa,Pts_visitante,3P_visitante,2P_visitante,LL_visitante,RT_visitante,RO_visitante,RD_visitante,AS_visitante,ER_visitante,IA%_visitante,3PC_visitante,3PT_visitante,3P%_visitante,2PC_visitante,2PT_visitante,2P%_visitante,LLC_visitante,LLT_visitante,LL%_visitante,EN_visitante,BR_visitante,B/E_visitante,TO_visitante,FC_visitante,T/FC_visitante,ET_visitante,VI_visitante,EF_visitante
94,81,2016-06-04,4,6,2015-2016,Bauru Basket,Flamengo,1,90.13333333333334,35.0,39.46666666666667,15.666666666666666,37.13333333333333,9.666666666666666,27.466666666666665,18.866666666666667,13.466666666666667,1.4906666666666666,11.666666666666666,30.8,37.712666666666664,19.733333333333334,33.333333333333336,59.33933333333333,15.666666666666666,20.866666666666667,75.95466666666667,1.2,9.533333333333333,0.74,1.4666666666666666,20.933333333333334,0.07266666666666667,13.466666666666667,2.466666666666667,105.73333333333333,85.4,24.2,44.8,16.4,34.6,9.466666666666667,25.133333333333333,18.866666666666667,13.0,1.5266666666666668,8.066666666666666,22.466666666666665,35.93333333333333,22.4,39.8,56.452000000000005,16.4,21.333333333333332,75.84933333333333,0.9333333333333333,9.866666666666667,0.8246666666666665,2.8,22.0,0.138,13.0,3.1333333333333333,101.8
