placar_casa,placar_visitante,data,round,stage,ano,equipe_casa,equipe_visitante,resultado,Pts_casa,3P_casa,2P_casa,LL_casa,RT_casa,RO_casa,RD_casa,AS_casa,ER_casa,IA%_casa,3PC_casa,3PT_casa,3P%_casa,2PC_casa,2PT_casa,2P%_casa,LLC_casa,LLT_casa,LL%_casa,EN_casa,BR_casa,B/E_casa,TO_casa,FC_casa,T/FC_casa,ET_casa,VI_casa,EF_casa,Pts_visitante,3P_visitante,2P_visitante,LL_visitante,RT_visitante,RO_visitante,RD_visitante,AS_visitante,ER_visitante,IA%_visitante,3PC_visitante,3PT_visitante,3P%_visitante,2PC_visitante,2PT_visitante,2P%_visitante,LLC_visitante,LLT_visitante,LL%_visitante,EN_visitante,BR_visitante,B/E_visitante,TO_visitante,FC_visitante,T/FC_visitante,ET_visitante,VI_visitante,EF_visitante
89,64,2019-04-20,3,4,2018-2019,Pinheiros,Botafogo,1,81.8,30.6,35.2,16.0,37.06666666666667,11.0,26.066666666666666,14.933333333333334,14.0,1.15,10.2,26.666666666666668,38.330666666666666,17.6,34.93333333333333,50.04333333333332,16.0,22.266666666666666,72.59666666666668,1.0666666666666667,7.333333333333333,0.5553333333333332,1.5333333333333334,19.6,0.08333333333333333,14.0,3.0,88.53333333333333,75.66666666666667,25.6,36.266666666666666,13.8,35.13333333333333,12.933333333333334,22.2,15.466666666666667,12.6,1.2973333333333332,8.533333333333333,26.266666666666666,32.87866666666667,18.133333333333333,37.266666666666666,48.55199999999999,13.8,18.533333333333335,74.15799999999999,0.9333333333333333,6.6,0.5820000000000001,1.7333333333333334,21.733333333333334,0.08200000000000002,12.6,2.8,80.26666666666667
