placar_casa,placar_visitante,data,round,stage,ano,equipe_casa,equipe_visitante,resultado,Pts_casa,3P_casa,2P_casa,LL_casa,RT_casa,RO_casa,RD_casa,AS_casa,ER_casa,IA%_casa,3PC_casa,3PT_casa,3P%_casa,2PC_casa,2PT_casa,2P%_casa,LLC_casa,LLT_casa,LL%_casa,EN_casa,BR_casa,B/E_casa,TO_casa,FC_casa,T/FC_casa,ET_casa,VI_casa,EF_casa,Pts_visitante,3P_visitante,2P_visitante,LL_visitante,RT_visitante,RO_visitante,RD_visitante,AS_visitante,ER_visitante,IA%_visitante,3PC_visitante,3PT_visitante,3P%_visitante,2PC_visitante,2PT_visitante,2P%_visitante,LLC_visitante,LLT_visitante,LL%_visitante,EN_visitante,BR_visitante,B/E_visitante,TO_visitante,FC_visitante,T/FC_visitante,ET_visitante,VI_visitante,EF_visitante
85,72,2019-03-24,12,2,2018-2019,Corinthians,R10 Score Vasco da Gama,1,80.86666666666666,22.4,39.99933333333333,18.467333333333332,37.333333333333336,10.332666666666666,27.00066666666667,17.266000000000002,14.399333333333335,1.276,7.467333333333333,22.932666666666666,32.87533333333333,20.000666666666667,38.866,51.730666666666664,18.467333333333332,23.39933333333333,79.52666666666666,2.0,7.2,0.5173333333333333,1.8673333333333333,23.400666666666666,0.08000000000000002,14.399333333333335,1.8666666666666667,90.734,75.33333333333333,22.6,38.46666666666667,14.266666666666667,38.233333333333334,12.0,26.233333333333334,16.733333333333334,14.533333333333333,1.1986666666666665,7.533333333333333,24.466666666666665,30.688666666666666,19.233333333333334,41.36666666666667,46.46066666666668,14.266666666666667,19.166666666666668,73.85533333333333,0.4666666666666667,7.0,0.5059999999999999,0.9,19.266666666666666,0.05000000000000001,14.533333333333333,1.8333333333333333,79.56666666666666
