placar_casa,placar_visitante,data,round,stage,ano,equipe_casa,equipe_visitante,resultado,Pts_casa,3P_casa,2P_casa,LL_casa,RT_casa,RO_casa,RD_casa,AS_casa,ER_casa,IA%_casa,3PC_casa,3PT_casa,3P%_casa,2PC_casa,2PT_casa,2P%_casa,LLC_casa,LLT_casa,LL%_casa,EN_casa,BR_casa,B/E_casa,TO_casa,FC_casa,T/FC_casa,ET_casa,VI_casa,EF_casa,Pts_visitante,3P_visitante,2P_visitante,LL_visitante,RT_visitante,RO_visitante,RD_visitante,AS_visitante,ER_visitante,IA%_visitante,3PC_visitante,3PT_visitante,3P%_visitante,2PC_visitante,2PT_visitante,2P%_visitante,LLC_visitante,LLT_visitante,LL%_visitante,EN_visitante,BR_visitante,B/E_visitante,TO_visitante,FC_visitante,T/FC_visitante,ET_visitante,VI_visitante,EF_visitante
90,80,2019-10-31,3,1,2019-2020,Bauru Basket,Fortaleza B. C. / CFO,1,76.66666666666667,23.5,38.666666666666664,14.5,34.333333333333336,8.333333333333334,26.0,14.333333333333334,15.666666666666666,0.9466666666666667,7.833333333333333,25.666666666666668,30.48,19.333333333333332,35.0,54.86000000000001,14.5,20.5,70.82,2.0,8.166666666666666,0.5266666666666667,1.6666666666666667,19.333333333333332,0.09000000000000001,15.666666666666666,2.3333333333333335,80.0,81.66666666666667,25.5,39.333333333333336,16.833333333333332,37.333333333333336,11.833333333333334,25.5,13.833333333333334,10.666666666666666,1.32,8.5,25.666666666666668,33.18333333333333,19.666666666666668,39.166666666666664,50.376666666666665,16.833333333333332,22.5,74.46333333333332,0.5,6.333333333333333,0.6066666666666667,1.8333333333333333,22.333333333333332,0.08666666666666667,10.666666666666666,2.1666666666666665,88.0
