placar_casa,placar_visitante,data,round,stage,ano,equipe_casa,equipe_visitante,resultado,Pts_casa,3P_casa,2P_casa,LL_casa,RT_casa,RO_casa,RD_casa,AS_casa,ER_casa,IA%_casa,3PC_casa,3PT_casa,3P%_casa,2PC_casa,2PT_casa,2P%_casa,LLC_casa,LLT_casa,LL%_casa,EN_casa,BR_casa,B/E_casa,TO_casa,FC_casa,T/FC_casa,ET_casa,VI_casa,EF_casa,Pts_visitante,3P_visitante,2P_visitante,LL_visitante,RT_visitante,RO_visitante,RD_visitante,AS_visitante,ER_visitante,IA%_visitante,3PC_visitante,3PT_visitante,3P%_visitante,2PC_visitante,2PT_visitante,2P%_visitante,LLC_visitante,LLT_visitante,LL%_visitante,EN_visitante,BR_visitante,B/E_visitante,TO_visitante,FC_visitante,T/FC_visitante,ET_visitante,VI_visitante,EF_visitante
72,75,2025-04-03,14,2,2024-2025,Pato Basquete,Minas,0,83.956,34.13333333333333,36.089333333333336,13.733333333333333,40.089333333333336,14.422666666666666,25.666666666666668,17.510666666666665,13.177333333333333,1.3493333333333333,11.377333333333333,32.556000000000004,34.687333333333335,18.043999999999997,34.956,51.939333333333344,13.733333333333333,17.533333333333335,77.96333333333334,0.9333333333333333,5.2,0.412,1.1106666666666667,23.422666666666668,0.04933333333333333,13.177333333333333,3.0,92.8,80.6,25.3,43.2,12.1,41.96666666666667,13.533333333333333,28.433333333333334,18.766666666666666,14.533333333333333,1.528,8.433333333333334,26.0,33.303999999999995,21.6,40.166666666666664,53.44466666666666,12.1,18.633333333333333,65.404,1.5666666666666667,8.3,0.6500000000000001,2.966666666666667,18.833333333333332,0.168,14.533333333333333,2.8,95.4
