placar_casa,placar_visitante,data,round,stage,ano,equipe_casa,equipe_visitante,resultado,Pts_casa,3P_casa,2P_casa,LL_casa,RT_casa,RO_casa,RD_casa,AS_casa,ER_casa,IA%_casa,3PC_casa,3PT_casa,3P%_casa,2PC_casa,2PT_casa,2P%_casa,LLC_casa,LLT_casa,LL%_casa,EN_casa,BR_casa,B/E_casa,TO_casa,FC_casa,T/FC_casa,ET_casa,VI_casa,EF_casa,Pts_visitante,3P_visitante,2P_visitante,LL_visitante,RT_visitante,RO_visitante,RD_visitante,AS_visitante,ER_visitante,IA%_visitante,3PC_visitante,3PT_visitante,3P%_visitante,2PC_visitante,2PT_visitante,2P%_visitante,LLC_visitante,LLT_visitante,LL%_visitante,EN_visitante,BR_visitante,B/E_visitante,TO_visitante,FC_visitante,T/FC_visitante,ET_visitante,VI_visitante,EF_visitante
74,64,2014-03-08,12,2,2013-2014,Fortaleza B. C. / CFO,Coop/São José Basketball,1,77.6,19.6,43.333333333333336,14.666666666666666,37.8,10.8,27.0,12.933333333333334,12.8,1.0953333333333333,6.533333333333333,18.266666666666666,36.779999999999994,21.666666666666668,44.6,48.774,14.666666666666666,21.133333333333333,69.88133333333333,2.533333333333333,10.4,0.8680000000000001,2.466666666666667,20.866666666666667,0.12333333333333335,12.8,2.6,87.26666666666667,82.93333333333334,25.6,42.13333333333333,15.2,35.93333333333333,10.066666666666666,25.866666666666667,16.4,13.533333333333333,1.3453333333333333,8.533333333333333,24.4,35.400666666666666,21.066666666666666,38.4,54.99333333333334,15.2,19.6,80.25133333333335,0.26666666666666666,8.8,0.6653333333333332,2.1333333333333333,15.866666666666667,0.156,13.533333333333333,2.7333333333333334,95.06666666666666
