placar_casa,placar_visitante,data,round,stage,ano,equipe_casa,equipe_visitante,resultado,Pts_casa,3P_casa,2P_casa,LL_casa,RT_casa,RO_casa,RD_casa,AS_casa,ER_casa,IA%_casa,3PC_casa,3PT_casa,3P%_casa,2PC_casa,2PT_casa,2P%_casa,LLC_casa,LLT_casa,LL%_casa,EN_casa,BR_casa,B/E_casa,TO_casa,FC_casa,T/FC_casa,ET_casa,VI_casa,EF_casa,Pts_visitante,3P_visitante,2P_visitante,LL_visitante,RT_visitante,RO_visitante,RD_visitante,AS_visitante,ER_visitante,IA%_visitante,3PC_visitante,3PT_visitante,3P%_visitante,2PC_visitante,2PT_visitante,2P%_visitante,LLC_visitante,LLT_visitante,LL%_visitante,EN_visitante,BR_visitante,B/E_visitante,TO_visitante,FC_visitante,T/FC_visitante,ET_visitante,VI_visitante,EF_visitante
80,89,2025-01-23,5,2,2024-2025,São Paulo,São José Basketball,0,76.10066666666667,22.6,38.93266666666667,14.566,35.6,8.566,27.034000000000002,17.267333333333337,14.6,1.2146666666666663,7.533333333333333,24.934000000000005,29.976666666666663,19.467333333333336,34.400666666666666,57.13066666666667,14.566,20.634,70.50533333333333,1.2660000000000002,6.366666666666666,0.43666666666666676,1.500666666666667,17.59933333333333,0.08800000000000002,14.6,2.7326666666666664,83.83333333333333,81.76666666666667,26.3,38.53333333333333,16.933333333333334,40.46666666666667,11.266666666666667,29.2,18.533333333333335,14.2,1.3746666666666665,8.766666666666667,26.766666666666666,32.484,19.266666666666666,35.96666666666667,53.91799999999999,16.933333333333334,21.766666666666666,78.316,2.066666666666667,7.5,0.5473333333333333,2.4,17.933333333333334,0.136,14.2,2.3666666666666667,96.93333333333334
