placar_casa,placar_visitante,data,round,stage,ano,equipe_casa,equipe_visitante,resultado,Pts_casa,3P_casa,2P_casa,LL_casa,RT_casa,RO_casa,RD_casa,AS_casa,ER_casa,IA%_casa,3PC_casa,3PT_casa,3P%_casa,2PC_casa,2PT_casa,2P%_casa,LLC_casa,LLT_casa,LL%_casa,EN_casa,BR_casa,B/E_casa,TO_casa,FC_casa,T/FC_casa,ET_casa,VI_casa,EF_casa,Pts_visitante,3P_visitante,2P_visitante,LL_visitante,RT_visitante,RO_visitante,RD_visitante,AS_visitante,ER_visitante,IA%_visitante,3PC_visitante,3PT_visitante,3P%_visitante,2PC_visitante,2PT_visitante,2P%_visitante,LLC_visitante,LLT_visitante,LL%_visitante,EN_visitante,BR_visitante,B/E_visitante,TO_visitante,FC_visitante,T/FC_visitante,ET_visitante,VI_visitante,EF_visitante
87,47,2011-12-01,5,1,2011-2012,Coop/São José Basketball,Espírito Santo,1,75.66666666666667,28.0,34.0,13.666666666666666,29.0,6.666666666666667,22.333333333333332,14.666666666666666,14.333333333333334,1.0133333333333334,9.333333333333334,24.333333333333332,37.10333333333333,17.0,32.666666666666664,51.95333333333334,13.666666666666666,16.333333333333332,83.76,0.3333333333333333,7.333333333333333,0.5199999999999999,4.0,15.333333333333334,0.26666666666666666,14.333333333333334,3.0,83.0,67.66666666666667,28.0,28.666666666666668,11.0,26.666666666666668,8.333333333333334,18.333333333333332,10.0,14.666666666666666,0.6933333333333334,9.333333333333334,24.666666666666668,37.82,14.333333333333334,36.0,40.18666666666667,11.0,15.333333333333334,71.06666666666666,0.3333333333333333,8.0,0.5466666666666667,1.3333333333333333,16.0,0.08666666666666667,14.666666666666666,4.0,57.666666666666664
