placar_casa,placar_visitante,data,round,stage,ano,equipe_casa,equipe_visitante,resultado,Pts_casa,3P_casa,2P_casa,LL_casa,RT_casa,RO_casa,RD_casa,AS_casa,ER_casa,IA%_casa,3PC_casa,3PT_casa,3P%_casa,2PC_casa,2PT_casa,2P%_casa,LLC_casa,LLT_casa,LL%_casa,EN_casa,BR_casa,B/E_casa,TO_casa,FC_casa,T/FC_casa,ET_casa,VI_casa,EF_casa,Pts_visitante,3P_visitante,2P_visitante,LL_visitante,RT_visitante,RO_visitante,RD_visitante,AS_visitante,ER_visitante,IA%_visitante,3PC_visitante,3PT_visitante,3P%_visitante,2PC_visitante,2PT_visitante,2P%_visitante,LLC_visitante,LLT_visitante,LL%_visitante,EN_visitante,BR_visitante,B/E_visitante,TO_visitante,FC_visitante,T/FC_visitante,ET_visitante,VI_visitante,EF_visitante
67,82,2017-04-15,4,3,2016-2017,Fortaleza B. C. / CFO,Paulistano,0,76.0,29.4,32.0,14.6,36.4,9.533333333333333,26.866666666666667,14.733333333333333,14.8,1.0306666666666666,9.8,27.933333333333334,35.291333333333334,16.0,35.6,45.587333333333326,14.6,20.666666666666668,69.41799999999999,1.1333333333333333,7.133333333333334,0.4966666666666667,2.6,22.133333333333333,0.11999999999999998,14.8,2.7333333333333334,78.26666666666667,82.13333333333334,29.4,37.2,15.533333333333333,35.93333333333333,10.8,25.133333333333333,19.2,13.133333333333333,1.5819999999999999,9.8,27.4,35.98533333333333,18.6,36.733333333333334,51.654666666666664,15.533333333333333,19.866666666666667,77.27933333333334,1.3333333333333333,7.266666666666667,0.5853333333333333,2.466666666666667,22.133333333333333,0.12200000000000003,13.133333333333333,2.2666666666666666,93.8
