placar_casa,placar_visitante,data,round,stage,ano,equipe_casa,equipe_visitante,resultado,Pts_casa,3P_casa,2P_casa,LL_casa,RT_casa,RO_casa,RD_casa,AS_casa,ER_casa,IA%_casa,3PC_casa,3PT_casa,3P%_casa,2PC_casa,2PT_casa,2P%_casa,LLC_casa,LLT_casa,LL%_casa,EN_casa,BR_casa,B/E_casa,TO_casa,FC_casa,T/FC_casa,ET_casa,VI_casa,EF_casa,Pts_visitante,3P_visitante,2P_visitante,LL_visitante,RT_visitante,RO_visitante,RD_visitante,AS_visitante,ER_visitante,IA%_visitante,3PC_visitante,3PT_visitante,3P%_visitante,2PC_visitante,2PT_visitante,2P%_visitante,LLC_visitante,LLT_visitante,LL%_visitante,EN_visitante,BR_visitante,B/E_visitante,TO_visitante,FC_visitante,T/FC_visitante,ET_visitante,VI_visitante,EF_visitante
90,78,2016-02-03,5,2,2015-2016,Caxias do Sul Basquete,Sesi Franca,1,68.86666666666666,22.8,31.6,14.466666666666667,32.4,8.4,24.0,12.8,15.533333333333333,0.8513333333333333,7.6,23.866666666666667,32.132666666666665,15.8,34.333333333333336,46.62133333333334,14.466666666666667,20.733333333333334,68.32333333333334,1.2666666666666666,11.933333333333334,0.7953333333333333,1.2666666666666666,23.333333333333332,0.052000000000000005,15.533333333333333,3.466666666666667,70.66666666666667,75.0,21.2,38.0,15.8,30.6,8.666666666666666,21.933333333333334,13.866666666666667,14.666666666666666,1.014,7.066666666666666,20.933333333333334,32.522666666666666,19.0,36.266666666666666,54.187999999999995,15.8,22.133333333333333,72.596,2.2666666666666666,9.133333333333333,0.6706666666666666,2.8666666666666667,20.466666666666665,0.1413333333333333,14.666666666666666,2.6666666666666665,79.33333333333333
