placar_casa,placar_visitante,data,round,stage,ano,equipe_casa,equipe_visitante,resultado,Pts_casa,3P_casa,2P_casa,LL_casa,RT_casa,RO_casa,RD_casa,AS_casa,ER_casa,IA%_casa,3PC_casa,3PT_casa,3P%_casa,2PC_casa,2PT_casa,2P%_casa,LLC_casa,LLT_casa,LL%_casa,EN_casa,BR_casa,B/E_casa,TO_casa,FC_casa,T/FC_casa,ET_casa,VI_casa,EF_casa,Pts_visitante,3P_visitante,2P_visitante,LL_visitante,RT_visitante,RO_visitante,RD_visitante,AS_visitante,ER_visitante,IA%_visitante,3PC_visitante,3PT_visitante,3P%_visitante,2PC_visitante,2PT_visitante,2P%_visitante,LLC_visitante,LLT_visitante,LL%_visitante,EN_visitante,BR_visitante,B/E_visitante,TO_visitante,FC_visitante,T/FC_visitante,ET_visitante,VI_visitante,EF_visitante
79,77,2017-02-16,21,1,2016-2017,Brasília,L. Sorocabana,1,82.06666666666666,26.2,41.733333333333334,14.133333333333333,38.6,10.2,28.4,21.0,14.0,1.7813333333333334,8.733333333333333,23.733333333333334,35.91933333333334,20.866666666666667,38.6,53.624,14.133333333333333,19.133333333333333,72.25933333333334,1.6666666666666667,5.933333333333334,0.45,2.533333333333333,19.266666666666666,0.13933333333333336,14.0,2.8666666666666667,98.4,69.06666666666666,22.2,34.8,12.066666666666666,33.13333333333333,11.666666666666666,21.466666666666665,13.6,16.333333333333332,0.8726666666666664,7.4,24.4,30.655333333333335,17.4,36.13333333333333,48.42733333333334,12.066666666666666,16.733333333333334,73.50866666666667,1.5333333333333334,8.066666666666666,0.5233333333333334,1.8666666666666667,23.866666666666667,0.08266666666666668,16.333333333333332,6.133333333333334,69.0
