placar_casa,placar_visitante,data,round,stage,ano,equipe_casa,equipe_visitante,resultado,Pts_casa,3P_casa,2P_casa,LL_casa,RT_casa,RO_casa,RD_casa,AS_casa,ER_casa,IA%_casa,3PC_casa,3PT_casa,3P%_casa,2PC_casa,2PT_casa,2P%_casa,LLC_casa,LLT_casa,LL%_casa,EN_casa,BR_casa,B/E_casa,TO_casa,FC_casa,T/FC_casa,ET_casa,VI_casa,EF_casa,Pts_visitante,3P_visitante,2P_visitante,LL_visitante,RT_visitante,RO_visitante,RD_visitante,AS_visitante,ER_visitante,IA%_visitante,3PC_visitante,3PT_visitante,3P%_visitante,2PC_visitante,2PT_visitante,2P%_visitante,LLC_visitante,LLT_visitante,LL%_visitante,EN_visitante,BR_visitante,B/E_visitante,TO_visitante,FC_visitante,T/FC_visitante,ET_visitante,VI_visitante,EF_visitante
77,63,2009-03-27,2,2,2008-2009,Araraquara,Saldanha,1,76.73333333333333,27.0,36.266666666666666,13.466666666666667,29.8,6.866666666666666,22.933333333333334,16.4,16.333333333333332,1.0966666666666667,9.0,26.266666666666666,34.236,18.133333333333333,33.8,53.861999999999995,13.466666666666667,20.0,66.78066666666668,1.9333333333333333,7.866666666666666,0.4913333333333334,4.266666666666667,21.533333333333335,0.21066666666666667,16.333333333333332,0.0,79.26666666666667,73.66666666666667,21.4,40.0,12.266666666666667,29.666666666666668,10.266666666666667,19.4,9.8,17.866666666666667,0.6046666666666666,7.133333333333334,20.933333333333334,33.910666666666664,20.0,39.4,51.791333333333334,12.266666666666667,20.066666666666666,61.657333333333334,3.6,9.866666666666667,0.5593333333333332,1.7333333333333334,22.266666666666666,0.08133333333333334,17.866666666666667,0.0,65.86666666666666
