placar_casa,placar_visitante,data,round,stage,ano,equipe_casa,equipe_visitante,resultado,Pts_casa,3P_casa,2P_casa,LL_casa,RT_casa,RO_casa,RD_casa,AS_casa,ER_casa,IA%_casa,3PC_casa,3PT_casa,3P%_casa,2PC_casa,2PT_casa,2P%_casa,LLC_casa,LLT_casa,LL%_casa,EN_casa,BR_casa,B/E_casa,TO_casa,FC_casa,T/FC_casa,ET_casa,VI_casa,EF_casa,Pts_visitante,3P_visitante,2P_visitante,LL_visitante,RT_visitante,RO_visitante,RD_visitante,AS_visitante,ER_visitante,IA%_visitante,3PC_visitante,3PT_visitante,3P%_visitante,2PC_visitante,2PT_visitante,2P%_visitante,LLC_visitante,LLT_visitante,LL%_visitante,EN_visitante,BR_visitante,B/E_visitante,TO_visitante,FC_visitante,T/FC_visitante,ET_visitante,VI_visitante,EF_visitante
74,105,2013-01-17,15,1,2012-2013,Suzano,Flamengo,0,73.84615384615384,58.61538461538461,39.07692307692308,12.615384615384615,26.692307692307693,9.23076923076923,17.46153846153846,10.615384615384615,17.23076923076923,0.6346153846153846,7.384615384615385,22.076923076923077,33.209230769230764,19.53846153846154,38.76923076923077,50.823076923076925,12.615384615384615,19.46153846153846,64.82846153846154,0.5384615384615384,7.538461538461538,0.4707692307692307,2.076923076923077,18.923076923076923,0.11461538461538462,17.23076923076923,3.230769230769231,72.84615384615384,89.0909090909091,70.9090909090909,47.27272727272727,20.272727272727273,33.27272727272727,7.7272727272727275,25.545454545454547,12.545454545454545,11.909090909090908,1.3627272727272728,7.181818181818182,19.272727272727273,38.43636363636364,23.636363636363637,40.0,59.64272727272728,20.272727272727273,27.09090909090909,75.53272727272727,1.7272727272727273,7.090909090909091,0.7272727272727272,1.1818181818181819,20.272727272727273,0.05999999999999999,11.909090909090908,2.272727272727273,105.0909090909091
