placar_casa,placar_visitante,data,round,stage,ano,equipe_casa,equipe_visitante,resultado,Pts_casa,3P_casa,2P_casa,LL_casa,RT_casa,RO_casa,RD_casa,AS_casa,ER_casa,IA%_casa,3PC_casa,3PT_casa,3P%_casa,2PC_casa,2PT_casa,2P%_casa,LLC_casa,LLT_casa,LL%_casa,EN_casa,BR_casa,B/E_casa,TO_casa,FC_casa,T/FC_casa,ET_casa,VI_casa,EF_casa,Pts_visitante,3P_visitante,2P_visitante,LL_visitante,RT_visitante,RO_visitante,RD_visitante,AS_visitante,ER_visitante,IA%_visitante,3PC_visitante,3PT_visitante,3P%_visitante,2PC_visitante,2PT_visitante,2P%_visitante,LLC_visitante,LLT_visitante,LL%_visitante,EN_visitante,BR_visitante,B/E_visitante,TO_visitante,FC_visitante,T/FC_visitante,ET_visitante,VI_visitante,EF_visitante
91,77,2025-03-12,11,2,2024-2025,Pinheiros,Mogi Basquete,1,76.73333333333333,26.0,37.06666666666667,13.666666666666666,38.13333333333333,13.0,25.133333333333333,14.466666666666667,12.666666666666666,1.2153333333333334,8.666666666666666,27.466666666666665,30.892666666666674,18.533333333333335,36.86666666666667,50.12933333333332,13.666666666666666,20.466666666666665,66.33533333333334,1.4666666666666666,6.733333333333333,0.5366666666666666,1.4666666666666666,21.266666666666666,0.07200000000000001,12.666666666666666,1.7333333333333334,80.93333333333334,75.66666666666667,28.6,32.266666666666666,14.8,33.8,9.8,24.0,16.466666666666665,13.333333333333334,1.306,9.533333333333333,26.933333333333334,35.23466666666666,16.133333333333333,34.86666666666667,46.39,14.8,21.333333333333332,68.224,1.5333333333333334,8.133333333333333,0.6533333333333334,1.7333333333333334,21.6,0.084,13.333333333333334,2.7333333333333334,79.8
