placar_casa,placar_visitante,data,round,stage,ano,equipe_casa,equipe_visitante,resultado,Pts_casa,3P_casa,2P_casa,LL_casa,RT_casa,RO_casa,RD_casa,AS_casa,ER_casa,IA%_casa,3PC_casa,3PT_casa,3P%_casa,2PC_casa,2PT_casa,2P%_casa,LLC_casa,LLT_casa,LL%_casa,EN_casa,BR_casa,B/E_casa,TO_casa,FC_casa,T/FC_casa,ET_casa,VI_casa,EF_casa,Pts_visitante,3P_visitante,2P_visitante,LL_visitante,RT_visitante,RO_visitante,RD_visitante,AS_visitante,ER_visitante,IA%_visitante,3PC_visitante,3PT_visitante,3P%_visitante,2PC_visitante,2PT_visitante,2P%_visitante,LLC_visitante,LLT_visitante,LL%_visitante,EN_visitante,BR_visitante,B/E_visitante,TO_visitante,FC_visitante,T/FC_visitante,ET_visitante,VI_visitante,EF_visitante
103,85,2024-03-22,9,2,2023-2024,Coop/São José Basketball,BRB/Brasília,1,79.86666666666666,25.2,41.93333333333333,12.733333333333333,36.4,9.766666666666667,26.633333333333333,18.133333333333333,14.6,1.3066666666666669,8.4,23.566666666666666,35.578,20.966666666666665,39.4,53.55533333333334,12.733333333333333,18.166666666666668,68.50666666666666,2.466666666666667,6.766666666666667,0.47600000000000003,1.7666666666666666,20.666666666666668,0.08800000000000004,14.6,3.1333333333333333,89.3,73.4,28.0,34.53333333333333,10.866666666666667,31.833333333333332,8.966666666666667,22.866666666666667,14.366666666666667,12.733333333333333,1.2586666666666666,9.333333333333334,28.033333333333335,32.72933333333334,17.266666666666666,37.13333333333333,46.82533333333333,10.866666666666667,15.2,68.60266666666666,1.3333333333333333,6.6,0.5813333333333334,1.7666666666666666,18.266666666666666,0.09866666666666667,12.733333333333333,2.2333333333333334,72.33333333333333
