placar_casa,placar_visitante,data,round,stage,ano,equipe_casa,equipe_visitante,resultado,Pts_casa,3P_casa,2P_casa,LL_casa,RT_casa,RO_casa,RD_casa,AS_casa,ER_casa,IA%_casa,3PC_casa,3PT_casa,3P%_casa,2PC_casa,2PT_casa,2P%_casa,LLC_casa,LLT_casa,LL%_casa,EN_casa,BR_casa,B/E_casa,TO_casa,FC_casa,T/FC_casa,ET_casa,VI_casa,EF_casa,Pts_visitante,3P_visitante,2P_visitante,LL_visitante,RT_visitante,RO_visitante,RD_visitante,AS_visitante,ER_visitante,IA%_visitante,3PC_visitante,3PT_visitante,3P%_visitante,2PC_visitante,2PT_visitante,2P%_visitante,LLC_visitante,LLT_visitante,LL%_visitante,EN_visitante,BR_visitante,B/E_visitante,TO_visitante,FC_visitante,T/FC_visitante,ET_visitante,VI_visitante,EF_visitante
84,80,2009-05-13,15,2,2008-2009,Flamengo,Minas,1,91.93333333333334,28.0,43.333333333333336,20.6,34.86666666666667,8.533333333333333,26.333333333333332,18.666666666666668,13.666666666666666,1.4373333333333334,9.333333333333334,25.4,36.836000000000006,21.666666666666668,36.2,60.179333333333325,20.6,27.133333333333333,77.83133333333333,1.8,9.0,0.678,2.2666666666666666,20.4,0.11266666666666668,13.666666666666666,0.0,105.93333333333334,88.0,24.0,46.8,17.2,34.93333333333333,9.466666666666667,25.466666666666665,18.4,16.4,1.1686666666666665,8.0,20.666666666666668,38.534666666666666,23.4,39.86666666666667,59.19266666666666,17.2,23.933333333333334,72.07666666666667,1.1333333333333333,7.533333333333333,0.4666666666666667,3.466666666666667,17.6,0.19866666666666666,16.4,0.0,100.06666666666666
