placar_casa,placar_visitante,data,round,stage,ano,equipe_casa,equipe_visitante,resultado,Pts_casa,3P_casa,2P_casa,LL_casa,RT_casa,RO_casa,RD_casa,AS_casa,ER_casa,IA%_casa,3PC_casa,3PT_casa,3P%_casa,2PC_casa,2PT_casa,2P%_casa,LLC_casa,LLT_casa,LL%_casa,EN_casa,BR_casa,B/E_casa,TO_casa,FC_casa,T/FC_casa,ET_casa,VI_casa,EF_casa,Pts_visitante,3P_visitante,2P_visitante,LL_visitante,RT_visitante,RO_visitante,RD_visitante,AS_visitante,ER_visitante,IA%_visitante,3PC_visitante,3PT_visitante,3P%_visitante,2PC_visitante,2PT_visitante,2P%_visitante,LLC_visitante,LLT_visitante,LL%_visitante,EN_visitante,BR_visitante,B/E_visitante,TO_visitante,FC_visitante,T/FC_visitante,ET_visitante,VI_visitante,EF_visitante
67,81,2021-02-09,3,2,2020-2021,UNIFACISA,Cerrado,0,83.02199999999999,27.666666666666668,44.044,11.312,35.732,9.420666666666667,26.311333333333334,16.977333333333334,12.42333333333333,1.4133333333333336,9.222,25.199333333333332,36.992666666666665,22.02266666666667,40.84466666666666,53.89333333333333,11.312,15.245333333333338,73.02199999999999,1.0886666666666664,7.800000000000001,0.6566666666666666,1.4453333333333334,20.978,0.07133333333333335,12.42333333333333,2.134666666666667,93.82266666666668,75.53333333333333,24.1,38.33266666666667,13.100666666666664,39.032000000000004,11.767333333333337,27.26866666666667,15.766666666666667,14.132666666666669,1.1499999999999997,8.032666666666666,23.902000000000005,33.866,19.167333333333335,39.833999999999996,48.18399999999999,13.100666666666664,19.86733333333334,65.306,1.3326666666666662,7.4,0.5119999999999999,2.2326666666666664,20.702000000000005,0.10733333333333332,14.132666666666669,2.332,82.53333333333333
