placar_casa,placar_visitante,data,round,stage,ano,equipe_casa,equipe_visitante,resultado,Pts_casa,3P_casa,2P_casa,LL_casa,RT_casa,RO_casa,RD_casa,AS_casa,ER_casa,IA%_casa,3PC_casa,3PT_casa,3P%_casa,2PC_casa,2PT_casa,2P%_casa,LLC_casa,LLT_casa,LL%_casa,EN_casa,BR_casa,B/E_casa,TO_casa,FC_casa,T/FC_casa,ET_casa,VI_casa,EF_casa,Pts_visitante,3P_visitante,2P_visitante,LL_visitante,RT_visitante,RO_visitante,RD_visitante,AS_visitante,ER_visitante,IA%_visitante,3PC_visitante,3PT_visitante,3P%_visitante,2PC_visitante,2PT_visitante,2P%_visitante,LLC_visitante,LLT_visitante,LL%_visitante,EN_visitante,BR_visitante,B/E_visitante,TO_visitante,FC_visitante,T/FC_visitante,ET_visitante,VI_visitante,EF_visitante
69,84,2023-01-14,1,2,2022-2023,Pato Basquete,São Paulo,0,77.76666666666667,29.333333333333332,37.666666666666664,10.766666666666667,33.044,9.510666666666669,23.533333333333335,14.6,14.777333333333335,1.0013333333333334,9.777333333333335,27.189333333333334,35.97933333333334,18.833333333333332,37.15599999999999,50.66866666666667,10.766666666666667,16.889333333333333,63.08666666666667,0.4,7.756,0.538,1.0333333333333334,18.933333333333334,0.05466666666666668,14.777333333333335,3.3560000000000003,77.56666666666666,87.26666666666667,35.2,39.333333333333336,12.733333333333333,36.53333333333333,8.4,28.133333333333333,18.133333333333333,12.233333333333333,1.6273333333333333,11.733333333333333,29.9,38.96266666666667,19.666666666666668,35.1,56.107333333333344,12.733333333333333,16.9,75.28666666666668,0.9,7.666666666666667,0.6693333333333334,1.6,20.166666666666668,0.08066666666666666,12.233333333333333,1.6,101.2
