placar_casa,placar_visitante,data,round,stage,ano,equipe_casa,equipe_visitante,resultado,Pts_casa,3P_casa,2P_casa,LL_casa,RT_casa,RO_casa,RD_casa,AS_casa,ER_casa,IA%_casa,3PC_casa,3PT_casa,3P%_casa,2PC_casa,2PT_casa,2P%_casa,LLC_casa,LLT_casa,LL%_casa,EN_casa,BR_casa,B/E_casa,TO_casa,FC_casa,T/FC_casa,ET_casa,VI_casa,EF_casa,Pts_visitante,3P_visitante,2P_visitante,LL_visitante,RT_visitante,RO_visitante,RD_visitante,AS_visitante,ER_visitante,IA%_visitante,3PC_visitante,3PT_visitante,3P%_visitante,2PC_visitante,2PT_visitante,2P%_visitante,LLC_visitante,LLT_visitante,LL%_visitante,EN_visitante,BR_visitante,B/E_visitante,TO_visitante,FC_visitante,T/FC_visitante,ET_visitante,VI_visitante,EF_visitante
97,91,2024-01-13,1,2,2023-2024,Pato Basquete,Flamengo,1,76.71066666666665,27.333333333333332,39.24400000000001,10.133333333333333,37.86666666666667,11.6,26.266666666666666,17.17733333333333,11.2,1.6080000000000003,9.110666666666667,28.510666666666665,31.880666666666666,19.622666666666667,37.31066666666667,52.711999999999996,10.133333333333333,14.910666666666664,67.57466666666666,1.577333333333333,5.289333333333333,0.4826666666666666,0.9106666666666666,18.02266666666667,0.054,11.2,2.3106666666666666,84.88933333333334,85.67733333333332,29.666666666666668,39.2,16.810666666666666,37.355999999999995,11.622666666666666,25.733333333333334,19.710666666666665,12.122666666666666,1.7373333333333334,9.889333333333331,28.289333333333335,35.154,19.6,34.943999999999996,56.13733333333334,16.810666666666666,22.4,75.38866666666668,1.6439999999999997,7.510666666666666,0.6466666666666667,1.7439999999999998,19.343999999999998,0.09400000000000003,12.122666666666666,2.6666666666666665,100.544
