placar_casa,placar_visitante,data,round,stage,ano,equipe_casa,equipe_visitante,resultado,Pts_casa,3P_casa,2P_casa,LL_casa,RT_casa,RO_casa,RD_casa,AS_casa,ER_casa,IA%_casa,3PC_casa,3PT_casa,3P%_casa,2PC_casa,2PT_casa,2P%_casa,LLC_casa,LLT_casa,LL%_casa,EN_casa,BR_casa,B/E_casa,TO_casa,FC_casa,T/FC_casa,ET_casa,VI_casa,EF_casa,Pts_visitante,3P_visitante,2P_visitante,LL_visitante,RT_visitante,RO_visitante,RD_visitante,AS_visitante,ER_visitante,IA%_visitante,3PC_visitante,3PT_visitante,3P%_visitante,2PC_visitante,2PT_visitante,2P%_visitante,LLC_visitante,LLT_visitante,LL%_visitante,EN_visitante,BR_visitante,B/E_visitante,TO_visitante,FC_visitante,T/FC_visitante,ET_visitante,VI_visitante,EF_visitante
74,67,2016-12-21,12,1,2016-2017,Pinheiros,Mogi,1,83.72727272727273,19.90909090909091,46.72727272727273,17.09090909090909,39.0,12.454545454545455,26.545454545454547,17.727272727272727,13.181818181818182,1.410909090909091,6.636363636363637,24.90909090909091,27.060000000000002,23.363636363636363,41.90909090909091,55.65181818181818,17.09090909090909,22.818181818181817,75.16363636363637,2.909090909090909,8.0,0.620909090909091,2.5454545454545454,21.181818181818183,0.13545454545454547,13.181818181818182,3.727272727272727,95.27272727272727,85.0,36.857142857142854,36.0,12.142857142857142,33.0,8.285714285714286,24.714285714285715,23.857142857142858,13.142857142857142,1.887142857142857,12.285714285714286,29.285714285714285,41.041428571428575,18.0,32.714285714285715,56.37285714285714,12.142857142857142,14.857142857142858,80.62,1.5714285714285714,10.571428571428571,0.862857142857143,2.142857142857143,19.0,0.11285714285714286,13.142857142857142,2.5714285714285716,107.0
