placar_casa,placar_visitante,data,round,stage,ano,equipe_casa,equipe_visitante,resultado,Pts_casa,3P_casa,2P_casa,LL_casa,RT_casa,RO_casa,RD_casa,AS_casa,ER_casa,IA%_casa,3PC_casa,3PT_casa,3P%_casa,2PC_casa,2PT_casa,2P%_casa,LLC_casa,LLT_casa,LL%_casa,EN_casa,BR_casa,B/E_casa,TO_casa,FC_casa,T/FC_casa,ET_casa,VI_casa,EF_casa,Pts_visitante,3P_visitante,2P_visitante,LL_visitante,RT_visitante,RO_visitante,RD_visitante,AS_visitante,ER_visitante,IA%_visitante,3PC_visitante,3PT_visitante,3P%_visitante,2PC_visitante,2PT_visitante,2P%_visitante,LLC_visitante,LLT_visitante,LL%_visitante,EN_visitante,BR_visitante,B/E_visitante,TO_visitante,FC_visitante,T/FC_visitante,ET_visitante,VI_visitante,EF_visitante
75,65,2016-02-04,6,2,2015-2016,Flamengo,Paulistano,1,84.06666666666666,26.8,42.93333333333333,14.333333333333334,35.2,9.133333333333333,26.066666666666666,18.8,13.533333333333333,1.4600000000000002,8.933333333333334,22.6,39.593333333333334,21.466666666666665,38.93333333333333,55.001999999999995,14.333333333333334,18.6,75.40666666666668,1.2,10.466666666666667,0.7966666666666665,2.4,17.666666666666668,0.13733333333333334,13.533333333333333,1.8,102.0,80.26666666666667,27.0,40.666666666666664,12.6,36.53333333333333,11.066666666666666,25.466666666666665,15.866666666666667,14.2,1.2546666666666666,9.0,24.933333333333334,36.31000000000001,20.333333333333332,38.8,53.10133333333333,12.6,16.933333333333334,74.63066666666667,1.6666666666666667,11.066666666666666,0.8506666666666668,1.6,19.866666666666667,0.08666666666666667,14.2,3.2666666666666666,92.4
