placar_casa,placar_visitante,data,round,stage,ano,equipe_casa,equipe_visitante,resultado,Pts_casa,3P_casa,2P_casa,LL_casa,RT_casa,RO_casa,RD_casa,AS_casa,ER_casa,IA%_casa,3PC_casa,3PT_casa,3P%_casa,2PC_casa,2PT_casa,2P%_casa,LLC_casa,LLT_casa,LL%_casa,EN_casa,BR_casa,B/E_casa,TO_casa,FC_casa,T/FC_casa,ET_casa,VI_casa,EF_casa,Pts_visitante,3P_visitante,2P_visitante,LL_visitante,RT_visitante,RO_visitante,RD_visitante,AS_visitante,ER_visitante,IA%_visitante,3PC_visitante,3PT_visitante,3P%_visitante,2PC_visitante,2PT_visitante,2P%_visitante,LLC_visitante,LLT_visitante,LL%_visitante,EN_visitante,BR_visitante,B/E_visitante,TO_visitante,FC_visitante,T/FC_visitante,ET_visitante,VI_visitante,EF_visitante
64,85,2010-03-07,6,2,2009-2010,Espírito Santo,Sesi Franca,0,73.73333333333333,20.6,37.733333333333334,15.4,35.2,11.8,23.4,10.466666666666667,14.666666666666666,0.7633333333333333,6.866666666666666,22.133333333333333,30.346,18.866666666666667,38.8,49.074666666666666,15.4,24.4,63.90200000000001,2.1333333333333333,8.333333333333334,0.6313333333333335,2.933333333333333,20.4,0.14266666666666666,14.666666666666666,3.8666666666666667,71.8,87.53333333333333,31.0,37.86666666666667,18.666666666666668,27.6,7.0,20.6,12.4,11.466666666666667,1.2393333333333336,10.333333333333334,24.466666666666665,41.76733333333334,18.933333333333334,36.666666666666664,52.433333333333344,18.666666666666668,24.8,74.946,0.6666666666666666,8.066666666666666,0.81,2.0,20.866666666666667,0.10866666666666666,11.466666666666667,2.1333333333333333,88.13333333333334
