placar_casa,placar_visitante,data,round,stage,ano,equipe_casa,equipe_visitante,resultado,Pts_casa,3P_casa,2P_casa,LL_casa,RT_casa,RO_casa,RD_casa,AS_casa,ER_casa,IA%_casa,3PC_casa,3PT_casa,3P%_casa,2PC_casa,2PT_casa,2P%_casa,LLC_casa,LLT_casa,LL%_casa,EN_casa,BR_casa,B/E_casa,TO_casa,FC_casa,T/FC_casa,ET_casa,VI_casa,EF_casa,Pts_visitante,3P_visitante,2P_visitante,LL_visitante,RT_visitante,RO_visitante,RD_visitante,AS_visitante,ER_visitante,IA%_visitante,3PC_visitante,3PT_visitante,3P%_visitante,2PC_visitante,2PT_visitante,2P%_visitante,LLC_visitante,LLT_visitante,LL%_visitante,EN_visitante,BR_visitante,B/E_visitante,TO_visitante,FC_visitante,T/FC_visitante,ET_visitante,VI_visitante,EF_visitante
87,93,2017-03-24,28,1,2016-2017,Vitória,Flamengo,0,76.4,22.2,37.6,16.6,35.733333333333334,8.866666666666667,26.866666666666667,16.866666666666667,14.666666666666666,1.248,7.4,22.733333333333334,33.349333333333334,18.8,38.666666666666664,48.692,16.6,22.666666666666668,71.49800000000002,1.6,8.866666666666667,0.6493333333333333,1.6,21.8,0.07333333333333333,14.666666666666666,3.3333333333333335,83.53333333333333,85.6,26.2,42.266666666666666,17.133333333333333,40.86666666666667,11.066666666666666,29.8,20.0,13.466666666666667,1.5179999999999998,8.733333333333333,24.666666666666668,34.93266666666667,21.133333333333333,38.06666666666667,55.982,17.133333333333333,23.066666666666666,74.68666666666668,1.5333333333333334,5.466666666666667,0.4006666666666667,2.533333333333333,19.266666666666666,0.13466666666666666,13.466666666666667,2.8666666666666667,102.2
