placar_casa,placar_visitante,data,round,stage,ano,equipe_casa,equipe_visitante,resultado,Pts_casa,3P_casa,2P_casa,LL_casa,RT_casa,RO_casa,RD_casa,AS_casa,ER_casa,IA%_casa,3PC_casa,3PT_casa,3P%_casa,2PC_casa,2PT_casa,2P%_casa,LLC_casa,LLT_casa,LL%_casa,EN_casa,BR_casa,B/E_casa,TO_casa,FC_casa,T/FC_casa,ET_casa,VI_casa,EF_casa,Pts_visitante,3P_visitante,2P_visitante,LL_visitante,RT_visitante,RO_visitante,RD_visitante,AS_visitante,ER_visitante,IA%_visitante,3PC_visitante,3PT_visitante,3P%_visitante,2PC_visitante,2PT_visitante,2P%_visitante,LLC_visitante,LLT_visitante,LL%_visitante,EN_visitante,BR_visitante,B/E_visitante,TO_visitante,FC_visitante,T/FC_visitante,ET_visitante,VI_visitante,EF_visitante
98,91,2020-12-11,5,1,2020-2021,Mogi,UNIFACISA,1,78.66666666666667,33.0,34.0,11.666666666666666,34.666666666666664,9.0,25.666666666666668,19.833333333333332,15.833333333333334,1.2899999999999998,11.0,29.0,38.12,17.0,32.5,51.95166666666666,11.666666666666666,15.833333333333334,77.55333333333333,1.0,6.833333333333333,0.43500000000000005,1.6666666666666667,22.166666666666668,0.07333333333333332,15.833333333333334,2.1666666666666665,88.16666666666667,84.16444444444444,27.0,45.22222222222222,11.945555555555556,38.72111111111111,11.719999999999999,27.00111111111111,16.88888888888889,12.5,1.3588888888888888,8.997777777777777,25.77777777777778,34.84777777777777,22.61111111111111,43.05555555555556,52.644444444444446,11.945555555555556,16.223333333333333,73.45666666666666,0.8888888888888888,7.609999999999999,0.6144444444444443,1.6133333333333333,20.778888888888886,0.07777777777777778,12.5,1.6677777777777778,94.99888888888889
