placar_casa,placar_visitante,data,round,stage,ano,equipe_casa,equipe_visitante,resultado,Pts_casa,3P_casa,2P_casa,LL_casa,RT_casa,RO_casa,RD_casa,AS_casa,ER_casa,IA%_casa,3PC_casa,3PT_casa,3P%_casa,2PC_casa,2PT_casa,2P%_casa,LLC_casa,LLT_casa,LL%_casa,EN_casa,BR_casa,B/E_casa,TO_casa,FC_casa,T/FC_casa,ET_casa,VI_casa,EF_casa,Pts_visitante,3P_visitante,2P_visitante,LL_visitante,RT_visitante,RO_visitante,RD_visitante,AS_visitante,ER_visitante,IA%_visitante,3PC_visitante,3PT_visitante,3P%_visitante,2PC_visitante,2PT_visitante,2P%_visitante,LLC_visitante,LLT_visitante,LL%_visitante,EN_visitante,BR_visitante,B/E_visitante,TO_visitante,FC_visitante,T/FC_visitante,ET_visitante,VI_visitante,EF_visitante
79,72,2019-01-28,4,2,2018-2019,Coop/São José Basketball,Botafogo,1,79.93333333333334,24.7,38.8,16.433333333333334,35.233333333333334,9.466666666666667,25.766666666666666,19.3,14.966666666666667,1.3353333333333335,8.233333333333333,26.233333333333334,32.00000000000001,19.4,35.166666666666664,55.30399999999999,16.433333333333334,21.733333333333334,76.05666666666664,1.0666666666666667,7.333333333333333,0.5046666666666667,1.7666666666666666,24.0,0.07800000000000001,14.966666666666667,2.6,89.3,75.26666666666667,23.6,39.733333333333334,11.933333333333334,34.733333333333334,10.8,23.933333333333334,17.4,14.733333333333333,1.2660000000000005,7.866666666666666,21.666666666666668,36.62466666666668,19.866666666666667,39.46666666666667,50.41600000000001,11.933333333333334,17.066666666666666,70.59400000000001,1.8666666666666667,7.4,0.5033333333333335,1.7333333333333334,23.4,0.07533333333333335,14.733333333333333,2.7333333333333334,83.06666666666666
