placar_casa,placar_visitante,data,round,stage,ano,equipe_casa,equipe_visitante,resultado,Pts_casa,3P_casa,2P_casa,LL_casa,RT_casa,RO_casa,RD_casa,AS_casa,ER_casa,IA%_casa,3PC_casa,3PT_casa,3P%_casa,2PC_casa,2PT_casa,2P%_casa,LLC_casa,LLT_casa,LL%_casa,EN_casa,BR_casa,B/E_casa,TO_casa,FC_casa,T/FC_casa,ET_casa,VI_casa,EF_casa,Pts_visitante,3P_visitante,2P_visitante,LL_visitante,RT_visitante,RO_visitante,RD_visitante,AS_visitante,ER_visitante,IA%_visitante,3PC_visitante,3PT_visitante,3P%_visitante,2PC_visitante,2PT_visitante,2P%_visitante,LLC_visitante,LLT_visitante,LL%_visitante,EN_visitante,BR_visitante,B/E_visitante,TO_visitante,FC_visitante,T/FC_visitante,ET_visitante,VI_visitante,EF_visitante
77,71,2021-12-28,10,1,2021-2022,Bauru Basket,Corinthians,1,77.16666666666667,27.0,38.333333333333336,11.833333333333334,36.5,8.333333333333334,28.166666666666668,17.583333333333332,12.333333333333334,1.5008333333333335,9.0,29.333333333333332,30.464166666666667,19.166666666666668,32.25,59.31333333333334,11.833333333333334,16.083333333333332,74.20416666666667,0.8333333333333334,6.583333333333333,0.5466666666666666,2.4166666666666665,17.916666666666668,0.1375,12.333333333333334,2.1666666666666665,90.25,73.58333333333333,33.0,29.333333333333332,11.25,36.416666666666664,11.916666666666666,24.5,14.75,12.666666666666666,1.2291666666666667,11.0,34.833333333333336,31.73333333333333,14.666666666666666,29.166666666666668,50.298333333333325,11.25,14.416666666666666,79.94166666666666,0.9166666666666666,5.583333333333333,0.44750000000000006,2.1666666666666665,17.25,0.125,12.666666666666666,2.9166666666666665,78.33333333333333
