placar_casa,placar_visitante,data,round,stage,ano,equipe_casa,equipe_visitante,resultado,Pts_casa,3P_casa,2P_casa,LL_casa,RT_casa,RO_casa,RD_casa,AS_casa,ER_casa,IA%_casa,3PC_casa,3PT_casa,3P%_casa,2PC_casa,2PT_casa,2P%_casa,LLC_casa,LLT_casa,LL%_casa,EN_casa,BR_casa,B/E_casa,TO_casa,FC_casa,T/FC_casa,ET_casa,VI_casa,EF_casa,Pts_visitante,3P_visitante,2P_visitante,LL_visitante,RT_visitante,RO_visitante,RD_visitante,AS_visitante,ER_visitante,IA%_visitante,3PC_visitante,3PT_visitante,3P%_visitante,2PC_visitante,2PT_visitante,2P%_visitante,LLC_visitante,LLT_visitante,LL%_visitante,EN_visitante,BR_visitante,B/E_visitante,TO_visitante,FC_visitante,T/FC_visitante,ET_visitante,VI_visitante,EF_visitante
84,71,2025-02-06,6,2,2024-2025,União Corinthians,Vasco da Gama,1,77.26733333333333,21.8,40.266666666666666,15.200666666666667,38.934,14.199333333333334,24.732666666666667,17.334,13.6,1.36,7.266666666666667,24.466,29.762,20.133333333333333,41.2,49.212,15.200666666666667,21.599333333333334,70.58866666666667,1.3326666666666669,7.0,0.5219999999999999,1.7333333333333334,23.266000000000002,0.082,13.6,3.2666666666666666,84.0,77.23266666666667,25.9,36.466,14.866666666666667,37.333999999999996,10.232666666666667,27.099333333333334,18.967333333333332,13.3,1.4953333333333334,8.633333333333333,30.099333333333334,29.122666666666664,18.233999999999998,32.034,57.50266666666667,14.866666666666667,21.332666666666668,70.97933333333334,1.4,6.532666666666667,0.5086666666666667,2.7,21.432666666666666,0.12666666666666665,13.3,2.433333333333333,87.73266666666667
