placar_casa,placar_visitante,data,round,stage,ano,equipe_casa,equipe_visitante,resultado,Pts_casa,3P_casa,2P_casa,LL_casa,RT_casa,RO_casa,RD_casa,AS_casa,ER_casa,IA%_casa,3PC_casa,3PT_casa,3P%_casa,2PC_casa,2PT_casa,2P%_casa,LLC_casa,LLT_casa,LL%_casa,EN_casa,BR_casa,B/E_casa,TO_casa,FC_casa,T/FC_casa,ET_casa,VI_casa,EF_casa,Pts_visitante,3P_visitante,2P_visitante,LL_visitante,RT_visitante,RO_visitante,RD_visitante,AS_visitante,ER_visitante,IA%_visitante,3PC_visitante,3PT_visitante,3P%_visitante,2PC_visitante,2PT_visitante,2P%_visitante,LLC_visitante,LLT_visitante,LL%_visitante,EN_visitante,BR_visitante,B/E_visitante,TO_visitante,FC_visitante,T/FC_visitante,ET_visitante,VI_visitante,EF_visitante
81,73,2019-02-15,6,2,2018-2019,Brasília,Coop/São José Basketball,1,78.33399999999999,28.6,35.734,14.0,33.833333333333336,8.666,25.167333333333335,16.033333333333335,13.9,1.2526666666666666,9.533333333333333,27.766,34.55866666666667,17.866,33.80066666666667,52.968666666666664,14.0,20.167333333333335,69.52399999999999,0.4666666666666667,6.2,0.4813333333333334,2.466666666666667,22.6,0.11133333333333333,13.9,2.134,82.36600000000001,79.93333333333334,24.5,39.53333333333333,15.9,35.166666666666664,9.6,25.566666666666666,19.366666666666667,15.166666666666666,1.3173333333333332,8.166666666666666,25.666666666666668,32.192,19.766666666666666,34.93333333333333,56.65,15.9,20.833333333333332,75.88733333333333,1.2,7.0,0.47466666666666674,1.4666666666666666,24.233333333333334,0.06533333333333334,15.166666666666666,2.3,90.03333333333333
