placar_casa,placar_visitante,data,round,stage,ano,equipe_casa,equipe_visitante,resultado,Pts_casa,3P_casa,2P_casa,LL_casa,RT_casa,RO_casa,RD_casa,AS_casa,ER_casa,IA%_casa,3PC_casa,3PT_casa,3P%_casa,2PC_casa,2PT_casa,2P%_casa,LLC_casa,LLT_casa,LL%_casa,EN_casa,BR_casa,B/E_casa,TO_casa,FC_casa,T/FC_casa,ET_casa,VI_casa,EF_casa,Pts_visitante,3P_visitante,2P_visitante,LL_visitante,RT_visitante,RO_visitante,RD_visitante,AS_visitante,ER_visitante,IA%_visitante,3PC_visitante,3PT_visitante,3P%_visitante,2PC_visitante,2PT_visitante,2P%_visitante,LLC_visitante,LLT_visitante,LL%_visitante,EN_visitante,BR_visitante,B/E_visitante,TO_visitante,FC_visitante,T/FC_visitante,ET_visitante,VI_visitante,EF_visitante
88,86,2018-11-10,4,1,2018-2019,Pinheiros,Fortaleza B. C. / CFO,1,82.31375,33.0,37.12625,12.1875,32.99875,9.813749999999999,23.18875,14.498750000000001,11.123750000000001,1.30625,10.998750000000001,28.87625,38.21875,18.56125,34.875,53.955,12.1875,15.811250000000001,76.23,1.125,7.0625,0.6375,2.1237500000000002,17.81375,0.11499999999999999,11.123750000000001,1.75,89.9375,73.35857142857142,24.214285714285715,38.715714285714284,10.428571428571429,38.43,12.357142857142858,26.072857142857142,13.001428571428571,13.570000000000002,1.0271428571428571,8.071428571428571,24.784285714285716,32.31142857142857,19.35571428571429,41.0,48.07142857142857,10.428571428571429,15.712857142857143,66.71285714285715,2.358571428571428,6.214285714285714,0.4742857142857143,2.1414285714285715,18.858571428571427,0.11714285714285715,13.570000000000002,2.7857142857142856,75.78428571428572
