placar_casa,placar_visitante,data,round,stage,ano,equipe_casa,equipe_visitante,resultado,Pts_casa,3P_casa,2P_casa,LL_casa,RT_casa,RO_casa,RD_casa,AS_casa,ER_casa,IA%_casa,3PC_casa,3PT_casa,3P%_casa,2PC_casa,2PT_casa,2P%_casa,LLC_casa,LLT_casa,LL%_casa,EN_casa,BR_casa,B/E_casa,TO_casa,FC_casa,T/FC_casa,ET_casa,VI_casa,EF_casa,Pts_visitante,3P_visitante,2P_visitante,LL_visitante,RT_visitante,RO_visitante,RD_visitante,AS_visitante,ER_visitante,IA%_visitante,3PC_visitante,3PT_visitante,3P%_visitante,2PC_visitante,2PT_visitante,2P%_visitante,LLC_visitante,LLT_visitante,LL%_visitante,EN_visitante,BR_visitante,B/E_visitante,TO_visitante,FC_visitante,T/FC_visitante,ET_visitante,VI_visitante,EF_visitante
77,76,2021-01-31,1,2,2020-2021,Cerrado,Pato Basquete,1,74.91133333333332,23.666666666666668,37.99933333333333,13.244666666666662,37.754,11.267333333333335,26.490666666666673,15.844666666666667,13.488666666666669,1.2019999999999997,7.8886666666666665,23.490666666666673,33.74466666666667,19.00066666666667,38.73400000000001,49.00266666666665,13.244666666666662,19.534000000000002,67.34866666666667,1.399333333333333,6.911333333333333,0.5086666666666665,1.9553333333333331,20.602000000000007,0.09466666666666666,13.488666666666669,2.265333333333333,82.26666666666667,77.22333333333333,21.2,40.934,15.089333333333336,38.843333333333334,11.978000000000002,26.86733333333333,14.755333333333331,13.620666666666667,1.0833333333333333,7.0666666666666655,22.178,31.481333333333332,20.465999999999998,43.6,46.91133333333334,15.089333333333336,21.288666666666664,70.64,1.2,7.955333333333333,0.5993333333333333,1.9780000000000002,21.377333333333333,0.09933333333333334,13.620666666666667,2.689333333333333,82.69000000000001
