placar_casa,placar_visitante,data,round,stage,ano,equipe_casa,equipe_visitante,resultado,Pts_casa,3P_casa,2P_casa,LL_casa,RT_casa,RO_casa,RD_casa,AS_casa,ER_casa,IA%_casa,3PC_casa,3PT_casa,3P%_casa,2PC_casa,2PT_casa,2P%_casa,LLC_casa,LLT_casa,LL%_casa,EN_casa,BR_casa,B/E_casa,TO_casa,FC_casa,T/FC_casa,ET_casa,VI_casa,EF_casa,Pts_visitante,3P_visitante,2P_visitante,LL_visitante,RT_visitante,RO_visitante,RD_visitante,AS_visitante,ER_visitante,IA%_visitante,3PC_visitante,3PT_visitante,3P%_visitante,2PC_visitante,2PT_visitante,2P%_visitante,LLC_visitante,LLT_visitante,LL%_visitante,EN_visitante,BR_visitante,B/E_visitante,TO_visitante,FC_visitante,T/FC_visitante,ET_visitante,VI_visitante,EF_visitante
66,88,2021-02-26,4,2,2020-2021,BRB/Brasília,Caxias do Sul Basquete,0,80.37866666666666,30.4,35.11,14.866000000000003,37.154666666666664,10.356,26.800666666666668,16.88933333333333,15.044666666666668,1.1566666666666665,10.133333333333335,30.377333333333333,33.181333333333335,17.556666666666665,35.49,49.44266666666667,14.866000000000003,20.59933333333333,71.92666666666666,0.5559999999999999,6.332666666666666,0.4306666666666668,1.2433333333333332,18.355999999999995,0.06866666666666667,15.044666666666668,2.0446666666666666,83.04400000000003,78.75533333333333,24.666666666666668,39.11133333333334,14.977999999999996,35.48866666666667,9.556000000000001,25.932666666666663,16.33333333333334,14.044666666666666,1.1693333333333336,8.222,24.510666666666665,33.513333333333335,19.555333333333333,36.312000000000005,53.950666666666656,14.977999999999996,21.067333333333337,71.29666666666665,1.3553333333333333,5.934666666666668,0.422,1.1326666666666667,21.643333333333327,0.05466666666666666,14.044666666666666,3.0673333333333335,84.46666666666668
