placar_casa,placar_visitante,data,round,stage,ano,equipe_casa,equipe_visitante,resultado,Pts_casa,3P_casa,2P_casa,LL_casa,RT_casa,RO_casa,RD_casa,AS_casa,ER_casa,IA%_casa,3PC_casa,3PT_casa,3P%_casa,2PC_casa,2PT_casa,2P%_casa,LLC_casa,LLT_casa,LL%_casa,EN_casa,BR_casa,B/E_casa,TO_casa,FC_casa,T/FC_casa,ET_casa,VI_casa,EF_casa,Pts_visitante,3P_visitante,2P_visitante,LL_visitante,RT_visitante,RO_visitante,RD_visitante,AS_visitante,ER_visitante,IA%_visitante,3PC_visitante,3PT_visitante,3P%_visitante,2PC_visitante,2PT_visitante,2P%_visitante,LLC_visitante,LLT_visitante,LL%_visitante,EN_visitante,BR_visitante,B/E_visitante,TO_visitante,FC_visitante,T/FC_visitante,ET_visitante,VI_visitante,EF_visitante
68,73,2009-04-24,10,2,2008-2009,Paulistano,Brasília,0,79.13333333333334,21.2,41.6,16.333333333333332,32.2,11.066666666666666,21.133333333333333,14.333333333333334,16.733333333333334,0.9526666666666667,7.066666666666666,22.733333333333334,31.654666666666664,20.8,39.86666666666667,52.046666666666674,16.333333333333332,23.933333333333334,68.24533333333333,0.8666666666666667,8.866666666666667,0.5666666666666667,3.0,24.066666666666666,0.12933333333333333,16.733333333333334,0.0,78.46666666666667,89.53333333333333,22.4,44.93333333333333,22.2,30.466666666666665,7.066666666666666,23.4,16.066666666666666,14.8,1.1219999999999999,7.466666666666667,20.8,36.696666666666665,22.466666666666665,36.666666666666664,61.702666666666666,22.2,29.0,76.25933333333333,2.8,8.333333333333334,0.5880000000000002,4.133333333333334,22.2,0.2026666666666667,14.8,0.0,99.4
