placar_casa,placar_visitante,data,round,stage,ano,equipe_casa,equipe_visitante,resultado,Pts_casa,3P_casa,2P_casa,LL_casa,RT_casa,RO_casa,RD_casa,AS_casa,ER_casa,IA%_casa,3PC_casa,3PT_casa,3P%_casa,2PC_casa,2PT_casa,2P%_casa,LLC_casa,LLT_casa,LL%_casa,EN_casa,BR_casa,B/E_casa,TO_casa,FC_casa,T/FC_casa,ET_casa,VI_casa,EF_casa,Pts_visitante,3P_visitante,2P_visitante,LL_visitante,RT_visitante,RO_visitante,RD_visitante,AS_visitante,ER_visitante,IA%_visitante,3PC_visitante,3PT_visitante,3P%_visitante,2PC_visitante,2PT_visitante,2P%_visitante,LLC_visitante,LLT_visitante,LL%_visitante,EN_visitante,BR_visitante,B/E_visitante,TO_visitante,FC_visitante,T/FC_visitante,ET_visitante,VI_visitante,EF_visitante
97,81,2014-11-19,5,1,2014-2015,Pinheiros,Fortaleza B. C. / CFO,1,76.33333333333333,21.0,44.666666666666664,10.666666666666666,32.666666666666664,11.0,21.666666666666668,13.0,14.0,0.9466666666666667,7.0,21.333333333333332,34.72,22.333333333333332,44.0,51.31666666666667,10.666666666666666,16.0,60.81333333333333,3.0,14.0,1.0033333333333334,3.0,19.0,0.18666666666666668,14.0,3.0,83.66666666666667,72.66666666666667,23.0,32.666666666666664,17.0,34.666666666666664,11.333333333333334,23.333333333333332,10.666666666666666,14.666666666666666,0.7733333333333333,7.666666666666667,22.333333333333332,33.49333333333333,16.333333333333332,39.0,42.71666666666667,17.0,23.666666666666668,72.64666666666666,1.0,11.333333333333334,0.7866666666666666,2.6666666666666665,19.0,0.14333333333333334,14.666666666666666,4.0,73.33333333333333
