placar_casa,placar_visitante,data,round,stage,ano,equipe_casa,equipe_visitante,resultado,Pts_casa,3P_casa,2P_casa,LL_casa,RT_casa,RO_casa,RD_casa,AS_casa,ER_casa,IA%_casa,3PC_casa,3PT_casa,3P%_casa,2PC_casa,2PT_casa,2P%_casa,LLC_casa,LLT_casa,LL%_casa,EN_casa,BR_casa,B/E_casa,TO_casa,FC_casa,T/FC_casa,ET_casa,VI_casa,EF_casa,Pts_visitante,3P_visitante,2P_visitante,LL_visitante,RT_visitante,RO_visitante,RD_visitante,AS_visitante,ER_visitante,IA%_visitante,3PC_visitante,3PT_visitante,3P%_visitante,2PC_visitante,2PT_visitante,2P%_visitante,LLC_visitante,LLT_visitante,LL%_visitante,EN_visitante,BR_visitante,B/E_visitante,TO_visitante,FC_visitante,T/FC_visitante,ET_visitante,VI_visitante,EF_visitante
103,59,2022-01-11,12,1,2021-2022,Flamengo,Bauru Basket,1,87.26666666666667,36.6,37.6,13.066666666666666,43.0,12.333333333333334,30.666666666666668,19.933333333333334,14.733333333333333,1.4006666666666665,12.2,32.266666666666666,38.254,18.8,32.4,58.574,13.066666666666666,18.133333333333333,72.39866666666667,1.2,6.4,0.44,2.2,16.466666666666665,0.1386666666666667,14.733333333333333,2.6666666666666665,105.33333333333333,77.6,28.8,37.2,11.6,35.93333333333333,8.133333333333333,27.8,18.133333333333333,12.0,1.5833333333333335,9.6,30.266666666666666,31.7,18.6,32.266666666666666,57.57200000000001,11.6,15.866666666666667,73.58600000000001,0.8666666666666667,7.133333333333334,0.6126666666666665,2.466666666666667,18.533333333333335,0.13866666666666666,12.0,2.0,90.66666666666667
