placar_casa,placar_visitante,data,round,stage,ano,equipe_casa,equipe_visitante,resultado,Pts_casa,3P_casa,2P_casa,LL_casa,RT_casa,RO_casa,RD_casa,AS_casa,ER_casa,IA%_casa,3PC_casa,3PT_casa,3P%_casa,2PC_casa,2PT_casa,2P%_casa,LLC_casa,LLT_casa,LL%_casa,EN_casa,BR_casa,B/E_casa,TO_casa,FC_casa,T/FC_casa,ET_casa,VI_casa,EF_casa,Pts_visitante,3P_visitante,2P_visitante,LL_visitante,RT_visitante,RO_visitante,RD_visitante,AS_visitante,ER_visitante,IA%_visitante,3PC_visitante,3PT_visitante,3P%_visitante,2PC_visitante,2PT_visitante,2P%_visitante,LLC_visitante,LLT_visitante,LL%_visitante,EN_visitante,BR_visitante,B/E_visitante,TO_visitante,FC_visitante,T/FC_visitante,ET_visitante,VI_visitante,EF_visitante
70,71,2024-02-06,4,2,2023-2024,Corinthians,Bauru Basket,0,81.26666666666667,29.0,39.0,13.266666666666667,37.4,9.966666666666667,27.433333333333334,18.466666666666665,10.833333333333334,1.846666666666667,9.666666666666666,28.7,33.782000000000004,19.5,36.3,53.495333333333335,13.266666666666667,18.366666666666667,71.51933333333334,1.6333333333333333,5.566666666666666,0.5446666666666665,2.2333333333333334,19.4,0.11800000000000001,10.833333333333334,1.5,93.16666666666667,82.33266666666667,26.8,41.8,13.732666666666667,36.099333333333334,10.166666666666666,25.932666666666666,19.533333333333335,12.666666666666666,1.6073333333333337,8.934,28.167333333333332,31.654,20.9,37.166000000000004,56.25533333333333,13.732666666666667,17.766666666666666,76.84400000000002,2.2,8.300666666666666,0.6773333333333332,2.033333333333333,19.267333333333333,0.1066666666666667,12.666666666666666,2.666,96.09933333333333
