placar_casa,placar_visitante,data,round,stage,ano,equipe_casa,equipe_visitante,resultado,Pts_casa,3P_casa,2P_casa,LL_casa,RT_casa,RO_casa,RD_casa,AS_casa,ER_casa,IA%_casa,3PC_casa,3PT_casa,3P%_casa,2PC_casa,2PT_casa,2P%_casa,LLC_casa,LLT_casa,LL%_casa,EN_casa,BR_casa,B/E_casa,TO_casa,FC_casa,T/FC_casa,ET_casa,VI_casa,EF_casa,Pts_visitante,3P_visitante,2P_visitante,LL_visitante,RT_visitante,RO_visitante,RD_visitante,AS_visitante,ER_visitante,IA%_visitante,3PC_visitante,3PT_visitante,3P%_visitante,2PC_visitante,2PT_visitante,2P%_visitante,LLC_visitante,LLT_visitante,LL%_visitante,EN_visitante,BR_visitante,B/E_visitante,TO_visitante,FC_visitante,T/FC_visitante,ET_visitante,VI_visitante,EF_visitante
74,96,2019-12-27,11,1,2019-2020,Paulistano,Pato Basquete,0,83.07142857142857,35.785714285714285,35.714285714285715,11.571428571428571,38.42857142857143,11.214285714285714,27.214285714285715,18.142857142857142,11.357142857142858,1.7235714285714288,11.928571428571429,33.642857142857146,36.30428571428572,17.857142857142858,32.642857142857146,54.75357142857143,11.571428571428571,15.857142857142858,73.62428571428572,4.142857142857143,6.285714285714286,0.5507142857142858,1.8571428571428572,21.071428571428573,0.08857142857142856,11.357142857142858,2.0714285714285716,95.35714285714286,66.46153846153847,20.307692307692307,33.38461538461539,12.76923076923077,34.15384615384615,10.538461538461538,23.615384615384617,15.153846153846153,17.23076923076923,0.8861538461538461,6.769230769230769,23.153846153846153,29.76153846153846,16.692307692307693,36.92307692307692,45.38307692307693,12.76923076923077,18.692307692307693,68.74461538461539,1.3846153846153846,7.615384615384615,0.44538461538461543,1.9230769230769231,22.23076923076923,0.08692307692307694,17.23076923076923,4.0,65.46153846153847
