placar_casa,placar_visitante,data,round,stage,ano,equipe_casa,equipe_visitante,resultado,Pts_casa,3P_casa,2P_casa,LL_casa,RT_casa,RO_casa,RD_casa,AS_casa,ER_casa,IA%_casa,3PC_casa,3PT_casa,3P%_casa,2PC_casa,2PT_casa,2P%_casa,LLC_casa,LLT_casa,LL%_casa,EN_casa,BR_casa,B/E_casa,TO_casa,FC_casa,T/FC_casa,ET_casa,VI_casa,EF_casa,Pts_visitante,3P_visitante,2P_visitante,LL_visitante,RT_visitante,RO_visitante,RD_visitante,AS_visitante,ER_visitante,IA%_visitante,3PC_visitante,3PT_visitante,3P%_visitante,2PC_visitante,2PT_visitante,2P%_visitante,LLC_visitante,LLT_visitante,LL%_visitante,EN_visitante,BR_visitante,B/E_visitante,TO_visitante,FC_visitante,T/FC_visitante,ET_visitante,VI_visitante,EF_visitante
93,88,2023-12-01,7,1,2023-2024,Minas,Fortaleza B. C. / CFO,1,83.9,32.4,37.2,14.3,37.45,10.95,26.5,20.7,13.0,1.6489999999999998,10.8,28.45,37.109,18.6,33.95,54.63000000000001,14.3,19.15,74.026,1.05,6.55,0.492,2.45,19.55,0.12699999999999997,13.0,2.75,100.2,78.88888888888889,24.666666666666668,41.333333333333336,12.88888888888889,35.55555555555556,7.777777777777778,27.77777777777778,17.055555555555557,12.88888888888889,1.397777777777778,8.222222222222221,21.88888888888889,36.75555555555556,20.666666666666668,37.111111111111114,55.41444444444445,12.88888888888889,19.22222222222222,66.17444444444443,1.2777777777777777,5.777777777777778,0.49222222222222217,2.611111111111111,17.61111111111111,0.15444444444444444,12.88888888888889,2.7222222222222223,90.55555555555556
