placar_casa,placar_visitante,data,round,stage,ano,equipe_casa,equipe_visitante,resultado,Pts_casa,3P_casa,2P_casa,LL_casa,RT_casa,RO_casa,RD_casa,AS_casa,ER_casa,IA%_casa,3PC_casa,3PT_casa,3P%_casa,2PC_casa,2PT_casa,2P%_casa,LLC_casa,LLT_casa,LL%_casa,EN_casa,BR_casa,B/E_casa,TO_casa,FC_casa,T/FC_casa,ET_casa,VI_casa,EF_casa,Pts_visitante,3P_visitante,2P_visitante,LL_visitante,RT_visitante,RO_visitante,RD_visitante,AS_visitante,ER_visitante,IA%_visitante,3PC_visitante,3PT_visitante,3P%_visitante,2PC_visitante,2PT_visitante,2P%_visitante,LLC_visitante,LLT_visitante,LL%_visitante,EN_visitante,BR_visitante,B/E_visitante,TO_visitante,FC_visitante,T/FC_visitante,ET_visitante,VI_visitante,EF_visitante
71,83,2012-03-17,12,2,2011-2012,Limeira,Coop/São José Basketball,0,82.92307692307692,30.923076923076923,36.15384615384615,15.846153846153847,26.53846153846154,7.153846153846154,19.384615384615383,13.846153846153847,11.307692307692308,1.2953846153846156,10.307692307692308,24.384615384615383,41.826153846153844,18.076923076923077,36.53846153846154,49.60307692307693,15.846153846153847,19.23076923076923,83.70846153846153,1.5384615384615385,6.230769230769231,0.6138461538461537,1.6923076923076923,21.384615384615383,0.0953846153846154,11.307692307692308,2.3846153846153846,86.38461538461539,88.64285714285714,26.142857142857142,41.285714285714285,21.214285714285715,31.857142857142858,8.285714285714286,23.571428571428573,19.357142857142858,14.214285714285714,1.4942857142857142,8.714285714285714,23.357142857142858,37.13357142857143,20.642857142857142,35.57142857142857,57.80714285714287,21.214285714285715,25.285714285714285,83.91142857142856,1.1428571428571428,7.071428571428571,0.5378571428571429,3.2857142857142856,18.428571428571427,0.18142857142857147,14.214285714285714,2.357142857142857,105.57142857142857
