placar_casa,placar_visitante,data,round,stage,ano,equipe_casa,equipe_visitante,resultado,Pts_casa,3P_casa,2P_casa,LL_casa,RT_casa,RO_casa,RD_casa,AS_casa,ER_casa,IA%_casa,3PC_casa,3PT_casa,3P%_casa,2PC_casa,2PT_casa,2P%_casa,LLC_casa,LLT_casa,LL%_casa,EN_casa,BR_casa,B/E_casa,TO_casa,FC_casa,T/FC_casa,ET_casa,VI_casa,EF_casa,Pts_visitante,3P_visitante,2P_visitante,LL_visitante,RT_visitante,RO_visitante,RD_visitante,AS_visitante,ER_visitante,IA%_visitante,3PC_visitante,3PT_visitante,3P%_visitante,2PC_visitante,2PT_visitante,2P%_visitante,LLC_visitante,LLT_visitante,LL%_visitante,EN_visitante,BR_visitante,B/E_visitante,TO_visitante,FC_visitante,T/FC_visitante,ET_visitante,VI_visitante,EF_visitante
73,74,2016-01-26,3,2,2015-2016,Vitória,L. Sorocabana,0,71.53333333333333,18.2,38.93333333333333,14.4,33.93333333333333,11.0,22.933333333333334,11.866666666666667,14.466666666666667,0.8560000000000001,6.066666666666666,19.333333333333332,31.729333333333333,19.466666666666665,40.4,48.49733333333334,14.4,20.333333333333332,70.69266666666665,1.1333333333333333,10.0,0.7300000000000002,1.6,18.266666666666666,0.09333333333333332,14.466666666666667,4.066666666666666,74.26666666666667,65.93333333333334,12.4,41.733333333333334,11.8,34.2,14.133333333333333,20.066666666666666,10.533333333333333,14.466666666666667,0.7593333333333334,4.133333333333334,18.466666666666665,20.904666666666667,20.866666666666667,43.666666666666664,47.54333333333334,11.8,16.266666666666666,71.97133333333333,1.2,11.866666666666667,0.8473333333333334,1.6,19.333333333333332,0.10866666666666668,14.466666666666667,3.933333333333333,68.06666666666666
