placar_casa,placar_visitante,data,round,stage,ano,equipe_casa,equipe_visitante,resultado,Pts_casa,3P_casa,2P_casa,LL_casa,RT_casa,RO_casa,RD_casa,AS_casa,ER_casa,IA%_casa,3PC_casa,3PT_casa,3P%_casa,2PC_casa,2PT_casa,2P%_casa,LLC_casa,LLT_casa,LL%_casa,EN_casa,BR_casa,B/E_casa,TO_casa,FC_casa,T/FC_casa,ET_casa,VI_casa,EF_casa,Pts_visitante,3P_visitante,2P_visitante,LL_visitante,RT_visitante,RO_visitante,RD_visitante,AS_visitante,ER_visitante,IA%_visitante,3PC_visitante,3PT_visitante,3P%_visitante,2PC_visitante,2PT_visitante,2P%_visitante,LLC_visitante,LLT_visitante,LL%_visitante,EN_visitante,BR_visitante,B/E_visitante,TO_visitante,FC_visitante,T/FC_visitante,ET_visitante,VI_visitante,EF_visitante
96,72,2023-11-23,6,1,2023-2024,Coop/São José Basketball,Botafogo,1,80.57142857142857,26.571428571428573,39.857142857142854,14.142857142857142,38.5,9.785714285714286,28.714285714285715,17.571428571428573,15.214285714285714,1.1600000000000001,8.857142857142858,26.571428571428573,33.29,19.928571428571427,35.785714285714285,55.857142857142854,14.142857142857142,20.142857142857142,69.57142857142857,0.6428571428571429,8.285714285714286,0.5557142857142857,1.7857142857142858,21.071428571428573,0.08714285714285716,15.214285714285714,3.2142857142857144,91.92857142857143,74.15,24.9,37.2,12.05,36.0,11.2,24.8,15.8,15.0,1.149,8.3,28.85,28.428000000000004,18.6,35.55,52.352999999999994,12.05,17.9,67.78899999999999,0.4,7.0,0.5199999999999999,1.9,20.9,0.092,15.0,4.05,76.5
