placar_casa,placar_visitante,data,round,stage,ano,equipe_casa,equipe_visitante,resultado,Pts_casa,3P_casa,2P_casa,LL_casa,RT_casa,RO_casa,RD_casa,AS_casa,ER_casa,IA%_casa,3PC_casa,3PT_casa,3P%_casa,2PC_casa,2PT_casa,2P%_casa,LLC_casa,LLT_casa,LL%_casa,EN_casa,BR_casa,B/E_casa,TO_casa,FC_casa,T/FC_casa,ET_casa,VI_casa,EF_casa,Pts_visitante,3P_visitante,2P_visitante,LL_visitante,RT_visitante,RO_visitante,RD_visitante,AS_visitante,ER_visitante,IA%_visitante,3PC_visitante,3PT_visitante,3P%_visitante,2PC_visitante,2PT_visitante,2P%_visitante,LLC_visitante,LLT_visitante,LL%_visitante,EN_visitante,BR_visitante,B/E_visitante,TO_visitante,FC_visitante,T/FC_visitante,ET_visitante,VI_visitante,EF_visitante
95,65,2023-01-16,2,2,2022-2023,Pinheiros,Cerrado,1,78.13333333333334,24.6,40.4,13.133333333333333,42.4,13.133333333333333,29.266666666666666,17.733333333333334,15.066666666666666,1.2633333333333332,8.2,25.6,31.789333333333335,20.2,40.8,49.492666666666665,13.133333333333333,19.6,66.59800000000001,1.6,7.533333333333333,0.5293333333333334,2.4,20.2,0.12399999999999999,15.066666666666666,2.8,88.66666666666667,84.8,39.8,31.866666666666667,13.133333333333333,37.93333333333333,11.4,26.533333333333335,16.0,15.733333333333333,1.0413333333333334,13.266666666666667,36.86666666666667,36.00933333333333,15.933333333333334,30.0,53.18599999999999,13.133333333333333,18.266666666666666,71.092,1.8666666666666667,5.933333333333334,0.38333333333333325,2.2,16.0,0.14066666666666666,15.733333333333333,3.7333333333333334,88.33333333333333
