placar_casa,placar_visitante,data,round,stage,ano,equipe_casa,equipe_visitante,resultado,Pts_casa,3P_casa,2P_casa,LL_casa,RT_casa,RO_casa,RD_casa,AS_casa,ER_casa,IA%_casa,3PC_casa,3PT_casa,3P%_casa,2PC_casa,2PT_casa,2P%_casa,LLC_casa,LLT_casa,LL%_casa,EN_casa,BR_casa,B/E_casa,TO_casa,FC_casa,T/FC_casa,ET_casa,VI_casa,EF_casa,Pts_visitante,3P_visitante,2P_visitante,LL_visitante,RT_visitante,RO_visitante,RD_visitante,AS_visitante,ER_visitante,IA%_visitante,3PC_visitante,3PT_visitante,3P%_visitante,2PC_visitante,2PT_visitante,2P%_visitante,LLC_visitante,LLT_visitante,LL%_visitante,EN_visitante,BR_visitante,B/E_visitante,TO_visitante,FC_visitante,T/FC_visitante,ET_visitante,VI_visitante,EF_visitante
70,86,2020-02-10,5,2,2019-2020,Paulistano,Flamengo,0,79.6,35.4,33.46666666666667,10.733333333333333,38.4,11.4,27.0,16.933333333333334,11.4,1.6033333333333333,11.8,33.93333333333333,35.68866666666667,16.733333333333334,32.2,51.95066666666666,10.733333333333333,15.733333333333333,68.83666666666666,3.3333333333333335,5.6,0.484,1.9333333333333333,20.733333333333334,0.09266666666666669,11.4,2.2666666666666666,88.2,82.59933333333332,29.6,37.06666666666667,15.93266666666667,39.134,11.866000000000003,27.266,18.866666666666667,12.200666666666665,1.6400000000000001,9.866666666666667,28.733333333333334,34.47933333333334,18.533333333333335,36.800666666666665,50.626,15.93266666666667,22.99933333333333,69.77866666666665,1.0006666666666666,8.000666666666667,0.6753333333333333,2.1333333333333333,19.932666666666663,0.10866666666666669,12.200666666666665,2.1326666666666663,94.26599999999999
