placar_casa,placar_visitante,data,round,stage,ano,equipe_casa,equipe_visitante,resultado,Pts_casa,3P_casa,2P_casa,LL_casa,RT_casa,RO_casa,RD_casa,AS_casa,ER_casa,IA%_casa,3PC_casa,3PT_casa,3P%_casa,2PC_casa,2PT_casa,2P%_casa,LLC_casa,LLT_casa,LL%_casa,EN_casa,BR_casa,B/E_casa,TO_casa,FC_casa,T/FC_casa,ET_casa,VI_casa,EF_casa,Pts_visitante,3P_visitante,2P_visitante,LL_visitante,RT_visitante,RO_visitante,RD_visitante,AS_visitante,ER_visitante,IA%_visitante,3PC_visitante,3PT_visitante,3P%_visitante,2PC_visitante,2PT_visitante,2P%_visitante,LLC_visitante,LLT_visitante,LL%_visitante,EN_visitante,BR_visitante,B/E_visitante,TO_visitante,FC_visitante,T/FC_visitante,ET_visitante,VI_visitante,EF_visitante
112,98,2023-05-13,1,5,2022-2023,Sesi Franca,Minas,1,91.22266666666668,34.733333333333334,40.044,16.444,39.06666666666667,9.489333333333333,29.577333333333332,19.289333333333335,12.266666666666667,1.6633333333333329,11.577333333333334,28.6,40.57000000000001,20.02266666666667,35.844,55.775333333333336,16.444,21.156000000000002,79.14600000000002,1.844,5.533333333333333,0.4746666666666667,1.9773333333333334,19.97733333333333,0.10333333333333335,12.266666666666667,1.7333333333333334,107.26666666666667,84.26533333333333,29.466666666666665,40.446000000000005,14.356666666666666,38.99933333333333,9.000666666666666,30.000666666666667,18.266666666666662,14.288,1.2933333333333332,9.822666666666667,26.288666666666668,37.08,20.220666666666663,35.333333333333336,57.65200000000001,14.356666666666666,18.688666666666666,77.55799999999999,2.5986666666666665,5.445333333333334,0.3853333333333333,1.6886666666666665,20.04533333333334,0.08266666666666668,14.288,3.0453333333333337,98.46666666666667
