placar_casa,placar_visitante,data,round,stage,ano,equipe_casa,equipe_visitante,resultado,Pts_casa,3P_casa,2P_casa,LL_casa,RT_casa,RO_casa,RD_casa,AS_casa,ER_casa,IA%_casa,3PC_casa,3PT_casa,3P%_casa,2PC_casa,2PT_casa,2P%_casa,LLC_casa,LLT_casa,LL%_casa,EN_casa,BR_casa,B/E_casa,TO_casa,FC_casa,T/FC_casa,ET_casa,VI_casa,EF_casa,Pts_visitante,3P_visitante,2P_visitante,LL_visitante,RT_visitante,RO_visitante,RD_visitante,AS_visitante,ER_visitante,IA%_visitante,3PC_visitante,3PT_visitante,3P%_visitante,2PC_visitante,2PT_visitante,2P%_visitante,LLC_visitante,LLT_visitante,LL%_visitante,EN_visitante,BR_visitante,B/E_visitante,TO_visitante,FC_visitante,T/FC_visitante,ET_visitante,VI_visitante,EF_visitante
78,66,2025-04-01,14,2,2024-2025,Vasco da Gama,Paulistano,1,80.68866666666666,26.6,37.422,16.666666666666668,35.91133333333334,9.088666666666665,26.822,20.378,13.6,1.5426666666666669,8.866666666666667,27.955333333333332,32.96333333333334,18.711333333333336,32.378,57.89000000000001,16.666666666666668,22.15533333333333,75.91000000000001,1.2,6.422,0.4893333333333333,2.6,21.221999999999998,0.126,13.6,2.6666666666666665,94.15533333333333,80.68933333333334,28.2,39.333333333333336,13.156,37.666666666666664,12.733333333333333,24.933333333333334,18.556,14.266666666666667,1.392,9.4,25.422666666666668,36.934666666666665,19.666666666666668,40.022666666666666,48.87733333333333,13.156,17.97733333333333,73.40933333333332,2.3106666666666666,7.956,0.5680000000000001,2.466666666666667,21.6,0.11600000000000002,14.266666666666667,2.4893333333333336,91.86666666666666
