placar_casa,placar_visitante,data,round,stage,ano,equipe_casa,equipe_visitante,resultado,Pts_casa,3P_casa,2P_casa,LL_casa,RT_casa,RO_casa,RD_casa,AS_casa,ER_casa,IA%_casa,3PC_casa,3PT_casa,3P%_casa,2PC_casa,2PT_casa,2P%_casa,LLC_casa,LLT_casa,LL%_casa,EN_casa,BR_casa,B/E_casa,TO_casa,FC_casa,T/FC_casa,ET_casa,VI_casa,EF_casa,Pts_visitante,3P_visitante,2P_visitante,LL_visitante,RT_visitante,RO_visitante,RD_visitante,AS_visitante,ER_visitante,IA%_visitante,3PC_visitante,3PT_visitante,3P%_visitante,2PC_visitante,2PT_visitante,2P%_visitante,LLC_visitante,LLT_visitante,LL%_visitante,EN_visitante,BR_visitante,B/E_visitante,TO_visitante,FC_visitante,T/FC_visitante,ET_visitante,VI_visitante,EF_visitante
85,94,2015-12-17,12,1,2015-2016,Brasília,Flamengo,0,93.42857142857143,31.285714285714285,44.857142857142854,17.285714285714285,38.857142857142854,12.0,26.857142857142858,21.428571428571427,14.714285714285714,1.6228571428571428,10.428571428571429,25.285714285714285,42.08857142857143,22.428571428571427,40.714285714285715,55.251428571428576,17.285714285714285,21.571428571428573,81.0,2.2857142857142856,6.571428571428571,0.4942857142857143,2.4285714285714284,23.857142857142858,0.1,14.714285714285714,3.142857142857143,110.57142857142857,83.4,26.4,42.6,14.4,34.0,7.6,26.4,19.7,13.3,1.592,8.8,22.6,38.857,21.3,38.2,55.224000000000004,14.4,18.4,78.777,1.1,11.0,0.8770000000000001,2.0,18.6,0.11100000000000002,13.3,1.5,102.1
