placar_casa,placar_visitante,data,round,stage,ano,equipe_casa,equipe_visitante,resultado,Pts_casa,3P_casa,2P_casa,LL_casa,RT_casa,RO_casa,RD_casa,AS_casa,ER_casa,IA%_casa,3PC_casa,3PT_casa,3P%_casa,2PC_casa,2PT_casa,2P%_casa,LLC_casa,LLT_casa,LL%_casa,EN_casa,BR_casa,B/E_casa,TO_casa,FC_casa,T/FC_casa,ET_casa,VI_casa,EF_casa,Pts_visitante,3P_visitante,2P_visitante,LL_visitante,RT_visitante,RO_visitante,RD_visitante,AS_visitante,ER_visitante,IA%_visitante,3PC_visitante,3PT_visitante,3P%_visitante,2PC_visitante,2PT_visitante,2P%_visitante,LLC_visitante,LLT_visitante,LL%_visitante,EN_visitante,BR_visitante,B/E_visitante,TO_visitante,FC_visitante,T/FC_visitante,ET_visitante,VI_visitante,EF_visitante
60,77,2023-05-03,3,4,2022-2023,Pinheiros,São Paulo,0,83.73333333333333,27.0,42.4,14.333333333333334,42.06666666666667,13.533333333333333,28.533333333333335,18.866666666666667,14.533333333333333,1.4100000000000001,9.0,25.266666666666666,35.41199999999999,21.2,41.266666666666666,51.556,14.333333333333334,21.133333333333333,68.824,2.0,6.933333333333334,0.5133333333333333,1.4666666666666666,21.666666666666668,0.06733333333333333,14.533333333333333,2.3333333333333335,95.4,83.79933333333334,30.4,38.39933333333333,15.0,35.06733333333333,8.599333333333334,26.466,17.267333333333333,12.667333333333334,1.3813333333333335,10.132666666666667,29.733999999999998,34.20799999999999,19.200666666666667,33.400666666666666,57.673333333333325,15.0,20.199333333333335,74.43400000000001,1.6,6.6,0.5373333333333332,1.2666666666666666,19.266666666666666,0.06466666666666668,12.667333333333334,2.933333333333333,92.33266666666667
