placar_casa,placar_visitante,data,round,stage,ano,equipe_casa,equipe_visitante,resultado,Pts_casa,3P_casa,2P_casa,LL_casa,RT_casa,RO_casa,RD_casa,AS_casa,ER_casa,IA%_casa,3PC_casa,3PT_casa,3P%_casa,2PC_casa,2PT_casa,2P%_casa,LLC_casa,LLT_casa,LL%_casa,EN_casa,BR_casa,B/E_casa,TO_casa,FC_casa,T/FC_casa,ET_casa,VI_casa,EF_casa,Pts_visitante,3P_visitante,2P_visitante,LL_visitante,RT_visitante,RO_visitante,RD_visitante,AS_visitante,ER_visitante,IA%_visitante,3PC_visitante,3PT_visitante,3P%_visitante,2PC_visitante,2PT_visitante,2P%_visitante,LLC_visitante,LLT_visitante,LL%_visitante,EN_visitante,BR_visitante,B/E_visitante,TO_visitante,FC_visitante,T/FC_visitante,ET_visitante,VI_visitante,EF_visitante
94,74,2020-12-09,5,1,2020-2021,UNIFACISA,Corinthians,1,83.1225,25.875,45.0,12.25125,38.498749999999994,11.997499999999999,26.50125,17.125,12.625,1.3662499999999997,8.622499999999999,25.625,33.64874999999999,22.5,43.125,52.31375,12.25125,16.62625,73.50375,0.75,7.873749999999999,0.63125,1.5025,20.75125,0.0725,12.625,1.62625,93.49875,79.0,32.57142857142857,31.428571428571427,15.0,34.42857142857143,8.714285714285714,25.714285714285715,17.571428571428573,13.714285714285714,1.3014285714285714,10.857142857142858,29.571428571428573,36.49142857142858,15.714285714285714,32.857142857142854,47.885714285714286,15.0,18.285714285714285,82.29999999999998,2.0,6.428571428571429,0.4814285714285714,2.7142857142857144,20.428571428571427,0.1314285714285714,13.714285714285714,2.2857142857142856,87.28571428571429
