placar_casa,placar_visitante,data,round,stage,ano,equipe_casa,equipe_visitante,resultado,Pts_casa,3P_casa,2P_casa,LL_casa,RT_casa,RO_casa,RD_casa,AS_casa,ER_casa,IA%_casa,3PC_casa,3PT_casa,3P%_casa,2PC_casa,2PT_casa,2P%_casa,LLC_casa,LLT_casa,LL%_casa,EN_casa,BR_casa,B/E_casa,TO_casa,FC_casa,T/FC_casa,ET_casa,VI_casa,EF_casa,Pts_visitante,3P_visitante,2P_visitante,LL_visitante,RT_visitante,RO_visitante,RD_visitante,AS_visitante,ER_visitante,IA%_visitante,3PC_visitante,3PT_visitante,3P%_visitante,2PC_visitante,2PT_visitante,2P%_visitante,LLC_visitante,LLT_visitante,LL%_visitante,EN_visitante,BR_visitante,B/E_visitante,TO_visitante,FC_visitante,T/FC_visitante,ET_visitante,VI_visitante,EF_visitante
89,91,2022-03-08,6,2,2021-2022,BRB/Brasília,Corinthians,0,75.36733333333333,22.1,39.20066666666666,14.066666666666666,42.00066666666667,12.832666666666666,29.166,14.566,15.866666666666667,0.954,7.3660000000000005,24.7,29.529333333333337,19.599333333333334,38.733333333333334,50.580000000000005,14.066666666666666,20.799333333333333,66.52133333333335,1.0993333333333335,5.766000000000001,0.36200000000000004,2.267333333333333,19.199333333333335,0.11933333333333335,15.866666666666667,2.834,80.9,78.33333333333333,32.5,35.6,10.233333333333333,40.733333333333334,12.966666666666667,27.766666666666666,17.0,11.566666666666666,1.512,10.833333333333334,31.7,34.76733333333333,17.8,35.46666666666667,50.49066666666667,10.233333333333333,13.666666666666666,75.92933333333333,1.2666666666666666,5.266666666666667,0.4760000000000001,2.1666666666666665,18.6,0.11133333333333335,11.566666666666666,2.7333333333333334,89.96666666666667
