placar_casa,placar_visitante,data,round,stage,ano,equipe_casa,equipe_visitante,resultado,Pts_casa,3P_casa,2P_casa,LL_casa,RT_casa,RO_casa,RD_casa,AS_casa,ER_casa,IA%_casa,3PC_casa,3PT_casa,3P%_casa,2PC_casa,2PT_casa,2P%_casa,LLC_casa,LLT_casa,LL%_casa,EN_casa,BR_casa,B/E_casa,TO_casa,FC_casa,T/FC_casa,ET_casa,VI_casa,EF_casa,Pts_visitante,3P_visitante,2P_visitante,LL_visitante,RT_visitante,RO_visitante,RD_visitante,AS_visitante,ER_visitante,IA%_visitante,3PC_visitante,3PT_visitante,3P%_visitante,2PC_visitante,2PT_visitante,2P%_visitante,LLC_visitante,LLT_visitante,LL%_visitante,EN_visitante,BR_visitante,B/E_visitante,TO_visitante,FC_visitante,T/FC_visitante,ET_visitante,VI_visitante,EF_visitante
83,73,2016-01-24,7,1,2015-2016,Brasília,Coop/São José Basketball,1,88.33333333333333,30.6,43.333333333333336,14.4,36.4,10.6,25.8,19.0,15.733333333333333,1.3186666666666664,10.2,24.533333333333335,41.50866666666668,21.666666666666668,38.8,56.230666666666664,14.4,17.466666666666665,83.12933333333334,2.066666666666667,8.733333333333333,0.5706666666666667,2.466666666666667,22.6,0.11400000000000002,15.733333333333333,3.3333333333333335,104.66666666666667,78.53333333333333,27.2,35.06666666666667,16.266666666666666,31.866666666666667,8.266666666666667,23.6,14.6,14.4,1.1333333333333335,9.066666666666666,24.0,38.08866666666667,17.533333333333335,35.53333333333333,49.542666666666655,16.266666666666666,21.466666666666665,75.18533333333333,0.8666666666666667,7.8,0.5866666666666667,1.4666666666666666,22.533333333333335,0.06466666666666666,14.4,3.6666666666666665,81.73333333333333
