placar_casa,placar_visitante,data,round,stage,ano,equipe_casa,equipe_visitante,resultado,Pts_casa,3P_casa,2P_casa,LL_casa,RT_casa,RO_casa,RD_casa,AS_casa,ER_casa,IA%_casa,3PC_casa,3PT_casa,3P%_casa,2PC_casa,2PT_casa,2P%_casa,LLC_casa,LLT_casa,LL%_casa,EN_casa,BR_casa,B/E_casa,TO_casa,FC_casa,T/FC_casa,ET_casa,VI_casa,EF_casa,Pts_visitante,3P_visitante,2P_visitante,LL_visitante,RT_visitante,RO_visitante,RD_visitante,AS_visitante,ER_visitante,IA%_visitante,3PC_visitante,3PT_visitante,3P%_visitante,2PC_visitante,2PT_visitante,2P%_visitante,LLC_visitante,LLT_visitante,LL%_visitante,EN_visitante,BR_visitante,B/E_visitante,TO_visitante,FC_visitante,T/FC_visitante,ET_visitante,VI_visitante,EF_visitante
77,87,2021-04-30,2,4,2020-2021,Paulistano,Bauru Basket,0,78.13333333333334,30.8,36.4,10.933333333333334,42.4,13.6,28.8,18.8,13.133333333333333,1.4579999999999997,10.266666666666667,31.266666666666666,33.15266666666667,18.2,36.2,50.242666666666665,10.933333333333334,17.133333333333333,63.14600000000001,1.7333333333333334,8.666666666666666,0.6706666666666666,1.4,18.466666666666665,0.07200000000000001,13.133333333333333,2.8,91.06666666666666,83.66666666666667,30.0,40.93266666666667,12.734,36.93333333333333,9.867333333333333,27.065999999999995,18.667333333333332,13.334,1.472,10.0,26.865999999999996,36.69666666666667,20.467333333333336,36.599333333333334,56.339333333333336,12.734,19.134000000000004,66.372,1.5993333333333335,8.2,0.6426666666666667,1.866,20.20066666666667,0.09133333333333334,13.334,2.2,96.59933333333333
