placar_casa,placar_visitante,data,round,stage,ano,equipe_casa,equipe_visitante,resultado,Pts_casa,3P_casa,2P_casa,LL_casa,RT_casa,RO_casa,RD_casa,AS_casa,ER_casa,IA%_casa,3PC_casa,3PT_casa,3P%_casa,2PC_casa,2PT_casa,2P%_casa,LLC_casa,LLT_casa,LL%_casa,EN_casa,BR_casa,B/E_casa,TO_casa,FC_casa,T/FC_casa,ET_casa,VI_casa,EF_casa,Pts_visitante,3P_visitante,2P_visitante,LL_visitante,RT_visitante,RO_visitante,RD_visitante,AS_visitante,ER_visitante,IA%_visitante,3PC_visitante,3PT_visitante,3P%_visitante,2PC_visitante,2PT_visitante,2P%_visitante,LLC_visitante,LLT_visitante,LL%_visitante,EN_visitante,BR_visitante,B/E_visitante,TO_visitante,FC_visitante,T/FC_visitante,ET_visitante,VI_visitante,EF_visitante
83,64,2020-02-12,5,2,2019-2020,UNIFACISA,Bauru Basket,1,81.69933333333333,29.7,38.467333333333336,13.533999999999999,37.06666666666667,9.766,27.300666666666668,18.233999999999998,13.532666666666668,1.4133333333333333,9.899333333333335,27.367333333333338,35.910666666666664,19.232666666666667,36.49933333333333,52.566,13.533999999999999,17.499333333333333,75.74466666666667,2.232666666666667,6.6,0.5266666666666667,2.734,20.167333333333332,0.13933333333333336,13.532666666666668,2.266,93.96666666666667,81.13333333333334,24.2,43.2,13.733333333333333,36.06666666666667,9.933333333333334,26.133333333333333,15.8,14.133333333333333,1.2886666666666666,8.066666666666666,24.133333333333333,33.37733333333333,21.6,39.333333333333336,55.153999999999996,13.733333333333333,20.533333333333335,65.288,1.1333333333333333,9.466666666666667,0.6906666666666667,1.2,20.266666666666666,0.064,14.133333333333333,1.6666666666666667,88.93333333333334
