placar_casa,placar_visitante,data,round,stage,ano,equipe_casa,equipe_visitante,resultado,Pts_casa,3P_casa,2P_casa,LL_casa,RT_casa,RO_casa,RD_casa,AS_casa,ER_casa,IA%_casa,3PC_casa,3PT_casa,3P%_casa,2PC_casa,2PT_casa,2P%_casa,LLC_casa,LLT_casa,LL%_casa,EN_casa,BR_casa,B/E_casa,TO_casa,FC_casa,T/FC_casa,ET_casa,VI_casa,EF_casa,Pts_visitante,3P_visitante,2P_visitante,LL_visitante,RT_visitante,RO_visitante,RD_visitante,AS_visitante,ER_visitante,IA%_visitante,3PC_visitante,3PT_visitante,3P%_visitante,2PC_visitante,2PT_visitante,2P%_visitante,LLC_visitante,LLT_visitante,LL%_visitante,EN_visitante,BR_visitante,B/E_visitante,TO_visitante,FC_visitante,T/FC_visitante,ET_visitante,VI_visitante,EF_visitante
80,87,2022-03-12,6,2,2021-2022,Caxias do Sul Basquete,Pinheiros,0,70.8,22.3,37.2,11.3,33.1,7.833333333333333,25.266666666666666,16.266666666666666,13.733333333333333,1.2446666666666668,7.433333333333334,23.5,31.414666666666673,18.6,37.96666666666667,49.08466666666667,11.3,15.966666666666667,70.838,1.2333333333333334,6.5,0.48133333333333345,3.2,19.733333333333334,0.162,13.733333333333333,2.6333333333333333,76.03333333333333,80.23333333333333,28.2,39.93333333333333,12.1,41.53333333333333,14.2,27.333333333333332,15.933333333333334,14.233333333333333,1.1553333333333338,9.4,29.266666666666666,31.866000000000003,19.966666666666665,40.2,50.00533333333333,12.1,17.766666666666666,67.18133333333336,1.7,7.366666666666666,0.5039999999999999,2.6,16.533333333333335,0.1593333333333333,14.233333333333333,2.7666666666666666,87.66666666666667
