placar_casa,placar_visitante,data,round,stage,ano,equipe_casa,equipe_visitante,resultado,Pts_casa,3P_casa,2P_casa,LL_casa,RT_casa,RO_casa,RD_casa,AS_casa,ER_casa,IA%_casa,3PC_casa,3PT_casa,3P%_casa,2PC_casa,2PT_casa,2P%_casa,LLC_casa,LLT_casa,LL%_casa,EN_casa,BR_casa,B/E_casa,TO_casa,FC_casa,T/FC_casa,ET_casa,VI_casa,EF_casa,Pts_visitante,3P_visitante,2P_visitante,LL_visitante,RT_visitante,RO_visitante,RD_visitante,AS_visitante,ER_visitante,IA%_visitante,3PC_visitante,3PT_visitante,3P%_visitante,2PC_visitante,2PT_visitante,2P%_visitante,LLC_visitante,LLT_visitante,LL%_visitante,EN_visitante,BR_visitante,B/E_visitante,TO_visitante,FC_visitante,T/FC_visitante,ET_visitante,VI_visitante,EF_visitante
88,85,2019-01-30,4,2,2018-2019,Minas,Paulistano,1,77.66733333333332,26.066666666666666,36.88933333333333,14.711333333333332,37.22333333333334,11.310666666666666,25.911333333333335,16.399333333333335,13.599333333333334,1.238,8.690000000000001,25.4,34.06666666666668,18.444,38.022,48.71266666666667,14.711333333333332,21.244666666666667,67.98266666666667,1.8226666666666667,7.689333333333334,0.5846666666666667,2.0,19.800666666666668,0.10533333333333335,13.599333333333334,1.6433333333333333,84.28933333333335,82.666,30.8,35.46666666666667,16.399333333333335,42.466,12.533999999999997,29.934000000000005,16.934000000000005,14.465999999999998,1.2006666666666665,10.266666666666667,30.267333333333337,34.33533333333334,17.733333333333334,34.26733333333333,51.57,16.399333333333335,22.0,74.512,2.6673333333333336,6.133333333333334,0.43666666666666654,2.400666666666667,21.533333333333335,0.116,14.465999999999998,1.9333333333333333,93.60066666666668
