placar_casa,placar_visitante,data,round,stage,ano,equipe_casa,equipe_visitante,resultado,Pts_casa,3P_casa,2P_casa,LL_casa,RT_casa,RO_casa,RD_casa,AS_casa,ER_casa,IA%_casa,3PC_casa,3PT_casa,3P%_casa,2PC_casa,2PT_casa,2P%_casa,LLC_casa,LLT_casa,LL%_casa,EN_casa,BR_casa,B/E_casa,TO_casa,FC_casa,T/FC_casa,ET_casa,VI_casa,EF_casa,Pts_visitante,3P_visitante,2P_visitante,LL_visitante,RT_visitante,RO_visitante,RD_visitante,AS_visitante,ER_visitante,IA%_visitante,3PC_visitante,3PT_visitante,3P%_visitante,2PC_visitante,2PT_visitante,2P%_visitante,LLC_visitante,LLT_visitante,LL%_visitante,EN_visitante,BR_visitante,B/E_visitante,TO_visitante,FC_visitante,T/FC_visitante,ET_visitante,VI_visitante,EF_visitante
97,65,2009-03-06,11,1,2008-2009,Sesi Franca,Lajeado,1,80.88888888888889,20.666666666666668,44.0,16.22222222222222,32.666666666666664,10.0,22.666666666666668,14.333333333333334,11.555555555555555,1.2544444444444443,6.888888888888889,22.0,31.214444444444446,22.0,45.22222222222222,49.21666666666667,16.22222222222222,23.0,70.39444444444445,1.0,8.666666666666666,0.7611111111111111,2.5555555555555554,19.77777777777778,0.14444444444444443,11.555555555555555,0.0,82.44444444444444,74.22222222222223,16.333333333333332,40.44444444444444,17.444444444444443,30.77777777777778,10.88888888888889,19.88888888888889,10.444444444444445,15.444444444444445,0.6811111111111111,5.444444444444445,20.444444444444443,26.71888888888889,20.22222222222222,41.77777777777778,48.71888888888888,17.444444444444443,25.444444444444443,68.62777777777777,0.2222222222222222,9.11111111111111,0.6477777777777778,1.4444444444444444,21.22222222222222,0.07222222222222223,15.444444444444445,0.0,66.0
