placar_casa,placar_visitante,data,round,stage,ano,equipe_casa,equipe_visitante,resultado,Pts_casa,3P_casa,2P_casa,LL_casa,RT_casa,RO_casa,RD_casa,AS_casa,ER_casa,IA%_casa,3PC_casa,3PT_casa,3P%_casa,2PC_casa,2PT_casa,2P%_casa,LLC_casa,LLT_casa,LL%_casa,EN_casa,BR_casa,B/E_casa,TO_casa,FC_casa,T/FC_casa,ET_casa,VI_casa,EF_casa,Pts_visitante,3P_visitante,2P_visitante,LL_visitante,RT_visitante,RO_visitante,RD_visitante,AS_visitante,ER_visitante,IA%_visitante,3PC_visitante,3PT_visitante,3P%_visitante,2PC_visitante,2PT_visitante,2P%_visitante,LLC_visitante,LLT_visitante,LL%_visitante,EN_visitante,BR_visitante,B/E_visitante,TO_visitante,FC_visitante,T/FC_visitante,ET_visitante,VI_visitante,EF_visitante
74,81,2015-12-15,11,1,2015-2016,Minas,Flamengo,0,69.1,19.5,37.2,12.4,34.2,9.4,24.8,15.0,14.1,1.183,6.5,21.4,29.699,18.6,36.9,50.636,12.4,17.6,69.092,1.6,8.8,0.684,2.5,20.1,0.12199999999999997,14.1,3.5,77.1,83.66666666666667,25.333333333333332,43.55555555555556,14.777777777777779,35.0,7.888888888888889,27.11111111111111,19.333333333333332,13.777777777777779,1.4844444444444445,8.444444444444445,22.22222222222222,38.04666666666667,21.77777777777778,38.111111111111114,56.51666666666667,14.777777777777779,18.555555555555557,80.33999999999999,1.2222222222222223,10.777777777777779,0.8144444444444445,2.111111111111111,18.88888888888889,0.11666666666666667,13.777777777777779,1.3333333333333333,103.22222222222223
