placar_casa,placar_visitante,data,round,stage,ano,equipe_casa,equipe_visitante,resultado,Pts_casa,3P_casa,2P_casa,LL_casa,RT_casa,RO_casa,RD_casa,AS_casa,ER_casa,IA%_casa,3PC_casa,3PT_casa,3P%_casa,2PC_casa,2PT_casa,2P%_casa,LLC_casa,LLT_casa,LL%_casa,EN_casa,BR_casa,B/E_casa,TO_casa,FC_casa,T/FC_casa,ET_casa,VI_casa,EF_casa,Pts_visitante,3P_visitante,2P_visitante,LL_visitante,RT_visitante,RO_visitante,RD_visitante,AS_visitante,ER_visitante,IA%_visitante,3PC_visitante,3PT_visitante,3P%_visitante,2PC_visitante,2PT_visitante,2P%_visitante,LLC_visitante,LLT_visitante,LL%_visitante,EN_visitante,BR_visitante,B/E_visitante,TO_visitante,FC_visitante,T/FC_visitante,ET_visitante,VI_visitante,EF_visitante
94,72,2010-03-12,7,2,2009-2010,Bauru Basket,Saldanha,1,82.6,27.6,41.333333333333336,13.666666666666666,29.6,9.733333333333333,19.866666666666667,13.333333333333334,9.8,1.5686666666666667,9.2,22.133333333333333,42.32466666666666,20.666666666666668,39.93333333333333,52.23733333333333,13.666666666666666,20.4,67.12733333333333,1.4666666666666666,6.6,0.7639999999999999,2.066666666666667,16.0,0.14266666666666666,9.8,2.066666666666667,85.46666666666667,71.33333333333333,16.4,43.6,11.333333333333334,30.066666666666666,9.266666666666667,20.8,8.4,12.466666666666667,0.6780000000000002,5.466666666666667,18.8,29.471999999999994,21.8,43.93333333333333,50.26466666666666,11.333333333333334,19.733333333333334,57.71533333333335,1.6,9.666666666666666,0.84,1.6,19.266666666666666,0.08466666666666665,12.466666666666667,3.4,64.73333333333333
