placar_casa,placar_visitante,data,round,stage,ano,equipe_casa,equipe_visitante,resultado,Pts_casa,3P_casa,2P_casa,LL_casa,RT_casa,RO_casa,RD_casa,AS_casa,ER_casa,IA%_casa,3PC_casa,3PT_casa,3P%_casa,2PC_casa,2PT_casa,2P%_casa,LLC_casa,LLT_casa,LL%_casa,EN_casa,BR_casa,B/E_casa,TO_casa,FC_casa,T/FC_casa,ET_casa,VI_casa,EF_casa,Pts_visitante,3P_visitante,2P_visitante,LL_visitante,RT_visitante,RO_visitante,RD_visitante,AS_visitante,ER_visitante,IA%_visitante,3PC_visitante,3PT_visitante,3P%_visitante,2PC_visitante,2PT_visitante,2P%_visitante,LLC_visitante,LLT_visitante,LL%_visitante,EN_visitante,BR_visitante,B/E_visitante,TO_visitante,FC_visitante,T/FC_visitante,ET_visitante,VI_visitante,EF_visitante
83,86,2023-03-27,8,2,2022-2023,União Corinthians,Sesi Franca,0,80.33399999999999,33.6,32.53466666666667,14.201333333333336,37.668666666666674,9.666,28.00066666666667,17.00133333333333,12.20133333333333,1.4739999999999998,11.200666666666667,33.468,33.37733333333333,16.265333333333338,32.99933333333333,49.31866666666666,14.201333333333336,19.399999999999995,72.47066666666665,1.4,8.201333333333334,0.7019999999999998,2.7319999999999998,20.4,0.14000000000000004,12.20133333333333,2.1986666666666665,89.532,90.134,30.6,43.132666666666665,16.39933333333333,40.2,9.667333333333334,30.532666666666664,19.434000000000005,12.433333333333334,1.6333333333333333,10.199333333333334,27.366666666666667,37.32866666666666,21.567333333333337,37.199333333333335,57.713999999999984,16.39933333333333,20.267333333333337,81.34466666666664,2.1659999999999995,5.7,0.466,2.799333333333333,17.532666666666664,0.16133333333333336,12.433333333333334,2.2666666666666666,109.16666666666667
