placar_casa,placar_visitante,data,round,stage,ano,equipe_casa,equipe_visitante,resultado,Pts_casa,3P_casa,2P_casa,LL_casa,RT_casa,RO_casa,RD_casa,AS_casa,ER_casa,IA%_casa,3PC_casa,3PT_casa,3P%_casa,2PC_casa,2PT_casa,2P%_casa,LLC_casa,LLT_casa,LL%_casa,EN_casa,BR_casa,B/E_casa,TO_casa,FC_casa,T/FC_casa,ET_casa,VI_casa,EF_casa,Pts_visitante,3P_visitante,2P_visitante,LL_visitante,RT_visitante,RO_visitante,RD_visitante,AS_visitante,ER_visitante,IA%_visitante,3PC_visitante,3PT_visitante,3P%_visitante,2PC_visitante,2PT_visitante,2P%_visitante,LLC_visitante,LLT_visitante,LL%_visitante,EN_visitante,BR_visitante,B/E_visitante,TO_visitante,FC_visitante,T/FC_visitante,ET_visitante,VI_visitante,EF_visitante
72,89,2016-05-03,1,5,2015-2016,Brasília,Bauru Basket,0,85.73333333333333,26.6,44.53333333333333,14.6,33.6,9.6,24.0,19.266666666666666,14.066666666666666,1.4486666666666668,8.866666666666667,23.933333333333334,37.182,22.266666666666666,39.93333333333333,56.02599999999999,14.6,19.866666666666667,74.78800000000001,1.9333333333333333,10.333333333333334,0.7973333333333333,2.0,24.133333333333333,0.08533333333333334,14.066666666666666,2.3333333333333335,98.86666666666666,88.86666666666666,34.8,38.666666666666664,15.4,37.46666666666667,10.333333333333334,27.133333333333333,18.333333333333332,14.266666666666667,1.3479999999999999,11.6,29.466666666666665,39.662000000000006,19.333333333333332,33.53333333333333,57.77133333333334,15.4,20.066666666666666,76.43066666666667,0.8666666666666667,10.533333333333333,0.7326666666666667,1.8,20.133333333333333,0.09066666666666669,14.266666666666667,3.2666666666666666,106.0
