placar_casa,placar_visitante,data,round,stage,ano,equipe_casa,equipe_visitante,resultado,Pts_casa,3P_casa,2P_casa,LL_casa,RT_casa,RO_casa,RD_casa,AS_casa,ER_casa,IA%_casa,3PC_casa,3PT_casa,3P%_casa,2PC_casa,2PT_casa,2P%_casa,LLC_casa,LLT_casa,LL%_casa,EN_casa,BR_casa,B/E_casa,TO_casa,FC_casa,T/FC_casa,ET_casa,VI_casa,EF_casa,Pts_visitante,3P_visitante,2P_visitante,LL_visitante,RT_visitante,RO_visitante,RD_visitante,AS_visitante,ER_visitante,IA%_visitante,3PC_visitante,3PT_visitante,3P%_visitante,2PC_visitante,2PT_visitante,2P%_visitante,LLC_visitante,LLT_visitante,LL%_visitante,EN_visitante,BR_visitante,B/E_visitante,TO_visitante,FC_visitante,T/FC_visitante,ET_visitante,VI_visitante,EF_visitante
96,80,2016-11-30,7,1,2016-2017,Brasília,Pinheiros,1,84.5,30.5,40.666666666666664,13.333333333333334,37.166666666666664,9.666666666666666,27.5,21.333333333333332,13.666666666666666,1.7033333333333331,10.166666666666666,24.5,39.66833333333333,20.333333333333332,37.166666666666664,55.00333333333333,13.333333333333334,18.333333333333332,72.24499999999999,1.5,5.166666666666667,0.38833333333333336,2.5,17.0,0.14333333333333334,13.666666666666666,4.166666666666667,100.83333333333333,85.66666666666667,22.0,44.0,19.666666666666668,40.166666666666664,12.166666666666666,28.0,17.5,12.333333333333334,1.4749999999999999,7.333333333333333,27.0,27.936666666666667,22.0,41.0,53.428333333333335,19.666666666666668,25.166666666666668,79.51,1.6666666666666667,7.666666666666667,0.6183333333333333,1.3333333333333333,22.833333333333332,0.06166666666666667,12.333333333333334,4.833333333333333,95.83333333333333
