placar_casa,placar_visitante,data,round,stage,ano,equipe_casa,equipe_visitante,resultado,Pts_casa,3P_casa,2P_casa,LL_casa,RT_casa,RO_casa,RD_casa,AS_casa,ER_casa,IA%_casa,3PC_casa,3PT_casa,3P%_casa,2PC_casa,2PT_casa,2P%_casa,LLC_casa,LLT_casa,LL%_casa,EN_casa,BR_casa,B/E_casa,TO_casa,FC_casa,T/FC_casa,ET_casa,VI_casa,EF_casa,Pts_visitante,3P_visitante,2P_visitante,LL_visitante,RT_visitante,RO_visitante,RD_visitante,AS_visitante,ER_visitante,IA%_visitante,3PC_visitante,3PT_visitante,3P%_visitante,2PC_visitante,2PT_visitante,2P%_visitante,LLC_visitante,LLT_visitante,LL%_visitante,EN_visitante,BR_visitante,B/E_visitante,TO_visitante,FC_visitante,T/FC_visitante,ET_visitante,VI_visitante,EF_visitante
108,105,2010-03-26,11,2,2009-2010,Bauru Basket,Flamengo,1,84.0,26.8,42.4,14.8,28.666666666666668,8.8,19.866666666666667,12.8,9.0,1.5420000000000003,8.933333333333334,20.666666666666668,43.70666666666667,21.2,41.86666666666667,50.772666666666666,14.8,20.2,73.9,1.4666666666666666,6.666666666666667,0.832,1.7333333333333334,16.4,0.10866666666666666,9.0,2.1333333333333333,87.06666666666666,92.86666666666666,34.4,43.86666666666667,14.6,32.333333333333336,7.466666666666667,24.866666666666667,15.4,12.4,1.4159999999999997,11.466666666666667,26.4,43.48666666666667,21.933333333333334,37.93333333333333,57.87266666666667,14.6,19.933333333333334,74.05199999999999,2.2666666666666666,9.733333333333333,0.9099999999999998,2.466666666666667,20.066666666666666,0.136,12.4,2.2,104.13333333333334
