placar_casa,placar_visitante,data,round,stage,ano,equipe_casa,equipe_visitante,resultado,Pts_casa,3P_casa,2P_casa,LL_casa,RT_casa,RO_casa,RD_casa,AS_casa,ER_casa,IA%_casa,3PC_casa,3PT_casa,3P%_casa,2PC_casa,2PT_casa,2P%_casa,LLC_casa,LLT_casa,LL%_casa,EN_casa,BR_casa,B/E_casa,TO_casa,FC_casa,T/FC_casa,ET_casa,VI_casa,EF_casa,Pts_visitante,3P_visitante,2P_visitante,LL_visitante,RT_visitante,RO_visitante,RD_visitante,AS_visitante,ER_visitante,IA%_visitante,3PC_visitante,3PT_visitante,3P%_visitante,2PC_visitante,2PT_visitante,2P%_visitante,LLC_visitante,LLT_visitante,LL%_visitante,EN_visitante,BR_visitante,B/E_visitante,TO_visitante,FC_visitante,T/FC_visitante,ET_visitante,VI_visitante,EF_visitante
91,59,2013-01-26,18,1,2012-2013,Bauru Basket,Minas,1,82.33333333333333,64.0,42.666666666666664,13.866666666666667,32.6,9.933333333333334,22.666666666666668,15.0,12.466666666666667,1.2713333333333334,8.6,22.866666666666667,39.08200000000001,21.333333333333332,40.4,53.54066666666666,13.866666666666667,18.733333333333334,74.872,1.8,6.8,0.6033333333333334,1.8,18.733333333333334,0.102,12.466666666666667,3.0,95.73333333333333,83.33333333333333,64.8,43.2,17.533333333333335,25.0,6.666666666666667,18.333333333333332,13.666666666666666,13.733333333333333,1.18,7.533333333333333,20.2,37.056000000000004,21.6,37.86666666666667,57.39666666666665,17.533333333333335,21.6,80.37400000000001,0.6,7.6,0.6093333333333334,2.066666666666667,21.2,0.09799999999999999,13.733333333333333,3.2666666666666666,92.26666666666667
