placar_casa,placar_visitante,data,round,stage,ano,equipe_casa,equipe_visitante,resultado,Pts_casa,3P_casa,2P_casa,LL_casa,RT_casa,RO_casa,RD_casa,AS_casa,ER_casa,IA%_casa,3PC_casa,3PT_casa,3P%_casa,2PC_casa,2PT_casa,2P%_casa,LLC_casa,LLT_casa,LL%_casa,EN_casa,BR_casa,B/E_casa,TO_casa,FC_casa,T/FC_casa,ET_casa,VI_casa,EF_casa,Pts_visitante,3P_visitante,2P_visitante,LL_visitante,RT_visitante,RO_visitante,RD_visitante,AS_visitante,ER_visitante,IA%_visitante,3PC_visitante,3PT_visitante,3P%_visitante,2PC_visitante,2PT_visitante,2P%_visitante,LLC_visitante,LLT_visitante,LL%_visitante,EN_visitante,BR_visitante,B/E_visitante,TO_visitante,FC_visitante,T/FC_visitante,ET_visitante,VI_visitante,EF_visitante
82,91,2021-04-10,9,2,2020-2021,Bauru Basket,Mogi,0,82.24466666666667,29.4,40.31066666666666,12.534000000000002,38.266,10.711999999999998,27.555999999999997,17.86733333333333,12.089333333333332,1.4973333333333332,9.799333333333333,27.755333333333333,34.68733333333333,20.156000000000002,37.53333333333333,53.59333333333335,12.534000000000002,19.08866666666667,65.458,1.356,8.332666666666666,0.6973333333333334,2.11,19.88866666666667,0.10733333333333332,12.089333333333332,1.4453333333333334,94.84333333333332,79.76533333333334,29.4,37.699333333333335,12.666,40.265333333333324,11.433333333333334,28.834000000000003,21.050666666666668,15.949333333333334,1.338,9.8,29.766666666666666,32.812000000000005,18.85066666666667,34.916666666666664,54.048666666666676,12.666,15.95133333333333,78.99666666666668,2.2319999999999998,6.25,0.39533333333333337,2.716666666666667,21.715333333333326,0.12466666666666668,15.949333333333334,2.468000000000001,94.78266666666667
