placar_casa,placar_visitante,data,round,stage,ano,equipe_casa,equipe_visitante,resultado,Pts_casa,3P_casa,2P_casa,LL_casa,RT_casa,RO_casa,RD_casa,AS_casa,ER_casa,IA%_casa,3PC_casa,3PT_casa,3P%_casa,2PC_casa,2PT_casa,2P%_casa,LLC_casa,LLT_casa,LL%_casa,EN_casa,BR_casa,B/E_casa,TO_casa,FC_casa,T/FC_casa,ET_casa,VI_casa,EF_casa,Pts_visitante,3P_visitante,2P_visitante,LL_visitante,RT_visitante,RO_visitante,RD_visitante,AS_visitante,ER_visitante,IA%_visitante,3PC_visitante,3PT_visitante,3P%_visitante,2PC_visitante,2PT_visitante,2P%_visitante,LLC_visitante,LLT_visitante,LL%_visitante,EN_visitante,BR_visitante,B/E_visitante,TO_visitante,FC_visitante,T/FC_visitante,ET_visitante,VI_visitante,EF_visitante
91,76,2013-05-03,3,4,2012-2013,Brasília,Coop/São José Basketball,1,90.0,48.6,43.06666666666667,13.933333333333334,32.2,7.866666666666666,24.333333333333332,17.866666666666667,13.333333333333334,1.4166666666666667,11.0,27.533333333333335,39.981333333333346,21.533333333333335,37.333333333333336,57.94533333333334,13.933333333333334,18.266666666666666,75.93066666666667,1.2666666666666666,6.466666666666667,0.5066666666666666,3.1333333333333333,22.6,0.14666666666666667,13.333333333333334,2.2,103.6,77.33333333333333,35.6,38.266666666666666,15.866666666666667,31.2,8.466666666666667,22.733333333333334,16.533333333333335,14.333333333333334,1.216,7.733333333333333,22.266666666666666,34.41733333333333,19.133333333333333,37.333333333333336,51.018666666666675,15.866666666666667,20.4,77.59466666666667,0.7333333333333333,6.466666666666667,0.4706666666666667,3.2666666666666666,16.666666666666668,0.20800000000000002,14.333333333333334,2.066666666666667,85.0
