placar_casa,placar_visitante,data,round,stage,ano,equipe_casa,equipe_visitante,resultado,Pts_casa,3P_casa,2P_casa,LL_casa,RT_casa,RO_casa,RD_casa,AS_casa,ER_casa,IA%_casa,3PC_casa,3PT_casa,3P%_casa,2PC_casa,2PT_casa,2P%_casa,LLC_casa,LLT_casa,LL%_casa,EN_casa,BR_casa,B/E_casa,TO_casa,FC_casa,T/FC_casa,ET_casa,VI_casa,EF_casa,Pts_visitante,3P_visitante,2P_visitante,LL_visitante,RT_visitante,RO_visitante,RD_visitante,AS_visitante,ER_visitante,IA%_visitante,3PC_visitante,3PT_visitante,3P%_visitante,2PC_visitante,2PT_visitante,2P%_visitante,LLC_visitante,LLT_visitante,LL%_visitante,EN_visitante,BR_visitante,B/E_visitante,TO_visitante,FC_visitante,T/FC_visitante,ET_visitante,VI_visitante,EF_visitante
96,72,2021-01-06,9,1,2020-2021,Corinthians,VipTech CMB,1,79.333,31.2,34.267,13.866999999999999,34.132999999999996,8.033,26.1,16.833000000000002,13.6,1.257,10.4,28.633,36.015,17.133,33.767,50.647999999999996,13.866999999999999,17.1,81.049,1.567,6.633,0.5029999999999999,2.6,20.767000000000003,0.126,13.6,1.9329999999999998,87.833,77.12999999999998,30.384615384615383,36.463076923076926,10.282307692307691,38.716923076923074,12.333076923076923,26.38615384615385,17.743846153846153,13.180769230769227,1.4276923076923078,10.128461538461538,29.76846153846154,34.26923076923077,18.229230769230767,37.79538461538462,47.73230769230769,10.282307692307691,16.18,63.4146153846154,1.1023076923076922,5.588461538461538,0.4553846153846154,1.6923076923076923,20.078461538461543,0.08384615384615385,13.180769230769227,2.2053846153846157,82.59
