placar_casa,placar_visitante,data,round,stage,ano,equipe_casa,equipe_visitante,resultado,Pts_casa,3P_casa,2P_casa,LL_casa,RT_casa,RO_casa,RD_casa,AS_casa,ER_casa,IA%_casa,3PC_casa,3PT_casa,3P%_casa,2PC_casa,2PT_casa,2P%_casa,LLC_casa,LLT_casa,LL%_casa,EN_casa,BR_casa,B/E_casa,TO_casa,FC_casa,T/FC_casa,ET_casa,VI_casa,EF_casa,Pts_visitante,3P_visitante,2P_visitante,LL_visitante,RT_visitante,RO_visitante,RD_visitante,AS_visitante,ER_visitante,IA%_visitante,3PC_visitante,3PT_visitante,3P%_visitante,2PC_visitante,2PT_visitante,2P%_visitante,LLC_visitante,LLT_visitante,LL%_visitante,EN_visitante,BR_visitante,B/E_visitante,TO_visitante,FC_visitante,T/FC_visitante,ET_visitante,VI_visitante,EF_visitante
77,89,2017-03-23,27,1,2016-2017,Minas,Bauru Basket,0,76.0,25.6,36.53333333333333,13.866666666666667,35.733333333333334,10.733333333333333,25.0,17.133333333333333,16.466666666666665,1.068,8.533333333333333,26.2,33.67666666666666,18.266666666666666,37.0,49.295333333333346,13.866666666666667,19.0,72.99266666666668,1.4666666666666666,7.8,0.492,2.2666666666666666,23.333333333333332,0.10400000000000002,16.466666666666665,4.066666666666666,80.93333333333334,78.8,28.0,34.93333333333333,15.866666666666667,37.93333333333333,9.8,28.133333333333333,16.933333333333334,13.133333333333333,1.3266666666666667,9.333333333333334,30.0,31.111333333333334,17.466666666666665,31.933333333333334,55.39533333333333,15.866666666666667,22.666666666666668,70.068,0.7333333333333333,7.733333333333333,0.6020000000000001,1.9333333333333333,19.066666666666666,0.10733333333333335,13.133333333333333,3.4,88.26666666666667
