placar_casa,placar_visitante,data,round,stage,ano,equipe_casa,equipe_visitante,resultado,Pts_casa,3P_casa,2P_casa,LL_casa,RT_casa,RO_casa,RD_casa,AS_casa,ER_casa,IA%_casa,3PC_casa,3PT_casa,3P%_casa,2PC_casa,2PT_casa,2P%_casa,LLC_casa,LLT_casa,LL%_casa,EN_casa,BR_casa,B/E_casa,TO_casa,FC_casa,T/FC_casa,ET_casa,VI_casa,EF_casa,Pts_visitante,3P_visitante,2P_visitante,LL_visitante,RT_visitante,RO_visitante,RD_visitante,AS_visitante,ER_visitante,IA%_visitante,3PC_visitante,3PT_visitante,3P%_visitante,2PC_visitante,2PT_visitante,2P%_visitante,LLC_visitante,LLT_visitante,LL%_visitante,EN_visitante,BR_visitante,B/E_visitante,TO_visitante,FC_visitante,T/FC_visitante,ET_visitante,VI_visitante,EF_visitante
75,83,2023-11-23,6,1,2023-2024,São Paulo,Minas,0,76.875,27.5625,35.875,13.4375,32.8125,8.125,24.6875,15.8125,10.125,1.5775000000000001,9.1875,27.375,32.74125,17.9375,33.9375,52.595000000000006,13.4375,17.25,77.3775,0.875,4.875,0.47874999999999995,1.4375,20.0625,0.08499999999999999,10.125,1.0,83.6875,83.0,28.714285714285715,38.57142857142857,15.714285714285714,38.285714285714285,11.142857142857142,27.142857142857142,21.142857142857142,13.428571428571429,1.6585714285714281,9.571428571428571,28.142857142857142,32.77285714285714,19.285714285714285,33.57142857142857,57.1457142857143,15.714285714285714,20.857142857142858,74.72714285714287,1.0,7.142857142857143,0.5157142857142857,2.5714285714285716,20.142857142857142,0.12999999999999998,13.428571428571429,3.0,100.71428571428571
