placar_casa,placar_visitante,data,round,stage,ano,equipe_casa,equipe_visitante,resultado,Pts_casa,3P_casa,2P_casa,LL_casa,RT_casa,RO_casa,RD_casa,AS_casa,ER_casa,IA%_casa,3PC_casa,3PT_casa,3P%_casa,2PC_casa,2PT_casa,2P%_casa,LLC_casa,LLT_casa,LL%_casa,EN_casa,BR_casa,B/E_casa,TO_casa,FC_casa,T/FC_casa,ET_casa,VI_casa,EF_casa,Pts_visitante,3P_visitante,2P_visitante,LL_visitante,RT_visitante,RO_visitante,RD_visitante,AS_visitante,ER_visitante,IA%_visitante,3PC_visitante,3PT_visitante,3P%_visitante,2PC_visitante,2PT_visitante,2P%_visitante,LLC_visitante,LLT_visitante,LL%_visitante,EN_visitante,BR_visitante,B/E_visitante,TO_visitante,FC_visitante,T/FC_visitante,ET_visitante,VI_visitante,EF_visitante
81,75,2024-01-16,2,2,2023-2024,Sesi Franca,Fortaleza B. C. / CFO,1,87.36733333333333,32.3,40.44533333333334,14.621999999999998,39.21066666666666,10.267333333333333,28.945333333333334,19.055333333333333,14.443999999999999,1.3826666666666665,10.766666666666667,27.688,38.750666666666675,20.221333333333334,35.91133333333334,56.48066666666668,14.621999999999998,17.988,81.04,2.2333333333333334,6.132666666666666,0.43466666666666665,2.945333333333333,18.834,0.16999999999999998,14.443999999999999,2.945333333333333,104.28800000000001,78.66600000000001,22.6,42.532666666666664,13.533333333333333,37.06666666666667,8.666666666666666,28.4,16.534000000000002,12.866000000000001,1.342,7.534000000000001,23.065999999999995,32.54266666666667,21.267333333333337,36.86666666666667,57.47133333333333,13.533333333333333,19.8,66.90933333333332,1.7326666666666668,5.799333333333333,0.48733333333333323,2.066,19.065999999999995,0.1166666666666667,12.866000000000001,2.066666666666667,89.86600000000001
