placar_casa,placar_visitante,data,round,stage,ano,equipe_casa,equipe_visitante,resultado,Pts_casa,3P_casa,2P_casa,LL_casa,RT_casa,RO_casa,RD_casa,AS_casa,ER_casa,IA%_casa,3PC_casa,3PT_casa,3P%_casa,2PC_casa,2PT_casa,2P%_casa,LLC_casa,LLT_casa,LL%_casa,EN_casa,BR_casa,B/E_casa,TO_casa,FC_casa,T/FC_casa,ET_casa,VI_casa,EF_casa,Pts_visitante,3P_visitante,2P_visitante,LL_visitante,RT_visitante,RO_visitante,RD_visitante,AS_visitante,ER_visitante,IA%_visitante,3PC_visitante,3PT_visitante,3P%_visitante,2PC_visitante,2PT_visitante,2P%_visitante,LLC_visitante,LLT_visitante,LL%_visitante,EN_visitante,BR_visitante,B/E_visitante,TO_visitante,FC_visitante,T/FC_visitante,ET_visitante,VI_visitante,EF_visitante
92,76,2009-03-18,14,1,2008-2009,Bauru Basket,Saldanha,1,76.91666666666667,24.75,39.0,13.166666666666666,28.0,7.0,21.0,12.25,11.75,1.2383333333333333,8.25,22.333333333333332,36.61166666666667,19.5,36.5,53.78,13.166666666666666,17.75,76.31333333333333,0.9166666666666666,5.5,0.5241666666666666,2.25,17.5,0.12916666666666668,11.75,0.0,77.5,73.58333333333333,21.25,40.166666666666664,12.166666666666666,29.416666666666668,9.666666666666666,19.75,9.25,17.833333333333332,0.5808333333333332,7.083333333333333,20.75,33.815,20.083333333333332,39.666666666666664,51.95083333333333,12.166666666666666,20.083333333333332,61.31833333333333,3.3333333333333335,9.916666666666666,0.5491666666666666,1.8333333333333333,22.166666666666668,0.08583333333333333,17.833333333333332,0.0,65.0
