placar_casa,placar_visitante,data,round,stage,ano,equipe_casa,equipe_visitante,resultado,Pts_casa,3P_casa,2P_casa,LL_casa,RT_casa,RO_casa,RD_casa,AS_casa,ER_casa,IA%_casa,3PC_casa,3PT_casa,3P%_casa,2PC_casa,2PT_casa,2P%_casa,LLC_casa,LLT_casa,LL%_casa,EN_casa,BR_casa,B/E_casa,TO_casa,FC_casa,T/FC_casa,ET_casa,VI_casa,EF_casa,Pts_visitante,3P_visitante,2P_visitante,LL_visitante,RT_visitante,RO_visitante,RD_visitante,AS_visitante,ER_visitante,IA%_visitante,3PC_visitante,3PT_visitante,3P%_visitante,2PC_visitante,2PT_visitante,2P%_visitante,LLC_visitante,LLT_visitante,LL%_visitante,EN_visitante,BR_visitante,B/E_visitante,TO_visitante,FC_visitante,T/FC_visitante,ET_visitante,VI_visitante,EF_visitante
82,89,2009-04-24,10,2,2008-2009,Lajeado,Sesi Franca,0,71.66666666666667,18.2,38.666666666666664,14.8,25.866666666666667,8.266666666666667,17.6,11.066666666666666,13.133333333333333,0.9246666666666667,6.066666666666666,19.866666666666667,29.829333333333338,19.333333333333332,38.6,50.763333333333335,14.8,20.866666666666667,70.20733333333332,0.13333333333333333,7.266666666666667,0.6013333333333333,1.2,21.533333333333335,0.06133333333333332,13.133333333333333,0.0,64.8,83.46666666666667,20.8,45.2,17.466666666666665,29.666666666666668,9.133333333333333,20.533333333333335,16.266666666666666,13.6,1.286,6.933333333333334,19.533333333333335,37.080666666666666,22.6,43.8,51.65,17.466666666666665,22.6,76.98866666666666,0.8666666666666667,8.933333333333334,0.7006666666666668,2.2,23.4,0.096,13.6,0.0,88.0
