placar_casa,placar_visitante,data,round,stage,ano,equipe_casa,equipe_visitante,resultado,Pts_casa,3P_casa,2P_casa,LL_casa,RT_casa,RO_casa,RD_casa,AS_casa,ER_casa,IA%_casa,3PC_casa,3PT_casa,3P%_casa,2PC_casa,2PT_casa,2P%_casa,LLC_casa,LLT_casa,LL%_casa,EN_casa,BR_casa,B/E_casa,TO_casa,FC_casa,T/FC_casa,ET_casa,VI_casa,EF_casa,Pts_visitante,3P_visitante,2P_visitante,LL_visitante,RT_visitante,RO_visitante,RD_visitante,AS_visitante,ER_visitante,IA%_visitante,3PC_visitante,3PT_visitante,3P%_visitante,2PC_visitante,2PT_visitante,2P%_visitante,LLC_visitante,LLT_visitante,LL%_visitante,EN_visitante,BR_visitante,B/E_visitante,TO_visitante,FC_visitante,T/FC_visitante,ET_visitante,VI_visitante,EF_visitante
100,85,2014-03-22,16,2,2013-2014,Goiânia,Coop/São José Basketball,1,75.66666666666667,20.6,38.266666666666666,16.8,33.13333333333333,10.2,22.933333333333334,14.2,13.8,1.2839999999999998,6.866666666666666,20.0,34.93733333333333,19.133333333333333,38.53333333333333,50.07933333333333,16.8,23.266666666666666,72.69733333333333,0.8,9.466666666666667,0.7706666666666667,1.6,21.133333333333333,0.07666666666666666,13.8,2.8,81.26666666666667,83.4,25.0,41.86666666666667,16.533333333333335,36.46666666666667,9.8,26.666666666666668,17.0,14.533333333333333,1.2899999999999998,8.333333333333334,23.2,36.09666666666667,20.933333333333334,37.8,55.34533333333333,16.533333333333335,21.2,77.932,0.26666666666666666,8.666666666666666,0.6093333333333334,1.7333333333333334,17.866666666666667,0.10600000000000002,14.533333333333333,2.8,96.33333333333333
