placar_casa,placar_visitante,data,round,stage,ano,equipe_casa,equipe_visitante,resultado,Pts_casa,3P_casa,2P_casa,LL_casa,RT_casa,RO_casa,RD_casa,AS_casa,ER_casa,IA%_casa,3PC_casa,3PT_casa,3P%_casa,2PC_casa,2PT_casa,2P%_casa,LLC_casa,LLT_casa,LL%_casa,EN_casa,BR_casa,B/E_casa,TO_casa,FC_casa,T/FC_casa,ET_casa,VI_casa,EF_casa,Pts_visitante,3P_visitante,2P_visitante,LL_visitante,RT_visitante,RO_visitante,RD_visitante,AS_visitante,ER_visitante,IA%_visitante,3PC_visitante,3PT_visitante,3P%_visitante,2PC_visitante,2PT_visitante,2P%_visitante,LLC_visitante,LLT_visitante,LL%_visitante,EN_visitante,BR_visitante,B/E_visitante,TO_visitante,FC_visitante,T/FC_visitante,ET_visitante,VI_visitante,EF_visitante
74,80,2019-01-11,1,2,2018-2019,Botafogo,Bauru Basket,0,75.38461538461539,23.307692307692307,40.46153846153846,11.615384615384615,34.38461538461539,10.0,24.384615384615383,17.307692307692307,15.307692307692308,1.2176923076923079,7.769230769230769,20.615384615384617,37.49846153846154,20.23076923076923,39.30769230769231,51.58076923076923,11.615384615384615,16.23076923076923,70.90307692307692,2.076923076923077,7.769230769230769,0.5107692307692309,1.9230769230769231,23.0,0.08615384615384616,15.307692307692308,2.769230769230769,84.6923076923077,75.71571428571428,26.25,34.07142857142857,15.394285714285715,37.035714285714285,9.037142857142857,28.000714285714288,16.891428571428573,13.499285714285715,1.3164285714285717,8.749285714285714,25.392142857142854,34.644999999999996,17.035714285714285,33.82214285714286,50.20928571428572,15.394285714285715,21.25,72.56714285714285,0.9657142857142856,6.000714285714286,0.4642857142857143,1.7857142857142858,21.392142857142854,0.0814285714285714,13.499285714285715,2.822142857142857,84.5
