placar_casa,placar_visitante,data,round,stage,ano,equipe_casa,equipe_visitante,resultado,Pts_casa,3P_casa,2P_casa,LL_casa,RT_casa,RO_casa,RD_casa,AS_casa,ER_casa,IA%_casa,3PC_casa,3PT_casa,3P%_casa,2PC_casa,2PT_casa,2P%_casa,LLC_casa,LLT_casa,LL%_casa,EN_casa,BR_casa,B/E_casa,TO_casa,FC_casa,T/FC_casa,ET_casa,VI_casa,EF_casa,Pts_visitante,3P_visitante,2P_visitante,LL_visitante,RT_visitante,RO_visitante,RD_visitante,AS_visitante,ER_visitante,IA%_visitante,3PC_visitante,3PT_visitante,3P%_visitante,2PC_visitante,2PT_visitante,2P%_visitante,LLC_visitante,LLT_visitante,LL%_visitante,EN_visitante,BR_visitante,B/E_visitante,TO_visitante,FC_visitante,T/FC_visitante,ET_visitante,VI_visitante,EF_visitante
89,93,2014-12-11,10,1,2014-2015,Pinheiros,Paulistano,0,86.75,29.625,42.75,14.375,32.5,10.125,22.375,16.0,12.875,1.35125,9.875,24.75,39.8875,21.375,39.875,53.777499999999996,14.375,18.625,74.10374999999999,2.875,12.875,1.02125,2.25,19.5,0.1275,12.875,2.5,99.875,79.33333333333333,21.0,41.55555555555556,16.77777777777778,38.666666666666664,14.444444444444445,24.22222222222222,11.11111111111111,12.222222222222221,1.0244444444444445,7.0,22.88888888888889,31.045555555555552,20.77777777777778,44.22222222222222,47.15222222222222,16.77777777777778,21.88888888888889,77.95222222222223,2.5555555555555554,9.666666666666666,0.8655555555555555,0.8888888888888888,23.88888888888889,0.03777777777777778,12.222222222222221,2.6666666666666665,83.0
