placar_casa,placar_visitante,data,round,stage,ano,equipe_casa,equipe_visitante,resultado,Pts_casa,3P_casa,2P_casa,LL_casa,RT_casa,RO_casa,RD_casa,AS_casa,ER_casa,IA%_casa,3PC_casa,3PT_casa,3P%_casa,2PC_casa,2PT_casa,2P%_casa,LLC_casa,LLT_casa,LL%_casa,EN_casa,BR_casa,B/E_casa,TO_casa,FC_casa,T/FC_casa,ET_casa,VI_casa,EF_casa,Pts_visitante,3P_visitante,2P_visitante,LL_visitante,RT_visitante,RO_visitante,RD_visitante,AS_visitante,ER_visitante,IA%_visitante,3PC_visitante,3PT_visitante,3P%_visitante,2PC_visitante,2PT_visitante,2P%_visitante,LLC_visitante,LLT_visitante,LL%_visitante,EN_visitante,BR_visitante,B/E_visitante,TO_visitante,FC_visitante,T/FC_visitante,ET_visitante,VI_visitante,EF_visitante
82,90,2024-03-31,11,2,2023-2024,UNIFACISA,Flamengo,0,88.0,35.4,35.333333333333336,17.266666666666666,36.06666666666667,10.066666666666666,26.0,16.933333333333334,11.933333333333334,1.5800000000000003,11.8,32.4,36.11266666666666,17.666666666666668,32.4,54.806666666666665,17.266666666666666,21.866666666666667,78.44999999999999,0.5333333333333333,6.933333333333334,0.6459999999999998,1.8,18.4,0.09933333333333333,11.933333333333334,2.1333333333333333,97.86666666666666,85.19933333333333,29.1,40.0,16.099333333333334,39.60066666666667,10.834,28.766666666666666,20.399333333333335,13.434,1.5493333333333337,9.700666666666667,27.500666666666667,35.02266666666666,20.0,35.73266666666667,55.98599999999999,16.099333333333334,21.266666666666666,76.23800000000001,1.7326666666666668,6.799333333333334,0.5093333333333333,1.6660000000000001,18.166,0.09466666666666669,13.434,1.7666666666666666,101.53266666666667
