placar_casa,placar_visitante,data,round,stage,ano,equipe_casa,equipe_visitante,resultado,Pts_casa,3P_casa,2P_casa,LL_casa,RT_casa,RO_casa,RD_casa,AS_casa,ER_casa,IA%_casa,3PC_casa,3PT_casa,3P%_casa,2PC_casa,2PT_casa,2P%_casa,LLC_casa,LLT_casa,LL%_casa,EN_casa,BR_casa,B/E_casa,TO_casa,FC_casa,T/FC_casa,ET_casa,VI_casa,EF_casa,Pts_visitante,3P_visitante,2P_visitante,LL_visitante,RT_visitante,RO_visitante,RD_visitante,AS_visitante,ER_visitante,IA%_visitante,3PC_visitante,3PT_visitante,3P%_visitante,2PC_visitante,2PT_visitante,2P%_visitante,LLC_visitante,LLT_visitante,LL%_visitante,EN_visitante,BR_visitante,B/E_visitante,TO_visitante,FC_visitante,T/FC_visitante,ET_visitante,VI_visitante,EF_visitante
97,57,2024-04-22,2,3,2023-2024,Sesi Franca,Mogi,1,88.068,32.6,39.06733333333333,16.39866666666667,38.26733333333334,9.866000000000001,28.399333333333335,19.798666666666666,11.866666666666665,1.7086666666666663,10.866666666666667,28.000000000000004,38.562000000000005,19.532666666666668,34.46733333333334,56.31000000000001,16.39866666666667,20.93466666666667,78.542,2.8680000000000003,5.666666666666667,0.47933333333333344,2.532666666666666,18.73266666666666,0.13266666666666665,11.866666666666665,2.068666666666667,105.86866666666668,73.93333333333334,30.2,30.933333333333334,12.8,36.266,11.666666666666666,24.59933333333333,16.532666666666664,13.533999999999997,1.294,10.066,28.134000000000004,35.67866666666667,15.466666666666667,34.333333333333336,45.234666666666655,12.8,18.59933333333333,68.376,1.400666666666667,7.0,0.542,0.466,21.39933333333333,0.021333333333333336,13.533999999999997,2.799333333333333,77.934
