placar_casa,placar_visitante,data,round,stage,ano,equipe_casa,equipe_visitante,resultado,Pts_casa,3P_casa,2P_casa,LL_casa,RT_casa,RO_casa,RD_casa,AS_casa,ER_casa,IA%_casa,3PC_casa,3PT_casa,3P%_casa,2PC_casa,2PT_casa,2P%_casa,LLC_casa,LLT_casa,LL%_casa,EN_casa,BR_casa,B/E_casa,TO_casa,FC_casa,T/FC_casa,ET_casa,VI_casa,EF_casa,Pts_visitante,3P_visitante,2P_visitante,LL_visitante,RT_visitante,RO_visitante,RD_visitante,AS_visitante,ER_visitante,IA%_visitante,3PC_visitante,3PT_visitante,3P%_visitante,2PC_visitante,2PT_visitante,2P%_visitante,LLC_visitante,LLT_visitante,LL%_visitante,EN_visitante,BR_visitante,B/E_visitante,TO_visitante,FC_visitante,T/FC_visitante,ET_visitante,VI_visitante,EF_visitante
64,68,2023-12-18,10,1,2023-2024,Cerrado,Paulistano,0,73.215,23.571428571428573,38.00071428571429,11.642857142857142,41.71357142857143,13.428571428571429,28.284999999999997,17.0,13.213571428571429,1.3328571428571432,7.856428571428571,24.928571428571427,32.65,18.999285714285715,40.714285714285715,46.77,11.642857142857142,18.857857142857142,61.567142857142855,1.3578571428571427,6.4278571428571425,0.5107142857142858,1.9992857142857143,16.999285714285715,0.11500000000000002,13.213571428571429,2.2150000000000003,81.14214285714286,73.46666666666667,21.0,39.86666666666667,12.6,41.266666666666666,15.133333333333333,26.133333333333333,14.866666666666667,14.6,1.0653333333333335,7.0,22.6,30.567999999999998,19.933333333333334,41.666666666666664,47.81600000000001,12.6,18.066666666666666,70.07933333333334,1.8,8.0,0.5733333333333331,2.6,19.533333333333335,0.13133333333333333,14.6,2.466666666666667,82.8
