placar_casa,placar_visitante,data,round,stage,ano,equipe_casa,equipe_visitante,resultado,Pts_casa,3P_casa,2P_casa,LL_casa,RT_casa,RO_casa,RD_casa,AS_casa,ER_casa,IA%_casa,3PC_casa,3PT_casa,3P%_casa,2PC_casa,2PT_casa,2P%_casa,LLC_casa,LLT_casa,LL%_casa,EN_casa,BR_casa,B/E_casa,TO_casa,FC_casa,T/FC_casa,ET_casa,VI_casa,EF_casa,Pts_visitante,3P_visitante,2P_visitante,LL_visitante,RT_visitante,RO_visitante,RD_visitante,AS_visitante,ER_visitante,IA%_visitante,3PC_visitante,3PT_visitante,3P%_visitante,2PC_visitante,2PT_visitante,2P%_visitante,LLC_visitante,LLT_visitante,LL%_visitante,EN_visitante,BR_visitante,B/E_visitante,TO_visitante,FC_visitante,T/FC_visitante,ET_visitante,VI_visitante,EF_visitante
89,92,2019-11-16,5,1,2019-2020,Sesi Franca,Paulistano,0,89.07142857142857,31.5,38.142857142857146,19.428571428571427,38.857142857142854,9.357142857142858,29.5,20.5,13.071428571428571,1.5957142857142856,10.5,26.571428571428573,39.54857142857143,19.071428571428573,33.642857142857146,56.48428571428571,19.428571428571427,24.142857142857142,80.51714285714286,1.5,5.571428571428571,0.4371428571428571,2.5,18.428571428571427,0.14285714285714285,13.071428571428571,1.5714285714285714,107.92857142857143,85.57142857142857,35.357142857142854,37.857142857142854,12.357142857142858,39.92857142857143,11.928571428571429,28.0,20.0,12.642857142857142,1.6857142857142855,11.785714285714286,31.857142857142858,37.478571428571435,18.928571428571427,33.0,57.49,12.357142857142858,16.785714285714285,74.98142857142857,4.214285714285714,7.214285714285714,0.5757142857142857,1.5714285714285714,21.857142857142858,0.07142857142857142,12.642857142857142,1.9285714285714286,102.85714285714286
