placar_casa,placar_visitante,data,round,stage,ano,equipe_casa,equipe_visitante,resultado,Pts_casa,3P_casa,2P_casa,LL_casa,RT_casa,RO_casa,RD_casa,AS_casa,ER_casa,IA%_casa,3PC_casa,3PT_casa,3P%_casa,2PC_casa,2PT_casa,2P%_casa,LLC_casa,LLT_casa,LL%_casa,EN_casa,BR_casa,B/E_casa,TO_casa,FC_casa,T/FC_casa,ET_casa,VI_casa,EF_casa,Pts_visitante,3P_visitante,2P_visitante,LL_visitante,RT_visitante,RO_visitante,RD_visitante,AS_visitante,ER_visitante,IA%_visitante,3PC_visitante,3PT_visitante,3P%_visitante,2PC_visitante,2PT_visitante,2P%_visitante,LLC_visitante,LLT_visitante,LL%_visitante,EN_visitante,BR_visitante,B/E_visitante,TO_visitante,FC_visitante,T/FC_visitante,ET_visitante,VI_visitante,EF_visitante
92,86,2013-02-21,7,2,2012-2013,Fortaleza B. C. / CFO,Tijuca,1,79.93333333333334,63.2,42.13333333333333,15.8,31.733333333333334,9.133333333333333,22.6,13.2,10.466666666666667,1.3833333333333333,7.333333333333333,21.666666666666668,34.199333333333335,21.066666666666666,41.733333333333334,50.95933333333333,15.8,20.533333333333335,76.53466666666667,0.8666666666666667,6.266666666666667,0.712,2.8,19.533333333333335,0.14333333333333337,10.466666666666667,2.466666666666667,90.93333333333334,68.73333333333333,53.6,35.733333333333334,15.8,26.866666666666667,6.266666666666667,20.6,10.466666666666667,12.266666666666667,0.8819999999999999,5.733333333333333,18.4,30.284666666666666,17.866666666666667,36.93333333333333,48.84866666666667,15.8,21.866666666666667,70.27866666666665,0.5333333333333333,5.266666666666667,0.4313333333333334,1.6,19.2,0.08533333333333334,12.266666666666667,2.6,71.53333333333333
