placar_casa,placar_visitante,data,round,stage,ano,equipe_casa,equipe_visitante,resultado,Pts_casa,3P_casa,2P_casa,LL_casa,RT_casa,RO_casa,RD_casa,AS_casa,ER_casa,IA%_casa,3PC_casa,3PT_casa,3P%_casa,2PC_casa,2PT_casa,2P%_casa,LLC_casa,LLT_casa,LL%_casa,EN_casa,BR_casa,B/E_casa,TO_casa,FC_casa,T/FC_casa,ET_casa,VI_casa,EF_casa,Pts_visitante,3P_visitante,2P_visitante,LL_visitante,RT_visitante,RO_visitante,RD_visitante,AS_visitante,ER_visitante,IA%_visitante,3PC_visitante,3PT_visitante,3P%_visitante,2PC_visitante,2PT_visitante,2P%_visitante,LLC_visitante,LLT_visitante,LL%_visitante,EN_visitante,BR_visitante,B/E_visitante,TO_visitante,FC_visitante,T/FC_visitante,ET_visitante,VI_visitante,EF_visitante
87,92,2021-01-10,9,1,2020-2021,Caxias do Sul Basquete,Mogi,0,73.27076923076923,22.96153846153846,37.00076923076923,13.308461538461538,34.0,9.962307692307691,24.037692307692307,13.886153846153844,14.345384615384615,0.9684615384615383,7.655384615384616,24.422307692307694,31.049230769230768,18.49923076923077,35.807692307692314,51.603076923076934,13.308461538461538,19.345384615384617,68.39846153846153,1.153076923076923,5.769230769230769,0.3992307692307693,1.1538461538461537,22.536923076923078,0.05615384615384617,14.345384615384615,2.8461538461538463,73.61538461538461,80.10714285714286,30.0,36.32142857142857,13.785714285714286,37.642857142857146,9.821428571428571,27.821428571428573,19.589285714285715,14.553571428571429,1.4828571428571429,10.0,27.964285714285715,35.78785714285714,18.160714285714285,35.732142857142854,51.00642857142857,13.785714285714286,18.196428571428573,77.33,1.0357142857142858,6.517857142857143,0.475,2.6607142857142856,20.589285714285715,0.13499999999999998,14.553571428571429,2.357142857142857,92.01785714285714
