placar_casa,placar_visitante,data,round,stage,ano,equipe_casa,equipe_visitante,resultado,Pts_casa,3P_casa,2P_casa,LL_casa,RT_casa,RO_casa,RD_casa,AS_casa,ER_casa,IA%_casa,3PC_casa,3PT_casa,3P%_casa,2PC_casa,2PT_casa,2P%_casa,LLC_casa,LLT_casa,LL%_casa,EN_casa,BR_casa,B/E_casa,TO_casa,FC_casa,T/FC_casa,ET_casa,VI_casa,EF_casa,Pts_visitante,3P_visitante,2P_visitante,LL_visitante,RT_visitante,RO_visitante,RD_visitante,AS_visitante,ER_visitante,IA%_visitante,3PC_visitante,3PT_visitante,3P%_visitante,2PC_visitante,2PT_visitante,2P%_visitante,LLC_visitante,LLT_visitante,LL%_visitante,EN_visitante,BR_visitante,B/E_visitante,TO_visitante,FC_visitante,T/FC_visitante,ET_visitante,VI_visitante,EF_visitante
87,93,2022-02-03,2,2,2021-2022,Pato Basquete,Flamengo,0,72.76666666666667,28.9,33.13333333333333,10.733333333333333,38.733333333333334,11.566666666666666,27.166666666666668,13.133333333333333,13.533333333333333,1.0053333333333334,9.633333333333333,27.4,34.635999999999996,16.566666666666666,38.03333333333333,43.87266666666666,10.733333333333333,17.366666666666667,61.44866666666667,1.6666666666666667,7.7,0.5893333333333334,2.3666666666666667,19.866666666666667,0.12266666666666666,13.533333333333333,2.566666666666667,75.3,88.63333333333334,39.0,37.2,12.433333333333334,43.46666666666667,12.233333333333333,31.233333333333334,20.933333333333334,13.966666666666667,1.6426666666666665,13.0,33.8,38.95466666666667,18.6,31.966666666666665,58.81333333333334,12.433333333333334,17.4,72.40866666666668,1.5333333333333334,6.466666666666667,0.49600000000000005,2.566666666666667,15.633333333333333,0.17133333333333337,13.966666666666667,2.566666666666667,108.96666666666667
