placar_casa,placar_visitante,data,round,stage,ano,equipe_casa,equipe_visitante,resultado,Pts_casa,3P_casa,2P_casa,LL_casa,RT_casa,RO_casa,RD_casa,AS_casa,ER_casa,IA%_casa,3PC_casa,3PT_casa,3P%_casa,2PC_casa,2PT_casa,2P%_casa,LLC_casa,LLT_casa,LL%_casa,EN_casa,BR_casa,B/E_casa,TO_casa,FC_casa,T/FC_casa,ET_casa,VI_casa,EF_casa,Pts_visitante,3P_visitante,2P_visitante,LL_visitante,RT_visitante,RO_visitante,RD_visitante,AS_visitante,ER_visitante,IA%_visitante,3PC_visitante,3PT_visitante,3P%_visitante,2PC_visitante,2PT_visitante,2P%_visitante,LLC_visitante,LLT_visitante,LL%_visitante,EN_visitante,BR_visitante,B/E_visitante,TO_visitante,FC_visitante,T/FC_visitante,ET_visitante,VI_visitante,EF_visitante
68,69,2009-03-06,11,1,2008-2009,Coop/São José Basketball,Assis,0,79.88888888888889,28.333333333333332,36.44444444444444,15.11111111111111,25.666666666666668,7.555555555555555,18.11111111111111,14.222222222222221,14.0,1.0577777777777777,9.444444444444445,26.555555555555557,36.07333333333334,18.22222222222222,37.0,49.21777777777778,15.11111111111111,20.666666666666668,73.40777777777777,0.2222222222222222,7.111111111111111,0.51,2.5555555555555554,22.11111111111111,0.11444444444444445,14.0,0.0,74.0,79.25,22.875,36.5,19.875,30.375,8.5,21.875,11.625,11.5,1.21375,7.625,20.625,36.945,18.25,34.25,53.370000000000005,19.875,28.0,71.92125,1.125,7.125,0.63625,3.375,19.25,0.17375000000000002,11.5,0.0,83.125
