placar_casa,placar_visitante,data,round,stage,ano,equipe_casa,equipe_visitante,resultado,Pts_casa,3P_casa,2P_casa,LL_casa,RT_casa,RO_casa,RD_casa,AS_casa,ER_casa,IA%_casa,3PC_casa,3PT_casa,3P%_casa,2PC_casa,2PT_casa,2P%_casa,LLC_casa,LLT_casa,LL%_casa,EN_casa,BR_casa,B/E_casa,TO_casa,FC_casa,T/FC_casa,ET_casa,VI_casa,EF_casa,Pts_visitante,3P_visitante,2P_visitante,LL_visitante,RT_visitante,RO_visitante,RD_visitante,AS_visitante,ER_visitante,IA%_visitante,3PC_visitante,3PT_visitante,3P%_visitante,2PC_visitante,2PT_visitante,2P%_visitante,LLC_visitante,LLT_visitante,LL%_visitante,EN_visitante,BR_visitante,B/E_visitante,TO_visitante,FC_visitante,T/FC_visitante,ET_visitante,VI_visitante,EF_visitante
101,99,2021-01-27,1,2,2020-2021,Pinheiros,Sesi Franca,1,73.688,26.933333333333334,35.6,11.154666666666667,36.912,10.755333333333335,26.156000000000002,17.622666666666664,15.801333333333334,1.154,8.978,25.178,36.019333333333336,17.8,40.08733333333334,44.18866666666667,11.154666666666667,16.844,65.47,0.6213333333333334,7.178,0.4733333333333334,2.178,19.645333333333333,0.11133333333333335,15.801333333333334,2.3773333333333335,77.60066666666667,86.63333333333334,30.2,40.2,16.233333333333334,36.867333333333335,8.900666666666666,27.966666666666665,20.732666666666667,13.434,1.5566666666666669,10.066666666666666,26.200666666666667,38.193333333333335,20.1,37.73266666666667,53.944666666666656,16.233333333333334,20.0,81.34266666666666,1.4660000000000002,5.900666666666666,0.44466666666666665,2.6993333333333336,19.500666666666667,0.14066666666666672,13.434,1.4993333333333334,101.866
