placar_casa,placar_visitante,data,round,stage,ano,equipe_casa,equipe_visitante,resultado,Pts_casa,3P_casa,2P_casa,LL_casa,RT_casa,RO_casa,RD_casa,AS_casa,ER_casa,IA%_casa,3PC_casa,3PT_casa,3P%_casa,2PC_casa,2PT_casa,2P%_casa,LLC_casa,LLT_casa,LL%_casa,EN_casa,BR_casa,B/E_casa,TO_casa,FC_casa,T/FC_casa,ET_casa,VI_casa,EF_casa,Pts_visitante,3P_visitante,2P_visitante,LL_visitante,RT_visitante,RO_visitante,RD_visitante,AS_visitante,ER_visitante,IA%_visitante,3PC_visitante,3PT_visitante,3P%_visitante,2PC_visitante,2PT_visitante,2P%_visitante,LLC_visitante,LLT_visitante,LL%_visitante,EN_visitante,BR_visitante,B/E_visitante,TO_visitante,FC_visitante,T/FC_visitante,ET_visitante,VI_visitante,EF_visitante
95,83,2023-03-13,7,2,2022-2023,União Corinthians,Rio Claro,1,80.51266666666666,33.666666666666664,33.37866666666667,13.467333333333332,38.290000000000006,10.910666666666668,27.378,17.712,12.622666666666667,1.4893333333333334,11.222666666666667,34.779333333333334,32.266666666666666,16.687999999999995,33.44466666666667,49.92533333333333,13.467333333333332,18.445333333333338,72.63533333333332,1.6220000000000003,8.356666666666667,0.6933333333333332,2.6653333333333324,20.287999999999997,0.13733333333333336,12.622666666666667,2.443333333333333,89.62133333333333,76.46666666666667,24.0,41.333333333333336,11.133333333333333,30.0,8.066666666666666,21.933333333333334,18.266666666666666,12.133333333333333,1.5680000000000003,8.0,22.933333333333334,34.86533333333333,20.666666666666668,40.266666666666666,51.522000000000006,11.133333333333333,16.066666666666666,68.612,1.0,6.666666666666667,0.5973333333333333,1.6666666666666667,21.4,0.08666666666666668,12.133333333333333,2.2666666666666666,81.46666666666667
