placar_casa,placar_visitante,data,round,stage,ano,equipe_casa,equipe_visitante,resultado,Pts_casa,3P_casa,2P_casa,LL_casa,RT_casa,RO_casa,RD_casa,AS_casa,ER_casa,IA%_casa,3PC_casa,3PT_casa,3P%_casa,2PC_casa,2PT_casa,2P%_casa,LLC_casa,LLT_casa,LL%_casa,EN_casa,BR_casa,B/E_casa,TO_casa,FC_casa,T/FC_casa,ET_casa,VI_casa,EF_casa,Pts_visitante,3P_visitante,2P_visitante,LL_visitante,RT_visitante,RO_visitante,RD_visitante,AS_visitante,ER_visitante,IA%_visitante,3PC_visitante,3PT_visitante,3P%_visitante,2PC_visitante,2PT_visitante,2P%_visitante,LLC_visitante,LLT_visitante,LL%_visitante,EN_visitante,BR_visitante,B/E_visitante,TO_visitante,FC_visitante,T/FC_visitante,ET_visitante,VI_visitante,EF_visitante
85,76,2020-11-19,2,1,2020-2021,Pato Basquete,UNIFACISA,1,67.33333333333333,20.666666666666668,30.0,16.666666666666668,34.556666666666665,13.0,21.55666666666667,12.11,11.776666666666666,1.0266666666666666,6.890000000000001,25.333333333333332,27.386666666666667,15.0,39.556666666666665,37.24333333333333,16.666666666666668,24.666666666666668,68.49,0.3333333333333333,6.223333333333334,0.5333333333333333,1.5566666666666666,22.333333333333332,0.07,11.776666666666666,2.5566666666666666,59.0,82.11,26.333333333333332,42.89000000000001,12.89,37.0,12.11,24.89,17.55666666666667,11.776666666666666,1.49,8.776666666666666,27.333333333333332,32.026666666666664,21.44333333333333,43.223333333333336,49.63666666666666,12.89,17.223333333333333,74.86,0.11,8.333333333333334,0.71,1.2233333333333334,21.223333333333333,0.06,11.776666666666666,2.0,89.77666666666666
