placar_casa,placar_visitante,data,round,stage,ano,equipe_casa,equipe_visitante,resultado,Pts_casa,3P_casa,2P_casa,LL_casa,RT_casa,RO_casa,RD_casa,AS_casa,ER_casa,IA%_casa,3PC_casa,3PT_casa,3P%_casa,2PC_casa,2PT_casa,2P%_casa,LLC_casa,LLT_casa,LL%_casa,EN_casa,BR_casa,B/E_casa,TO_casa,FC_casa,T/FC_casa,ET_casa,VI_casa,EF_casa,Pts_visitante,3P_visitante,2P_visitante,LL_visitante,RT_visitante,RO_visitante,RD_visitante,AS_visitante,ER_visitante,IA%_visitante,3PC_visitante,3PT_visitante,3P%_visitante,2PC_visitante,2PT_visitante,2P%_visitante,LLC_visitante,LLT_visitante,LL%_visitante,EN_visitante,BR_visitante,B/E_visitante,TO_visitante,FC_visitante,T/FC_visitante,ET_visitante,VI_visitante,EF_visitante
76,98,2024-01-10,1,2,2023-2024,Paulistano,Sesi Franca,0,76.5,23.1,40.6,12.8,39.53333333333333,13.5,26.033333333333335,15.966666666666667,13.833333333333334,1.1740000000000002,7.7,24.266666666666666,31.610000000000007,20.3,40.13333333333333,50.705333333333336,12.8,18.166666666666668,70.62733333333333,2.066666666666667,8.4,0.622,2.533333333333333,20.866666666666667,0.12266666666666669,13.833333333333334,2.433333333333333,87.33333333333333,85.53399999999998,31.1,40.20133333333333,14.232666666666667,39.166666666666664,10.167333333333334,29.001333333333335,18.699333333333335,14.666666666666666,1.3026666666666666,10.366666666666667,27.531999999999996,37.613333333333344,20.098666666666663,35.734,56.412666666666674,14.232666666666667,17.865333333333332,79.66800000000002,1.9666666666666666,6.465999999999999,0.45199999999999996,2.7680000000000002,18.267333333333333,0.16466666666666666,14.666666666666666,3.068,101.532
