placar_casa,placar_visitante,data,round,stage,ano,equipe_casa,equipe_visitante,resultado,Pts_casa,3P_casa,2P_casa,LL_casa,RT_casa,RO_casa,RD_casa,AS_casa,ER_casa,IA%_casa,3PC_casa,3PT_casa,3P%_casa,2PC_casa,2PT_casa,2P%_casa,LLC_casa,LLT_casa,LL%_casa,EN_casa,BR_casa,B/E_casa,TO_casa,FC_casa,T/FC_casa,ET_casa,VI_casa,EF_casa,Pts_visitante,3P_visitante,2P_visitante,LL_visitante,RT_visitante,RO_visitante,RD_visitante,AS_visitante,ER_visitante,IA%_visitante,3PC_visitante,3PT_visitante,3P%_visitante,2PC_visitante,2PT_visitante,2P%_visitante,LLC_visitante,LLT_visitante,LL%_visitante,EN_visitante,BR_visitante,B/E_visitante,TO_visitante,FC_visitante,T/FC_visitante,ET_visitante,VI_visitante,EF_visitante
89,73,2018-11-24,6,1,2018-2019,Sesi Franca,Paulistano,1,87.4,33.6,38.5,15.3,35.0,8.2,26.8,18.3,11.2,1.637,11.2,30.15,37.129999999999995,19.25,31.85,60.527,15.3,18.35,82.73499999999999,2.35,6.05,0.548,1.85,18.35,0.10800000000000001,11.2,1.25,102.7,81.05555555555556,28.166666666666668,36.333333333333336,16.555555555555557,41.388888888888886,11.666666666666666,29.72222222222222,16.055555555555557,13.333333333333334,1.2522222222222221,9.38888888888889,30.555555555555557,31.01777777777778,18.166666666666668,34.5,52.728888888888896,16.555555555555557,22.0,75.30111111111111,2.388888888888889,6.833333333333333,0.5244444444444444,2.1666666666666665,21.666666666666668,0.10111111111111112,13.333333333333334,2.111111111111111,91.11111111111111
