placar_casa,placar_visitante,data,round,stage,ano,equipe_casa,equipe_visitante,resultado,Pts_casa,3P_casa,2P_casa,LL_casa,RT_casa,RO_casa,RD_casa,AS_casa,ER_casa,IA%_casa,3PC_casa,3PT_casa,3P%_casa,2PC_casa,2PT_casa,2P%_casa,LLC_casa,LLT_casa,LL%_casa,EN_casa,BR_casa,B/E_casa,TO_casa,FC_casa,T/FC_casa,ET_casa,VI_casa,EF_casa,Pts_visitante,3P_visitante,2P_visitante,LL_visitante,RT_visitante,RO_visitante,RD_visitante,AS_visitante,ER_visitante,IA%_visitante,3PC_visitante,3PT_visitante,3P%_visitante,2PC_visitante,2PT_visitante,2P%_visitante,LLC_visitante,LLT_visitante,LL%_visitante,EN_visitante,BR_visitante,B/E_visitante,TO_visitante,FC_visitante,T/FC_visitante,ET_visitante,VI_visitante,EF_visitante
79,70,2023-04-01,8,2,2022-2023,Flamengo,São Paulo,1,86.00066666666666,37.1,37.53333333333333,11.367333333333333,41.66533333333333,11.533333333333333,30.134000000000004,21.066666666666666,11.934,1.9046666666666665,12.366666666666669,33.03333333333333,37.344,18.766666666666666,32.4,57.64933333333333,11.367333333333333,15.46733333333333,73.27266666666667,1.2,6.501333333333334,0.5873333333333335,2.2659999999999996,15.831999999999997,0.14733333333333334,11.934,2.066666666666667,107.166,84.19933333333334,32.8,37.93266666666667,13.466666666666667,35.56733333333333,8.399333333333333,27.165999999999997,18.100666666666665,13.400666666666666,1.458,10.932666666666668,29.734,36.535333333333334,18.967333333333332,33.367333333333335,56.91933333333334,13.466666666666667,18.099333333333334,74.98199999999999,1.7666666666666666,7.133333333333334,0.5793333333333334,1.6333333333333333,18.766666666666666,0.08933333333333335,13.400666666666666,2.533333333333333,95.39933333333335
