placar_casa,placar_visitante,data,round,stage,ano,equipe_casa,equipe_visitante,resultado,Pts_casa,3P_casa,2P_casa,LL_casa,RT_casa,RO_casa,RD_casa,AS_casa,ER_casa,IA%_casa,3PC_casa,3PT_casa,3P%_casa,2PC_casa,2PT_casa,2P%_casa,LLC_casa,LLT_casa,LL%_casa,EN_casa,BR_casa,B/E_casa,TO_casa,FC_casa,T/FC_casa,ET_casa,VI_casa,EF_casa,Pts_visitante,3P_visitante,2P_visitante,LL_visitante,RT_visitante,RO_visitante,RD_visitante,AS_visitante,ER_visitante,IA%_visitante,3PC_visitante,3PT_visitante,3P%_visitante,2PC_visitante,2PT_visitante,2P%_visitante,LLC_visitante,LLT_visitante,LL%_visitante,EN_visitante,BR_visitante,B/E_visitante,TO_visitante,FC_visitante,T/FC_visitante,ET_visitante,VI_visitante,EF_visitante
89,80,2025-03-17,12,2,2024-2025,Pinheiros,São José Basketball,1,77.66666666666667,25.7,37.53333333333333,14.433333333333334,38.06666666666667,13.1,24.966666666666665,14.5,12.666666666666666,1.2186666666666668,8.566666666666666,27.266666666666666,30.786666666666672,18.766666666666666,36.666666666666664,51.21399999999999,14.433333333333334,21.133333333333333,67.68466666666667,1.5333333333333334,6.6,0.5233333333333333,1.4,21.533333333333335,0.06666666666666667,12.666666666666666,1.7,82.26666666666667,80.96666666666667,29.0,35.06666666666667,16.9,41.4,13.266666666666667,28.133333333333333,17.366666666666667,14.433333333333334,1.295333333333333,9.666666666666666,29.2,32.76466666666667,17.533333333333335,36.36666666666667,48.64733333333334,16.9,22.3,75.75533333333333,1.5333333333333334,7.6,0.5473333333333332,2.466666666666667,18.833333333333332,0.13133333333333336,14.433333333333334,2.466666666666667,91.6
