placar_casa,placar_visitante,data,round,stage,ano,equipe_casa,equipe_visitante,resultado,Pts_casa,3P_casa,2P_casa,LL_casa,RT_casa,RO_casa,RD_casa,AS_casa,ER_casa,IA%_casa,3PC_casa,3PT_casa,3P%_casa,2PC_casa,2PT_casa,2P%_casa,LLC_casa,LLT_casa,LL%_casa,EN_casa,BR_casa,B/E_casa,TO_casa,FC_casa,T/FC_casa,ET_casa,VI_casa,EF_casa,Pts_visitante,3P_visitante,2P_visitante,LL_visitante,RT_visitante,RO_visitante,RD_visitante,AS_visitante,ER_visitante,IA%_visitante,3PC_visitante,3PT_visitante,3P%_visitante,2PC_visitante,2PT_visitante,2P%_visitante,LLC_visitante,LLT_visitante,LL%_visitante,EN_visitante,BR_visitante,B/E_visitante,TO_visitante,FC_visitante,T/FC_visitante,ET_visitante,VI_visitante,EF_visitante
85,90,2013-02-14,5,2,2012-2013,Joinville,Mogi,0,71.13333333333334,62.2,41.46666666666667,12.466666666666667,31.4,11.0,20.4,12.6,15.8,0.8566666666666667,5.733333333333333,19.733333333333334,28.998666666666672,20.733333333333334,42.86666666666667,48.10333333333333,12.466666666666667,18.466666666666665,68.74799999999999,1.9333333333333333,8.4,0.5559999999999999,3.8,20.8,0.19733333333333333,15.8,3.466666666666667,78.86666666666666,74.6,56.6,37.733333333333334,16.866666666666667,30.666666666666668,8.4,22.266666666666666,12.266666666666667,14.533333333333333,1.0493333333333335,6.666666666666667,19.8,33.477333333333334,18.866666666666667,40.86666666666667,46.4,16.866666666666667,22.4,74.70133333333334,0.2,5.2,0.42133333333333334,1.0,22.533333333333335,0.04666666666666666,14.533333333333333,2.6,76.66666666666667
