placar_casa,placar_visitante,data,round,stage,ano,equipe_casa,equipe_visitante,resultado,Pts_casa,3P_casa,2P_casa,LL_casa,RT_casa,RO_casa,RD_casa,AS_casa,ER_casa,IA%_casa,3PC_casa,3PT_casa,3P%_casa,2PC_casa,2PT_casa,2P%_casa,LLC_casa,LLT_casa,LL%_casa,EN_casa,BR_casa,B/E_casa,TO_casa,FC_casa,T/FC_casa,ET_casa,VI_casa,EF_casa,Pts_visitante,3P_visitante,2P_visitante,LL_visitante,RT_visitante,RO_visitante,RD_visitante,AS_visitante,ER_visitante,IA%_visitante,3PC_visitante,3PT_visitante,3P%_visitante,2PC_visitante,2PT_visitante,2P%_visitante,LLC_visitante,LLT_visitante,LL%_visitante,EN_visitante,BR_visitante,B/E_visitante,TO_visitante,FC_visitante,T/FC_visitante,ET_visitante,VI_visitante,EF_visitante
74,89,2013-03-09,10,2,2012-2013,Flamengo,Bauru Basket,0,92.86666666666666,72.4,48.266666666666666,17.8,35.0,9.2,25.8,15.466666666666667,10.866666666666667,1.7340000000000002,8.933333333333334,22.933333333333334,38.999333333333325,24.133333333333333,42.666666666666664,56.976,17.8,23.4,75.81133333333334,1.5333333333333334,6.866666666666666,0.6839999999999999,1.4666666666666666,18.533333333333335,0.08066666666666668,10.866666666666667,2.8,111.06666666666666,82.4,65.8,43.86666666666667,13.133333333333333,31.0,8.866666666666667,22.133333333333333,16.133333333333333,11.133333333333333,1.5273333333333332,8.466666666666667,22.6,37.37066666666666,21.933333333333334,40.4,54.70933333333333,13.133333333333333,17.133333333333333,77.08066666666666,1.8666666666666667,7.933333333333334,0.7453333333333332,2.2,18.533333333333335,0.11800000000000004,11.133333333333333,2.3333333333333335,98.26666666666667
