placar_casa,placar_visitante,data,round,stage,ano,equipe_casa,equipe_visitante,resultado,Pts_casa,3P_casa,2P_casa,LL_casa,RT_casa,RO_casa,RD_casa,AS_casa,ER_casa,IA%_casa,3PC_casa,3PT_casa,3P%_casa,2PC_casa,2PT_casa,2P%_casa,LLC_casa,LLT_casa,LL%_casa,EN_casa,BR_casa,B/E_casa,TO_casa,FC_casa,T/FC_casa,ET_casa,VI_casa,EF_casa,Pts_visitante,3P_visitante,2P_visitante,LL_visitante,RT_visitante,RO_visitante,RD_visitante,AS_visitante,ER_visitante,IA%_visitante,3PC_visitante,3PT_visitante,3P%_visitante,2PC_visitante,2PT_visitante,2P%_visitante,LLC_visitante,LLT_visitante,LL%_visitante,EN_visitante,BR_visitante,B/E_visitante,TO_visitante,FC_visitante,T/FC_visitante,ET_visitante,VI_visitante,EF_visitante
75,95,2009-05-06,13,2,2008-2009,Saldanha,Bauru Basket,0,72.8,26.2,34.0,12.6,29.8,10.0,19.8,13.066666666666666,18.466666666666665,0.7553333333333333,8.733333333333333,26.466666666666665,33.258,17.0,34.46666666666667,49.47933333333334,12.6,20.6,61.994666666666674,3.1333333333333333,9.8,0.5640000000000001,1.6,22.4,0.07400000000000002,18.466666666666665,0.0,65.4,82.8,26.6,39.86666666666667,16.333333333333332,30.066666666666666,10.133333333333333,19.933333333333334,13.4,9.733333333333333,1.694,8.866666666666667,23.666666666666668,37.330000000000005,19.933333333333334,37.266666666666666,53.76333333333333,16.333333333333332,21.866666666666667,75.70399999999998,1.2,6.866666666666666,0.8339999999999999,1.6,19.066666666666666,0.08466666666666667,9.733333333333333,0.0,87.33333333333333
