placar_casa,placar_visitante,data,round,stage,ano,equipe_casa,equipe_visitante,resultado,Pts_casa,3P_casa,2P_casa,LL_casa,RT_casa,RO_casa,RD_casa,AS_casa,ER_casa,IA%_casa,3PC_casa,3PT_casa,3P%_casa,2PC_casa,2PT_casa,2P%_casa,LLC_casa,LLT_casa,LL%_casa,EN_casa,BR_casa,B/E_casa,TO_casa,FC_casa,T/FC_casa,ET_casa,VI_casa,EF_casa,Pts_visitante,3P_visitante,2P_visitante,LL_visitante,RT_visitante,RO_visitante,RD_visitante,AS_visitante,ER_visitante,IA%_visitante,3PC_visitante,3PT_visitante,3P%_visitante,2PC_visitante,2PT_visitante,2P%_visitante,LLC_visitante,LLT_visitante,LL%_visitante,EN_visitante,BR_visitante,B/E_visitante,TO_visitante,FC_visitante,T/FC_visitante,ET_visitante,VI_visitante,EF_visitante
91,96,2013-04-04,17,2,2012-2013,Mogi,Brasília,0,75.4,52.6,37.46666666666667,17.933333333333334,31.2,9.133333333333333,22.066666666666666,12.6,14.2,0.9733333333333333,6.666666666666667,18.533333333333335,36.48333333333334,18.733333333333334,40.53333333333333,46.88066666666667,17.933333333333334,23.933333333333334,74.81333333333332,0.3333333333333333,5.0,0.3833333333333334,1.5333333333333334,22.933333333333334,0.07400000000000001,14.2,2.933333333333333,80.2,90.66666666666667,57.8,41.86666666666667,15.2,33.4,8.933333333333334,24.466666666666665,17.733333333333334,11.933333333333334,1.6653333333333333,11.2,27.666666666666668,40.678,20.933333333333334,36.6,57.4,15.2,19.666666666666668,77.18533333333336,1.3333333333333333,7.133333333333334,0.6566666666666666,2.6,22.2,0.12200000000000003,11.933333333333334,1.8666666666666667,108.86666666666666
