placar_casa,placar_visitante,data,round,stage,ano,equipe_casa,equipe_visitante,resultado,Pts_casa,3P_casa,2P_casa,LL_casa,RT_casa,RO_casa,RD_casa,AS_casa,ER_casa,IA%_casa,3PC_casa,3PT_casa,3P%_casa,2PC_casa,2PT_casa,2P%_casa,LLC_casa,LLT_casa,LL%_casa,EN_casa,BR_casa,B/E_casa,TO_casa,FC_casa,T/FC_casa,ET_casa,VI_casa,EF_casa,Pts_visitante,3P_visitante,2P_visitante,LL_visitante,RT_visitante,RO_visitante,RD_visitante,AS_visitante,ER_visitante,IA%_visitante,3PC_visitante,3PT_visitante,3P%_visitante,2PC_visitante,2PT_visitante,2P%_visitante,LLC_visitante,LLT_visitante,LL%_visitante,EN_visitante,BR_visitante,B/E_visitante,TO_visitante,FC_visitante,T/FC_visitante,ET_visitante,VI_visitante,EF_visitante
78,71,2015-01-29,4,2,2014-2015,Uberlândia,Fortaleza B. C. / CFO,1,78.86666666666666,27.6,37.6,13.666666666666666,30.866666666666667,8.666666666666666,22.2,14.8,14.4,1.1326666666666667,9.2,24.866666666666667,37.232,18.8,35.93333333333333,51.765999999999984,13.666666666666666,16.533333333333335,81.79199999999999,1.5333333333333334,9.466666666666667,0.7546666666666666,2.6666666666666665,22.2,0.12666666666666668,14.4,2.8666666666666667,86.6,74.53333333333333,27.0,34.53333333333333,13.0,33.46666666666667,10.266666666666667,23.2,13.8,12.333333333333334,1.2273333333333334,9.0,30.8,29.041333333333334,17.266666666666666,34.53333333333333,50.141333333333336,13.0,17.8,74.17866666666667,0.5333333333333333,9.933333333333334,0.9380000000000001,2.066666666666667,17.533333333333335,0.12466666666666668,12.333333333333334,2.0,77.6
