placar_casa,placar_visitante,data,round,stage,ano,equipe_casa,equipe_visitante,resultado,Pts_casa,3P_casa,2P_casa,LL_casa,RT_casa,RO_casa,RD_casa,AS_casa,ER_casa,IA%_casa,3PC_casa,3PT_casa,3P%_casa,2PC_casa,2PT_casa,2P%_casa,LLC_casa,LLT_casa,LL%_casa,EN_casa,BR_casa,B/E_casa,TO_casa,FC_casa,T/FC_casa,ET_casa,VI_casa,EF_casa,Pts_visitante,3P_visitante,2P_visitante,LL_visitante,RT_visitante,RO_visitante,RD_visitante,AS_visitante,ER_visitante,IA%_visitante,3PC_visitante,3PT_visitante,3P%_visitante,2PC_visitante,2PT_visitante,2P%_visitante,LLC_visitante,LLT_visitante,LL%_visitante,EN_visitante,BR_visitante,B/E_visitante,TO_visitante,FC_visitante,T/FC_visitante,ET_visitante,VI_visitante,EF_visitante
71,85,2013-01-05,11,1,2012-2013,Suzano,Fortaleza B. C. / CFO,0,77.11111111111111,57.333333333333336,38.22222222222222,13.555555555555555,26.333333333333332,9.11111111111111,17.22222222222222,11.444444444444445,16.77777777777778,0.7077777777777778,8.444444444444445,23.444444444444443,36.67111111111111,19.11111111111111,39.44444444444444,49.00555555555556,13.555555555555555,20.0,67.82,0.4444444444444444,8.11111111111111,0.5222222222222221,2.3333333333333335,19.77777777777778,0.12555555555555556,16.77777777777778,3.111111111111111,76.33333333333333,72.5,60.0,40.0,12.625,30.625,9.5,21.125,10.75,11.25,1.005,6.625,21.375,32.338750000000005,20.0,41.5,48.54,12.625,18.5,66.7,1.25,6.5,0.6712500000000001,2.5,21.25,0.12,11.25,2.875,78.25
