placar_casa,placar_visitante,data,round,stage,ano,equipe_casa,equipe_visitante,resultado,Pts_casa,3P_casa,2P_casa,LL_casa,RT_casa,RO_casa,RD_casa,AS_casa,ER_casa,IA%_casa,3PC_casa,3PT_casa,3P%_casa,2PC_casa,2PT_casa,2P%_casa,LLC_casa,LLT_casa,LL%_casa,EN_casa,BR_casa,B/E_casa,TO_casa,FC_casa,T/FC_casa,ET_casa,VI_casa,EF_casa,Pts_visitante,3P_visitante,2P_visitante,LL_visitante,RT_visitante,RO_visitante,RD_visitante,AS_visitante,ER_visitante,IA%_visitante,3PC_visitante,3PT_visitante,3P%_visitante,2PC_visitante,2PT_visitante,2P%_visitante,LLC_visitante,LLT_visitante,LL%_visitante,EN_visitante,BR_visitante,B/E_visitante,TO_visitante,FC_visitante,T/FC_visitante,ET_visitante,VI_visitante,EF_visitante
90,68,2019-04-24,3,4,2018-2019,Sesi Franca,Bauru Basket,1,86.33333333333333,32.4,40.0,13.933333333333334,35.6,8.666666666666666,26.933333333333334,18.133333333333333,12.0,1.5559999999999998,10.8,28.066666666666666,38.686666666666675,20.0,35.0,57.51200000000001,13.933333333333334,18.4,76.198,1.7333333333333334,8.4,0.7466666666666666,2.1333333333333333,18.133333333333333,0.11800000000000002,12.0,1.8666666666666667,101.73333333333333,78.13333333333334,28.8,37.06666666666667,12.266666666666667,32.733333333333334,8.6,24.133333333333333,16.866666666666667,12.8,1.3466666666666665,9.6,28.933333333333334,33.514,18.533333333333335,33.53333333333333,54.958666666666666,12.266666666666667,15.866666666666667,78.42133333333332,0.8666666666666667,7.4,0.5793333333333333,1.8666666666666667,20.666666666666668,0.08666666666666668,12.8,1.6,86.13333333333334
