placar_casa,placar_visitante,data,round,stage,ano,equipe_casa,equipe_visitante,resultado,Pts_casa,3P_casa,2P_casa,LL_casa,RT_casa,RO_casa,RD_casa,AS_casa,ER_casa,IA%_casa,3PC_casa,3PT_casa,3P%_casa,2PC_casa,2PT_casa,2P%_casa,LLC_casa,LLT_casa,LL%_casa,EN_casa,BR_casa,B/E_casa,TO_casa,FC_casa,T/FC_casa,ET_casa,VI_casa,EF_casa,Pts_visitante,3P_visitante,2P_visitante,LL_visitante,RT_visitante,RO_visitante,RD_visitante,AS_visitante,ER_visitante,IA%_visitante,3PC_visitante,3PT_visitante,3P%_visitante,2PC_visitante,2PT_visitante,2P%_visitante,LLC_visitante,LLT_visitante,LL%_visitante,EN_visitante,BR_visitante,B/E_visitante,TO_visitante,FC_visitante,T/FC_visitante,ET_visitante,VI_visitante,EF_visitante
94,90,2010-03-26,11,2,2009-2010,Araraquara,Pinheiros,1,79.46666666666667,26.6,38.53333333333333,14.333333333333334,29.933333333333334,7.8,22.133333333333333,13.6,14.333333333333334,1.0006666666666666,8.866666666666667,23.0,39.33533333333334,19.266666666666666,36.666666666666664,52.11933333333332,14.333333333333334,19.2,74.36533333333334,1.7333333333333334,8.0,0.5946666666666667,2.0,22.2,0.09866666666666667,14.333333333333334,2.533333333333333,82.26666666666667,88.53333333333333,26.0,43.733333333333334,18.8,29.733333333333334,8.333333333333334,21.4,14.266666666666667,13.6,1.0893333333333335,8.666666666666666,22.666666666666668,38.69266666666666,21.866666666666667,39.6,54.852,18.8,23.733333333333334,79.24933333333334,2.066666666666667,6.6,0.5053333333333333,3.4,19.133333333333333,0.18866666666666668,13.6,2.4,92.26666666666667
