placar_casa,placar_visitante,data,round,stage,ano,equipe_casa,equipe_visitante,resultado,Pts_casa,3P_casa,2P_casa,LL_casa,RT_casa,RO_casa,RD_casa,AS_casa,ER_casa,IA%_casa,3PC_casa,3PT_casa,3P%_casa,2PC_casa,2PT_casa,2P%_casa,LLC_casa,LLT_casa,LL%_casa,EN_casa,BR_casa,B/E_casa,TO_casa,FC_casa,T/FC_casa,ET_casa,VI_casa,EF_casa,Pts_visitante,3P_visitante,2P_visitante,LL_visitante,RT_visitante,RO_visitante,RD_visitante,AS_visitante,ER_visitante,IA%_visitante,3PC_visitante,3PT_visitante,3P%_visitante,2PC_visitante,2PT_visitante,2P%_visitante,LLC_visitante,LLT_visitante,LL%_visitante,EN_visitante,BR_visitante,B/E_visitante,TO_visitante,FC_visitante,T/FC_visitante,ET_visitante,VI_visitante,EF_visitante
71,78,2021-04-29,1,4,2020-2021,Corinthians,São Paulo,0,86.866,36.6,36.666000000000004,13.6,37.06733333333333,9.866000000000001,27.199333333333332,19.266666666666666,12.93266666666667,1.5859999999999999,12.2,29.79933333333333,40.95733333333333,18.334000000000003,35.934,51.11466666666667,13.6,17.867333333333338,77.45400000000001,1.4660000000000002,7.266666666666667,0.5966666666666666,2.066,18.79933333333333,0.11133333333333335,12.93266666666667,1.4,100.13333333333334,89.334,34.0,41.599333333333334,13.732666666666667,39.06733333333333,9.532666666666668,29.532666666666668,18.267333333333333,11.066,1.6840000000000002,11.334,29.466666666666665,38.559999999999995,20.800666666666665,36.866,56.32399999999999,13.732666666666667,17.333333333333332,79.50399999999999,2.6006666666666667,7.400666666666667,0.6873333333333332,3.066666666666667,14.400666666666666,0.22133333333333335,11.066,1.3993333333333335,108.26733333333333
