placar_casa,placar_visitante,data,round,stage,ano,equipe_casa,equipe_visitante,resultado,Pts_casa,3P_casa,2P_casa,LL_casa,RT_casa,RO_casa,RD_casa,AS_casa,ER_casa,IA%_casa,3PC_casa,3PT_casa,3P%_casa,2PC_casa,2PT_casa,2P%_casa,LLC_casa,LLT_casa,LL%_casa,EN_casa,BR_casa,B/E_casa,TO_casa,FC_casa,T/FC_casa,ET_casa,VI_casa,EF_casa,Pts_visitante,3P_visitante,2P_visitante,LL_visitante,RT_visitante,RO_visitante,RD_visitante,AS_visitante,ER_visitante,IA%_visitante,3PC_visitante,3PT_visitante,3P%_visitante,2PC_visitante,2PT_visitante,2P%_visitante,LLC_visitante,LLT_visitante,LL%_visitante,EN_visitante,BR_visitante,B/E_visitante,TO_visitante,FC_visitante,T/FC_visitante,ET_visitante,VI_visitante,EF_visitante
78,77,2013-01-12,14,1,2012-2013,Sesi Franca,Minas,1,80.46153846153847,74.53846153846153,49.69230769230769,13.692307692307692,32.84615384615385,8.846153846153847,24.0,16.76923076923077,15.461538461538462,1.3076923076923077,5.6923076923076925,16.53846153846154,35.03692307692308,24.846153846153847,44.84615384615385,55.439230769230775,13.692307692307692,20.76923076923077,66.40230769230769,3.923076923076923,10.076923076923077,0.783076923076923,3.6923076923076925,18.076923076923077,0.20615384615384616,15.461538461538462,3.3076923076923075,100.84615384615384,83.0909090909091,62.72727272727273,41.81818181818182,16.454545454545453,25.727272727272727,7.090909090909091,18.636363636363637,14.909090909090908,12.545454545454545,1.3327272727272728,8.272727272727273,21.454545454545453,38.57636363636364,20.90909090909091,36.90909090909091,56.66,16.454545454545453,20.90909090909091,78.03727272727272,0.7272727272727273,7.363636363636363,0.6327272727272727,2.1818181818181817,21.454545454545453,0.10454545454545455,12.545454545454545,3.090909090909091,94.63636363636364
