placar_casa,placar_visitante,data,round,stage,ano,equipe_casa,equipe_visitante,resultado,Pts_casa,3P_casa,2P_casa,LL_casa,RT_casa,RO_casa,RD_casa,AS_casa,ER_casa,IA%_casa,3PC_casa,3PT_casa,3P%_casa,2PC_casa,2PT_casa,2P%_casa,LLC_casa,LLT_casa,LL%_casa,EN_casa,BR_casa,B/E_casa,TO_casa,FC_casa,T/FC_casa,ET_casa,VI_casa,EF_casa,Pts_visitante,3P_visitante,2P_visitante,LL_visitante,RT_visitante,RO_visitante,RD_visitante,AS_visitante,ER_visitante,IA%_visitante,3PC_visitante,3PT_visitante,3P%_visitante,2PC_visitante,2PT_visitante,2P%_visitante,LLC_visitante,LLT_visitante,LL%_visitante,EN_visitante,BR_visitante,B/E_visitante,TO_visitante,FC_visitante,T/FC_visitante,ET_visitante,VI_visitante,EF_visitante
61,85,2014-03-17,12,1,2013-2014,Espírito Santo,Sesi Franca,0,71.73333333333333,18.0,38.93333333333333,14.8,32.53333333333333,10.466666666666667,22.066666666666666,10.4,13.933333333333334,0.8460000000000001,6.0,22.533333333333335,26.567333333333334,19.466666666666665,38.6,51.114000000000004,14.8,20.066666666666666,73.06066666666666,1.3333333333333333,8.466666666666667,0.6773333333333335,1.8,22.733333333333334,0.08066666666666666,13.933333333333334,3.0,70.06666666666666,82.53333333333333,20.8,46.53333333333333,15.2,34.2,11.8,22.4,13.866666666666667,13.2,1.104,6.933333333333334,19.4,34.99133333333334,23.266666666666666,43.4,53.64200000000001,15.2,19.866666666666667,75.69733333333333,2.3333333333333335,10.4,0.8099999999999999,3.066666666666667,19.4,0.15599999999999997,13.2,1.8,93.53333333333333
