placar_casa,placar_visitante,data,round,stage,ano,equipe_casa,equipe_visitante,resultado,Pts_casa,3P_casa,2P_casa,LL_casa,RT_casa,RO_casa,RD_casa,AS_casa,ER_casa,IA%_casa,3PC_casa,3PT_casa,3P%_casa,2PC_casa,2PT_casa,2P%_casa,LLC_casa,LLT_casa,LL%_casa,EN_casa,BR_casa,B/E_casa,TO_casa,FC_casa,T/FC_casa,ET_casa,VI_casa,EF_casa,Pts_visitante,3P_visitante,2P_visitante,LL_visitante,RT_visitante,RO_visitante,RD_visitante,AS_visitante,ER_visitante,IA%_visitante,3PC_visitante,3PT_visitante,3P%_visitante,2PC_visitante,2PT_visitante,2P%_visitante,LLC_visitante,LLT_visitante,LL%_visitante,EN_visitante,BR_visitante,B/E_visitante,TO_visitante,FC_visitante,T/FC_visitante,ET_visitante,VI_visitante,EF_visitante
76,75,2010-03-21,10,2,2009-2010,Saldanha,Brasília,1,70.4,14.4,45.46666666666667,10.533333333333333,29.533333333333335,9.066666666666666,20.466666666666665,8.333333333333334,11.733333333333333,0.7379999999999999,4.8,17.2,28.682,22.733333333333334,46.266666666666666,49.09066666666667,10.533333333333333,18.6,57.198666666666675,1.6666666666666667,8.933333333333334,0.8320000000000001,1.8,19.133333333333333,0.09666666666666668,11.733333333333333,3.3333333333333335,63.266666666666666,93.86666666666666,23.8,52.93333333333333,17.133333333333333,34.2,10.4,23.8,18.666666666666668,11.8,1.7346666666666668,7.933333333333334,23.8,33.22066666666667,26.466666666666665,43.0,62.21133333333333,17.133333333333333,22.066666666666666,76.47533333333334,1.9333333333333333,8.333333333333334,0.764,3.2,18.0,0.2073333333333333,11.8,2.1333333333333333,109.13333333333334
