placar_casa,placar_visitante,data,round,stage,ano,equipe_casa,equipe_visitante,resultado,Pts_casa,3P_casa,2P_casa,LL_casa,RT_casa,RO_casa,RD_casa,AS_casa,ER_casa,IA%_casa,3PC_casa,3PT_casa,3P%_casa,2PC_casa,2PT_casa,2P%_casa,LLC_casa,LLT_casa,LL%_casa,EN_casa,BR_casa,B/E_casa,TO_casa,FC_casa,T/FC_casa,ET_casa,VI_casa,EF_casa,Pts_visitante,3P_visitante,2P_visitante,LL_visitante,RT_visitante,RO_visitante,RD_visitante,AS_visitante,ER_visitante,IA%_visitante,3PC_visitante,3PT_visitante,3P%_visitante,2PC_visitante,2PT_visitante,2P%_visitante,LLC_visitante,LLT_visitante,LL%_visitante,EN_visitante,BR_visitante,B/E_visitante,TO_visitante,FC_visitante,T/FC_visitante,ET_visitante,VI_visitante,EF_visitante
90,73,2014-01-27,8,2,2013-2014,Flamengo,Espírito Santo,1,81.53333333333333,25.8,39.06666666666667,16.666666666666668,37.2,11.866666666666667,25.333333333333332,15.466666666666667,14.0,1.1533333333333333,8.6,24.266666666666666,35.36333333333334,19.533333333333335,37.4,52.89266666666666,16.666666666666668,22.0,75.93066666666667,2.066666666666667,8.733333333333333,0.6486666666666667,2.0,20.2,0.09933333333333336,14.0,2.533333333333333,92.06666666666666,68.53333333333333,24.4,32.0,12.133333333333333,29.2,9.2,20.0,11.2,13.6,0.9573333333333334,8.133333333333333,24.333333333333332,33.28333333333334,16.0,33.13333333333333,48.589333333333336,12.133333333333333,16.733333333333334,73.42533333333334,1.2,7.2,0.6046666666666667,1.0666666666666667,20.0,0.051333333333333335,13.6,3.2,65.66666666666667
