placar_casa,placar_visitante,data,round,stage,ano,equipe_casa,equipe_visitante,resultado,Pts_casa,3P_casa,2P_casa,LL_casa,RT_casa,RO_casa,RD_casa,AS_casa,ER_casa,IA%_casa,3PC_casa,3PT_casa,3P%_casa,2PC_casa,2PT_casa,2P%_casa,LLC_casa,LLT_casa,LL%_casa,EN_casa,BR_casa,B/E_casa,TO_casa,FC_casa,T/FC_casa,ET_casa,VI_casa,EF_casa,Pts_visitante,3P_visitante,2P_visitante,LL_visitante,RT_visitante,RO_visitante,RD_visitante,AS_visitante,ER_visitante,IA%_visitante,3PC_visitante,3PT_visitante,3P%_visitante,2PC_visitante,2PT_visitante,2P%_visitante,LLC_visitante,LLT_visitante,LL%_visitante,EN_visitante,BR_visitante,B/E_visitante,TO_visitante,FC_visitante,T/FC_visitante,ET_visitante,VI_visitante,EF_visitante
67,64,2013-04-20,3,3,2012-2013,Coop/São José Basketball,Minas,1,79.4,47.4,39.06666666666667,15.533333333333333,30.733333333333334,7.533333333333333,23.2,18.4,14.4,1.3900000000000001,8.266666666666667,22.066666666666666,37.190000000000005,19.533333333333335,36.266666666666666,53.92200000000001,15.533333333333333,20.0,77.25866666666667,0.5333333333333333,5.933333333333334,0.42266666666666663,3.3333333333333335,17.533333333333335,0.20266666666666666,14.4,2.066666666666667,92.33333333333333,78.86666666666666,41.4,40.53333333333333,17.733333333333334,31.6,9.866666666666667,21.733333333333334,15.266666666666667,14.8,1.1206666666666665,6.866666666666666,19.666666666666668,34.69266666666667,20.266666666666666,41.0,49.28666666666667,17.733333333333334,22.2,79.65133333333333,0.9333333333333333,7.4,0.5279999999999999,2.8666666666666667,20.533333333333335,0.14666666666666664,14.8,2.8666666666666667,86.73333333333333
