placar_casa,placar_visitante,data,round,stage,ano,equipe_casa,equipe_visitante,resultado,Pts_casa,3P_casa,2P_casa,LL_casa,RT_casa,RO_casa,RD_casa,AS_casa,ER_casa,IA%_casa,3PC_casa,3PT_casa,3P%_casa,2PC_casa,2PT_casa,2P%_casa,LLC_casa,LLT_casa,LL%_casa,EN_casa,BR_casa,B/E_casa,TO_casa,FC_casa,T/FC_casa,ET_casa,VI_casa,EF_casa,Pts_visitante,3P_visitante,2P_visitante,LL_visitante,RT_visitante,RO_visitante,RD_visitante,AS_visitante,ER_visitante,IA%_visitante,3PC_visitante,3PT_visitante,3P%_visitante,2PC_visitante,2PT_visitante,2P%_visitante,LLC_visitante,LLT_visitante,LL%_visitante,EN_visitante,BR_visitante,B/E_visitante,TO_visitante,FC_visitante,T/FC_visitante,ET_visitante,VI_visitante,EF_visitante
82,50,2015-12-08,9,1,2015-2016,Paulistano,Minas,1,84.85714285714286,33.42857142857143,39.142857142857146,12.285714285714286,38.57142857142857,11.428571428571429,27.142857142857142,16.285714285714285,14.142857142857142,1.3085714285714285,11.142857142857142,25.857142857142858,42.96,19.571428571428573,37.714285714285715,52.121428571428574,12.285714285714286,16.0,77.14571428571428,1.5714285714285714,8.857142857142858,0.6928571428571428,1.8571428571428572,19.571428571428573,0.10571428571428572,14.142857142857142,4.285714285714286,99.71428571428571,72.5,21.0,38.0,13.5,34.25,10.0,24.25,16.25,13.125,1.33875,7.0,22.75,30.89875,19.0,37.375,51.1525,13.5,18.875,71.97999999999999,1.875,9.125,0.7475,2.875,21.25,0.13624999999999998,13.125,4.0,82.375
