placar_casa,placar_visitante,data,round,stage,ano,equipe_casa,equipe_visitante,resultado,Pts_casa,3P_casa,2P_casa,LL_casa,RT_casa,RO_casa,RD_casa,AS_casa,ER_casa,IA%_casa,3PC_casa,3PT_casa,3P%_casa,2PC_casa,2PT_casa,2P%_casa,LLC_casa,LLT_casa,LL%_casa,EN_casa,BR_casa,B/E_casa,TO_casa,FC_casa,T/FC_casa,ET_casa,VI_casa,EF_casa,Pts_visitante,3P_visitante,2P_visitante,LL_visitante,RT_visitante,RO_visitante,RD_visitante,AS_visitante,ER_visitante,IA%_visitante,3PC_visitante,3PT_visitante,3P%_visitante,2PC_visitante,2PT_visitante,2P%_visitante,LLC_visitante,LLT_visitante,LL%_visitante,EN_visitante,BR_visitante,B/E_visitante,TO_visitante,FC_visitante,T/FC_visitante,ET_visitante,VI_visitante,EF_visitante
83,64,2015-03-20,13,2,2014-2015,Limeira,Uberlândia,1,82.93333333333334,27.4,39.733333333333334,15.8,30.2,7.466666666666667,22.733333333333334,18.066666666666666,11.666666666666666,1.664,9.133333333333333,22.666666666666668,40.068,19.866666666666667,36.4,54.37533333333333,15.8,19.533333333333335,79.46733333333333,2.4,9.866666666666667,0.888,3.066666666666667,19.6,0.15933333333333335,11.666666666666666,2.6,98.66666666666667,74.0,18.2,38.666666666666664,17.133333333333333,32.06666666666667,7.866666666666666,24.2,13.466666666666667,15.0,0.9753333333333334,6.066666666666666,20.266666666666666,30.181333333333328,19.333333333333332,37.53333333333333,52.13666666666667,17.133333333333333,20.933333333333334,81.87266666666667,1.1333333333333333,9.8,0.7366666666666666,2.533333333333333,22.2,0.12400000000000001,15.0,3.0,80.66666666666667
