placar_casa,placar_visitante,data,round,stage,ano,equipe_casa,equipe_visitante,resultado,Pts_casa,3P_casa,2P_casa,LL_casa,RT_casa,RO_casa,RD_casa,AS_casa,ER_casa,IA%_casa,3PC_casa,3PT_casa,3P%_casa,2PC_casa,2PT_casa,2P%_casa,LLC_casa,LLT_casa,LL%_casa,EN_casa,BR_casa,B/E_casa,TO_casa,FC_casa,T/FC_casa,ET_casa,VI_casa,EF_casa,Pts_visitante,3P_visitante,2P_visitante,LL_visitante,RT_visitante,RO_visitante,RD_visitante,AS_visitante,ER_visitante,IA%_visitante,3PC_visitante,3PT_visitante,3P%_visitante,2PC_visitante,2PT_visitante,2P%_visitante,LLC_visitante,LLT_visitante,LL%_visitante,EN_visitante,BR_visitante,B/E_visitante,TO_visitante,FC_visitante,T/FC_visitante,ET_visitante,VI_visitante,EF_visitante
72,61,2024-03-09,7,2,2023-2024,Pinheiros,Fortaleza B. C. / CFO,1,75.13266666666667,24.9,36.333999999999996,13.900666666666666,38.0,11.299333333333333,26.700666666666667,18.899333333333335,12.566,1.6653333333333336,8.299333333333333,25.966666666666665,32.855333333333334,18.166,36.532666666666664,49.876,13.900666666666666,18.500666666666667,74.708,1.2339999999999998,4.866666666666666,0.4093333333333334,2.5006666666666666,19.6,0.12666666666666668,12.566,2.2993333333333337,86.19933333333333,80.344,21.466666666666665,41.71066666666666,17.166666666666668,38.5,9.2,29.3,15.622666666666667,14.510666666666667,1.1406666666666667,7.156000000000001,22.710666666666665,30.266666666666662,20.856,36.333333333333336,57.12466666666668,17.166666666666668,23.133333333333333,74.47066666666667,1.944,6.110666666666666,0.44400000000000006,1.6106666666666667,20.444,0.07933333333333335,14.510666666666667,2.3666666666666667,90.67733333333332
