placar_casa,placar_visitante,data,round,stage,ano,equipe_casa,equipe_visitante,resultado,Pts_casa,3P_casa,2P_casa,LL_casa,RT_casa,RO_casa,RD_casa,AS_casa,ER_casa,IA%_casa,3PC_casa,3PT_casa,3P%_casa,2PC_casa,2PT_casa,2P%_casa,LLC_casa,LLT_casa,LL%_casa,EN_casa,BR_casa,B/E_casa,TO_casa,FC_casa,T/FC_casa,ET_casa,VI_casa,EF_casa,Pts_visitante,3P_visitante,2P_visitante,LL_visitante,RT_visitante,RO_visitante,RD_visitante,AS_visitante,ER_visitante,IA%_visitante,3PC_visitante,3PT_visitante,3P%_visitante,2PC_visitante,2PT_visitante,2P%_visitante,LLC_visitante,LLT_visitante,LL%_visitante,EN_visitante,BR_visitante,B/E_visitante,TO_visitante,FC_visitante,T/FC_visitante,ET_visitante,VI_visitante,EF_visitante
104,82,2025-02-28,9,2,2024-2025,Vasco da Gama,Mogi Basquete,1,78.866,25.8,36.532666666666664,16.533333333333335,36.333999999999996,10.199333333333334,26.13266666666667,19.733999999999998,13.066666666666666,1.5680000000000003,8.6,28.932666666666666,30.433333333333334,18.267333333333333,32.734,56.00600000000001,16.533333333333335,23.199333333333335,72.08533333333335,1.2666666666666666,6.466,0.512,2.7333333333333334,21.599333333333334,0.12933333333333333,13.066666666666666,2.7333333333333334,89.59933333333333,75.4,27.6,32.86666666666667,14.933333333333334,34.3,9.266666666666667,25.033333333333335,16.266666666666666,13.833333333333334,1.24,9.2,26.0,35.32733333333333,16.433333333333334,34.43333333333333,47.791333333333334,14.933333333333334,21.5,68.25533333333334,1.6,7.666666666666667,0.5893333333333335,1.9666666666666666,21.366666666666667,0.09400000000000003,13.833333333333334,2.7666666666666666,80.4
