placar_casa,placar_visitante,data,round,stage,ano,equipe_casa,equipe_visitante,resultado,Pts_casa,3P_casa,2P_casa,LL_casa,RT_casa,RO_casa,RD_casa,AS_casa,ER_casa,IA%_casa,3PC_casa,3PT_casa,3P%_casa,2PC_casa,2PT_casa,2P%_casa,LLC_casa,LLT_casa,LL%_casa,EN_casa,BR_casa,B/E_casa,TO_casa,FC_casa,T/FC_casa,ET_casa,VI_casa,EF_casa,Pts_visitante,3P_visitante,2P_visitante,LL_visitante,RT_visitante,RO_visitante,RD_visitante,AS_visitante,ER_visitante,IA%_visitante,3PC_visitante,3PT_visitante,3P%_visitante,2PC_visitante,2PT_visitante,2P%_visitante,LLC_visitante,LLT_visitante,LL%_visitante,EN_visitante,BR_visitante,B/E_visitante,TO_visitante,FC_visitante,T/FC_visitante,ET_visitante,VI_visitante,EF_visitante
63,74,2009-03-06,11,1,2008-2009,Espírito Santo,Flamengo,0,75.66666666666667,18.333333333333332,41.55555555555556,15.777777777777779,26.22222222222222,7.777777777777778,18.444444444444443,9.88888888888889,11.333333333333334,0.9588888888888888,6.111111111111111,21.555555555555557,27.956666666666667,20.77777777777778,38.333333333333336,55.03888888888889,15.777777777777779,25.0,64.37666666666665,0.6666666666666666,9.777777777777779,0.8877777777777778,1.2222222222222223,22.11111111111111,0.05888888888888889,11.333333333333334,0.0,69.22222222222223,100.11111111111111,35.333333333333336,49.111111111111114,15.666666666666666,30.555555555555557,9.0,21.555555555555557,18.11111111111111,13.11111111111111,1.5066666666666668,11.777777777777779,24.555555555555557,48.55555555555556,24.555555555555557,41.77777777777778,58.42444444444444,15.666666666666666,19.77777777777778,78.16888888888889,2.0,7.666666666666667,0.6255555555555555,1.3333333333333333,18.77777777777778,0.06777777777777777,13.11111111111111,0.0,110.55555555555556
