placar_casa,placar_visitante,data,round,stage,ano,equipe_casa,equipe_visitante,resultado,Pts_casa,3P_casa,2P_casa,LL_casa,RT_casa,RO_casa,RD_casa,AS_casa,ER_casa,IA%_casa,3PC_casa,3PT_casa,3P%_casa,2PC_casa,2PT_casa,2P%_casa,LLC_casa,LLT_casa,LL%_casa,EN_casa,BR_casa,B/E_casa,TO_casa,FC_casa,T/FC_casa,ET_casa,VI_casa,EF_casa,Pts_visitante,3P_visitante,2P_visitante,LL_visitante,RT_visitante,RO_visitante,RD_visitante,AS_visitante,ER_visitante,IA%_visitante,3PC_visitante,3PT_visitante,3P%_visitante,2PC_visitante,2PT_visitante,2P%_visitante,LLC_visitante,LLT_visitante,LL%_visitante,EN_visitante,BR_visitante,B/E_visitante,TO_visitante,FC_visitante,T/FC_visitante,ET_visitante,VI_visitante,EF_visitante
80,95,2018-12-18,9,1,2018-2019,Joinville / AABJ,Sesi Franca,0,76.625,32.75,31.8325,12.042499999999999,36.708333333333336,11.542499999999999,25.165833333333335,15.375,13.625833333333333,1.2641666666666667,10.915833333333333,28.958333333333332,37.4825,15.917499999999999,33.70916666666667,47.3475,12.042499999999999,18.499166666666667,64.19000000000001,1.0825,6.834166666666666,0.5641666666666667,2.1675,19.75,0.10416666666666667,13.625833333333333,2.5408333333333335,81.625,87.08333333333333,32.5,39.333333333333336,15.25,35.0,8.166666666666666,26.833333333333332,17.916666666666668,11.583333333333334,1.5683333333333334,10.833333333333334,29.416666666666668,36.4775,19.666666666666668,32.083333333333336,61.38666666666666,15.25,18.25,83.22749999999999,2.5,5.583333333333333,0.49916666666666676,1.75,18.25,0.10166666666666668,11.583333333333334,1.3333333333333333,101.58333333333333
