placar_casa,placar_visitante,data,round,stage,ano,equipe_casa,equipe_visitante,resultado,Pts_casa,3P_casa,2P_casa,LL_casa,RT_casa,RO_casa,RD_casa,AS_casa,ER_casa,IA%_casa,3PC_casa,3PT_casa,3P%_casa,2PC_casa,2PT_casa,2P%_casa,LLC_casa,LLT_casa,LL%_casa,EN_casa,BR_casa,B/E_casa,TO_casa,FC_casa,T/FC_casa,ET_casa,VI_casa,EF_casa,Pts_visitante,3P_visitante,2P_visitante,LL_visitante,RT_visitante,RO_visitante,RD_visitante,AS_visitante,ER_visitante,IA%_visitante,3PC_visitante,3PT_visitante,3P%_visitante,2PC_visitante,2PT_visitante,2P%_visitante,LLC_visitante,LLT_visitante,LL%_visitante,EN_visitante,BR_visitante,B/E_visitante,TO_visitante,FC_visitante,T/FC_visitante,ET_visitante,VI_visitante,EF_visitante
76,78,2016-12-15,10,1,2016-2017,Brasília,VipTech CMB,0,86.125,32.625,39.0,14.5,37.0,9.25,27.75,21.75,13.5,1.7312499999999997,10.875,24.875,42.55375,19.5,36.625,53.394999999999996,14.5,18.875,76.0125,1.625,4.75,0.35500000000000004,2.625,17.25,0.15,13.5,3.625,103.25,73.88888888888889,27.333333333333332,31.77777777777778,14.777777777777779,35.666666666666664,10.777777777777779,24.88888888888889,14.777777777777779,14.222222222222221,1.1,9.11111111111111,28.333333333333332,31.91111111111111,15.88888888888889,32.77777777777778,48.730000000000004,14.777777777777779,20.555555555555557,72.62777777777778,1.0,6.111111111111111,0.44000000000000006,3.0,20.77777777777778,0.15111111111111108,14.222222222222221,3.3333333333333335,77.33333333333333
