placar_casa,placar_visitante,data,round,stage,ano,equipe_casa,equipe_visitante,resultado,Pts_casa,3P_casa,2P_casa,LL_casa,RT_casa,RO_casa,RD_casa,AS_casa,ER_casa,IA%_casa,3PC_casa,3PT_casa,3P%_casa,2PC_casa,2PT_casa,2P%_casa,LLC_casa,LLT_casa,LL%_casa,EN_casa,BR_casa,B/E_casa,TO_casa,FC_casa,T/FC_casa,ET_casa,VI_casa,EF_casa,Pts_visitante,3P_visitante,2P_visitante,LL_visitante,RT_visitante,RO_visitante,RD_visitante,AS_visitante,ER_visitante,IA%_visitante,3PC_visitante,3PT_visitante,3P%_visitante,2PC_visitante,2PT_visitante,2P%_visitante,LLC_visitante,LLT_visitante,LL%_visitante,EN_visitante,BR_visitante,B/E_visitante,TO_visitante,FC_visitante,T/FC_visitante,ET_visitante,VI_visitante,EF_visitante
93,79,2021-04-05,8,2,2020-2021,Corinthians,UNIFACISA,1,84.53266666666666,35.8,35.15533333333334,13.578000000000001,37.84466666666666,10.266,27.577333333333332,18.15533333333333,12.844000000000001,1.4860000000000002,11.933333333333334,29.665999999999997,40.08866666666666,17.578,35.734,49.39733333333334,13.578000000000001,17.556,78.58866666666667,1.1553333333333333,6.288666666666667,0.516,1.9773333333333332,19.35533333333333,0.10533333333333335,12.844000000000001,1.3553333333333333,96.08866666666667,80.83466666666666,28.0,41.4,11.434666666666667,34.99933333333333,9.498666666666667,25.50066666666667,18.59933333333333,14.000666666666666,1.4379999999999997,9.333333333333334,25.53333333333334,36.806,20.7,40.0,51.702,11.434666666666667,15.600666666666665,72.33066666666666,0.9666666666666667,7.901333333333334,0.6286666666666666,2.2333333333333334,20.766,0.11200000000000002,14.000666666666666,2.3666666666666663,90.90133333333333
