placar_casa,placar_visitante,data,round,stage,ano,equipe_casa,equipe_visitante,resultado,Pts_casa,3P_casa,2P_casa,LL_casa,RT_casa,RO_casa,RD_casa,AS_casa,ER_casa,IA%_casa,3PC_casa,3PT_casa,3P%_casa,2PC_casa,2PT_casa,2P%_casa,LLC_casa,LLT_casa,LL%_casa,EN_casa,BR_casa,B/E_casa,TO_casa,FC_casa,T/FC_casa,ET_casa,VI_casa,EF_casa,Pts_visitante,3P_visitante,2P_visitante,LL_visitante,RT_visitante,RO_visitante,RD_visitante,AS_visitante,ER_visitante,IA%_visitante,3PC_visitante,3PT_visitante,3P%_visitante,2PC_visitante,2PT_visitante,2P%_visitante,LLC_visitante,LLT_visitante,LL%_visitante,EN_visitante,BR_visitante,B/E_visitante,TO_visitante,FC_visitante,T/FC_visitante,ET_visitante,VI_visitante,EF_visitante
101,98,2015-01-21,1,2,2014-2015,Palmeiras,Rio Claro,1,76.53333333333333,23.6,39.733333333333334,13.2,36.666666666666664,11.266666666666667,25.4,16.066666666666666,14.266666666666667,1.2246666666666666,7.866666666666666,22.533333333333335,35.025999999999996,19.866666666666667,38.46666666666667,51.883333333333326,13.2,17.933333333333334,72.07400000000001,2.7333333333333334,8.466666666666667,0.6319999999999999,1.3333333333333333,17.666666666666668,0.08200000000000002,14.266666666666667,3.6666666666666665,86.8,76.33333333333333,17.4,45.333333333333336,13.6,31.733333333333334,8.0,23.733333333333334,17.266666666666666,14.4,1.333333333333333,5.8,20.6,27.942000000000007,22.666666666666668,41.333333333333336,54.804,13.6,16.933333333333334,79.50600000000001,1.6,10.466666666666667,0.7706666666666666,1.2666666666666666,17.333333333333332,0.08000000000000002,14.4,3.0,85.86666666666666
