placar_casa,placar_visitante,data,round,stage,ano,equipe_casa,equipe_visitante,resultado,Pts_casa,3P_casa,2P_casa,LL_casa,RT_casa,RO_casa,RD_casa,AS_casa,ER_casa,IA%_casa,3PC_casa,3PT_casa,3P%_casa,2PC_casa,2PT_casa,2P%_casa,LLC_casa,LLT_casa,LL%_casa,EN_casa,BR_casa,B/E_casa,TO_casa,FC_casa,T/FC_casa,ET_casa,VI_casa,EF_casa,Pts_visitante,3P_visitante,2P_visitante,LL_visitante,RT_visitante,RO_visitante,RD_visitante,AS_visitante,ER_visitante,IA%_visitante,3PC_visitante,3PT_visitante,3P%_visitante,2PC_visitante,2PT_visitante,2P%_visitante,LLC_visitante,LLT_visitante,LL%_visitante,EN_visitante,BR_visitante,B/E_visitante,TO_visitante,FC_visitante,T/FC_visitante,ET_visitante,VI_visitante,EF_visitante
69,91,2023-12-16,9,1,2023-2024,BRB/Brasília,Paulistano,0,71.84615384615384,26.307692307692307,33.5376923076923,12.000769230769228,32.923846153846156,9.383846153846154,23.537692307692303,12.385384615384613,13.23076923076923,0.9715384615384614,8.76923076923077,26.693076923076926,32.89538461538462,16.770000000000003,37.61538461538461,44.76923076923077,12.000769230769228,17.923846153846156,66.55230769230769,0.9230769230769231,7.922307692307692,0.6153846153846155,1.2307692307692308,20.384615384615383,0.060769230769230784,13.23076923076923,2.923846153846154,68.38538461538461,72.96428571428571,20.357142857142858,40.07142857142857,12.535714285714286,40.964285714285715,14.857142857142858,26.107142857142858,14.75,14.5,1.0678571428571428,6.785714285714286,22.464285714285715,29.835714285714285,20.035714285714285,41.714285714285715,48.008571428571436,12.535714285714286,18.107142857142858,69.575,1.6785714285714286,8.071428571428571,0.5828571428571427,2.642857142857143,19.464285714285715,0.13357142857142856,14.5,2.4642857142857144,81.96428571428571
