placar_casa,placar_visitante,data,round,stage,ano,equipe_casa,equipe_visitante,resultado,Pts_casa,3P_casa,2P_casa,LL_casa,RT_casa,RO_casa,RD_casa,AS_casa,ER_casa,IA%_casa,3PC_casa,3PT_casa,3P%_casa,2PC_casa,2PT_casa,2P%_casa,LLC_casa,LLT_casa,LL%_casa,EN_casa,BR_casa,B/E_casa,TO_casa,FC_casa,T/FC_casa,ET_casa,VI_casa,EF_casa,Pts_visitante,3P_visitante,2P_visitante,LL_visitante,RT_visitante,RO_visitante,RD_visitante,AS_visitante,ER_visitante,IA%_visitante,3PC_visitante,3PT_visitante,3P%_visitante,2PC_visitante,2PT_visitante,2P%_visitante,LLC_visitante,LLT_visitante,LL%_visitante,EN_visitante,BR_visitante,B/E_visitante,TO_visitante,FC_visitante,T/FC_visitante,ET_visitante,VI_visitante,EF_visitante
83,80,2010-04-02,13,2,2009-2010,Pinheiros,Assis,1,87.66666666666667,25.4,43.06666666666667,19.2,29.6,8.733333333333333,20.866666666666667,14.4,13.133333333333333,1.1300000000000001,8.466666666666667,22.866666666666667,37.63199999999999,21.533333333333335,39.733333333333334,54.01866666666667,19.2,23.6,80.78800000000001,2.066666666666667,6.533333333333333,0.516,3.466666666666667,19.533333333333335,0.19266666666666668,13.133333333333333,2.6,91.53333333333333,77.86666666666666,27.4,36.8,13.666666666666666,31.533333333333335,9.6,21.933333333333334,12.666666666666666,10.4,1.3706666666666663,9.133333333333333,26.333333333333332,35.49866666666666,18.4,36.0,51.196000000000005,13.666666666666666,19.066666666666666,71.76933333333334,1.5333333333333334,6.533333333333333,0.6986666666666667,1.8,18.466666666666665,0.09800000000000002,10.4,2.6666666666666665,79.8
