placar_casa,placar_visitante,data,round,stage,ano,equipe_casa,equipe_visitante,resultado,Pts_casa,3P_casa,2P_casa,LL_casa,RT_casa,RO_casa,RD_casa,AS_casa,ER_casa,IA%_casa,3PC_casa,3PT_casa,3P%_casa,2PC_casa,2PT_casa,2P%_casa,LLC_casa,LLT_casa,LL%_casa,EN_casa,BR_casa,B/E_casa,TO_casa,FC_casa,T/FC_casa,ET_casa,VI_casa,EF_casa,Pts_visitante,3P_visitante,2P_visitante,LL_visitante,RT_visitante,RO_visitante,RD_visitante,AS_visitante,ER_visitante,IA%_visitante,3PC_visitante,3PT_visitante,3P%_visitante,2PC_visitante,2PT_visitante,2P%_visitante,LLC_visitante,LLT_visitante,LL%_visitante,EN_visitante,BR_visitante,B/E_visitante,TO_visitante,FC_visitante,T/FC_visitante,ET_visitante,VI_visitante,EF_visitante
86,84,2024-03-02,6,2,2023-2024,Bauru Basket,Minas,1,80.844,26.666666666666668,41.06666666666667,13.110666666666667,35.77733333333333,10.533333333333333,25.243999999999996,19.333333333333332,11.533333333333333,1.7606666666666668,8.889333333333333,27.956000000000003,31.645333333333333,20.533333333333335,38.31066666666666,53.51066666666666,13.110666666666667,16.933333333333334,77.234,2.1333333333333333,7.689333333333334,0.6873333333333332,2.2666666666666666,19.622666666666667,0.11800000000000004,11.533333333333333,2.3106666666666666,93.71066666666665,89.06600000000002,33.2,39.99933333333333,15.866666666666667,41.93333333333333,11.066,30.867333333333338,20.49933333333333,12.866666666666667,1.6753333333333333,11.067333333333332,28.300666666666668,39.00200000000002,20.00066666666667,34.733333333333334,57.632666666666665,15.866666666666667,22.00066666666667,71.49933333333334,2.1333333333333333,5.167333333333334,0.41000000000000003,2.600666666666667,18.567333333333337,0.14933333333333332,12.866666666666667,2.6,108.3
