placar_casa,placar_visitante,data,round,stage,ano,equipe_casa,equipe_visitante,resultado,Pts_casa,3P_casa,2P_casa,LL_casa,RT_casa,RO_casa,RD_casa,AS_casa,ER_casa,IA%_casa,3PC_casa,3PT_casa,3P%_casa,2PC_casa,2PT_casa,2P%_casa,LLC_casa,LLT_casa,LL%_casa,EN_casa,BR_casa,B/E_casa,TO_casa,FC_casa,T/FC_casa,ET_casa,VI_casa,EF_casa,Pts_visitante,3P_visitante,2P_visitante,LL_visitante,RT_visitante,RO_visitante,RD_visitante,AS_visitante,ER_visitante,IA%_visitante,3PC_visitante,3PT_visitante,3P%_visitante,2PC_visitante,2PT_visitante,2P%_visitante,LLC_visitante,LLT_visitante,LL%_visitante,EN_visitante,BR_visitante,B/E_visitante,TO_visitante,FC_visitante,T/FC_visitante,ET_visitante,VI_visitante,EF_visitante
93,88,2024-01-18,2,2,2023-2024,Bauru Basket,Fortaleza B. C. / CFO,1,81.19933333333333,26.4,41.666666666666664,13.132666666666667,35.599333333333334,9.933333333333334,25.665999999999997,19.133333333333333,12.766666666666667,1.5560000000000005,8.800666666666666,27.667333333333335,31.683333333333334,20.833333333333332,37.366,55.83533333333334,13.132666666666667,17.1,76.48,2.2333333333333334,8.200666666666667,0.662,1.8666666666666667,19.034,0.09933333333333334,12.766666666666667,2.732666666666667,93.866,78.36600000000001,22.6,42.666000000000004,13.1,37.2,8.766666666666667,28.433333333333334,16.434000000000005,13.132666666666667,1.308,7.534000000000001,23.432666666666663,31.967333333333332,21.334000000000003,36.833333333333336,57.690666666666665,13.1,19.566666666666666,65.744,1.6660000000000001,5.766,0.476,2.032666666666666,18.965999999999998,0.11600000000000002,13.132666666666667,2.2333333333333334,88.79933333333335
