placar_casa,placar_visitante,data,round,stage,ano,equipe_casa,equipe_visitante,resultado,Pts_casa,3P_casa,2P_casa,LL_casa,RT_casa,RO_casa,RD_casa,AS_casa,ER_casa,IA%_casa,3PC_casa,3PT_casa,3P%_casa,2PC_casa,2PT_casa,2P%_casa,LLC_casa,LLT_casa,LL%_casa,EN_casa,BR_casa,B/E_casa,TO_casa,FC_casa,T/FC_casa,ET_casa,VI_casa,EF_casa,Pts_visitante,3P_visitante,2P_visitante,LL_visitante,RT_visitante,RO_visitante,RD_visitante,AS_visitante,ER_visitante,IA%_visitante,3PC_visitante,3PT_visitante,3P%_visitante,2PC_visitante,2PT_visitante,2P%_visitante,LLC_visitante,LLT_visitante,LL%_visitante,EN_visitante,BR_visitante,B/E_visitante,TO_visitante,FC_visitante,T/FC_visitante,ET_visitante,VI_visitante,EF_visitante
98,73,2014-01-05,13,1,2013-2014,Brasília,Espírito Santo,1,82.18181818181819,33.27272727272727,36.36363636363637,12.545454545454545,33.90909090909091,7.090909090909091,26.818181818181817,13.727272727272727,12.181818181818182,1.34,11.090909090909092,28.545454545454547,39.02090909090909,18.181818181818183,33.81818181818182,54.47727272727272,12.545454545454545,15.454545454545455,81.4190909090909,1.0909090909090908,7.909090909090909,0.67,1.9090909090909092,18.90909090909091,0.10181818181818181,12.181818181818182,1.8181818181818181,91.45454545454545,66.85714285714286,25.714285714285715,27.714285714285715,13.428571428571429,29.142857142857142,9.142857142857142,20.0,11.142857142857142,12.0,1.0685714285714287,8.571428571428571,25.571428571428573,33.90571428571429,13.857142857142858,31.571428571428573,44.42428571428571,13.428571428571429,19.285714285714285,69.01285714285714,1.7142857142857142,7.714285714285714,0.6942857142857143,0.8571428571428571,18.857142857142858,0.045714285714285714,12.0,2.142857142857143,63.142857142857146
