placar_casa,placar_visitante,data,round,stage,ano,equipe_casa,equipe_visitante,resultado,Pts_casa,3P_casa,2P_casa,LL_casa,RT_casa,RO_casa,RD_casa,AS_casa,ER_casa,IA%_casa,3PC_casa,3PT_casa,3P%_casa,2PC_casa,2PT_casa,2P%_casa,LLC_casa,LLT_casa,LL%_casa,EN_casa,BR_casa,B/E_casa,TO_casa,FC_casa,T/FC_casa,ET_casa,VI_casa,EF_casa,Pts_visitante,3P_visitante,2P_visitante,LL_visitante,RT_visitante,RO_visitante,RD_visitante,AS_visitante,ER_visitante,IA%_visitante,3PC_visitante,3PT_visitante,3P%_visitante,2PC_visitante,2PT_visitante,2P%_visitante,LLC_visitante,LLT_visitante,LL%_visitante,EN_visitante,BR_visitante,B/E_visitante,TO_visitante,FC_visitante,T/FC_visitante,ET_visitante,VI_visitante,EF_visitante
81,75,2023-12-23,10,1,2023-2024,R10 Score Vasco da Gama,Fortaleza B. C. / CFO,1,73.36733333333333,27.7,32.99933333333333,12.666,37.89933333333333,9.8,28.099333333333334,19.999333333333333,16.800666666666665,1.2560000000000002,9.234,26.634,34.45133333333333,16.500666666666667,32.132666666666665,51.542666666666655,12.666,17.634,72.81466666666667,1.7,7.634,0.44866666666666677,2.8673333333333333,22.1,0.13133333333333336,16.800666666666665,4.033333333333333,86.96666666666667,77.47571428571429,24.285714285714285,40.33285714285715,12.857142857142858,36.214285714285715,8.071428571428571,28.142857142857142,16.881428571428575,13.547142857142859,1.3157142857142858,8.095714285714285,22.547142857142855,35.463571428571434,20.16714285714286,36.357142857142854,55.26214285714286,12.857142857142858,19.5,64.70071428571428,1.4042857142857141,5.547142857142857,0.4428571428571428,2.261428571428571,18.404285714285713,0.13071428571428573,13.547142857142859,2.7857142857142856,87.54714285714284
