placar_casa,placar_visitante,data,round,stage,ano,equipe_casa,equipe_visitante,resultado,Pts_casa,3P_casa,2P_casa,LL_casa,RT_casa,RO_casa,RD_casa,AS_casa,ER_casa,IA%_casa,3PC_casa,3PT_casa,3P%_casa,2PC_casa,2PT_casa,2P%_casa,LLC_casa,LLT_casa,LL%_casa,EN_casa,BR_casa,B/E_casa,TO_casa,FC_casa,T/FC_casa,ET_casa,VI_casa,EF_casa,Pts_visitante,3P_visitante,2P_visitante,LL_visitante,RT_visitante,RO_visitante,RD_visitante,AS_visitante,ER_visitante,IA%_visitante,3PC_visitante,3PT_visitante,3P%_visitante,2PC_visitante,2PT_visitante,2P%_visitante,LLC_visitante,LLT_visitante,LL%_visitante,EN_visitante,BR_visitante,B/E_visitante,TO_visitante,FC_visitante,T/FC_visitante,ET_visitante,VI_visitante,EF_visitante
81,58,2016-04-09,3,3,2015-2016,Mogi,Vitória,1,82.6,22.8,43.2,16.6,36.86666666666667,11.6,25.266666666666666,16.533333333333335,12.666666666666666,1.398,7.6,23.733333333333334,33.620666666666665,21.6,39.733333333333334,54.422666666666665,16.6,22.866666666666667,72.69666666666667,1.9333333333333333,11.533333333333333,0.996,2.2,20.066666666666666,0.11400000000000002,12.666666666666666,3.066666666666667,96.53333333333333,71.66666666666667,18.6,38.666666666666664,14.4,36.46666666666667,12.6,23.866666666666667,13.066666666666666,15.933333333333334,0.8773333333333333,6.2,22.133333333333333,27.955333333333336,19.333333333333332,42.266666666666666,46.093333333333334,14.4,19.4,73.67333333333333,1.2666666666666666,11.6,0.7660000000000001,1.9333333333333333,21.6,0.09266666666666667,15.933333333333334,3.2666666666666666,74.8
