placar_casa,placar_visitante,data,round,stage,ano,equipe_casa,equipe_visitante,resultado,Pts_casa,3P_casa,2P_casa,LL_casa,RT_casa,RO_casa,RD_casa,AS_casa,ER_casa,IA%_casa,3PC_casa,3PT_casa,3P%_casa,2PC_casa,2PT_casa,2P%_casa,LLC_casa,LLT_casa,LL%_casa,EN_casa,BR_casa,B/E_casa,TO_casa,FC_casa,T/FC_casa,ET_casa,VI_casa,EF_casa,Pts_visitante,3P_visitante,2P_visitante,LL_visitante,RT_visitante,RO_visitante,RD_visitante,AS_visitante,ER_visitante,IA%_visitante,3PC_visitante,3PT_visitante,3P%_visitante,2PC_visitante,2PT_visitante,2P%_visitante,LLC_visitante,LLT_visitante,LL%_visitante,EN_visitante,BR_visitante,B/E_visitante,TO_visitante,FC_visitante,T/FC_visitante,ET_visitante,VI_visitante,EF_visitante
74,79,2010-03-05,5,2,2009-2010,Joinville,Paulistano,0,80.92307692307692,27.23076923076923,37.07692307692308,16.615384615384617,32.96153846153846,10.423076923076923,22.53846153846154,12.692307692307692,11.961538461538462,1.203076923076923,9.076923076923077,25.807692307692307,35.54538461538461,18.53846153846154,37.03846153846154,50.27923076923077,16.615384615384617,22.692307692307693,73.37923076923077,1.5,6.730769230769231,0.6276923076923077,1.9615384615384615,19.115384615384617,0.11461538461538465,11.961538461538462,2.6153846153846154,82.0,76.42857142857143,20.571428571428573,42.42857142857143,13.428571428571429,28.928571428571427,9.5,19.428571428571427,13.214285714285714,13.0,1.1057142857142856,6.857142857142857,23.714285714285715,28.77642857142857,21.214285714285715,40.642857142857146,52.66285714285714,13.428571428571429,20.785714285714285,64.1557142857143,1.0714285714285714,7.714285714285714,0.6564285714285714,2.2857142857142856,21.571428571428573,0.10928571428571429,13.0,2.2142857142857144,71.92857142857143
