placar_casa,placar_visitante,data,round,stage,ano,equipe_casa,equipe_visitante,resultado,Pts_casa,3P_casa,2P_casa,LL_casa,RT_casa,RO_casa,RD_casa,AS_casa,ER_casa,IA%_casa,3PC_casa,3PT_casa,3P%_casa,2PC_casa,2PT_casa,2P%_casa,LLC_casa,LLT_casa,LL%_casa,EN_casa,BR_casa,B/E_casa,TO_casa,FC_casa,T/FC_casa,ET_casa,VI_casa,EF_casa,Pts_visitante,3P_visitante,2P_visitante,LL_visitante,RT_visitante,RO_visitante,RD_visitante,AS_visitante,ER_visitante,IA%_visitante,3PC_visitante,3PT_visitante,3P%_visitante,2PC_visitante,2PT_visitante,2P%_visitante,LLC_visitante,LLT_visitante,LL%_visitante,EN_visitante,BR_visitante,B/E_visitante,TO_visitante,FC_visitante,T/FC_visitante,ET_visitante,VI_visitante,EF_visitante
90,79,2014-02-25,9,2,2013-2014,Paulistano,Uberlândia,1,86.73333333333333,26.4,41.2,19.133333333333333,34.93333333333333,11.6,23.333333333333332,12.933333333333334,12.8,1.1313333333333335,8.8,23.666666666666668,36.982666666666674,20.6,38.733333333333334,53.31933333333333,19.133333333333333,23.866666666666667,79.43666666666667,1.1333333333333333,11.2,0.9486666666666667,1.2666666666666666,21.6,0.064,12.8,2.8,96.46666666666667,84.86666666666666,33.6,37.86666666666667,13.4,31.133333333333333,8.666666666666666,22.466666666666665,19.2,12.133333333333333,1.7393333333333332,11.2,25.6,43.660000000000004,18.933333333333334,33.733333333333334,56.245333333333335,13.4,17.6,77.58400000000002,3.2666666666666666,8.333333333333334,0.7326666666666667,2.3333333333333335,19.8,0.11933333333333336,12.133333333333333,2.6,100.33333333333333
