placar_casa,placar_visitante,data,round,stage,ano,equipe_casa,equipe_visitante,resultado,Pts_casa,3P_casa,2P_casa,LL_casa,RT_casa,RO_casa,RD_casa,AS_casa,ER_casa,IA%_casa,3PC_casa,3PT_casa,3P%_casa,2PC_casa,2PT_casa,2P%_casa,LLC_casa,LLT_casa,LL%_casa,EN_casa,BR_casa,B/E_casa,TO_casa,FC_casa,T/FC_casa,ET_casa,VI_casa,EF_casa,Pts_visitante,3P_visitante,2P_visitante,LL_visitante,RT_visitante,RO_visitante,RD_visitante,AS_visitante,ER_visitante,IA%_visitante,3PC_visitante,3PT_visitante,3P%_visitante,2PC_visitante,2PT_visitante,2P%_visitante,LLC_visitante,LLT_visitante,LL%_visitante,EN_visitante,BR_visitante,B/E_visitante,TO_visitante,FC_visitante,T/FC_visitante,ET_visitante,VI_visitante,EF_visitante
66,64,2013-03-30,15,2,2012-2013,Bauru Basket,Paulistano,1,84.0,59.4,45.86666666666667,13.333333333333334,31.733333333333334,8.933333333333334,22.8,15.866666666666667,10.333333333333334,1.6933333333333331,8.266666666666667,22.066666666666666,38.047333333333334,22.933333333333334,43.06666666666667,53.51,13.333333333333334,17.6,75.42399999999999,1.6666666666666667,7.2,0.7293333333333332,1.7333333333333334,18.4,0.09200000000000003,10.333333333333334,2.0,97.26666666666667,81.86666666666666,56.8,40.266666666666666,16.4,31.866666666666667,10.4,21.466666666666665,12.866666666666667,13.066666666666666,1.1093333333333333,8.4,22.333333333333332,39.50933333333334,20.133333333333333,39.6,51.22866666666667,16.4,25.866666666666667,64.45466666666667,2.066666666666667,6.8,0.5619999999999999,1.6666666666666667,22.066666666666666,0.07933333333333333,13.066666666666666,2.4,89.2
