placar_casa,placar_visitante,data,round,stage,ano,equipe_casa,equipe_visitante,resultado,Pts_casa,3P_casa,2P_casa,LL_casa,RT_casa,RO_casa,RD_casa,AS_casa,ER_casa,IA%_casa,3PC_casa,3PT_casa,3P%_casa,2PC_casa,2PT_casa,2P%_casa,LLC_casa,LLT_casa,LL%_casa,EN_casa,BR_casa,B/E_casa,TO_casa,FC_casa,T/FC_casa,ET_casa,VI_casa,EF_casa,Pts_visitante,3P_visitante,2P_visitante,LL_visitante,RT_visitante,RO_visitante,RD_visitante,AS_visitante,ER_visitante,IA%_visitante,3PC_visitante,3PT_visitante,3P%_visitante,2PC_visitante,2PT_visitante,2P%_visitante,LLC_visitante,LLT_visitante,LL%_visitante,EN_visitante,BR_visitante,B/E_visitante,TO_visitante,FC_visitante,T/FC_visitante,ET_visitante,VI_visitante,EF_visitante
79,69,2023-04-06,9,2,2022-2023,UNIFACISA,Minas,1,78.26666666666667,30.2,34.93333333333333,13.133333333333333,37.86666666666667,9.866666666666667,28.0,15.6,13.6,1.1973333333333336,10.066666666666666,28.6,35.428000000000004,17.466666666666665,35.666666666666664,48.81466666666665,13.133333333333333,17.8,74.29333333333334,0.7333333333333333,6.266666666666667,0.4846666666666666,1.8,20.133333333333333,0.08933333333333335,13.6,2.6666666666666665,84.8,85.75466666666667,30.333333333333332,40.97933333333334,14.444666666666667,40.066,10.133999999999999,29.934000000000005,20.356,13.798666666666668,1.5019999999999998,10.110666666666667,26.443333333333328,38.03333333333333,20.48733333333333,36.93333333333333,55.35933333333333,14.444666666666667,19.932666666666666,72.43200000000002,3.0213333333333328,5.645333333333334,0.4119999999999999,1.5993333333333335,18.712,0.08533333333333333,13.798666666666668,2.978666666666667,101.356
