placar_casa,placar_visitante,data,round,stage,ano,equipe_casa,equipe_visitante,resultado,Pts_casa,3P_casa,2P_casa,LL_casa,RT_casa,RO_casa,RD_casa,AS_casa,ER_casa,IA%_casa,3PC_casa,3PT_casa,3P%_casa,2PC_casa,2PT_casa,2P%_casa,LLC_casa,LLT_casa,LL%_casa,EN_casa,BR_casa,B/E_casa,TO_casa,FC_casa,T/FC_casa,ET_casa,VI_casa,EF_casa,Pts_visitante,3P_visitante,2P_visitante,LL_visitante,RT_visitante,RO_visitante,RD_visitante,AS_visitante,ER_visitante,IA%_visitante,3PC_visitante,3PT_visitante,3P%_visitante,2PC_visitante,2PT_visitante,2P%_visitante,LLC_visitante,LLT_visitante,LL%_visitante,EN_visitante,BR_visitante,B/E_visitante,TO_visitante,FC_visitante,T/FC_visitante,ET_visitante,VI_visitante,EF_visitante
72,63,2022-04-19,1,3,2021-2022,Pato Basquete,Bauru Basket,1,75.0,28.3,34.6,12.1,34.1,9.6,24.5,12.733333333333333,13.633333333333333,1.0006666666666668,9.433333333333334,29.766666666666666,31.27999999999999,17.3,34.8,49.80666666666668,12.1,16.2,75.22533333333335,1.9666666666666666,6.833333333333333,0.534,1.1666666666666667,20.433333333333334,0.05866666666666667,13.633333333333333,3.7333333333333334,74.26666666666667,80.73333333333333,33.4,35.53333333333333,11.8,34.7,8.3,26.4,16.466666666666665,11.766666666666667,1.4819999999999998,11.133333333333333,29.866666666666667,36.784666666666666,17.766666666666666,33.733333333333334,52.75199999999999,11.8,15.7,74.17066666666666,0.8666666666666667,7.1,0.6153333333333333,1.2,18.766666666666666,0.066,11.766666666666667,2.9,89.83333333333333
