placar_casa,placar_visitante,data,round,stage,ano,equipe_casa,equipe_visitante,resultado,Pts_casa,3P_casa,2P_casa,LL_casa,RT_casa,RO_casa,RD_casa,AS_casa,ER_casa,IA%_casa,3PC_casa,3PT_casa,3P%_casa,2PC_casa,2PT_casa,2P%_casa,LLC_casa,LLT_casa,LL%_casa,EN_casa,BR_casa,B/E_casa,TO_casa,FC_casa,T/FC_casa,ET_casa,VI_casa,EF_casa,Pts_visitante,3P_visitante,2P_visitante,LL_visitante,RT_visitante,RO_visitante,RD_visitante,AS_visitante,ER_visitante,IA%_visitante,3PC_visitante,3PT_visitante,3P%_visitante,2PC_visitante,2PT_visitante,2P%_visitante,LLC_visitante,LLT_visitante,LL%_visitante,EN_visitante,BR_visitante,B/E_visitante,TO_visitante,FC_visitante,T/FC_visitante,ET_visitante,VI_visitante,EF_visitante
74,88,2022-12-21,10,1,2022-2023,Pato Basquete,Minas,0,74.88461538461539,28.96153846153846,35.0,10.923076923076923,34.5,9.846153846153847,24.653846153846153,13.461538461538462,14.0,0.9692307692307692,9.653846153846153,29.076923076923077,33.52307692307692,17.5,35.84615384615385,48.74076923076924,10.923076923076923,17.615384615384617,62.636923076923075,0.5769230769230769,8.692307692307692,0.633846153846154,1.0384615384615385,18.807692307692307,0.054615384615384614,14.0,3.6538461538461537,74.11538461538461,86.92307692307692,30.0,45.23076923076923,11.692307692307692,42.92307692307692,11.692307692307692,31.23076923076923,20.692307692307693,14.653846153846153,1.5746153846153847,10.0,26.346153846153847,38.13384615384616,22.615384615384617,39.61538461538461,56.698461538461544,11.692307692307692,15.192307692307692,76.24846153846153,2.6153846153846154,6.653846153846154,0.5469230769230768,2.269230769230769,17.615384615384617,0.13615384615384615,14.653846153846153,4.1923076923076925,107.96153846153847
