placar_casa,placar_visitante,data,round,stage,ano,equipe_casa,equipe_visitante,resultado,Pts_casa,3P_casa,2P_casa,LL_casa,RT_casa,RO_casa,RD_casa,AS_casa,ER_casa,IA%_casa,3PC_casa,3PT_casa,3P%_casa,2PC_casa,2PT_casa,2P%_casa,LLC_casa,LLT_casa,LL%_casa,EN_casa,BR_casa,B/E_casa,TO_casa,FC_casa,T/FC_casa,ET_casa,VI_casa,EF_casa,Pts_visitante,3P_visitante,2P_visitante,LL_visitante,RT_visitante,RO_visitante,RD_visitante,AS_visitante,ER_visitante,IA%_visitante,3PC_visitante,3PT_visitante,3P%_visitante,2PC_visitante,2PT_visitante,2P%_visitante,LLC_visitante,LLT_visitante,LL%_visitante,EN_visitante,BR_visitante,B/E_visitante,TO_visitante,FC_visitante,T/FC_visitante,ET_visitante,VI_visitante,EF_visitante
85,69,2015-01-28,3,2,2014-2015,Bauru Basket,Macaé Basquete,1,90.13333333333334,36.8,38.93333333333333,14.4,37.333333333333336,8.466666666666667,28.866666666666667,18.533333333333335,12.4,1.6893333333333334,12.266666666666667,30.333333333333332,39.800000000000004,19.466666666666665,32.333333333333336,60.00266666666667,14.4,19.6,72.46933333333332,1.3333333333333333,8.733333333333333,0.7819999999999999,2.1333333333333333,17.266666666666666,0.13266666666666668,12.4,2.066666666666667,108.33333333333333,79.06666666666666,26.2,37.333333333333336,15.533333333333333,32.733333333333334,9.6,23.133333333333333,13.533333333333333,11.933333333333334,1.3326666666666669,8.733333333333333,21.533333333333335,40.67066666666667,18.666666666666668,37.93333333333333,49.07266666666667,15.533333333333333,19.6,79.52400000000002,1.0,8.0,0.7619999999999999,1.1333333333333333,20.866666666666667,0.05666666666666667,11.933333333333334,3.066666666666667,86.4
