placar_casa,placar_visitante,data,round,stage,ano,equipe_casa,equipe_visitante,resultado,Pts_casa,3P_casa,2P_casa,LL_casa,RT_casa,RO_casa,RD_casa,AS_casa,ER_casa,IA%_casa,3PC_casa,3PT_casa,3P%_casa,2PC_casa,2PT_casa,2P%_casa,LLC_casa,LLT_casa,LL%_casa,EN_casa,BR_casa,B/E_casa,TO_casa,FC_casa,T/FC_casa,ET_casa,VI_casa,EF_casa,Pts_visitante,3P_visitante,2P_visitante,LL_visitante,RT_visitante,RO_visitante,RD_visitante,AS_visitante,ER_visitante,IA%_visitante,3PC_visitante,3PT_visitante,3P%_visitante,2PC_visitante,2PT_visitante,2P%_visitante,LLC_visitante,LLT_visitante,LL%_visitante,EN_visitante,BR_visitante,B/E_visitante,TO_visitante,FC_visitante,T/FC_visitante,ET_visitante,VI_visitante,EF_visitante
63,94,2020-12-04,4,1,2020-2021,Caxias do Sul Basquete,Minas,0,66.336,20.8,34.001999999999995,11.534,34.4,10.202,24.198,13.535999999999998,13.798000000000002,0.984,6.936,22.398,30.613999999999997,16.997999999999998,36.132000000000005,47.010000000000005,11.534,18.066,63.064,1.066,5.732000000000001,0.41200000000000003,1.732,20.264,0.09,13.798000000000002,2.068,66.8,87.11166666666666,30.0,42.556666666666665,14.553333333333333,39.833333333333336,9.831666666666667,30.001666666666665,20.721666666666668,14.386666666666668,1.4433333333333334,10.0,25.113333333333333,40.031666666666666,21.276666666666667,38.443333333333335,55.376666666666665,14.553333333333333,19.723333333333333,72.05833333333334,1.665,7.61,0.5283333333333333,2.555,21.613333333333333,0.12000000000000001,14.386666666666668,2.888333333333333,106.0
