placar_casa,placar_visitante,data,round,stage,ano,equipe_casa,equipe_visitante,resultado,Pts_casa,3P_casa,2P_casa,LL_casa,RT_casa,RO_casa,RD_casa,AS_casa,ER_casa,IA%_casa,3PC_casa,3PT_casa,3P%_casa,2PC_casa,2PT_casa,2P%_casa,LLC_casa,LLT_casa,LL%_casa,EN_casa,BR_casa,B/E_casa,TO_casa,FC_casa,T/FC_casa,ET_casa,VI_casa,EF_casa,Pts_visitante,3P_visitante,2P_visitante,LL_visitante,RT_visitante,RO_visitante,RD_visitante,AS_visitante,ER_visitante,IA%_visitante,3PC_visitante,3PT_visitante,3P%_visitante,2PC_visitante,2PT_visitante,2P%_visitante,LLC_visitante,LLT_visitante,LL%_visitante,EN_visitante,BR_visitante,B/E_visitante,TO_visitante,FC_visitante,T/FC_visitante,ET_visitante,VI_visitante,EF_visitante
73,93,2013-03-04,1,2,2012-2013,Joinville,Pinheiros,0,73.13333333333334,62.0,41.333333333333336,14.8,30.733333333333334,10.866666666666667,19.866666666666667,12.266666666666667,15.6,0.9026666666666666,5.666666666666667,19.133333333333333,28.93066666666667,20.666666666666668,43.2,47.66866666666667,14.8,21.4,69.19733333333335,1.6666666666666667,8.8,0.648,3.7333333333333334,21.266666666666666,0.18666666666666665,15.6,4.066666666666666,81.13333333333334,84.66666666666667,56.2,37.46666666666667,13.2,25.6,5.733333333333333,19.866666666666667,16.333333333333332,12.133333333333333,1.4073333333333333,11.333333333333334,27.2,42.016666666666666,18.733333333333334,32.53333333333333,58.06666666666667,13.2,18.0,72.66000000000001,1.6,6.2,0.5399999999999999,2.0,19.333333333333332,0.10933333333333337,12.133333333333333,2.4,95.4
