placar_casa,placar_visitante,data,round,stage,ano,equipe_casa,equipe_visitante,resultado,Pts_casa,3P_casa,2P_casa,LL_casa,RT_casa,RO_casa,RD_casa,AS_casa,ER_casa,IA%_casa,3PC_casa,3PT_casa,3P%_casa,2PC_casa,2PT_casa,2P%_casa,LLC_casa,LLT_casa,LL%_casa,EN_casa,BR_casa,B/E_casa,TO_casa,FC_casa,T/FC_casa,ET_casa,VI_casa,EF_casa,Pts_visitante,3P_visitante,2P_visitante,LL_visitante,RT_visitante,RO_visitante,RD_visitante,AS_visitante,ER_visitante,IA%_visitante,3PC_visitante,3PT_visitante,3P%_visitante,2PC_visitante,2PT_visitante,2P%_visitante,LLC_visitante,LLT_visitante,LL%_visitante,EN_visitante,BR_visitante,B/E_visitante,TO_visitante,FC_visitante,T/FC_visitante,ET_visitante,VI_visitante,EF_visitante
83,85,2014-03-13,13,2,2013-2014,Coop/São José Basketball,Uberlândia,0,83.6,25.8,42.13333333333333,15.666666666666666,36.266666666666666,9.666666666666666,26.6,16.533333333333335,13.866666666666667,1.338666666666667,8.6,24.0,36.06733333333333,21.066666666666666,38.4,54.99333333333334,15.666666666666666,19.933333333333334,81.85266666666666,0.26666666666666666,8.8,0.6533333333333332,2.2,16.666666666666668,0.15399999999999997,13.866666666666667,2.933333333333333,96.53333333333333,84.46666666666667,34.0,37.333333333333336,13.133333333333333,31.4,8.666666666666666,22.733333333333334,18.466666666666665,11.533333333333333,1.7513333333333334,11.333333333333334,27.533333333333335,41.156666666666666,18.666666666666668,33.2,56.11866666666666,13.133333333333333,17.0,78.20200000000001,3.2666666666666666,9.466666666666667,0.8886666666666667,2.466666666666667,20.6,0.12000000000000004,11.533333333333333,2.6,100.13333333333334
