placar_casa,placar_visitante,data,round,stage,ano,equipe_casa,equipe_visitante,resultado,Pts_casa,3P_casa,2P_casa,LL_casa,RT_casa,RO_casa,RD_casa,AS_casa,ER_casa,IA%_casa,3PC_casa,3PT_casa,3P%_casa,2PC_casa,2PT_casa,2P%_casa,LLC_casa,LLT_casa,LL%_casa,EN_casa,BR_casa,B/E_casa,TO_casa,FC_casa,T/FC_casa,ET_casa,VI_casa,EF_casa,Pts_visitante,3P_visitante,2P_visitante,LL_visitante,RT_visitante,RO_visitante,RD_visitante,AS_visitante,ER_visitante,IA%_visitante,3PC_visitante,3PT_visitante,3P%_visitante,2PC_visitante,2PT_visitante,2P%_visitante,LLC_visitante,LLT_visitante,LL%_visitante,EN_visitante,BR_visitante,B/E_visitante,TO_visitante,FC_visitante,T/FC_visitante,ET_visitante,VI_visitante,EF_visitante
91,78,2019-12-10,9,1,2019-2020,Flamengo,Rio Claro,1,82.25,28.75,38.833333333333336,14.666666666666666,37.666666666666664,10.5,27.166666666666668,17.833333333333332,12.0,1.596666666666667,9.583333333333334,26.833333333333332,35.43083333333333,19.416666666666668,36.916666666666664,52.96916666666667,14.666666666666666,21.583333333333332,67.7,0.75,7.083333333333333,0.5725,1.3333333333333333,19.166666666666668,0.07250000000000001,12.0,1.6666666666666667,92.41666666666667,83.06090909090909,25.727272727272727,37.87909090909091,19.454545454545453,31.939090909090908,6.909090909090909,25.029999999999998,18.484545454545454,13.788181818181817,1.3954545454545455,8.575454545454546,25.454545454545453,34.00090909090909,18.939090909090908,32.848181818181814,57.791818181818186,19.454545454545453,24.60636363636364,79.47545454545454,2.2427272727272727,5.879090909090909,0.4272727272727273,1.1209090909090909,23.272727272727273,0.04818181818181819,13.788181818181817,2.1818181818181817,90.75727272727273
