placar_casa,placar_visitante,data,round,stage,ano,equipe_casa,equipe_visitante,resultado,Pts_casa,3P_casa,2P_casa,LL_casa,RT_casa,RO_casa,RD_casa,AS_casa,ER_casa,IA%_casa,3PC_casa,3PT_casa,3P%_casa,2PC_casa,2PT_casa,2P%_casa,LLC_casa,LLT_casa,LL%_casa,EN_casa,BR_casa,B/E_casa,TO_casa,FC_casa,T/FC_casa,ET_casa,VI_casa,EF_casa,Pts_visitante,3P_visitante,2P_visitante,LL_visitante,RT_visitante,RO_visitante,RD_visitante,AS_visitante,ER_visitante,IA%_visitante,3PC_visitante,3PT_visitante,3P%_visitante,2PC_visitante,2PT_visitante,2P%_visitante,LLC_visitante,LLT_visitante,LL%_visitante,EN_visitante,BR_visitante,B/E_visitante,TO_visitante,FC_visitante,T/FC_visitante,ET_visitante,VI_visitante,EF_visitante
86,75,2025-05-29,3,5,2024-2025,Flamengo,Sesi Franca,1,86.6,32.4,41.333333333333336,12.866666666666667,36.93333333333333,11.933333333333334,25.0,19.066666666666666,11.733333333333333,1.7706666666666666,10.8,29.666666666666668,36.163999999999994,20.666666666666668,37.53333333333333,55.34666666666667,12.866666666666667,16.333333333333332,78.62466666666666,1.6,7.866666666666666,0.7246666666666666,1.8,18.733333333333334,0.10333333333333335,11.733333333333333,2.6,101.33333333333333,86.956,32.53333333333333,38.756,15.666666666666666,35.2,8.0,27.2,17.8,12.110666666666667,1.66,10.844,27.644,38.865333333333325,19.377333333333333,33.42266666666667,57.74,15.666666666666666,18.8,82.59533333333333,2.6666666666666665,7.4,0.7059999999999998,2.4,17.289333333333335,0.14,12.110666666666667,2.022666666666667,103.66666666666667
