placar_casa,placar_visitante,data,round,stage,ano,equipe_casa,equipe_visitante,resultado,Pts_casa,3P_casa,2P_casa,LL_casa,RT_casa,RO_casa,RD_casa,AS_casa,ER_casa,IA%_casa,3PC_casa,3PT_casa,3P%_casa,2PC_casa,2PT_casa,2P%_casa,LLC_casa,LLT_casa,LL%_casa,EN_casa,BR_casa,B/E_casa,TO_casa,FC_casa,T/FC_casa,ET_casa,VI_casa,EF_casa,Pts_visitante,3P_visitante,2P_visitante,LL_visitante,RT_visitante,RO_visitante,RD_visitante,AS_visitante,ER_visitante,IA%_visitante,3PC_visitante,3PT_visitante,3P%_visitante,2PC_visitante,2PT_visitante,2P%_visitante,LLC_visitante,LLT_visitante,LL%_visitante,EN_visitante,BR_visitante,B/E_visitante,TO_visitante,FC_visitante,T/FC_visitante,ET_visitante,VI_visitante,EF_visitante
80,82,2017-03-22,27,1,2016-2017,Caxias do Sul Basquete,Paulistano,0,72.6,20.4,36.13333333333333,16.066666666666666,34.0,9.466666666666667,24.533333333333335,14.4,16.0,0.9673333333333333,6.8,20.933333333333334,31.822000000000003,18.066666666666666,37.86666666666667,47.971333333333334,16.066666666666666,22.733333333333334,71.51866666666666,1.4666666666666666,8.4,0.524,1.5333333333333334,23.666666666666668,0.07400000000000001,16.0,3.0,74.33333333333333,81.26666666666667,30.6,36.266666666666666,14.4,34.86666666666667,10.8,24.066666666666666,19.333333333333332,13.133333333333333,1.5599999999999998,10.2,29.6,35.05466666666666,18.133333333333333,34.733333333333334,52.79200000000001,14.4,18.6,77.038,1.6666666666666667,6.8,0.5366666666666667,2.2666666666666666,21.866666666666667,0.11266666666666668,13.133333333333333,2.466666666666667,91.2
