placar_casa,placar_visitante,data,round,stage,ano,equipe_casa,equipe_visitante,resultado,Pts_casa,3P_casa,2P_casa,LL_casa,RT_casa,RO_casa,RD_casa,AS_casa,ER_casa,IA%_casa,3PC_casa,3PT_casa,3P%_casa,2PC_casa,2PT_casa,2P%_casa,LLC_casa,LLT_casa,LL%_casa,EN_casa,BR_casa,B/E_casa,TO_casa,FC_casa,T/FC_casa,ET_casa,VI_casa,EF_casa,Pts_visitante,3P_visitante,2P_visitante,LL_visitante,RT_visitante,RO_visitante,RD_visitante,AS_visitante,ER_visitante,IA%_visitante,3PC_visitante,3PT_visitante,3P%_visitante,2PC_visitante,2PT_visitante,2P%_visitante,LLC_visitante,LLT_visitante,LL%_visitante,EN_visitante,BR_visitante,B/E_visitante,TO_visitante,FC_visitante,T/FC_visitante,ET_visitante,VI_visitante,EF_visitante
73,55,2025-04-02,14,2,2024-2025,Sesi Franca,União Corinthians,1,87.42266666666667,26.6,43.91133333333333,16.911333333333335,35.84466666666667,8.733333333333333,27.111333333333334,18.221999999999998,12.355333333333334,1.5839999999999999,8.866666666666667,25.843999999999998,34.22933333333333,21.955333333333332,36.733333333333334,59.697333333333326,16.911333333333335,21.35533333333333,78.97,2.755333333333333,7.8886666666666665,0.668,2.0,18.111333333333334,0.11200000000000003,12.355333333333334,2.2893333333333334,102.82199999999999,79.2,22.2,42.4,14.6,39.666666666666664,13.2,26.466666666666665,18.533333333333335,13.533333333333333,1.4733333333333334,7.4,26.2,28.19533333333333,21.2,39.6,53.73266666666667,14.6,21.0,69.96933333333335,1.4,6.066666666666666,0.46066666666666667,2.0,22.0,0.09533333333333333,13.533333333333333,4.133333333333334,88.33333333333333
