placar_casa,placar_visitante,data,round,stage,ano,equipe_casa,equipe_visitante,resultado,Pts_casa,3P_casa,2P_casa,LL_casa,RT_casa,RO_casa,RD_casa,AS_casa,ER_casa,IA%_casa,3PC_casa,3PT_casa,3P%_casa,2PC_casa,2PT_casa,2P%_casa,LLC_casa,LLT_casa,LL%_casa,EN_casa,BR_casa,B/E_casa,TO_casa,FC_casa,T/FC_casa,ET_casa,VI_casa,EF_casa,Pts_visitante,3P_visitante,2P_visitante,LL_visitante,RT_visitante,RO_visitante,RD_visitante,AS_visitante,ER_visitante,IA%_visitante,3PC_visitante,3PT_visitante,3P%_visitante,2PC_visitante,2PT_visitante,2P%_visitante,LLC_visitante,LLT_visitante,LL%_visitante,EN_visitante,BR_visitante,B/E_visitante,TO_visitante,FC_visitante,T/FC_visitante,ET_visitante,VI_visitante,EF_visitante
97,102,2020-03-05,7,2,2019-2020,Coop/São José Basketball,Flamengo,0,88.4,26.2,46.266666666666666,15.933333333333334,32.96666666666667,10.6,22.366666666666667,20.333333333333332,14.133333333333333,1.6179999999999997,8.733333333333333,24.733333333333334,35.42133333333334,23.133333333333333,41.96666666666667,55.27733333333334,15.933333333333334,21.5,73.66600000000001,1.4,7.5,0.5946666666666667,1.8333333333333333,23.166666666666668,0.08000000000000002,14.133333333333333,2.033333333333333,96.36666666666666,84.83266666666667,31.5,37.13333333333333,16.199333333333335,37.967333333333336,10.632666666666667,27.332666666666665,19.2,11.900666666666664,1.6980000000000002,10.5,28.6,36.760000000000005,18.566666666666666,35.76733333333333,52.18133333333333,16.199333333333335,22.632666666666662,72.188,1.034,7.667333333333334,0.6653333333333333,2.1333333333333333,19.565999999999995,0.11066666666666668,11.900666666666664,2.2659999999999996,98.09933333333332
