placar_casa,placar_visitante,data,round,stage,ano,equipe_casa,equipe_visitante,resultado,Pts_casa,3P_casa,2P_casa,LL_casa,RT_casa,RO_casa,RD_casa,AS_casa,ER_casa,IA%_casa,3PC_casa,3PT_casa,3P%_casa,2PC_casa,2PT_casa,2P%_casa,LLC_casa,LLT_casa,LL%_casa,EN_casa,BR_casa,B/E_casa,TO_casa,FC_casa,T/FC_casa,ET_casa,VI_casa,EF_casa,Pts_visitante,3P_visitante,2P_visitante,LL_visitante,RT_visitante,RO_visitante,RD_visitante,AS_visitante,ER_visitante,IA%_visitante,3PC_visitante,3PT_visitante,3P%_visitante,2PC_visitante,2PT_visitante,2P%_visitante,LLC_visitante,LLT_visitante,LL%_visitante,EN_visitante,BR_visitante,B/E_visitante,TO_visitante,FC_visitante,T/FC_visitante,ET_visitante,VI_visitante,EF_visitante
82,64,2016-12-01,8,1,2016-2017,Bauru Basket,Caxias do Sul Basquete,1,80.33333333333333,32.0,35.333333333333336,13.0,38.666666666666664,8.0,30.666666666666668,15.833333333333334,16.5,0.9966666666666667,10.666666666666666,28.166666666666668,38.36666666666667,17.666666666666668,33.833333333333336,52.028333333333336,13.0,17.666666666666668,74.80166666666666,0.8333333333333334,5.5,0.36833333333333335,1.3333333333333333,18.333333333333332,0.06999999999999999,16.5,5.166666666666667,86.83333333333333,70.57142857142857,20.142857142857142,35.714285714285715,14.714285714285714,33.857142857142854,8.285714285714286,25.571428571428573,13.714285714285714,13.285714285714286,1.0671428571428572,6.714285714285714,21.428571428571427,31.062857142857137,17.857142857142858,41.285714285714285,43.41428571428572,14.714285714285714,21.428571428571427,70.6,0.7142857142857143,6.428571428571429,0.4585714285714286,1.7142857142857142,19.714285714285715,0.09,13.285714285714286,4.142857142857143,68.14285714285714
