placar_casa,placar_visitante,data,round,stage,ano,equipe_casa,equipe_visitante,resultado,Pts_casa,3P_casa,2P_casa,LL_casa,RT_casa,RO_casa,RD_casa,AS_casa,ER_casa,IA%_casa,3PC_casa,3PT_casa,3P%_casa,2PC_casa,2PT_casa,2P%_casa,LLC_casa,LLT_casa,LL%_casa,EN_casa,BR_casa,B/E_casa,TO_casa,FC_casa,T/FC_casa,ET_casa,VI_casa,EF_casa,Pts_visitante,3P_visitante,2P_visitante,LL_visitante,RT_visitante,RO_visitante,RD_visitante,AS_visitante,ER_visitante,IA%_visitante,3PC_visitante,3PT_visitante,3P%_visitante,2PC_visitante,2PT_visitante,2P%_visitante,LLC_visitante,LLT_visitante,LL%_visitante,EN_visitante,BR_visitante,B/E_visitante,TO_visitante,FC_visitante,T/FC_visitante,ET_visitante,VI_visitante,EF_visitante
95,56,2010-02-26,3,2,2009-2010,Coop/São José Basketball,Londrina,1,73.41666666666667,25.5,36.666666666666664,11.25,30.916666666666668,10.25,20.666666666666668,15.583333333333334,14.416666666666666,1.1616666666666666,8.5,26.5,31.614999999999995,18.333333333333332,31.333333333333332,58.57,11.25,18.166666666666668,63.66416666666667,1.3333333333333333,7.416666666666667,0.5558333333333334,1.6666666666666667,18.833333333333332,0.09000000000000001,14.416666666666666,1.25,76.66666666666667,78.16666666666667,23.5,36.666666666666664,18.0,30.916666666666668,11.416666666666666,19.5,13.083333333333334,14.833333333333334,0.9391666666666665,7.833333333333333,26.25,29.478333333333335,18.333333333333332,36.75,50.34083333333333,18.0,24.833333333333332,72.46833333333332,0.6666666666666666,6.916666666666667,0.4908333333333334,2.9166666666666665,19.916666666666668,0.15916666666666668,14.833333333333334,2.4166666666666665,73.5
