placar_casa,placar_visitante,data,round,stage,ano,equipe_casa,equipe_visitante,resultado,Pts_casa,3P_casa,2P_casa,LL_casa,RT_casa,RO_casa,RD_casa,AS_casa,ER_casa,IA%_casa,3PC_casa,3PT_casa,3P%_casa,2PC_casa,2PT_casa,2P%_casa,LLC_casa,LLT_casa,LL%_casa,EN_casa,BR_casa,B/E_casa,TO_casa,FC_casa,T/FC_casa,ET_casa,VI_casa,EF_casa,Pts_visitante,3P_visitante,2P_visitante,LL_visitante,RT_visitante,RO_visitante,RD_visitante,AS_visitante,ER_visitante,IA%_visitante,3PC_visitante,3PT_visitante,3P%_visitante,2PC_visitante,2PT_visitante,2P%_visitante,LLC_visitante,LLT_visitante,LL%_visitante,EN_visitante,BR_visitante,B/E_visitante,TO_visitante,FC_visitante,T/FC_visitante,ET_visitante,VI_visitante,EF_visitante
75,85,2009-04-08,5,2,2008-2009,Saldanha,Brasília,0,72.06666666666666,22.0,38.266666666666666,11.8,29.4,10.0,19.4,11.266666666666667,18.0,0.6946666666666665,7.333333333333333,21.866666666666667,33.528,19.133333333333333,38.266666666666666,51.169333333333334,11.8,20.466666666666665,57.784,3.2,10.2,0.5866666666666667,1.7333333333333334,22.733333333333334,0.08000000000000002,18.0,0.0,64.33333333333333,89.13333333333334,22.0,45.06666666666667,22.066666666666666,33.6,7.533333333333333,26.066666666666666,15.266666666666667,15.6,1.0413333333333332,7.333333333333333,20.866666666666667,35.281333333333336,22.533333333333335,37.46666666666667,60.65466666666667,22.066666666666666,28.733333333333334,77.38133333333332,2.2,7.266666666666667,0.49066666666666664,4.4,23.133333333333333,0.20333333333333328,15.6,0.0,98.93333333333334
