placar_casa,placar_visitante,data,round,stage,ano,equipe_casa,equipe_visitante,resultado,Pts_casa,3P_casa,2P_casa,LL_casa,RT_casa,RO_casa,RD_casa,AS_casa,ER_casa,IA%_casa,3PC_casa,3PT_casa,3P%_casa,2PC_casa,2PT_casa,2P%_casa,LLC_casa,LLT_casa,LL%_casa,EN_casa,BR_casa,B/E_casa,TO_casa,FC_casa,T/FC_casa,ET_casa,VI_casa,EF_casa,Pts_visitante,3P_visitante,2P_visitante,LL_visitante,RT_visitante,RO_visitante,RD_visitante,AS_visitante,ER_visitante,IA%_visitante,3PC_visitante,3PT_visitante,3P%_visitante,2PC_visitante,2PT_visitante,2P%_visitante,LLC_visitante,LLT_visitante,LL%_visitante,EN_visitante,BR_visitante,B/E_visitante,TO_visitante,FC_visitante,T/FC_visitante,ET_visitante,VI_visitante,EF_visitante
61,42,2017-03-30,29,1,2016-2017,Sesi Franca,VipTech CMB,1,83.13333333333334,24.6,36.666666666666664,21.866666666666667,38.13333333333333,10.933333333333334,27.2,16.466666666666665,15.533333333333333,1.1593333333333333,8.2,24.933333333333334,32.95466666666667,18.333333333333332,35.666666666666664,51.639333333333326,21.866666666666667,28.933333333333334,76.03266666666667,1.6,6.2,0.42266666666666663,1.6666666666666667,23.733333333333334,0.06666666666666667,15.533333333333333,2.533333333333333,88.93333333333334,81.53333333333333,28.2,35.333333333333336,18.0,36.6,10.533333333333333,26.066666666666666,15.2,14.066666666666666,1.174666666666667,9.4,25.333333333333332,36.97066666666667,17.666666666666668,38.266666666666666,46.50066666666665,18.0,23.533333333333335,76.42666666666666,1.2666666666666666,8.333333333333334,0.6253333333333333,2.1333333333333333,20.066666666666666,0.10733333333333335,14.066666666666666,3.3333333333333335,87.66666666666667
