placar_casa,placar_visitante,data,round,stage,ano,equipe_casa,equipe_visitante,resultado,Pts_casa,3P_casa,2P_casa,LL_casa,RT_casa,RO_casa,RD_casa,AS_casa,ER_casa,IA%_casa,3PC_casa,3PT_casa,3P%_casa,2PC_casa,2PT_casa,2P%_casa,LLC_casa,LLT_casa,LL%_casa,EN_casa,BR_casa,B/E_casa,TO_casa,FC_casa,T/FC_casa,ET_casa,VI_casa,EF_casa,Pts_visitante,3P_visitante,2P_visitante,LL_visitante,RT_visitante,RO_visitante,RD_visitante,AS_visitante,ER_visitante,IA%_visitante,3PC_visitante,3PT_visitante,3P%_visitante,2PC_visitante,2PT_visitante,2P%_visitante,LLC_visitante,LLT_visitante,LL%_visitante,EN_visitante,BR_visitante,B/E_visitante,TO_visitante,FC_visitante,T/FC_visitante,ET_visitante,VI_visitante,EF_visitante
79,67,2013-01-26,18,1,2012-2013,Joinville,Suzano,1,74.0,66.6,44.4,13.8,33.733333333333334,11.066666666666666,22.666666666666668,12.666666666666666,16.866666666666667,0.7926666666666669,5.266666666666667,19.866666666666667,26.494666666666667,22.2,43.93333333333333,50.26533333333334,13.8,19.4,72.336,1.8666666666666667,8.466666666666667,0.514,3.466666666666667,21.0,0.17933333333333332,16.866666666666667,3.466666666666667,82.6,73.26666666666667,59.4,39.6,13.666666666666666,26.6,9.133333333333333,17.466666666666665,11.0,17.2,0.6626666666666667,6.666666666666667,21.6,30.45333333333333,19.8,39.53333333333333,50.47200000000001,13.666666666666666,19.6,69.36466666666666,0.7333333333333333,7.933333333333334,0.48466666666666663,2.3333333333333335,19.466666666666665,0.12333333333333335,17.2,3.2,72.46666666666667
