placar_casa,placar_visitante,data,round,stage,ano,equipe_casa,equipe_visitante,resultado,Pts_casa,3P_casa,2P_casa,LL_casa,RT_casa,RO_casa,RD_casa,AS_casa,ER_casa,IA%_casa,3PC_casa,3PT_casa,3P%_casa,2PC_casa,2PT_casa,2P%_casa,LLC_casa,LLT_casa,LL%_casa,EN_casa,BR_casa,B/E_casa,TO_casa,FC_casa,T/FC_casa,ET_casa,VI_casa,EF_casa,Pts_visitante,3P_visitante,2P_visitante,LL_visitante,RT_visitante,RO_visitante,RD_visitante,AS_visitante,ER_visitante,IA%_visitante,3PC_visitante,3PT_visitante,3P%_visitante,2PC_visitante,2PT_visitante,2P%_visitante,LLC_visitante,LLT_visitante,LL%_visitante,EN_visitante,BR_visitante,B/E_visitante,TO_visitante,FC_visitante,T/FC_visitante,ET_visitante,VI_visitante,EF_visitante
95,81,2016-12-15,9,1,2016-2017,Fortaleza B. C. / CFO,Sesi Franca,1,75.85714285714286,28.285714285714285,38.285714285714285,9.285714285714286,38.142857142857146,12.285714285714286,25.857142857142858,13.714285714285714,14.142857142857142,0.9914285714285717,9.428571428571429,27.571428571428573,34.24857142857143,19.142857142857142,40.142857142857146,47.512857142857136,9.285714285714286,12.571428571428571,68.94142857142857,1.1428571428571428,8.142857142857142,0.6014285714285714,1.8571428571428572,18.0,0.1,14.142857142857142,2.7142857142857144,81.14285714285714,78.14285714285714,22.285714285714285,39.42857142857143,16.428571428571427,33.285714285714285,8.428571428571429,24.857142857142858,16.857142857142858,13.428571428571429,1.2900000000000003,7.428571428571429,22.714285714285715,32.174285714285716,19.714285714285715,36.57142857142857,54.75714285714285,16.428571428571427,21.428571428571427,74.62,1.8571428571428572,5.714285714285714,0.4700000000000001,2.4285714285714284,20.857142857142858,0.12,13.428571428571429,3.142857142857143,85.85714285714286
