placar_casa,placar_visitante,data,round,stage,ano,equipe_casa,equipe_visitante,resultado,Pts_casa,3P_casa,2P_casa,LL_casa,RT_casa,RO_casa,RD_casa,AS_casa,ER_casa,IA%_casa,3PC_casa,3PT_casa,3P%_casa,2PC_casa,2PT_casa,2P%_casa,LLC_casa,LLT_casa,LL%_casa,EN_casa,BR_casa,B/E_casa,TO_casa,FC_casa,T/FC_casa,ET_casa,VI_casa,EF_casa,Pts_visitante,3P_visitante,2P_visitante,LL_visitante,RT_visitante,RO_visitante,RD_visitante,AS_visitante,ER_visitante,IA%_visitante,3PC_visitante,3PT_visitante,3P%_visitante,2PC_visitante,2PT_visitante,2P%_visitante,LLC_visitante,LLT_visitante,LL%_visitante,EN_visitante,BR_visitante,B/E_visitante,TO_visitante,FC_visitante,T/FC_visitante,ET_visitante,VI_visitante,EF_visitante
82,76,2011-12-10,8,1,2011-2012,Brasília,Limeira,1,89.5,23.0,50.333333333333336,16.166666666666668,30.666666666666668,7.833333333333333,22.833333333333332,16.166666666666668,14.666666666666666,1.0933333333333333,7.666666666666667,22.666666666666668,33.85999999999999,25.166666666666668,39.666666666666664,63.96333333333334,16.166666666666668,18.5,87.07833333333333,1.5,8.166666666666666,0.5833333333333334,2.8333333333333335,19.333333333333332,0.145,14.666666666666666,3.5,100.83333333333333,90.0,36.0,36.0,18.0,27.0,5.0,22.0,14.0,10.5,1.3824999999999998,12.0,25.5,47.275000000000006,18.0,37.25,48.712500000000006,18.0,22.0,83.92,1.5,10.75,1.1624999999999999,2.25,19.25,0.14750000000000002,10.5,3.0,96.75
