placar_casa,placar_visitante,data,round,stage,ano,equipe_casa,equipe_visitante,resultado,Pts_casa,3P_casa,2P_casa,LL_casa,RT_casa,RO_casa,RD_casa,AS_casa,ER_casa,IA%_casa,3PC_casa,3PT_casa,3P%_casa,2PC_casa,2PT_casa,2P%_casa,LLC_casa,LLT_casa,LL%_casa,EN_casa,BR_casa,B/E_casa,TO_casa,FC_casa,T/FC_casa,ET_casa,VI_casa,EF_casa,Pts_visitante,3P_visitante,2P_visitante,LL_visitante,RT_visitante,RO_visitante,RD_visitante,AS_visitante,ER_visitante,IA%_visitante,3PC_visitante,3PT_visitante,3P%_visitante,2PC_visitante,2PT_visitante,2P%_visitante,LLC_visitante,LLT_visitante,LL%_visitante,EN_visitante,BR_visitante,B/E_visitante,TO_visitante,FC_visitante,T/FC_visitante,ET_visitante,VI_visitante,EF_visitante
78,82,2019-12-07,8,1,2019-2020,Sesi Franca,Flamengo,0,88.22727272727273,33.13636363636363,36.54545454545455,18.545454545454547,38.5,8.909090909090908,29.59090909090909,19.545454545454547,12.772727272727273,1.5663636363636364,11.045454545454545,27.272727272727273,40.28181818181818,18.272727272727273,33.63636363636363,54.27454545454545,18.545454545454547,23.772727272727273,77.77545454545454,1.7727272727272727,5.2727272727272725,0.43090909090909085,2.590909090909091,19.272727272727273,0.13818181818181816,12.772727272727273,1.6818181818181819,104.45454545454545,82.4090909090909,28.227272727272727,39.18181818181818,15.0,38.36363636363637,10.954545454545455,27.40909090909091,18.0,11.863636363636363,1.6336363636363638,9.409090909090908,26.818181818181817,34.779999999999994,19.59090909090909,37.36363636363637,52.81272727272728,15.0,21.90909090909091,68.2990909090909,0.8181818181818182,6.954545454545454,0.5672727272727273,1.2272727272727273,19.272727272727273,0.06636363636363637,11.863636363636363,1.4090909090909092,92.9090909090909
