placar_casa,placar_visitante,data,round,stage,ano,equipe_casa,equipe_visitante,resultado,Pts_casa,3P_casa,2P_casa,LL_casa,RT_casa,RO_casa,RD_casa,AS_casa,ER_casa,IA%_casa,3PC_casa,3PT_casa,3P%_casa,2PC_casa,2PT_casa,2P%_casa,LLC_casa,LLT_casa,LL%_casa,EN_casa,BR_casa,B/E_casa,TO_casa,FC_casa,T/FC_casa,ET_casa,VI_casa,EF_casa,Pts_visitante,3P_visitante,2P_visitante,LL_visitante,RT_visitante,RO_visitante,RD_visitante,AS_visitante,ER_visitante,IA%_visitante,3PC_visitante,3PT_visitante,3P%_visitante,2PC_visitante,2PT_visitante,2P%_visitante,LLC_visitante,LLT_visitante,LL%_visitante,EN_visitante,BR_visitante,B/E_visitante,TO_visitante,FC_visitante,T/FC_visitante,ET_visitante,VI_visitante,EF_visitante
71,77,2017-04-01,29,1,2016-2017,Flamengo,Brasília,0,86.8,28.8,40.53333333333333,17.466666666666665,40.266666666666666,10.866666666666667,29.4,20.0,13.666666666666666,1.528,9.6,26.333333333333332,35.538,20.266666666666666,36.2,56.39933333333334,17.466666666666665,23.666666666666668,73.85333333333332,1.6,5.066666666666666,0.3733333333333333,2.0,20.066666666666666,0.09800000000000002,13.666666666666666,2.8,101.6,80.13333333333334,24.0,42.0,14.133333333333333,35.266666666666666,10.6,24.666666666666668,20.8,14.2,1.7666666666666666,8.0,23.533333333333335,33.940666666666665,21.0,39.0,53.60733333333333,14.133333333333333,20.266666666666666,68.36666666666666,2.0,7.266666666666667,0.542,2.3333333333333335,20.133333333333333,0.12399999999999999,14.2,2.2666666666666666,91.93333333333334
