placar_casa,placar_visitante,data,round,stage,ano,equipe_casa,equipe_visitante,resultado,Pts_casa,3P_casa,2P_casa,LL_casa,RT_casa,RO_casa,RD_casa,AS_casa,ER_casa,IA%_casa,3PC_casa,3PT_casa,3P%_casa,2PC_casa,2PT_casa,2P%_casa,LLC_casa,LLT_casa,LL%_casa,EN_casa,BR_casa,B/E_casa,TO_casa,FC_casa,T/FC_casa,ET_casa,VI_casa,EF_casa,Pts_visitante,3P_visitante,2P_visitante,LL_visitante,RT_visitante,RO_visitante,RD_visitante,AS_visitante,ER_visitante,IA%_visitante,3PC_visitante,3PT_visitante,3P%_visitante,2PC_visitante,2PT_visitante,2P%_visitante,LLC_visitante,LLT_visitante,LL%_visitante,EN_visitante,BR_visitante,B/E_visitante,TO_visitante,FC_visitante,T/FC_visitante,ET_visitante,VI_visitante,EF_visitante
74,76,2014-12-18,12,1,2014-2015,Paulistano,Mogi,0,81.45454545454545,20.454545454545453,43.63636363636363,17.363636363636363,38.81818181818182,14.0,24.818181818181817,11.363636363636363,12.272727272727273,1.032727272727273,6.818181818181818,22.454545454545453,30.686363636363634,21.818181818181817,45.0,48.550000000000004,17.363636363636363,22.363636363636363,78.65181818181819,2.4545454545454546,9.818181818181818,0.8654545454545454,1.0,24.454545454545453,0.04090909090909091,12.272727272727273,2.8181818181818183,86.36363636363636,81.55555555555556,25.333333333333332,41.55555555555556,14.666666666666666,38.44444444444444,12.333333333333334,26.11111111111111,14.88888888888889,17.555555555555557,0.8922222222222224,8.444444444444445,19.555555555555557,43.25111111111111,20.77777777777778,41.111111111111114,50.41555555555556,14.666666666666666,19.333333333333332,74.26444444444445,2.3333333333333335,10.444444444444445,0.6088888888888888,2.4444444444444446,20.444444444444443,0.12000000000000001,17.555555555555557,3.2222222222222223,94.11111111111111
