placar_casa,placar_visitante,data,round,stage,ano,equipe_casa,equipe_visitante,resultado,Pts_casa,3P_casa,2P_casa,LL_casa,RT_casa,RO_casa,RD_casa,AS_casa,ER_casa,IA%_casa,3PC_casa,3PT_casa,3P%_casa,2PC_casa,2PT_casa,2P%_casa,LLC_casa,LLT_casa,LL%_casa,EN_casa,BR_casa,B/E_casa,TO_casa,FC_casa,T/FC_casa,ET_casa,VI_casa,EF_casa,Pts_visitante,3P_visitante,2P_visitante,LL_visitante,RT_visitante,RO_visitante,RD_visitante,AS_visitante,ER_visitante,IA%_visitante,3PC_visitante,3PT_visitante,3P%_visitante,2PC_visitante,2PT_visitante,2P%_visitante,LLC_visitante,LLT_visitante,LL%_visitante,EN_visitante,BR_visitante,B/E_visitante,TO_visitante,FC_visitante,T/FC_visitante,ET_visitante,VI_visitante,EF_visitante
78,71,2020-02-03,4,2,2019-2020,Flamengo,Fortaleza B. C. / CFO,1,83.7,29.8,38.666666666666664,15.233333333333333,39.0,12.0,27.0,18.133333333333333,12.1,1.6233333333333333,9.933333333333334,28.833333333333332,34.48266666666667,19.333333333333332,37.333333333333336,52.037333333333336,15.233333333333333,22.266666666666666,68.79333333333332,0.9666666666666667,7.633333333333334,0.6446666666666668,1.9333333333333333,20.366666666666667,0.09533333333333334,12.1,1.7333333333333334,94.3,74.30066666666667,24.1,38.199333333333335,11.999333333333334,36.99999999999999,11.0,26.000000000000004,12.933333333333334,13.166,0.9786666666666667,8.033333333333333,25.29933333333333,32.118,19.100666666666665,38.032666666666664,50.40999999999999,11.999333333333334,17.468,68.94133333333333,1.6666666666666667,7.332666666666666,0.5566666666666668,2.667333333333333,22.132666666666662,0.12066666666666669,13.166,1.7659999999999996,79.06666666666666
