placar_casa,placar_visitante,data,round,stage,ano,equipe_casa,equipe_visitante,resultado,Pts_casa,3P_casa,2P_casa,LL_casa,RT_casa,RO_casa,RD_casa,AS_casa,ER_casa,IA%_casa,3PC_casa,3PT_casa,3P%_casa,2PC_casa,2PT_casa,2P%_casa,LLC_casa,LLT_casa,LL%_casa,EN_casa,BR_casa,B/E_casa,TO_casa,FC_casa,T/FC_casa,ET_casa,VI_casa,EF_casa,Pts_visitante,3P_visitante,2P_visitante,LL_visitante,RT_visitante,RO_visitante,RD_visitante,AS_visitante,ER_visitante,IA%_visitante,3PC_visitante,3PT_visitante,3P%_visitante,2PC_visitante,2PT_visitante,2P%_visitante,LLC_visitante,LLT_visitante,LL%_visitante,EN_visitante,BR_visitante,B/E_visitante,TO_visitante,FC_visitante,T/FC_visitante,ET_visitante,VI_visitante,EF_visitante
76,68,2009-04-15,7,2,2008-2009,Sesi Franca,Assis,1,86.13333333333334,21.2,46.93333333333333,18.0,30.733333333333334,9.8,20.933333333333334,17.266666666666666,13.266666666666667,1.3926666666666667,7.066666666666666,20.2,36.465333333333334,23.466666666666665,44.8,52.551333333333325,18.0,23.866666666666667,75.10066666666667,1.0666666666666667,8.8,0.7046666666666667,2.1333333333333333,24.4,0.09133333333333336,13.266666666666667,0.0,91.46666666666667,78.73333333333333,24.2,35.2,19.333333333333332,28.066666666666666,7.733333333333333,20.333333333333332,12.133333333333333,12.8,1.1053333333333333,8.066666666666666,22.533333333333335,36.12933333333333,17.6,32.46666666666667,54.127333333333326,19.333333333333332,26.333333333333332,74.51733333333333,1.2666666666666666,6.666666666666667,0.5646666666666665,2.933333333333333,20.933333333333334,0.14333333333333334,12.8,0.0,79.4
