placar_casa,placar_visitante,data,round,stage,ano,equipe_casa,equipe_visitante,resultado,Pts_casa,3P_casa,2P_casa,LL_casa,RT_casa,RO_casa,RD_casa,AS_casa,ER_casa,IA%_casa,3PC_casa,3PT_casa,3P%_casa,2PC_casa,2PT_casa,2P%_casa,LLC_casa,LLT_casa,LL%_casa,EN_casa,BR_casa,B/E_casa,TO_casa,FC_casa,T/FC_casa,ET_casa,VI_casa,EF_casa,Pts_visitante,3P_visitante,2P_visitante,LL_visitante,RT_visitante,RO_visitante,RD_visitante,AS_visitante,ER_visitante,IA%_visitante,3PC_visitante,3PT_visitante,3P%_visitante,2PC_visitante,2PT_visitante,2P%_visitante,LLC_visitante,LLT_visitante,LL%_visitante,EN_visitante,BR_visitante,B/E_visitante,TO_visitante,FC_visitante,T/FC_visitante,ET_visitante,VI_visitante,EF_visitante
82,71,2024-12-29,2,2,2024-2025,União Corinthians,Fortaleza Basquete Cearense,1,77.80066666666667,21.4,41.6,14.800666666666666,38.734,13.332666666666666,25.399333333333335,17.667333333333332,13.533333333333333,1.4146666666666665,7.133333333333334,23.266000000000002,30.606666666666666,20.8,42.8,48.598,14.800666666666666,21.199333333333335,69.88466666666666,1.3993333333333335,7.8,0.5980000000000001,1.6,23.332666666666668,0.07200000000000002,13.533333333333333,3.066666666666667,85.53333333333333,69.20133333333334,19.2,37.46666666666667,12.532666666666668,37.0,10.132666666666667,26.86733333333333,14.067333333333336,14.867999999999997,1.0046666666666666,6.400666666666666,22.401333333333337,28.32266666666667,18.73333333333333,36.80133333333333,51.163333333333334,12.532666666666668,18.001333333333335,68.80133333333333,1.6666666666666667,6.599333333333334,0.46599999999999997,2.5326666666666666,20.598666666666663,0.12333333333333332,14.867999999999997,3.3340000000000005,74.99933333333335
