placar_casa,placar_visitante,data,round,stage,ano,equipe_casa,equipe_visitante,resultado,Pts_casa,3P_casa,2P_casa,LL_casa,RT_casa,RO_casa,RD_casa,AS_casa,ER_casa,IA%_casa,3PC_casa,3PT_casa,3P%_casa,2PC_casa,2PT_casa,2P%_casa,LLC_casa,LLT_casa,LL%_casa,EN_casa,BR_casa,B/E_casa,TO_casa,FC_casa,T/FC_casa,ET_casa,VI_casa,EF_casa,Pts_visitante,3P_visitante,2P_visitante,LL_visitante,RT_visitante,RO_visitante,RD_visitante,AS_visitante,ER_visitante,IA%_visitante,3PC_visitante,3PT_visitante,3P%_visitante,2PC_visitante,2PT_visitante,2P%_visitante,LLC_visitante,LLT_visitante,LL%_visitante,EN_visitante,BR_visitante,B/E_visitante,TO_visitante,FC_visitante,T/FC_visitante,ET_visitante,VI_visitante,EF_visitante
95,68,2022-01-26,1,2,2021-2022,UNIFACISA,Fortaleza B. C. / CFO,1,78.06666666666666,28.8,37.86666666666667,11.4,37.2,11.0,26.2,15.466666666666667,11.2,1.4086666666666667,9.6,28.933333333333334,32.785999999999994,18.933333333333334,36.8,52.028666666666666,11.4,15.333333333333334,73.30866666666667,1.7333333333333334,7.4,0.6973333333333332,0.9333333333333333,19.133333333333333,0.048666666666666664,11.2,1.7333333333333334,86.73333333333333,75.6,20.8,41.2,13.6,39.8,11.2,28.6,13.933333333333334,13.533333333333333,1.0906666666666665,6.933333333333334,24.866666666666667,28.895333333333333,20.6,43.06666666666667,48.30466666666667,13.6,19.733333333333334,69.03666666666666,1.1333333333333333,6.2,0.48333333333333334,2.1333333333333333,19.333333333333332,0.11266666666666669,13.533333333333333,2.933333333333333,77.6
