placar_casa,placar_visitante,data,round,stage,ano,equipe_casa,equipe_visitante,resultado,Pts_casa,3P_casa,2P_casa,LL_casa,RT_casa,RO_casa,RD_casa,AS_casa,ER_casa,IA%_casa,3PC_casa,3PT_casa,3P%_casa,2PC_casa,2PT_casa,2P%_casa,LLC_casa,LLT_casa,LL%_casa,EN_casa,BR_casa,B/E_casa,TO_casa,FC_casa,T/FC_casa,ET_casa,VI_casa,EF_casa,Pts_visitante,3P_visitante,2P_visitante,LL_visitante,RT_visitante,RO_visitante,RD_visitante,AS_visitante,ER_visitante,IA%_visitante,3PC_visitante,3PT_visitante,3P%_visitante,2PC_visitante,2PT_visitante,2P%_visitante,LLC_visitante,LLT_visitante,LL%_visitante,EN_visitante,BR_visitante,B/E_visitante,TO_visitante,FC_visitante,T/FC_visitante,ET_visitante,VI_visitante,EF_visitante
72,110,2024-05-23,3,5,2023-2024,Bauru Basket,Flamengo,0,81.66666666666667,28.4,40.266666666666666,13.0,35.266666666666666,8.066666666666666,27.2,19.733333333333334,13.866666666666667,1.5333333333333334,9.466666666666667,27.4,34.609333333333325,20.133333333333333,34.2,59.35733333333333,13.0,17.2,75.722,1.6,7.933333333333334,0.6180000000000001,2.3333333333333335,21.866666666666667,0.112,13.866666666666667,2.2,96.86666666666666,84.73266666666667,31.6,41.866,11.266666666666667,38.99933333333333,9.867333333333333,29.134000000000004,19.533333333333335,13.332666666666666,1.6366666666666665,10.533999999999999,27.065999999999995,38.97933333333334,20.934,36.26733333333333,57.91133333333333,11.266666666666667,16.399333333333335,67.31800000000001,2.6,8.600666666666665,0.7566666666666666,0.9339999999999999,18.067333333333334,0.05333333333333334,13.332666666666666,2.1326666666666667,102.46733333333333
