placar_casa,placar_visitante,data,round,stage,ano,equipe_casa,equipe_visitante,resultado,Pts_casa,3P_casa,2P_casa,LL_casa,RT_casa,RO_casa,RD_casa,AS_casa,ER_casa,IA%_casa,3PC_casa,3PT_casa,3P%_casa,2PC_casa,2PT_casa,2P%_casa,LLC_casa,LLT_casa,LL%_casa,EN_casa,BR_casa,B/E_casa,TO_casa,FC_casa,T/FC_casa,ET_casa,VI_casa,EF_casa,Pts_visitante,3P_visitante,2P_visitante,LL_visitante,RT_visitante,RO_visitante,RD_visitante,AS_visitante,ER_visitante,IA%_visitante,3PC_visitante,3PT_visitante,3P%_visitante,2PC_visitante,2PT_visitante,2P%_visitante,LLC_visitante,LLT_visitante,LL%_visitante,EN_visitante,BR_visitante,B/E_visitante,TO_visitante,FC_visitante,T/FC_visitante,ET_visitante,VI_visitante,EF_visitante
91,93,2016-05-14,4,5,2015-2016,Mogi,Flamengo,0,79.13333333333334,21.2,41.6,16.333333333333332,38.06666666666667,11.2,26.866666666666667,15.666666666666666,13.133333333333333,1.236,7.066666666666666,21.333333333333332,34.17666666666666,20.8,40.53333333333333,51.299333333333344,16.333333333333332,21.733333333333334,75.81800000000001,2.066666666666667,9.866666666666667,0.7859999999999999,2.1333333333333333,21.666666666666668,0.09866666666666667,13.133333333333333,3.2,92.33333333333333,85.0,23.4,46.266666666666666,15.333333333333334,35.53333333333333,9.8,25.733333333333334,19.4,13.866666666666667,1.4746666666666668,7.8,21.666666666666668,36.208666666666666,23.133333333333333,41.266666666666666,56.144000000000005,15.333333333333334,19.8,76.60933333333332,1.2,11.266666666666667,0.8673333333333333,2.6,19.866666666666667,0.14266666666666664,13.866666666666667,2.4,103.46666666666667
