placar_casa,placar_visitante,data,round,stage,ano,equipe_casa,equipe_visitante,resultado,Pts_casa,3P_casa,2P_casa,LL_casa,RT_casa,RO_casa,RD_casa,AS_casa,ER_casa,IA%_casa,3PC_casa,3PT_casa,3P%_casa,2PC_casa,2PT_casa,2P%_casa,LLC_casa,LLT_casa,LL%_casa,EN_casa,BR_casa,B/E_casa,TO_casa,FC_casa,T/FC_casa,ET_casa,VI_casa,EF_casa,Pts_visitante,3P_visitante,2P_visitante,LL_visitante,RT_visitante,RO_visitante,RD_visitante,AS_visitante,ER_visitante,IA%_visitante,3PC_visitante,3PT_visitante,3P%_visitante,2PC_visitante,2PT_visitante,2P%_visitante,LLC_visitante,LLT_visitante,LL%_visitante,EN_visitante,BR_visitante,B/E_visitante,TO_visitante,FC_visitante,T/FC_visitante,ET_visitante,VI_visitante,EF_visitante
98,76,2021-01-26,1,2,2020-2021,Pato Basquete,BRB/Brasília,1,74.534,20.4,39.06733333333332,15.066666666666666,37.066,11.734,25.334,14.265999999999996,13.198000000000002,1.078,6.8,22.667333333333335,29.796,19.532666666666664,42.800000000000004,45.30466666666666,15.066666666666666,21.932666666666663,68.68533333333333,0.8,7.932666666666666,0.6153333333333334,2.1340000000000003,21.466666666666665,0.10600000000000002,13.198000000000002,2.666666666666666,76.734,83.1,33.9,33.599000000000004,15.600999999999999,37.499,11.499,26.0,17.399,16.000999999999998,1.129,11.300999999999998,33.199,34.041999999999994,16.801,34.701,48.555,15.600999999999999,21.599,71.674,0.499,6.7,0.437,1.599,19.599,0.08199999999999999,16.000999999999998,2.1990000000000003,84.5
