placar_casa,placar_visitante,data,round,stage,ano,equipe_casa,equipe_visitante,resultado,Pts_casa,3P_casa,2P_casa,LL_casa,RT_casa,RO_casa,RD_casa,AS_casa,ER_casa,IA%_casa,3PC_casa,3PT_casa,3P%_casa,2PC_casa,2PT_casa,2P%_casa,LLC_casa,LLT_casa,LL%_casa,EN_casa,BR_casa,B/E_casa,TO_casa,FC_casa,T/FC_casa,ET_casa,VI_casa,EF_casa,Pts_visitante,3P_visitante,2P_visitante,LL_visitante,RT_visitante,RO_visitante,RD_visitante,AS_visitante,ER_visitante,IA%_visitante,3PC_visitante,3PT_visitante,3P%_visitante,2PC_visitante,2PT_visitante,2P%_visitante,LLC_visitante,LLT_visitante,LL%_visitante,EN_visitante,BR_visitante,B/E_visitante,TO_visitante,FC_visitante,T/FC_visitante,ET_visitante,VI_visitante,EF_visitante
88,74,2013-04-18,1,3,2012-2013,Limeira,Pinheiros,1,79.13333333333334,45.4,38.8,13.333333333333334,28.333333333333332,7.866666666666666,20.466666666666665,14.066666666666666,11.333333333333334,1.402,9.0,23.933333333333334,37.266000000000005,19.4,36.733333333333334,52.51133333333334,13.333333333333334,17.533333333333335,74.59200000000001,1.2666666666666666,6.0,0.6159999999999999,1.5333333333333334,21.733333333333334,0.074,11.333333333333334,2.4,86.06666666666666,84.8,44.8,40.8,14.8,28.6,6.866666666666666,21.733333333333334,15.2,11.6,1.3739999999999999,9.733333333333333,25.4,38.086000000000006,20.4,34.4,59.52133333333334,14.8,18.733333333333334,77.98533333333333,1.8,5.333333333333333,0.48333333333333334,2.0,19.066666666666666,0.10933333333333334,11.6,1.8666666666666667,93.33333333333333
