placar_casa,placar_visitante,data,round,stage,ano,equipe_casa,equipe_visitante,resultado,Pts_casa,3P_casa,2P_casa,LL_casa,RT_casa,RO_casa,RD_casa,AS_casa,ER_casa,IA%_casa,3PC_casa,3PT_casa,3P%_casa,2PC_casa,2PT_casa,2P%_casa,LLC_casa,LLT_casa,LL%_casa,EN_casa,BR_casa,B/E_casa,TO_casa,FC_casa,T/FC_casa,ET_casa,VI_casa,EF_casa,Pts_visitante,3P_visitante,2P_visitante,LL_visitante,RT_visitante,RO_visitante,RD_visitante,AS_visitante,ER_visitante,IA%_visitante,3PC_visitante,3PT_visitante,3P%_visitante,2PC_visitante,2PT_visitante,2P%_visitante,LLC_visitante,LLT_visitante,LL%_visitante,EN_visitante,BR_visitante,B/E_visitante,TO_visitante,FC_visitante,T/FC_visitante,ET_visitante,VI_visitante,EF_visitante
88,91,2009-11-29,6,1,2009-2010,Pinheiros,Joinville,0,81.33333333333333,29.0,34.0,18.333333333333332,28.666666666666668,7.0,21.666666666666668,9.666666666666666,14.666666666666666,0.71,9.666666666666666,25.333333333333332,39.123333333333335,17.0,33.333333333333336,50.29,18.333333333333332,24.0,75.20333333333333,2.3333333333333335,8.666666666666666,0.61,2.0,21.333333333333332,0.12,14.666666666666666,3.0,78.0,83.66666666666667,28.0,40.666666666666664,15.0,37.0,16.333333333333332,20.666666666666668,13.0,13.333333333333334,0.9700000000000001,9.333333333333334,27.666666666666668,35.03,20.333333333333332,42.333333333333336,46.836666666666666,15.0,18.666666666666668,81.76,2.0,8.666666666666666,0.6466666666666666,2.0,20.0,0.11333333333333334,13.333333333333334,3.3333333333333335,87.0
