placar_casa,placar_visitante,data,round,stage,ano,equipe_casa,equipe_visitante,resultado,Pts_casa,3P_casa,2P_casa,LL_casa,RT_casa,RO_casa,RD_casa,AS_casa,ER_casa,IA%_casa,3PC_casa,3PT_casa,3P%_casa,2PC_casa,2PT_casa,2P%_casa,LLC_casa,LLT_casa,LL%_casa,EN_casa,BR_casa,B/E_casa,TO_casa,FC_casa,T/FC_casa,ET_casa,VI_casa,EF_casa,Pts_visitante,3P_visitante,2P_visitante,LL_visitante,RT_visitante,RO_visitante,RD_visitante,AS_visitante,ER_visitante,IA%_visitante,3PC_visitante,3PT_visitante,3P%_visitante,2PC_visitante,2PT_visitante,2P%_visitante,LLC_visitante,LLT_visitante,LL%_visitante,EN_visitante,BR_visitante,B/E_visitante,TO_visitante,FC_visitante,T/FC_visitante,ET_visitante,VI_visitante,EF_visitante
93,81,2014-01-25,2,2,2013-2014,Limeira,Palmeiras,1,74.26666666666667,23.8,37.6,12.866666666666667,31.933333333333334,7.2,24.733333333333334,15.133333333333333,11.333333333333334,1.4566666666666668,7.933333333333334,20.0,40.25533333333333,18.8,36.733333333333334,51.255333333333326,12.866666666666667,17.733333333333334,73.202,0.5333333333333333,8.466666666666667,0.8093333333333333,2.4,20.666666666666668,0.11600000000000003,11.333333333333334,2.066666666666667,86.0,79.73333333333333,21.2,44.93333333333333,13.6,35.06666666666667,11.666666666666666,23.4,14.133333333333333,13.266666666666667,1.21,7.066666666666666,21.6,33.476,22.466666666666665,42.0,54.474666666666664,13.6,19.8,69.38933333333334,2.6666666666666665,9.6,0.8126666666666666,2.4,20.066666666666666,0.12066666666666667,13.266666666666667,4.0,87.4
