placar_casa,placar_visitante,data,round,stage,ano,equipe_casa,equipe_visitante,resultado,Pts_casa,3P_casa,2P_casa,LL_casa,RT_casa,RO_casa,RD_casa,AS_casa,ER_casa,IA%_casa,3PC_casa,3PT_casa,3P%_casa,2PC_casa,2PT_casa,2P%_casa,LLC_casa,LLT_casa,LL%_casa,EN_casa,BR_casa,B/E_casa,TO_casa,FC_casa,T/FC_casa,ET_casa,VI_casa,EF_casa,Pts_visitante,3P_visitante,2P_visitante,LL_visitante,RT_visitante,RO_visitante,RD_visitante,AS_visitante,ER_visitante,IA%_visitante,3PC_visitante,3PT_visitante,3P%_visitante,2PC_visitante,2PT_visitante,2P%_visitante,LLC_visitante,LLT_visitante,LL%_visitante,EN_visitante,BR_visitante,B/E_visitante,TO_visitante,FC_visitante,T/FC_visitante,ET_visitante,VI_visitante,EF_visitante
87,84,2017-04-06,1,3,2016-2017,Fortaleza B. C. / CFO,Paulistano,1,74.6,26.4,33.46666666666667,14.733333333333333,36.266666666666666,9.933333333333334,26.333333333333332,14.866666666666667,14.733333333333333,1.0553333333333332,8.8,27.0,32.51,16.733333333333334,36.666666666666664,45.73133333333333,14.733333333333333,21.2,68.08,1.2666666666666666,7.866666666666666,0.5599999999999999,2.4,21.6,0.1146666666666667,14.733333333333333,2.933333333333333,76.66666666666667,80.8,28.6,37.733333333333334,14.466666666666667,35.6,11.0,24.6,19.266666666666666,13.266666666666667,1.5353333333333334,9.533333333333333,27.866666666666667,34.84866666666667,18.866666666666667,35.8,53.617333333333335,14.466666666666667,18.933333333333334,76.27533333333334,1.4666666666666666,7.4,0.5793333333333334,2.6666666666666665,21.466666666666665,0.134,13.266666666666667,2.6,92.73333333333333
