placar_casa,placar_visitante,data,round,stage,ano,equipe_casa,equipe_visitante,resultado,Pts_casa,3P_casa,2P_casa,LL_casa,RT_casa,RO_casa,RD_casa,AS_casa,ER_casa,IA%_casa,3PC_casa,3PT_casa,3P%_casa,2PC_casa,2PT_casa,2P%_casa,LLC_casa,LLT_casa,LL%_casa,EN_casa,BR_casa,B/E_casa,TO_casa,FC_casa,T/FC_casa,ET_casa,VI_casa,EF_casa,Pts_visitante,3P_visitante,2P_visitante,LL_visitante,RT_visitante,RO_visitante,RD_visitante,AS_visitante,ER_visitante,IA%_visitante,3PC_visitante,3PT_visitante,3P%_visitante,2PC_visitante,2PT_visitante,2P%_visitante,LLC_visitante,LLT_visitante,LL%_visitante,EN_visitante,BR_visitante,B/E_visitante,TO_visitante,FC_visitante,T/FC_visitante,ET_visitante,VI_visitante,EF_visitante
77,65,2015-05-20,5,5,2014-2015,Bauru Basket,Mogi,1,84.33333333333333,31.0,34.8,18.533333333333335,34.666666666666664,8.6,26.066666666666666,17.733333333333334,11.733333333333333,1.6960000000000002,10.333333333333334,27.8,37.203333333333326,17.4,30.133333333333333,57.476,18.533333333333335,22.733333333333334,81.236,1.3333333333333333,8.133333333333333,0.7726666666666667,1.5333333333333334,18.466666666666665,0.08533333333333334,11.733333333333333,2.8,100.26666666666667,84.13333333333334,22.2,44.93333333333333,17.0,35.8,12.6,23.2,14.666666666666666,13.466666666666667,1.1526666666666665,7.4,21.933333333333334,33.96333333333333,22.466666666666665,41.733333333333334,53.967333333333336,17.0,23.266666666666666,73.26133333333333,1.4666666666666666,9.8,0.7733333333333334,2.0,25.2,0.08133333333333333,13.466666666666667,3.3333333333333335,92.73333333333333
