placar_casa,placar_visitante,data,round,stage,ano,equipe_casa,equipe_visitante,resultado,Pts_casa,3P_casa,2P_casa,LL_casa,RT_casa,RO_casa,RD_casa,AS_casa,ER_casa,IA%_casa,3PC_casa,3PT_casa,3P%_casa,2PC_casa,2PT_casa,2P%_casa,LLC_casa,LLT_casa,LL%_casa,EN_casa,BR_casa,B/E_casa,TO_casa,FC_casa,T/FC_casa,ET_casa,VI_casa,EF_casa,Pts_visitante,3P_visitante,2P_visitante,LL_visitante,RT_visitante,RO_visitante,RD_visitante,AS_visitante,ER_visitante,IA%_visitante,3PC_visitante,3PT_visitante,3P%_visitante,2PC_visitante,2PT_visitante,2P%_visitante,LLC_visitante,LLT_visitante,LL%_visitante,EN_visitante,BR_visitante,B/E_visitante,TO_visitante,FC_visitante,T/FC_visitante,ET_visitante,VI_visitante,EF_visitante
63,71,2021-01-27,1,2,2020-2021,Caxias do Sul Basquete,Bauru Basket,0,75.17866666666666,23.866666666666667,37.60066666666667,13.711999999999998,34.13333333333333,9.934,24.199333333333332,14.53466666666667,14.288666666666666,1.018,7.956666666666666,24.065999999999995,32.888,18.79933333333333,36.22266666666667,51.83733333333334,13.711999999999998,19.732666666666667,69.31933333333333,1.2440000000000002,5.756,0.4000000000000001,1.0,22.531999999999996,0.04866666666666667,14.288666666666666,3.022,76.75533333333333,80.134,28.266666666666666,38.266,13.599333333333332,36.153999999999996,9.111999999999998,27.046666666666674,17.266666666666666,11.334666666666665,1.5393333333333337,9.423333333333334,27.600000000000005,34.001333333333335,19.134,35.64333333333333,54.032000000000004,13.599333333333332,18.221999999999998,74.796,1.3786666666666667,8.155999999999999,0.7333333333333335,1.422,19.554666666666666,0.07466666666666666,11.334666666666665,2.0453333333333337,92.488
