placar_casa,placar_visitante,data,round,stage,ano,equipe_casa,equipe_visitante,resultado,Pts_casa,3P_casa,2P_casa,LL_casa,RT_casa,RO_casa,RD_casa,AS_casa,ER_casa,IA%_casa,3PC_casa,3PT_casa,3P%_casa,2PC_casa,2PT_casa,2P%_casa,LLC_casa,LLT_casa,LL%_casa,EN_casa,BR_casa,B/E_casa,TO_casa,FC_casa,T/FC_casa,ET_casa,VI_casa,EF_casa,Pts_visitante,3P_visitante,2P_visitante,LL_visitante,RT_visitante,RO_visitante,RD_visitante,AS_visitante,ER_visitante,IA%_visitante,3PC_visitante,3PT_visitante,3P%_visitante,2PC_visitante,2PT_visitante,2P%_visitante,LLC_visitante,LLT_visitante,LL%_visitante,EN_visitante,BR_visitante,B/E_visitante,TO_visitante,FC_visitante,T/FC_visitante,ET_visitante,VI_visitante,EF_visitante
86,75,2013-01-21,6,1,2012-2013,Brasília,L. Sorocabana,1,86.76923076923077,58.15384615384615,38.76923076923077,17.76923076923077,30.692307692307693,9.307692307692308,21.384615384615383,17.0,11.692307692307692,1.6715384615384619,10.076923076923077,27.53846153846154,36.635384615384616,19.384615384615383,35.61538461538461,54.79846153846154,17.76923076923077,21.923076923076923,82.57615384615384,0.9230769230769231,7.769230769230769,0.7738461538461539,3.5384615384615383,22.384615384615383,0.16769230769230767,11.692307692307692,3.0,103.38461538461539,75.92857142857143,65.35714285714286,43.57142857142857,16.5,27.357142857142858,8.357142857142858,19.0,10.071428571428571,11.571428571428571,0.9014285714285714,5.285714285714286,18.714285714285715,28.940714285714282,21.785714285714285,41.214285714285715,52.67,16.5,22.428571428571427,73.34642857142856,2.142857142857143,8.785714285714286,0.8021428571428573,1.7857142857142858,19.642857142857142,0.09000000000000001,11.571428571428571,2.142857142857143,81.64285714285714
