placar_casa,placar_visitante,data,round,stage,ano,equipe_casa,equipe_visitante,resultado,Pts_casa,3P_casa,2P_casa,LL_casa,RT_casa,RO_casa,RD_casa,AS_casa,ER_casa,IA%_casa,3PC_casa,3PT_casa,3P%_casa,2PC_casa,2PT_casa,2P%_casa,LLC_casa,LLT_casa,LL%_casa,EN_casa,BR_casa,B/E_casa,TO_casa,FC_casa,T/FC_casa,ET_casa,VI_casa,EF_casa,Pts_visitante,3P_visitante,2P_visitante,LL_visitante,RT_visitante,RO_visitante,RD_visitante,AS_visitante,ER_visitante,IA%_visitante,3PC_visitante,3PT_visitante,3P%_visitante,2PC_visitante,2PT_visitante,2P%_visitante,LLC_visitante,LLT_visitante,LL%_visitante,EN_visitante,BR_visitante,B/E_visitante,TO_visitante,FC_visitante,T/FC_visitante,ET_visitante,VI_visitante,EF_visitante
77,76,2017-02-07,24,1,2016-2017,R10 Score Vasco da Gama,Macaé Basquete,1,74.4,21.8,36.666666666666664,15.933333333333334,32.333333333333336,8.333333333333334,24.0,15.6,14.133333333333333,1.204,7.266666666666667,22.2,32.23133333333333,18.333333333333332,34.8,53.239999999999995,15.933333333333334,19.733333333333334,80.72800000000001,1.0,7.0,0.5413333333333333,1.6,19.8,0.09000000000000001,14.133333333333333,3.3333333333333335,81.6,73.13333333333334,21.4,38.0,13.733333333333333,34.0,10.8,23.2,16.866666666666667,13.933333333333334,1.2793333333333334,7.133333333333334,21.466666666666665,33.366,19.0,40.333333333333336,47.419999999999995,13.733333333333333,17.333333333333332,80.50533333333334,0.6,5.333333333333333,0.4166666666666667,1.9333333333333333,22.2,0.09533333333333334,13.933333333333334,3.2666666666666666,78.06666666666666
