placar_casa,placar_visitante,data,round,stage,ano,equipe_casa,equipe_visitante,resultado,Pts_casa,3P_casa,2P_casa,LL_casa,RT_casa,RO_casa,RD_casa,AS_casa,ER_casa,IA%_casa,3PC_casa,3PT_casa,3P%_casa,2PC_casa,2PT_casa,2P%_casa,LLC_casa,LLT_casa,LL%_casa,EN_casa,BR_casa,B/E_casa,TO_casa,FC_casa,T/FC_casa,ET_casa,VI_casa,EF_casa,Pts_visitante,3P_visitante,2P_visitante,LL_visitante,RT_visitante,RO_visitante,RD_visitante,AS_visitante,ER_visitante,IA%_visitante,3PC_visitante,3PT_visitante,3P%_visitante,2PC_visitante,2PT_visitante,2P%_visitante,LLC_visitante,LLT_visitante,LL%_visitante,EN_visitante,BR_visitante,B/E_visitante,TO_visitante,FC_visitante,T/FC_visitante,ET_visitante,VI_visitante,EF_visitante
88,94,2013-02-16,6,2,2012-2013,Suzano,Espírito Santo,0,72.6,59.2,39.46666666666667,13.933333333333334,28.533333333333335,9.333333333333334,19.2,11.333333333333334,18.533333333333335,0.63,6.4,20.133333333333333,30.934,19.733333333333334,39.53333333333333,50.28333333333333,13.933333333333334,20.533333333333335,67.56133333333334,0.6,7.0,0.4019999999999999,2.0,19.6,0.10733333333333335,18.533333333333335,3.466666666666667,72.86666666666666,78.66666666666667,54.0,36.0,19.666666666666668,30.133333333333333,8.533333333333333,21.6,10.4,14.066666666666666,0.8540000000000002,7.666666666666667,24.0,32.324666666666666,18.0,36.86666666666667,48.912666666666674,19.666666666666668,24.666666666666668,79.87133333333333,1.2666666666666666,7.866666666666666,0.642,1.4,21.066666666666666,0.06866666666666667,14.066666666666666,4.066666666666666,83.26666666666667
