placar_casa,placar_visitante,data,round,stage,ano,equipe_casa,equipe_visitante,resultado,Pts_casa,3P_casa,2P_casa,LL_casa,RT_casa,RO_casa,RD_casa,AS_casa,ER_casa,IA%_casa,3PC_casa,3PT_casa,3P%_casa,2PC_casa,2PT_casa,2P%_casa,LLC_casa,LLT_casa,LL%_casa,EN_casa,BR_casa,B/E_casa,TO_casa,FC_casa,T/FC_casa,ET_casa,VI_casa,EF_casa,Pts_visitante,3P_visitante,2P_visitante,LL_visitante,RT_visitante,RO_visitante,RD_visitante,AS_visitante,ER_visitante,IA%_visitante,3PC_visitante,3PT_visitante,3P%_visitante,2PC_visitante,2PT_visitante,2P%_visitante,LLC_visitante,LLT_visitante,LL%_visitante,EN_visitante,BR_visitante,B/E_visitante,TO_visitante,FC_visitante,T/FC_visitante,ET_visitante,VI_visitante,EF_visitante
81,67,2014-03-15,14,2,2013-2014,Limeira,Mogi,1,77.0,26.2,36.93333333333333,13.866666666666667,30.266666666666666,7.6,22.666666666666668,14.333333333333334,11.066666666666666,1.5859999999999999,8.733333333333333,22.533333333333335,38.61066666666667,18.466666666666665,35.333333333333336,51.88866666666667,13.866666666666667,18.333333333333332,75.83400000000002,0.4666666666666667,8.933333333333334,0.98,1.4666666666666666,20.933333333333334,0.07066666666666667,11.066666666666666,1.9333333333333333,85.8,80.2,22.4,39.6,18.2,36.6,12.133333333333333,24.466666666666665,14.733333333333333,15.333333333333334,1.0346666666666666,7.466666666666667,20.6,35.841333333333324,19.8,40.333333333333336,49.03066666666667,18.2,26.133333333333333,69.21333333333334,0.9333333333333333,10.6,0.7633333333333333,1.0666666666666667,22.6,0.050666666666666665,15.333333333333334,2.933333333333333,86.26666666666667
