placar_casa,placar_visitante,data,round,stage,ano,equipe_casa,equipe_visitante,resultado,Pts_casa,3P_casa,2P_casa,LL_casa,RT_casa,RO_casa,RD_casa,AS_casa,ER_casa,IA%_casa,3PC_casa,3PT_casa,3P%_casa,2PC_casa,2PT_casa,2P%_casa,LLC_casa,LLT_casa,LL%_casa,EN_casa,BR_casa,B/E_casa,TO_casa,FC_casa,T/FC_casa,ET_casa,VI_casa,EF_casa,Pts_visitante,3P_visitante,2P_visitante,LL_visitante,RT_visitante,RO_visitante,RD_visitante,AS_visitante,ER_visitante,IA%_visitante,3PC_visitante,3PT_visitante,3P%_visitante,2PC_visitante,2PT_visitante,2P%_visitante,LLC_visitante,LLT_visitante,LL%_visitante,EN_visitante,BR_visitante,B/E_visitante,TO_visitante,FC_visitante,T/FC_visitante,ET_visitante,VI_visitante,EF_visitante
88,79,2015-02-05,6,2,2014-2015,Paulistano,Sesi Franca,1,79.46666666666667,23.2,39.333333333333336,16.933333333333334,39.13333333333333,13.533333333333333,25.6,11.2,11.8,1.0373333333333332,7.733333333333333,23.666666666666668,32.824666666666666,19.666666666666668,42.86666666666667,46.164,16.933333333333334,21.733333333333334,79.46199999999999,1.0666666666666667,8.933333333333334,0.8566666666666666,1.2666666666666666,23.733333333333334,0.05400000000000001,11.8,2.466666666666667,84.26666666666667,75.93333333333334,19.4,41.333333333333336,15.2,35.53333333333333,11.333333333333334,24.2,13.466666666666667,14.0,1.076,6.466666666666667,22.8,27.58133333333333,20.666666666666668,39.333333333333336,52.79866666666667,15.2,21.0,72.18933333333334,2.7333333333333334,10.533333333333333,0.8393333333333334,3.2666666666666666,20.666666666666668,0.16000000000000003,14.0,3.4,83.93333333333334
