placar_casa,placar_visitante,data,round,stage,ano,equipe_casa,equipe_visitante,resultado,Pts_casa,3P_casa,2P_casa,LL_casa,RT_casa,RO_casa,RD_casa,AS_casa,ER_casa,IA%_casa,3PC_casa,3PT_casa,3P%_casa,2PC_casa,2PT_casa,2P%_casa,LLC_casa,LLT_casa,LL%_casa,EN_casa,BR_casa,B/E_casa,TO_casa,FC_casa,T/FC_casa,ET_casa,VI_casa,EF_casa,Pts_visitante,3P_visitante,2P_visitante,LL_visitante,RT_visitante,RO_visitante,RD_visitante,AS_visitante,ER_visitante,IA%_visitante,3PC_visitante,3PT_visitante,3P%_visitante,2PC_visitante,2PT_visitante,2P%_visitante,LLC_visitante,LLT_visitante,LL%_visitante,EN_visitante,BR_visitante,B/E_visitante,TO_visitante,FC_visitante,T/FC_visitante,ET_visitante,VI_visitante,EF_visitante
76,66,2010-02-28,4,2,2009-2010,Sesi Franca,Minas,1,86.85714285714286,28.928571428571427,39.0,18.928571428571427,28.0,7.571428571428571,20.428571428571427,12.785714285714286,11.0,1.5,9.642857142857142,24.142857142857142,39.21357142857143,19.5,37.785714285714285,52.15214285714285,18.928571428571427,25.0,74.97071428571428,0.42857142857142855,7.142857142857143,0.6885714285714286,1.9285714285714286,21.642857142857142,0.0942857142857143,11.0,2.0714285714285716,86.85714285714286,92.23076923076923,28.615384615384617,47.84615384615385,15.76923076923077,34.0,10.923076923076923,23.076923076923077,20.23076923076923,14.692307692307692,1.4030769230769233,9.538461538461538,22.846153846153847,42.31461538461539,23.923076923076923,43.61538461538461,54.74230769230769,15.76923076923077,20.153846153846153,76.37923076923077,0.6923076923076923,7.3076923076923075,0.5215384615384615,2.3846153846153846,20.46153846153846,0.12076923076923077,14.692307692307692,2.076923076923077,104.07692307692308
