placar_casa,placar_visitante,data,round,stage,ano,equipe_casa,equipe_visitante,resultado,Pts_casa,3P_casa,2P_casa,LL_casa,RT_casa,RO_casa,RD_casa,AS_casa,ER_casa,IA%_casa,3PC_casa,3PT_casa,3P%_casa,2PC_casa,2PT_casa,2P%_casa,LLC_casa,LLT_casa,LL%_casa,EN_casa,BR_casa,B/E_casa,TO_casa,FC_casa,T/FC_casa,ET_casa,VI_casa,EF_casa,Pts_visitante,3P_visitante,2P_visitante,LL_visitante,RT_visitante,RO_visitante,RD_visitante,AS_visitante,ER_visitante,IA%_visitante,3PC_visitante,3PT_visitante,3P%_visitante,2PC_visitante,2PT_visitante,2P%_visitante,LLC_visitante,LLT_visitante,LL%_visitante,EN_visitante,BR_visitante,B/E_visitante,TO_visitante,FC_visitante,T/FC_visitante,ET_visitante,VI_visitante,EF_visitante
97,78,2014-04-11,2,3,2013-2014,Bauru Basket,Fortaleza B. C. / CFO,1,82.6,26.6,39.733333333333334,16.266666666666666,35.93333333333333,10.933333333333334,25.0,15.666666666666666,12.2,1.3826666666666665,8.866666666666667,23.933333333333334,37.09733333333333,19.866666666666667,37.8,53.38533333333333,16.266666666666666,20.466666666666665,79.79466666666666,1.8,8.733333333333333,0.7913333333333333,2.2,19.466666666666665,0.10800000000000001,12.2,2.2,95.73333333333333,78.26666666666667,20.8,44.13333333333333,13.333333333333334,37.46666666666667,11.2,26.266666666666666,15.266666666666667,12.933333333333334,1.2393333333333334,6.933333333333334,20.133333333333333,35.22866666666666,22.066666666666666,44.266666666666666,50.04066666666667,13.333333333333334,19.2,69.50933333333333,1.8,10.866666666666667,0.8913333333333333,2.6666666666666665,20.466666666666665,0.1366666666666667,12.933333333333334,2.8,90.33333333333333
