placar_casa,placar_visitante,data,round,stage,ano,equipe_casa,equipe_visitante,resultado,Pts_casa,3P_casa,2P_casa,LL_casa,RT_casa,RO_casa,RD_casa,AS_casa,ER_casa,IA%_casa,3PC_casa,3PT_casa,3P%_casa,2PC_casa,2PT_casa,2P%_casa,LLC_casa,LLT_casa,LL%_casa,EN_casa,BR_casa,B/E_casa,TO_casa,FC_casa,T/FC_casa,ET_casa,VI_casa,EF_casa,Pts_visitante,3P_visitante,2P_visitante,LL_visitante,RT_visitante,RO_visitante,RD_visitante,AS_visitante,ER_visitante,IA%_visitante,3PC_visitante,3PT_visitante,3P%_visitante,2PC_visitante,2PT_visitante,2P%_visitante,LLC_visitante,LLT_visitante,LL%_visitante,EN_visitante,BR_visitante,B/E_visitante,TO_visitante,FC_visitante,T/FC_visitante,ET_visitante,VI_visitante,EF_visitante
68,67,2013-01-12,14,1,2012-2013,Brasília,Paulistano,1,88.11111111111111,58.333333333333336,38.888888888888886,18.22222222222222,31.555555555555557,9.555555555555555,22.0,17.22222222222222,12.444444444444445,1.6544444444444446,10.333333333333334,27.333333333333332,37.63,19.444444444444443,35.666666666666664,54.8911111111111,18.22222222222222,22.88888888888889,80.27,1.3333333333333333,7.444444444444445,0.7288888888888889,3.6666666666666665,21.77777777777778,0.1811111111111111,12.444444444444445,3.0,105.33333333333333,80.33333333333333,67.0,44.666666666666664,14.916666666666666,36.666666666666664,13.25,23.416666666666668,14.25,15.0,0.9891666666666667,6.916666666666667,19.833333333333332,36.33083333333334,22.333333333333332,45.333333333333336,49.564166666666665,14.916666666666666,22.416666666666668,65.93750000000001,3.3333333333333335,6.916666666666667,0.4725,2.1666666666666665,22.5,0.10083333333333334,15.0,2.3333333333333335,91.75
