placar_casa,placar_visitante,data,round,stage,ano,equipe_casa,equipe_visitante,resultado,Pts_casa,3P_casa,2P_casa,LL_casa,RT_casa,RO_casa,RD_casa,AS_casa,ER_casa,IA%_casa,3PC_casa,3PT_casa,3P%_casa,2PC_casa,2PT_casa,2P%_casa,LLC_casa,LLT_casa,LL%_casa,EN_casa,BR_casa,B/E_casa,TO_casa,FC_casa,T/FC_casa,ET_casa,VI_casa,EF_casa,Pts_visitante,3P_visitante,2P_visitante,LL_visitante,RT_visitante,RO_visitante,RD_visitante,AS_visitante,ER_visitante,IA%_visitante,3PC_visitante,3PT_visitante,3P%_visitante,2PC_visitante,2PT_visitante,2P%_visitante,LLC_visitante,LLT_visitante,LL%_visitante,EN_visitante,BR_visitante,B/E_visitante,TO_visitante,FC_visitante,T/FC_visitante,ET_visitante,VI_visitante,EF_visitante
103,89,2023-05-16,2,5,2022-2023,Minas,Sesi Franca,1,84.33200000000001,31.0,39.467999999999996,13.868,38.466,8.800666666666666,29.667333333333332,17.866666666666667,13.732666666666667,1.4379999999999997,10.334,26.933333333333337,37.66133333333333,19.731999999999996,35.13333333333333,56.62599999999999,13.868,17.866666666666667,78.67399999999999,2.6653333333333333,5.134,0.37866666666666665,1.6,20.467333333333336,0.07733333333333334,13.732666666666667,3.000666666666667,97.66666666666667,92.578,35.266666666666666,40.88866666666666,16.422,38.93333333333333,9.378000000000002,29.555333333333333,19.444666666666667,11.6,2.2873333333333323,11.755333333333333,28.866666666666667,40.81866666666667,20.444666666666667,36.08866666666666,56.458666666666666,16.422,21.311333333333334,78.53466666666667,2.022,5.333333333333333,0.5133333333333333,2.022,19.888666666666666,0.10733333333333334,11.6,1.5333333333333334,109.06666666666666
