placar_casa,placar_visitante,data,round,stage,ano,equipe_casa,equipe_visitante,resultado,Pts_casa,3P_casa,2P_casa,LL_casa,RT_casa,RO_casa,RD_casa,AS_casa,ER_casa,IA%_casa,3PC_casa,3PT_casa,3P%_casa,2PC_casa,2PT_casa,2P%_casa,LLC_casa,LLT_casa,LL%_casa,EN_casa,BR_casa,B/E_casa,TO_casa,FC_casa,T/FC_casa,ET_casa,VI_casa,EF_casa,Pts_visitante,3P_visitante,2P_visitante,LL_visitante,RT_visitante,RO_visitante,RD_visitante,AS_visitante,ER_visitante,IA%_visitante,3PC_visitante,3PT_visitante,3P%_visitante,2PC_visitante,2PT_visitante,2P%_visitante,LLC_visitante,LLT_visitante,LL%_visitante,EN_visitante,BR_visitante,B/E_visitante,TO_visitante,FC_visitante,T/FC_visitante,ET_visitante,VI_visitante,EF_visitante
83,78,2009-04-03,4,2,2008-2009,Minas,Coop/São José Basketball,1,87.4,23.6,47.6,16.2,35.266666666666666,10.6,24.666666666666668,17.0,15.4,1.1586666666666667,7.866666666666666,21.066666666666666,37.544666666666664,23.8,42.53333333333333,56.162666666666674,16.2,23.2,70.42733333333332,1.2666666666666666,7.4,0.49,2.8,19.2,0.15733333333333333,15.4,0.0,95.53333333333333,78.06666666666666,26.0,38.13333333333333,13.933333333333334,27.6,8.533333333333333,19.066666666666666,13.4,14.0,1.0226666666666668,8.666666666666666,25.266666666666666,34.54066666666667,19.066666666666666,37.4,51.26533333333334,13.933333333333334,20.333333333333332,69.04866666666666,0.4,7.533333333333333,0.5646666666666668,2.1333333333333333,23.0,0.10400000000000002,14.0,0.0,73.4
