placar_casa,placar_visitante,data,round,stage,ano,equipe_casa,equipe_visitante,resultado,Pts_casa,3P_casa,2P_casa,LL_casa,RT_casa,RO_casa,RD_casa,AS_casa,ER_casa,IA%_casa,3PC_casa,3PT_casa,3P%_casa,2PC_casa,2PT_casa,2P%_casa,LLC_casa,LLT_casa,LL%_casa,EN_casa,BR_casa,B/E_casa,TO_casa,FC_casa,T/FC_casa,ET_casa,VI_casa,EF_casa,Pts_visitante,3P_visitante,2P_visitante,LL_visitante,RT_visitante,RO_visitante,RD_visitante,AS_visitante,ER_visitante,IA%_visitante,3PC_visitante,3PT_visitante,3P%_visitante,2PC_visitante,2PT_visitante,2P%_visitante,LLC_visitante,LLT_visitante,LL%_visitante,EN_visitante,BR_visitante,B/E_visitante,TO_visitante,FC_visitante,T/FC_visitante,ET_visitante,VI_visitante,EF_visitante
99,86,2015-01-29,4,2,2014-2015,Palmeiras,Coop/São José Basketball,1,80.13333333333334,26.0,40.666666666666664,13.466666666666667,36.53333333333333,11.266666666666667,25.266666666666666,16.333333333333332,14.266666666666667,1.2593333333333334,8.666666666666666,23.466666666666665,37.91666666666666,20.333333333333332,38.93333333333333,52.24466666666665,13.466666666666667,17.933333333333334,73.65133333333333,2.466666666666667,9.133333333333333,0.692,1.5333333333333334,17.4,0.09333333333333334,14.266666666666667,3.7333333333333334,91.53333333333333,75.4,17.4,44.266666666666666,13.733333333333333,34.86666666666667,8.533333333333333,26.333333333333332,16.266666666666666,13.933333333333334,1.2966666666666666,5.8,18.666666666666668,31.014666666666674,22.133333333333333,41.733333333333334,53.104000000000006,13.733333333333333,17.866666666666667,74.65533333333335,1.2666666666666666,7.533333333333333,0.5926666666666667,1.6,19.133333333333333,0.08400000000000002,13.933333333333334,2.6666666666666665,85.13333333333334
