placar_casa,placar_visitante,data,round,stage,ano,equipe_casa,equipe_visitante,resultado,Pts_casa,3P_casa,2P_casa,LL_casa,RT_casa,RO_casa,RD_casa,AS_casa,ER_casa,IA%_casa,3PC_casa,3PT_casa,3P%_casa,2PC_casa,2PT_casa,2P%_casa,LLC_casa,LLT_casa,LL%_casa,EN_casa,BR_casa,B/E_casa,TO_casa,FC_casa,T/FC_casa,ET_casa,VI_casa,EF_casa,Pts_visitante,3P_visitante,2P_visitante,LL_visitante,RT_visitante,RO_visitante,RD_visitante,AS_visitante,ER_visitante,IA%_visitante,3PC_visitante,3PT_visitante,3P%_visitante,2PC_visitante,2PT_visitante,2P%_visitante,LLC_visitante,LLT_visitante,LL%_visitante,EN_visitante,BR_visitante,B/E_visitante,TO_visitante,FC_visitante,T/FC_visitante,ET_visitante,VI_visitante,EF_visitante
82,58,2021-04-24,2,3,2020-2021,Sesi Franca,Fortaleza B. C. / CFO,1,87.30000000000001,24.7,46.93266666666668,15.665333333333336,35.334666666666664,7.034000000000001,28.300666666666665,18.501333333333335,11.934,1.5946666666666667,8.232,21.598666666666663,38.25666666666666,23.467333333333336,42.43333333333333,55.252,15.665333333333336,19.7,79.73333333333332,2.5,8.233333333333333,0.6986666666666664,2.134666666666667,18.600000000000005,0.11533333333333333,11.934,1.3326666666666669,103.19866666666665,80.40066666666667,25.7,42.46666666666667,12.234,38.866,10.767333333333333,28.10066666666667,14.865999999999996,14.099333333333336,1.1633333333333336,8.566666666666666,29.066666666666666,28.961333333333325,21.233333333333334,39.666666666666664,53.414666666666676,12.234,17.86733333333333,69.10733333333334,0.5660000000000001,8.600666666666665,0.6446666666666666,3.2326666666666664,19.967333333333336,0.17399999999999996,14.099333333333336,2.999333333333333,87.3
