placar_casa,placar_visitante,data,round,stage,ano,equipe_casa,equipe_visitante,resultado,Pts_casa,3P_casa,2P_casa,LL_casa,RT_casa,RO_casa,RD_casa,AS_casa,ER_casa,IA%_casa,3PC_casa,3PT_casa,3P%_casa,2PC_casa,2PT_casa,2P%_casa,LLC_casa,LLT_casa,LL%_casa,EN_casa,BR_casa,B/E_casa,TO_casa,FC_casa,T/FC_casa,ET_casa,VI_casa,EF_casa,Pts_visitante,3P_visitante,2P_visitante,LL_visitante,RT_visitante,RO_visitante,RD_visitante,AS_visitante,ER_visitante,IA%_visitante,3PC_visitante,3PT_visitante,3P%_visitante,2PC_visitante,2PT_visitante,2P%_visitante,LLC_visitante,LLT_visitante,LL%_visitante,EN_visitante,BR_visitante,B/E_visitante,TO_visitante,FC_visitante,T/FC_visitante,ET_visitante,VI_visitante,EF_visitante
87,72,2014-01-28,5,2,2013-2014,Brasília,Sesi Franca,1,84.13333333333334,35.4,36.8,11.933333333333334,35.8,8.266666666666667,27.533333333333335,16.6,11.133333333333333,1.744,11.8,29.533333333333335,40.074,18.4,35.4,52.82,11.933333333333334,15.0,79.04666666666665,1.3333333333333333,8.6,0.826,2.8,18.066666666666666,0.1606666666666667,11.133333333333333,1.4666666666666666,99.0,77.93333333333334,20.0,43.333333333333336,14.6,35.266666666666666,10.6,24.666666666666668,15.266666666666667,14.666666666666666,1.1506666666666667,6.666666666666667,19.266666666666666,35.086666666666666,21.666666666666668,40.4,54.001333333333335,14.6,20.066666666666666,72.52266666666667,1.5333333333333334,9.6,0.7146666666666667,3.0,18.133333333333333,0.18200000000000002,14.666666666666666,2.066666666666667,89.53333333333333
