placar_casa,placar_visitante,data,round,stage,ano,equipe_casa,equipe_visitante,resultado,Pts_casa,3P_casa,2P_casa,LL_casa,RT_casa,RO_casa,RD_casa,AS_casa,ER_casa,IA%_casa,3PC_casa,3PT_casa,3P%_casa,2PC_casa,2PT_casa,2P%_casa,LLC_casa,LLT_casa,LL%_casa,EN_casa,BR_casa,B/E_casa,TO_casa,FC_casa,T/FC_casa,ET_casa,VI_casa,EF_casa,Pts_visitante,3P_visitante,2P_visitante,LL_visitante,RT_visitante,RO_visitante,RD_visitante,AS_visitante,ER_visitante,IA%_visitante,3PC_visitante,3PT_visitante,3P%_visitante,2PC_visitante,2PT_visitante,2P%_visitante,LLC_visitante,LLT_visitante,LL%_visitante,EN_visitante,BR_visitante,B/E_visitante,TO_visitante,FC_visitante,T/FC_visitante,ET_visitante,VI_visitante,EF_visitante
77,83,2021-03-06,5,2,2020-2021,Fortaleza B. C. / CFO,Corinthians,0,79.56666666666666,24.333333333333332,43.022,12.211333333333334,37.721999999999994,9.578000000000001,28.14466666666667,14.133333333333333,12.544666666666668,1.218,8.111333333333333,26.422,30.429333333333332,21.511333333333333,41.35533333333333,51.996,12.211333333333334,17.233333333333334,71.01,1.0666666666666667,9.433333333333334,0.7693333333333333,3.222,18.988666666666667,0.18133333333333335,12.544666666666668,2.278,88.35533333333333,82.39933333333333,33.2,35.867333333333335,13.334,37.866,9.666,28.2,16.799333333333333,13.0,1.3526666666666667,11.066666666666666,28.799333333333333,37.992000000000004,17.932666666666666,36.134,49.88133333333334,13.334,17.333333333333332,77.23599999999998,0.9339999999999999,6.6659999999999995,0.5513333333333333,2.1333333333333333,19.600666666666665,0.11266666666666666,13.0,1.1326666666666667,92.93266666666666
