placar_casa,placar_visitante,data,round,stage,ano,equipe_casa,equipe_visitante,resultado,Pts_casa,3P_casa,2P_casa,LL_casa,RT_casa,RO_casa,RD_casa,AS_casa,ER_casa,IA%_casa,3PC_casa,3PT_casa,3P%_casa,2PC_casa,2PT_casa,2P%_casa,LLC_casa,LLT_casa,LL%_casa,EN_casa,BR_casa,B/E_casa,TO_casa,FC_casa,T/FC_casa,ET_casa,VI_casa,EF_casa,Pts_visitante,3P_visitante,2P_visitante,LL_visitante,RT_visitante,RO_visitante,RD_visitante,AS_visitante,ER_visitante,IA%_visitante,3PC_visitante,3PT_visitante,3P%_visitante,2PC_visitante,2PT_visitante,2P%_visitante,LLC_visitante,LLT_visitante,LL%_visitante,EN_visitante,BR_visitante,B/E_visitante,TO_visitante,FC_visitante,T/FC_visitante,ET_visitante,VI_visitante,EF_visitante
80,63,2023-02-10,3,2,2022-2023,Caxias do Sul Basquete,Minas,1,73.4,22.866666666666667,35.666666666666664,14.866666666666667,36.17733333333333,8.333333333333334,27.843999999999998,12.156000000000002,12.5,1.0166666666666666,7.6226666666666665,24.366666666666667,31.11133333333333,17.833333333333332,37.522666666666666,47.65933333333335,14.866666666666667,20.689333333333334,71.76133333333334,0.6773333333333333,7.044,0.5733333333333334,1.9560000000000002,19.066666666666666,0.10466666666666666,12.5,2.2666666666666666,75.97733333333332,87.23333333333333,29.7,45.6,11.933333333333334,43.0,11.733333333333333,31.266666666666666,20.966666666666665,13.966666666666667,1.634666666666667,9.9,26.433333333333334,37.224000000000004,22.8,39.6,57.02466666666667,11.933333333333334,16.166666666666668,73.23866666666667,3.0,6.2,0.508,2.1666666666666665,16.833333333333332,0.13466666666666668,13.966666666666667,3.433333333333333,108.03333333333333
