placar_casa,placar_visitante,data,round,stage,ano,equipe_casa,equipe_visitante,resultado,Pts_casa,3P_casa,2P_casa,LL_casa,RT_casa,RO_casa,RD_casa,AS_casa,ER_casa,IA%_casa,3PC_casa,3PT_casa,3P%_casa,2PC_casa,2PT_casa,2P%_casa,LLC_casa,LLT_casa,LL%_casa,EN_casa,BR_casa,B/E_casa,TO_casa,FC_casa,T/FC_casa,ET_casa,VI_casa,EF_casa,Pts_visitante,3P_visitante,2P_visitante,LL_visitante,RT_visitante,RO_visitante,RD_visitante,AS_visitante,ER_visitante,IA%_visitante,3PC_visitante,3PT_visitante,3P%_visitante,2PC_visitante,2PT_visitante,2P%_visitante,LLC_visitante,LLT_visitante,LL%_visitante,EN_visitante,BR_visitante,B/E_visitante,TO_visitante,FC_visitante,T/FC_visitante,ET_visitante,VI_visitante,EF_visitante
61,106,2013-01-19,16,1,2012-2013,Palmeiras,Flamengo,0,75.35714285714286,56.142857142857146,37.42857142857143,15.0,28.0,9.5,18.5,11.428571428571429,11.928571428571429,1.0992857142857144,7.642857142857143,22.714285714285715,33.74785714285714,18.714285714285715,40.214285714285715,46.88142857142857,15.0,21.785714285714285,67.71428571428571,1.5,7.714285714285714,0.6985714285714286,1.2857142857142858,23.428571428571427,0.054285714285714305,11.928571428571429,2.857142857142857,78.14285714285714,90.41666666666667,72.25,48.166666666666664,20.25,33.833333333333336,7.833333333333333,26.0,13.083333333333334,11.75,1.4075,7.333333333333333,19.416666666666668,38.805,24.083333333333332,40.5,59.92583333333334,20.25,26.916666666666668,75.905,1.9166666666666667,7.25,0.7416666666666666,1.5,20.166666666666668,0.07666666666666666,11.75,2.0833333333333335,107.91666666666667
