placar_casa,placar_visitante,data,round,stage,ano,equipe_casa,equipe_visitante,resultado,Pts_casa,3P_casa,2P_casa,LL_casa,RT_casa,RO_casa,RD_casa,AS_casa,ER_casa,IA%_casa,3PC_casa,3PT_casa,3P%_casa,2PC_casa,2PT_casa,2P%_casa,LLC_casa,LLT_casa,LL%_casa,EN_casa,BR_casa,B/E_casa,TO_casa,FC_casa,T/FC_casa,ET_casa,VI_casa,EF_casa,Pts_visitante,3P_visitante,2P_visitante,LL_visitante,RT_visitante,RO_visitante,RD_visitante,AS_visitante,ER_visitante,IA%_visitante,3PC_visitante,3PT_visitante,3P%_visitante,2PC_visitante,2PT_visitante,2P%_visitante,LLC_visitante,LLT_visitante,LL%_visitante,EN_visitante,BR_visitante,B/E_visitante,TO_visitante,FC_visitante,T/FC_visitante,ET_visitante,VI_visitante,EF_visitante
72,69,2015-02-13,8,2,2014-2015,Minas,Paulistano,1,79.13333333333334,24.6,39.733333333333334,14.8,35.266666666666666,10.533333333333333,24.733333333333334,16.733333333333334,13.2,1.3279999999999998,8.2,23.066666666666666,36.178666666666665,19.866666666666667,39.2,50.641333333333336,14.8,20.6,70.82200000000002,2.466666666666667,9.866666666666667,0.7739999999999999,1.8666666666666667,23.2,0.08333333333333333,13.2,3.066666666666667,89.66666666666667,80.46666666666667,23.4,40.666666666666664,16.4,39.733333333333334,13.666666666666666,26.066666666666666,12.0,12.266666666666667,1.0573333333333332,7.8,24.266666666666666,32.056000000000004,20.333333333333332,43.0,47.354000000000006,16.4,21.0,79.52399999999999,0.8666666666666667,9.133333333333333,0.828,1.3333333333333333,23.066666666666666,0.05866666666666667,12.266666666666667,2.466666666666667,86.66666666666667
