placar_casa,placar_visitante,data,round,stage,ano,equipe_casa,equipe_visitante,resultado,Pts_casa,3P_casa,2P_casa,LL_casa,RT_casa,RO_casa,RD_casa,AS_casa,ER_casa,IA%_casa,3PC_casa,3PT_casa,3P%_casa,2PC_casa,2PT_casa,2P%_casa,LLC_casa,LLT_casa,LL%_casa,EN_casa,BR_casa,B/E_casa,TO_casa,FC_casa,T/FC_casa,ET_casa,VI_casa,EF_casa,Pts_visitante,3P_visitante,2P_visitante,LL_visitante,RT_visitante,RO_visitante,RD_visitante,AS_visitante,ER_visitante,IA%_visitante,3PC_visitante,3PT_visitante,3P%_visitante,2PC_visitante,2PT_visitante,2P%_visitante,LLC_visitante,LLT_visitante,LL%_visitante,EN_visitante,BR_visitante,B/E_visitante,TO_visitante,FC_visitante,T/FC_visitante,ET_visitante,VI_visitante,EF_visitante
88,67,2009-03-23,2,2,2008-2009,Sesi Franca,Espírito Santo,1,85.28571428571429,21.857142857142858,47.0,16.428571428571427,32.5,10.0,22.5,17.0,12.5,1.4264285714285714,7.285714285714286,21.785714285714285,33.48714285714286,23.5,45.285714285714285,52.597142857142856,16.428571428571427,22.714285714285715,72.51285714285714,1.1428571428571428,8.928571428571429,0.7392857142857142,2.357142857142857,21.071428571428573,0.12785714285714286,12.5,0.0,91.0,74.85714285714286,20.142857142857142,40.285714285714285,14.428571428571429,27.0,7.071428571428571,19.928571428571427,11.071428571428571,11.285714285714286,1.0671428571428572,6.714285714285714,21.357142857142858,31.41714285714286,20.142857142857142,36.57142857142857,55.99785714285714,14.428571428571429,22.285714285714285,66.45928571428571,0.42857142857142855,7.357142857142857,0.6685714285714287,1.2857142857142858,22.142857142857142,0.06142857142857143,11.285714285714286,0.0,71.35714285714286
