placar_casa,placar_visitante,data,round,stage,ano,equipe_casa,equipe_visitante,resultado,Pts_casa,3P_casa,2P_casa,LL_casa,RT_casa,RO_casa,RD_casa,AS_casa,ER_casa,IA%_casa,3PC_casa,3PT_casa,3P%_casa,2PC_casa,2PT_casa,2P%_casa,LLC_casa,LLT_casa,LL%_casa,EN_casa,BR_casa,B/E_casa,TO_casa,FC_casa,T/FC_casa,ET_casa,VI_casa,EF_casa,Pts_visitante,3P_visitante,2P_visitante,LL_visitante,RT_visitante,RO_visitante,RD_visitante,AS_visitante,ER_visitante,IA%_visitante,3PC_visitante,3PT_visitante,3P%_visitante,2PC_visitante,2PT_visitante,2P%_visitante,LLC_visitante,LLT_visitante,LL%_visitante,EN_visitante,BR_visitante,B/E_visitante,TO_visitante,FC_visitante,T/FC_visitante,ET_visitante,VI_visitante,EF_visitante
84,94,2014-12-17,11,1,2014-2015,Uberlândia,Rio Claro,0,76.44444444444444,29.666666666666668,34.22222222222222,12.555555555555555,32.44444444444444,10.11111111111111,22.333333333333332,13.777777777777779,13.222222222222221,1.1144444444444443,9.88888888888889,28.0,33.593333333333334,17.11111111111111,34.55555555555556,49.23555555555555,12.555555555555555,16.444444444444443,76.01888888888888,1.0,9.444444444444445,0.7933333333333333,2.3333333333333335,21.88888888888889,0.10888888888888888,13.222222222222221,2.3333333333333335,81.77777777777777,73.3,18.0,41.8,13.5,31.9,8.5,23.4,16.7,14.2,1.3139999999999998,6.0,21.9,27.065000000000005,20.9,40.2,51.855000000000004,13.5,17.0,79.12,1.6,11.0,0.817,1.0,17.2,0.067,14.2,3.5,81.0
