placar_casa,placar_visitante,data,round,stage,ano,equipe_casa,equipe_visitante,resultado,Pts_casa,3P_casa,2P_casa,LL_casa,RT_casa,RO_casa,RD_casa,AS_casa,ER_casa,IA%_casa,3PC_casa,3PT_casa,3P%_casa,2PC_casa,2PT_casa,2P%_casa,LLC_casa,LLT_casa,LL%_casa,EN_casa,BR_casa,B/E_casa,TO_casa,FC_casa,T/FC_casa,ET_casa,VI_casa,EF_casa,Pts_visitante,3P_visitante,2P_visitante,LL_visitante,RT_visitante,RO_visitante,RD_visitante,AS_visitante,ER_visitante,IA%_visitante,3PC_visitante,3PT_visitante,3P%_visitante,2PC_visitante,2PT_visitante,2P%_visitante,LLC_visitante,LLT_visitante,LL%_visitante,EN_visitante,BR_visitante,B/E_visitante,TO_visitante,FC_visitante,T/FC_visitante,ET_visitante,VI_visitante,EF_visitante
92,94,2015-04-03,15,2,2014-2015,Macaé Basquete,Rio Claro,0,78.93333333333334,21.4,40.0,17.533333333333335,33.4,10.2,23.2,13.4,14.4,1.0613333333333335,7.133333333333334,20.066666666666666,34.51866666666667,20.0,39.53333333333333,50.443333333333335,17.533333333333335,21.866666666666667,80.11066666666666,1.4,7.733333333333333,0.5773333333333334,1.2666666666666666,21.4,0.06733333333333333,14.4,4.133333333333334,83.53333333333333,81.46666666666667,24.8,40.8,15.866666666666667,28.933333333333334,8.133333333333333,20.8,16.133333333333333,13.533333333333333,1.2826666666666664,8.266666666666667,22.266666666666666,36.06866666666667,20.4,38.333333333333336,53.38133333333334,15.866666666666667,19.6,80.93400000000001,1.2666666666666666,10.466666666666667,0.8246666666666667,1.5333333333333334,22.0,0.07133333333333335,13.533333333333333,3.0,89.33333333333333
