placar_casa,placar_visitante,data,round,stage,ano,equipe_casa,equipe_visitante,resultado,Pts_casa,3P_casa,2P_casa,LL_casa,RT_casa,RO_casa,RD_casa,AS_casa,ER_casa,IA%_casa,3PC_casa,3PT_casa,3P%_casa,2PC_casa,2PT_casa,2P%_casa,LLC_casa,LLT_casa,LL%_casa,EN_casa,BR_casa,B/E_casa,TO_casa,FC_casa,T/FC_casa,ET_casa,VI_casa,EF_casa,Pts_visitante,3P_visitante,2P_visitante,LL_visitante,RT_visitante,RO_visitante,RD_visitante,AS_visitante,ER_visitante,IA%_visitante,3PC_visitante,3PT_visitante,3P%_visitante,2PC_visitante,2PT_visitante,2P%_visitante,LLC_visitante,LLT_visitante,LL%_visitante,EN_visitante,BR_visitante,B/E_visitante,TO_visitante,FC_visitante,T/FC_visitante,ET_visitante,VI_visitante,EF_visitante
63,70,2009-04-01,3,2,2008-2009,Espírito Santo,Joinville,0,75.26666666666667,20.0,39.333333333333336,15.933333333333334,26.133333333333333,7.333333333333333,18.8,10.666666666666666,12.4,0.9633333333333333,6.666666666666667,21.4,31.413333333333338,19.666666666666668,36.46666666666667,54.873333333333335,15.933333333333334,23.666666666666668,69.21866666666666,0.6,8.0,0.6473333333333335,1.3333333333333333,22.333333333333332,0.06266666666666666,12.4,0.0,69.73333333333333,82.93333333333334,27.8,40.0,15.133333333333333,35.53333333333333,9.266666666666667,26.266666666666666,16.4,15.066666666666666,1.1533333333333333,9.266666666666667,25.4,36.656,20.0,37.06666666666667,53.739333333333335,15.133333333333333,22.066666666666666,68.516,1.8666666666666667,8.666666666666666,0.6153333333333335,2.933333333333333,19.866666666666667,0.1653333333333333,15.066666666666666,0.0,91.26666666666667
