placar_casa,placar_visitante,data,round,stage,ano,equipe_casa,equipe_visitante,resultado,Pts_casa,3P_casa,2P_casa,LL_casa,RT_casa,RO_casa,RD_casa,AS_casa,ER_casa,IA%_casa,3PC_casa,3PT_casa,3P%_casa,2PC_casa,2PT_casa,2P%_casa,LLC_casa,LLT_casa,LL%_casa,EN_casa,BR_casa,B/E_casa,TO_casa,FC_casa,T/FC_casa,ET_casa,VI_casa,EF_casa,Pts_visitante,3P_visitante,2P_visitante,LL_visitante,RT_visitante,RO_visitante,RD_visitante,AS_visitante,ER_visitante,IA%_visitante,3PC_visitante,3PT_visitante,3P%_visitante,2PC_visitante,2PT_visitante,2P%_visitante,LLC_visitante,LLT_visitante,LL%_visitante,EN_visitante,BR_visitante,B/E_visitante,TO_visitante,FC_visitante,T/FC_visitante,ET_visitante,VI_visitante,EF_visitante
94,101,2010-01-29,13,1,2009-2010,Minas,Flamengo,0,92.22222222222223,29.0,48.0,15.222222222222221,35.0,10.666666666666666,24.333333333333332,19.444444444444443,14.555555555555555,1.3622222222222222,9.666666666666666,22.333333333333332,44.211111111111116,24.0,43.666666666666664,54.815555555555555,15.222222222222221,19.444444444444443,76.36444444444444,0.7777777777777778,7.0,0.5111111111111112,2.111111111111111,18.88888888888889,0.11555555555555556,14.555555555555555,2.3333333333333335,104.66666666666667,86.25,29.25,42.25,14.75,31.875,8.0,23.875,13.125,12.625,1.23625,9.75,24.125,41.28125,21.125,37.625,55.96625,14.75,19.875,75.56875,1.5,10.25,0.9225,3.125,19.625,0.1625,12.625,1.75,96.0
