placar_casa,placar_visitante,data,round,stage,ano,equipe_casa,equipe_visitante,resultado,Pts_casa,3P_casa,2P_casa,LL_casa,RT_casa,RO_casa,RD_casa,AS_casa,ER_casa,IA%_casa,3PC_casa,3PT_casa,3P%_casa,2PC_casa,2PT_casa,2P%_casa,LLC_casa,LLT_casa,LL%_casa,EN_casa,BR_casa,B/E_casa,TO_casa,FC_casa,T/FC_casa,ET_casa,VI_casa,EF_casa,Pts_visitante,3P_visitante,2P_visitante,LL_visitante,RT_visitante,RO_visitante,RD_visitante,AS_visitante,ER_visitante,IA%_visitante,3PC_visitante,3PT_visitante,3P%_visitante,2PC_visitante,2PT_visitante,2P%_visitante,LLC_visitante,LLT_visitante,LL%_visitante,EN_visitante,BR_visitante,B/E_visitante,TO_visitante,FC_visitante,T/FC_visitante,ET_visitante,VI_visitante,EF_visitante
110,106,2020-01-25,2,2,2019-2020,Pinheiros,Mogi,1,79.48866666666666,25.0,39.37800000000001,15.111333333333334,36.333333333333336,9.778,26.555333333333333,15.978000000000002,14.111333333333334,1.1846666666666665,8.333333333333334,23.4,35.391333333333336,19.688666666666666,36.88866666666666,53.824,15.111333333333334,21.178,71.70533333333334,1.0886666666666664,7.088666666666667,0.5186666666666667,1.7113333333333334,19.866666666666667,0.08800000000000002,14.111333333333334,2.7113333333333336,88.02199999999999,82.13333333333334,28.0,35.333333333333336,18.8,37.0,9.266666666666667,27.733333333333334,16.733333333333334,14.0,1.2693333333333332,9.333333333333334,25.666666666666668,36.526,17.666666666666668,35.4,50.10933333333333,18.8,23.933333333333334,78.36,0.9333333333333333,7.8,0.5786666666666667,2.4,19.666666666666668,0.12533333333333335,14.0,2.2,92.73333333333333
