placar_casa,placar_visitante,data,round,stage,ano,equipe_casa,equipe_visitante,resultado,Pts_casa,3P_casa,2P_casa,LL_casa,RT_casa,RO_casa,RD_casa,AS_casa,ER_casa,IA%_casa,3PC_casa,3PT_casa,3P%_casa,2PC_casa,2PT_casa,2P%_casa,LLC_casa,LLT_casa,LL%_casa,EN_casa,BR_casa,B/E_casa,TO_casa,FC_casa,T/FC_casa,ET_casa,VI_casa,EF_casa,Pts_visitante,3P_visitante,2P_visitante,LL_visitante,RT_visitante,RO_visitante,RD_visitante,AS_visitante,ER_visitante,IA%_visitante,3PC_visitante,3PT_visitante,3P%_visitante,2PC_visitante,2PT_visitante,2P%_visitante,LLC_visitante,LLT_visitante,LL%_visitante,EN_visitante,BR_visitante,B/E_visitante,TO_visitante,FC_visitante,T/FC_visitante,ET_visitante,VI_visitante,EF_visitante
87,75,2018-12-13,9,1,2018-2019,Coop/São José Basketball,Brasília,1,79.66666666666667,25.25,38.0,16.416666666666668,36.166666666666664,10.0,26.166666666666668,18.333333333333332,14.75,1.3025,8.416666666666666,26.583333333333332,32.52,19.0,35.833333333333336,52.839999999999996,16.416666666666668,21.666666666666668,76.21249999999999,0.8333333333333334,7.083333333333333,0.49666666666666676,2.0,23.833333333333332,0.08833333333333332,14.75,2.5,87.91666666666667,77.78818181818181,29.181818181818183,32.78818181818182,15.818181818181818,34.09090909090909,9.302727272727273,24.78818181818182,16.181818181818183,14.0,1.2090909090909092,9.727272727272727,27.666363636363634,35.28636363636363,16.39363636363636,34.24272727272727,48.24545454545454,15.818181818181818,21.242727272727276,75.33090909090909,0.7272727272727273,5.7272727272727275,0.42363636363636364,2.4545454545454546,22.90909090909091,0.10727272727272728,14.0,1.8790909090909091,80.93909090909091
