placar_casa,placar_visitante,data,round,stage,ano,equipe_casa,equipe_visitante,resultado,Pts_casa,3P_casa,2P_casa,LL_casa,RT_casa,RO_casa,RD_casa,AS_casa,ER_casa,IA%_casa,3PC_casa,3PT_casa,3P%_casa,2PC_casa,2PT_casa,2P%_casa,LLC_casa,LLT_casa,LL%_casa,EN_casa,BR_casa,B/E_casa,TO_casa,FC_casa,T/FC_casa,ET_casa,VI_casa,EF_casa,Pts_visitante,3P_visitante,2P_visitante,LL_visitante,RT_visitante,RO_visitante,RD_visitante,AS_visitante,ER_visitante,IA%_visitante,3PC_visitante,3PT_visitante,3P%_visitante,2PC_visitante,2PT_visitante,2P%_visitante,LLC_visitante,LLT_visitante,LL%_visitante,EN_visitante,BR_visitante,B/E_visitante,TO_visitante,FC_visitante,T/FC_visitante,ET_visitante,VI_visitante,EF_visitante
74,71,2023-11-15,5,1,2023-2024,R10 Score Vasco da Gama,Cerrado,1,69.50166666666668,24.0,32.665,12.831666666666665,38.998333333333335,9.5,29.498333333333335,18.831666666666667,16.668333333333333,1.1983333333333333,8.001666666666667,27.501666666666665,29.468333333333334,16.335,30.665000000000003,53.76499999999999,12.831666666666665,20.50166666666667,63.14833333333333,1.0,7.501666666666668,0.44,2.335,23.166666666666668,0.09333333333333332,16.668333333333333,3.8333333333333335,79.0,71.27833333333334,20.666666666666668,38.778333333333336,11.833333333333334,46.055,16.166666666666668,29.888333333333332,15.5,14.555,1.0933333333333333,6.888333333333333,27.166666666666668,25.613333333333333,19.388333333333332,43.0,45.21666666666667,11.833333333333334,20.278333333333332,58.615,1.445,6.555,0.465,2.2216666666666667,18.888333333333332,0.11,14.555,2.7783333333333338,74.72166666666666
