placar_casa,placar_visitante,data,round,stage,ano,equipe_casa,equipe_visitante,resultado,Pts_casa,3P_casa,2P_casa,LL_casa,RT_casa,RO_casa,RD_casa,AS_casa,ER_casa,IA%_casa,3PC_casa,3PT_casa,3P%_casa,2PC_casa,2PT_casa,2P%_casa,LLC_casa,LLT_casa,LL%_casa,EN_casa,BR_casa,B/E_casa,TO_casa,FC_casa,T/FC_casa,ET_casa,VI_casa,EF_casa,Pts_visitante,3P_visitante,2P_visitante,LL_visitante,RT_visitante,RO_visitante,RD_visitante,AS_visitante,ER_visitante,IA%_visitante,3PC_visitante,3PT_visitante,3P%_visitante,2PC_visitante,2PT_visitante,2P%_visitante,LLC_visitante,LLT_visitante,LL%_visitante,EN_visitante,BR_visitante,B/E_visitante,TO_visitante,FC_visitante,T/FC_visitante,ET_visitante,VI_visitante,EF_visitante
70,78,2014-12-18,12,1,2014-2015,L. Sorocabana,Coop/São José Basketball,0,78.81818181818181,20.727272727272727,43.45454545454545,14.636363636363637,30.90909090909091,11.727272727272727,19.181818181818183,13.636363636363637,15.272727272727273,0.9345454545454545,6.909090909090909,20.454545454545453,34.40272727272727,21.727272727272727,43.90909090909091,49.23909090909091,14.636363636363637,18.727272727272727,78.50454545454546,2.090909090909091,12.090909090909092,0.8354545454545456,2.090909090909091,24.454545454545453,0.08545454545454546,15.272727272727273,2.4545454545454546,82.45454545454545,73.54545454545455,15.818181818181818,45.45454545454545,12.272727272727273,36.0,9.454545454545455,26.545454545454547,16.272727272727273,14.181818181818182,1.2036363636363634,5.2727272727272725,18.545454545454547,28.321818181818184,22.727272727272727,42.27272727272727,53.80181818181818,12.272727272727273,17.0,69.98363636363636,1.0,8.181818181818182,0.6063636363636364,1.4545454545454546,17.90909090909091,0.08272727272727273,14.181818181818182,2.909090909090909,83.72727272727273
