placar_casa,placar_visitante,data,round,stage,ano,equipe_casa,equipe_visitante,resultado,Pts_casa,3P_casa,2P_casa,LL_casa,RT_casa,RO_casa,RD_casa,AS_casa,ER_casa,IA%_casa,3PC_casa,3PT_casa,3P%_casa,2PC_casa,2PT_casa,2P%_casa,LLC_casa,LLT_casa,LL%_casa,EN_casa,BR_casa,B/E_casa,TO_casa,FC_casa,T/FC_casa,ET_casa,VI_casa,EF_casa,Pts_visitante,3P_visitante,2P_visitante,LL_visitante,RT_visitante,RO_visitante,RD_visitante,AS_visitante,ER_visitante,IA%_visitante,3PC_visitante,3PT_visitante,3P%_visitante,2PC_visitante,2PT_visitante,2P%_visitante,LLC_visitante,LLT_visitante,LL%_visitante,EN_visitante,BR_visitante,B/E_visitante,TO_visitante,FC_visitante,T/FC_visitante,ET_visitante,VI_visitante,EF_visitante
90,86,2024-12-27,1,2,2024-2025,Pato Basquete,Pinheiros,1,83.46666666666668,33.9,36.99999999999999,12.566666666666666,36.89999999999999,10.201333333333332,26.700666666666667,16.43333333333333,13.632666666666669,1.256,11.300000000000002,29.833333333333336,37.862,18.499999999999996,34.634,53.36066666666668,12.566666666666666,17.634,72.77,0.4666666666666667,6.5,0.4806666666666668,1.7999999999999996,21.367333333333338,0.09000000000000001,13.632666666666669,2.4993333333333334,91.73266666666667,77.20066666666666,24.2,39.46666666666667,13.533999999999999,39.53333333333333,12.8,26.733333333333334,15.467333333333332,13.799333333333333,1.2319999999999998,8.066666666666666,25.2,31.24533333333333,19.733333333333334,39.599333333333334,49.94333333333334,13.533999999999999,19.13266666666667,69.13066666666667,1.4673333333333332,7.199333333333334,0.5413333333333333,1.8,21.333333333333332,0.08533333333333333,13.799333333333333,2.2666666666666666,84.79933333333334
