placar_casa,placar_visitante,data,round,stage,ano,equipe_casa,equipe_visitante,resultado,Pts_casa,3P_casa,2P_casa,LL_casa,RT_casa,RO_casa,RD_casa,AS_casa,ER_casa,IA%_casa,3PC_casa,3PT_casa,3P%_casa,2PC_casa,2PT_casa,2P%_casa,LLC_casa,LLT_casa,LL%_casa,EN_casa,BR_casa,B/E_casa,TO_casa,FC_casa,T/FC_casa,ET_casa,VI_casa,EF_casa,Pts_visitante,3P_visitante,2P_visitante,LL_visitante,RT_visitante,RO_visitante,RD_visitante,AS_visitante,ER_visitante,IA%_visitante,3PC_visitante,3PT_visitante,3P%_visitante,2PC_visitante,2PT_visitante,2P%_visitante,LLC_visitante,LLT_visitante,LL%_visitante,EN_visitante,BR_visitante,B/E_visitante,TO_visitante,FC_visitante,T/FC_visitante,ET_visitante,VI_visitante,EF_visitante
84,85,2021-03-01,5,2,2020-2021,São Paulo,Pato Basquete,0,86.312,31.866666666666667,39.55466666666666,14.888000000000002,37.400666666666666,9.110666666666667,28.287999999999997,17.667333333333335,12.177333333333335,1.4833333333333334,10.622666666666666,27.978,38.39866666666667,19.77866666666667,35.154666666666664,56.230000000000004,14.888000000000002,18.288666666666664,81.74000000000001,2.400666666666667,6.822666666666667,0.5673333333333334,2.6446666666666667,15.778666666666664,0.1753333333333333,12.177333333333335,1.9773333333333332,102.53400000000002,75.334,23.8,36.8,14.734000000000004,37.37533333333332,10.955999999999998,26.422666666666668,14.912666666666663,14.244666666666662,1.0546666666666666,7.932666666666666,23.399333333333328,34.43266666666667,18.400000000000002,40.6,45.111999999999995,14.734000000000004,20.934000000000008,70.42066666666665,1.3786666666666667,7.977333333333333,0.5666666666666668,2.0446666666666666,21.087999999999997,0.10266666666666664,14.244666666666662,2.866,79.534
