placar_casa,placar_visitante,data,round,stage,ano,equipe_casa,equipe_visitante,resultado,Pts_casa,3P_casa,2P_casa,LL_casa,RT_casa,RO_casa,RD_casa,AS_casa,ER_casa,IA%_casa,3PC_casa,3PT_casa,3P%_casa,2PC_casa,2PT_casa,2P%_casa,LLC_casa,LLT_casa,LL%_casa,EN_casa,BR_casa,B/E_casa,TO_casa,FC_casa,T/FC_casa,ET_casa,VI_casa,EF_casa,Pts_visitante,3P_visitante,2P_visitante,LL_visitante,RT_visitante,RO_visitante,RD_visitante,AS_visitante,ER_visitante,IA%_visitante,3PC_visitante,3PT_visitante,3P%_visitante,2PC_visitante,2PT_visitante,2P%_visitante,LLC_visitante,LLT_visitante,LL%_visitante,EN_visitante,BR_visitante,B/E_visitante,TO_visitante,FC_visitante,T/FC_visitante,ET_visitante,VI_visitante,EF_visitante
79,69,2017-02-16,21,1,2016-2017,Flamengo,VipTech CMB,1,85.73333333333333,26.0,42.93333333333333,16.8,40.8,10.533333333333333,30.266666666666666,20.666666666666668,13.333333333333334,1.62,8.666666666666666,25.0,33.96266666666667,21.466666666666665,38.733333333333334,56.008,16.8,23.2,72.63666666666667,1.0666666666666667,6.133333333333334,0.4646666666666667,2.4,18.466666666666665,0.134,13.333333333333334,2.8666666666666667,102.4,77.2,28.0,34.266666666666666,14.933333333333334,36.2,11.466666666666667,24.733333333333334,14.933333333333334,12.733333333333333,1.2173333333333334,9.333333333333334,26.933333333333334,34.82000000000001,17.133333333333333,36.6,47.222,14.933333333333334,20.8,70.68066666666667,0.9333333333333333,7.6,0.6273333333333333,3.0,19.4,0.15933333333333335,12.733333333333333,3.466666666666667,83.26666666666667
