placar_casa,placar_visitante,data,round,stage,ano,equipe_casa,equipe_visitante,resultado,Pts_casa,3P_casa,2P_casa,LL_casa,RT_casa,RO_casa,RD_casa,AS_casa,ER_casa,IA%_casa,3PC_casa,3PT_casa,3P%_casa,2PC_casa,2PT_casa,2P%_casa,LLC_casa,LLT_casa,LL%_casa,EN_casa,BR_casa,B/E_casa,TO_casa,FC_casa,T/FC_casa,ET_casa,VI_casa,EF_casa,Pts_visitante,3P_visitante,2P_visitante,LL_visitante,RT_visitante,RO_visitante,RD_visitante,AS_visitante,ER_visitante,IA%_visitante,3PC_visitante,3PT_visitante,3P%_visitante,2PC_visitante,2PT_visitante,2P%_visitante,LLC_visitante,LLT_visitante,LL%_visitante,EN_visitante,BR_visitante,B/E_visitante,TO_visitante,FC_visitante,T/FC_visitante,ET_visitante,VI_visitante,EF_visitante
93,82,2022-03-24,8,2,2021-2022,Paulistano,Pinheiros,1,78.0,26.4,38.26800000000001,13.334,35.8,9.999333333333334,25.79866666666666,14.933333333333335,13.534666666666663,1.1766666666666667,8.798666666666666,25.934000000000005,33.93066666666666,19.131999999999994,37.734,50.32266666666667,13.334,17.665999999999997,74.86133333333333,1.5346666666666668,7.001333333333334,0.5493333333333333,2.2,20.667333333333335,0.11000000000000004,13.534666666666663,2.6673333333333336,84.33466666666666,81.33333333333333,27.5,41.06666666666667,12.766666666666667,40.56666666666667,13.633333333333333,26.933333333333334,16.166666666666668,14.033333333333333,1.182,9.166666666666666,28.266666666666666,32.32466666666667,20.533333333333335,40.36666666666667,51.254000000000005,12.766666666666667,18.266666666666666,68.78866666666666,1.7666666666666666,7.233333333333333,0.5013333333333332,2.566666666666667,16.933333333333334,0.15466666666666662,14.033333333333333,2.2666666666666666,89.4
