placar_casa,placar_visitante,data,round,stage,ano,equipe_casa,equipe_visitante,resultado,Pts_casa,3P_casa,2P_casa,LL_casa,RT_casa,RO_casa,RD_casa,AS_casa,ER_casa,IA%_casa,3PC_casa,3PT_casa,3P%_casa,2PC_casa,2PT_casa,2P%_casa,LLC_casa,LLT_casa,LL%_casa,EN_casa,BR_casa,B/E_casa,TO_casa,FC_casa,T/FC_casa,ET_casa,VI_casa,EF_casa,Pts_visitante,3P_visitante,2P_visitante,LL_visitante,RT_visitante,RO_visitante,RD_visitante,AS_visitante,ER_visitante,IA%_visitante,3PC_visitante,3PT_visitante,3P%_visitante,2PC_visitante,2PT_visitante,2P%_visitante,LLC_visitante,LLT_visitante,LL%_visitante,EN_visitante,BR_visitante,B/E_visitante,TO_visitante,FC_visitante,T/FC_visitante,ET_visitante,VI_visitante,EF_visitante
106,82,2014-03-08,12,2,2013-2014,Sesi Franca,Espírito Santo,1,81.73333333333333,22.0,44.266666666666666,15.466666666666667,34.86666666666667,11.733333333333333,23.133333333333333,14.266666666666667,12.933333333333334,1.2086666666666666,7.333333333333333,19.666666666666668,37.11800000000001,22.133333333333333,42.333333333333336,52.57666666666667,15.466666666666667,20.066666666666666,75.50466666666667,2.2666666666666666,9.866666666666667,0.8053333333333332,2.8,18.466666666666665,0.15999999999999998,12.933333333333334,1.8666666666666667,93.4,72.86666666666666,20.4,38.666666666666664,13.8,31.266666666666666,9.533333333333333,21.733333333333334,10.8,13.733333333333333,0.9253333333333335,6.8,23.066666666666666,29.246,19.333333333333332,37.2,52.332,13.8,18.133333333333333,76.70666666666666,0.9333333333333333,7.866666666666666,0.6646666666666667,1.4666666666666666,22.066666666666666,0.06466666666666666,13.733333333333333,3.2666666666666666,72.06666666666666
