placar_casa,placar_visitante,data,round,stage,ano,equipe_casa,equipe_visitante,resultado,Pts_casa,3P_casa,2P_casa,LL_casa,RT_casa,RO_casa,RD_casa,AS_casa,ER_casa,IA%_casa,3PC_casa,3PT_casa,3P%_casa,2PC_casa,2PT_casa,2P%_casa,LLC_casa,LLT_casa,LL%_casa,EN_casa,BR_casa,B/E_casa,TO_casa,FC_casa,T/FC_casa,ET_casa,VI_casa,EF_casa,Pts_visitante,3P_visitante,2P_visitante,LL_visitante,RT_visitante,RO_visitante,RD_visitante,AS_visitante,ER_visitante,IA%_visitante,3PC_visitante,3PT_visitante,3P%_visitante,2PC_visitante,2PT_visitante,2P%_visitante,LLC_visitante,LLT_visitante,LL%_visitante,EN_visitante,BR_visitante,B/E_visitante,TO_visitante,FC_visitante,T/FC_visitante,ET_visitante,VI_visitante,EF_visitante
82,88,2019-01-09,1,2,2018-2019,R10 Score Vasco da Gama,Bauru Basket,0,71.61538461538461,22.615384615384617,36.30769230769231,12.692307692307692,37.07692307692308,9.923076923076923,27.153846153846153,16.384615384615383,14.0,1.2030769230769232,7.538461538461538,23.846153846153847,31.384615384615383,18.153846153846153,39.76923076923077,45.54,12.692307692307692,18.692307692307693,68.22923076923077,0.8461538461538461,7.076923076923077,0.52,1.5384615384615385,18.923076923076923,0.08384615384615385,14.0,2.230769230769231,75.76923076923077,75.07846153846154,26.307692307692307,33.69230769230769,15.07846153846154,36.99999999999999,9.232307692307693,27.770000000000003,16.844615384615388,13.537692307692309,1.3138461538461539,8.768461538461539,25.460769230769227,34.64153846153846,16.846153846153847,33.84692307692308,49.59384615384616,15.07846153846154,20.692307692307693,72.88615384615386,1.0015384615384615,5.7700000000000005,0.44692307692307687,1.6923076923076923,21.38384615384615,0.0769230769230769,13.537692307692309,2.8469230769230767,83.38461538461539
