placar_casa,placar_visitante,data,round,stage,ano,equipe_casa,equipe_visitante,resultado,Pts_casa,3P_casa,2P_casa,LL_casa,RT_casa,RO_casa,RD_casa,AS_casa,ER_casa,IA%_casa,3PC_casa,3PT_casa,3P%_casa,2PC_casa,2PT_casa,2P%_casa,LLC_casa,LLT_casa,LL%_casa,EN_casa,BR_casa,B/E_casa,TO_casa,FC_casa,T/FC_casa,ET_casa,VI_casa,EF_casa,Pts_visitante,3P_visitante,2P_visitante,LL_visitante,RT_visitante,RO_visitante,RD_visitante,AS_visitante,ER_visitante,IA%_visitante,3PC_visitante,3PT_visitante,3P%_visitante,2PC_visitante,2PT_visitante,2P%_visitante,LLC_visitante,LLT_visitante,LL%_visitante,EN_visitante,BR_visitante,B/E_visitante,TO_visitante,FC_visitante,T/FC_visitante,ET_visitante,VI_visitante,EF_visitante
71,67,2023-05-09,5,4,2022-2023,Minas,Paulistano,1,85.99866666666667,30.533333333333335,40.75733333333334,14.711999999999998,38.599333333333334,8.734,29.86733333333333,18.999999999999996,14.309999999999999,1.3466666666666667,10.178,26.51066666666667,38.17399999999999,20.375999999999994,35.2,58.226,14.711999999999998,19.243999999999996,77.30733333333333,2.5319999999999996,5.49,0.38799999999999996,1.644,19.756666666666668,0.08133333333333334,14.309999999999999,3.0900000000000003,100.73333333333333,83.33333333333333,27.4,42.0,13.933333333333334,40.53333333333333,14.733333333333333,25.8,15.133333333333333,12.533333333333333,1.2613333333333334,9.133333333333333,26.866666666666667,33.964000000000006,21.0,41.0,51.52866666666667,13.933333333333334,18.8,73.42800000000001,2.533333333333333,7.6,0.658,2.6,21.466666666666665,0.12066666666666669,12.533333333333333,2.533333333333333,94.06666666666666
