placar_casa,placar_visitante,data,round,stage,ano,equipe_casa,equipe_visitante,resultado,Pts_casa,3P_casa,2P_casa,LL_casa,RT_casa,RO_casa,RD_casa,AS_casa,ER_casa,IA%_casa,3PC_casa,3PT_casa,3P%_casa,2PC_casa,2PT_casa,2P%_casa,LLC_casa,LLT_casa,LL%_casa,EN_casa,BR_casa,B/E_casa,TO_casa,FC_casa,T/FC_casa,ET_casa,VI_casa,EF_casa,Pts_visitante,3P_visitante,2P_visitante,LL_visitante,RT_visitante,RO_visitante,RD_visitante,AS_visitante,ER_visitante,IA%_visitante,3PC_visitante,3PT_visitante,3P%_visitante,2PC_visitante,2PT_visitante,2P%_visitante,LLC_visitante,LLT_visitante,LL%_visitante,EN_visitante,BR_visitante,B/E_visitante,TO_visitante,FC_visitante,T/FC_visitante,ET_visitante,VI_visitante,EF_visitante
91,79,2017-04-08,2,3,2016-2017,Bauru Basket,Macaé Basquete,1,81.93333333333334,27.6,36.13333333333333,18.2,39.06666666666667,9.8,29.266666666666666,18.066666666666666,13.666666666666666,1.3686666666666667,9.2,28.533333333333335,32.296,18.066666666666666,32.4,56.142,18.2,25.733333333333334,70.77266666666668,0.9333333333333333,7.666666666666667,0.5786666666666667,2.3333333333333335,19.733333333333334,0.12000000000000002,13.666666666666666,3.0,94.2,77.8,20.2,41.733333333333334,15.866666666666667,31.8,7.6,24.2,16.133333333333333,14.933333333333334,1.152666666666667,6.733333333333333,20.4,33.147999999999996,20.866666666666667,37.53333333333333,55.48199999999999,15.866666666666667,21.0,73.688,1.0666666666666667,7.2,0.5286666666666666,1.8666666666666667,23.733333333333334,0.08733333333333333,14.933333333333334,3.6,84.4
