placar_casa,placar_visitante,data,round,stage,ano,equipe_casa,equipe_visitante,resultado,Pts_casa,3P_casa,2P_casa,LL_casa,RT_casa,RO_casa,RD_casa,AS_casa,ER_casa,IA%_casa,3PC_casa,3PT_casa,3P%_casa,2PC_casa,2PT_casa,2P%_casa,LLC_casa,LLT_casa,LL%_casa,EN_casa,BR_casa,B/E_casa,TO_casa,FC_casa,T/FC_casa,ET_casa,VI_casa,EF_casa,Pts_visitante,3P_visitante,2P_visitante,LL_visitante,RT_visitante,RO_visitante,RD_visitante,AS_visitante,ER_visitante,IA%_visitante,3PC_visitante,3PT_visitante,3P%_visitante,2PC_visitante,2PT_visitante,2P%_visitante,LLC_visitante,LLT_visitante,LL%_visitante,EN_visitante,BR_visitante,B/E_visitante,TO_visitante,FC_visitante,T/FC_visitante,ET_visitante,VI_visitante,EF_visitante
82,68,2017-03-14,26,1,2016-2017,Vitória,Fortaleza B. C. / CFO,1,75.6,21.2,37.46666666666667,16.933333333333334,36.0,9.2,26.8,16.8,14.666666666666666,1.2433333333333332,7.066666666666666,22.333333333333332,32.473333333333336,18.733333333333334,38.0,49.167333333333325,16.933333333333334,22.733333333333334,72.80466666666668,1.4666666666666666,8.2,0.5966666666666666,1.6,22.066666666666666,0.07466666666666666,14.666666666666666,3.4,83.2,75.46666666666667,28.2,33.733333333333334,13.533333333333333,37.733333333333334,10.466666666666667,27.266666666666666,14.933333333333334,13.666666666666666,1.1353333333333337,9.4,27.466666666666665,34.214666666666666,16.866666666666667,37.266666666666666,45.166666666666664,13.533333333333333,20.0,66.88133333333333,1.2,7.466666666666667,0.5666666666666667,2.466666666666667,21.266666666666666,0.114,13.666666666666666,2.933333333333333,79.46666666666667
