placar_casa,placar_visitante,data,round,stage,ano,equipe_casa,equipe_visitante,resultado,Pts_casa,3P_casa,2P_casa,LL_casa,RT_casa,RO_casa,RD_casa,AS_casa,ER_casa,IA%_casa,3PC_casa,3PT_casa,3P%_casa,2PC_casa,2PT_casa,2P%_casa,LLC_casa,LLT_casa,LL%_casa,EN_casa,BR_casa,B/E_casa,TO_casa,FC_casa,T/FC_casa,ET_casa,VI_casa,EF_casa,Pts_visitante,3P_visitante,2P_visitante,LL_visitante,RT_visitante,RO_visitante,RD_visitante,AS_visitante,ER_visitante,IA%_visitante,3PC_visitante,3PT_visitante,3P%_visitante,2PC_visitante,2PT_visitante,2P%_visitante,LLC_visitante,LLT_visitante,LL%_visitante,EN_visitante,BR_visitante,B/E_visitante,TO_visitante,FC_visitante,T/FC_visitante,ET_visitante,VI_visitante,EF_visitante
77,62,2013-01-17,15,1,2012-2013,Joinville,Limeira,1,74.64285714285714,66.85714285714286,44.57142857142857,14.642857142857142,32.357142857142854,10.785714285714286,21.571428571428573,12.142857142857142,17.214285714285715,0.7314285714285715,5.142857142857143,20.5,25.347857142857144,22.285714285714285,43.857142857142854,50.714285714285715,14.642857142857142,20.857142857142858,71.73714285714286,1.5,8.642857142857142,0.5199999999999999,2.9285714285714284,21.928571428571427,0.13999999999999999,17.214285714285715,3.5,80.07142857142857,83.71428571428571,57.857142857142854,38.57142857142857,12.357142857142858,29.857142857142858,8.071428571428571,21.785714285714285,17.428571428571427,13.071428571428571,1.3957142857142857,10.928571428571429,25.428571428571427,44.21928571428572,19.285714285714285,37.57142857142857,51.37714285714286,12.357142857142858,15.642857142857142,78.33785714285715,1.1428571428571428,6.285714285714286,0.5192857142857144,1.0714285714285714,21.071428571428573,0.04928571428571429,13.071428571428571,2.5714285714285716,95.28571428571429
