placar_casa,placar_visitante,data,round,stage,ano,equipe_casa,equipe_visitante,resultado,Pts_casa,3P_casa,2P_casa,LL_casa,RT_casa,RO_casa,RD_casa,AS_casa,ER_casa,IA%_casa,3PC_casa,3PT_casa,3P%_casa,2PC_casa,2PT_casa,2P%_casa,LLC_casa,LLT_casa,LL%_casa,EN_casa,BR_casa,B/E_casa,TO_casa,FC_casa,T/FC_casa,ET_casa,VI_casa,EF_casa,Pts_visitante,3P_visitante,2P_visitante,LL_visitante,RT_visitante,RO_visitante,RD_visitante,AS_visitante,ER_visitante,IA%_visitante,3PC_visitante,3PT_visitante,3P%_visitante,2PC_visitante,2PT_visitante,2P%_visitante,LLC_visitante,LLT_visitante,LL%_visitante,EN_visitante,BR_visitante,B/E_visitante,TO_visitante,FC_visitante,T/FC_visitante,ET_visitante,VI_visitante,EF_visitante
77,92,2021-01-08,9,1,2020-2021,Pato Basquete,Caxias do Sul Basquete,0,74.73857142857142,20.5,39.238571428571426,15.0,37.19,11.786428571428571,25.405714285714286,14.237142857142855,13.18857142857143,1.0764285714285715,6.833571428571429,22.810000000000002,29.735000000000003,19.618571428571425,42.76214285714286,45.51857142857143,15.0,21.83285714285714,68.69357142857143,0.8092857142857143,8.047142857142857,0.625,2.1671428571428573,21.547857142857143,0.10785714285714287,13.18857142857143,2.6907142857142854,77.23857142857142,71.91833333333334,21.75,36.83416666666667,13.334166666666667,33.75,10.084166666666667,23.665833333333335,13.334999999999999,14.332500000000001,0.9316666666666665,7.251666666666668,24.0825,29.981666666666666,18.415833333333335,35.66666666666667,51.570000000000014,13.334166666666667,19.415833333333335,68.24249999999999,1.0825,5.75,0.3983333333333334,1.25,22.498333333333335,0.06083333333333335,14.332500000000001,2.75,71.5
