placar_casa,placar_visitante,data,round,stage,ano,equipe_casa,equipe_visitante,resultado,Pts_casa,3P_casa,2P_casa,LL_casa,RT_casa,RO_casa,RD_casa,AS_casa,ER_casa,IA%_casa,3PC_casa,3PT_casa,3P%_casa,2PC_casa,2PT_casa,2P%_casa,LLC_casa,LLT_casa,LL%_casa,EN_casa,BR_casa,B/E_casa,TO_casa,FC_casa,T/FC_casa,ET_casa,VI_casa,EF_casa,Pts_visitante,3P_visitante,2P_visitante,LL_visitante,RT_visitante,RO_visitante,RD_visitante,AS_visitante,ER_visitante,IA%_visitante,3PC_visitante,3PT_visitante,3P%_visitante,2PC_visitante,2PT_visitante,2P%_visitante,LLC_visitante,LLT_visitante,LL%_visitante,EN_visitante,BR_visitante,B/E_visitante,TO_visitante,FC_visitante,T/FC_visitante,ET_visitante,VI_visitante,EF_visitante
64,87,2013-03-25,13,2,2012-2013,Espírito Santo,Sesi Franca,0,79.53333333333333,58.4,41.333333333333336,18.2,32.4,9.333333333333334,23.066666666666666,10.066666666666666,12.466666666666667,0.9600000000000001,6.666666666666667,22.2,30.065999999999992,20.666666666666668,41.93333333333333,49.18666666666666,18.2,23.333333333333332,77.84133333333332,1.3333333333333333,6.466666666666667,0.6153333333333334,1.2,19.866666666666667,0.06866666666666667,12.466666666666667,2.8,83.0,77.46666666666667,66.2,46.53333333333333,14.133333333333333,28.0,8.733333333333333,19.266666666666666,14.533333333333333,13.8,1.164,5.6,16.8,33.31666666666667,23.266666666666666,43.86666666666667,53.37933333333333,14.133333333333333,21.266666666666666,66.11666666666666,3.4,9.733333333333333,0.76,3.6666666666666665,20.333333333333332,0.194,13.8,2.2666666666666666,89.73333333333333
