placar_casa,placar_visitante,data,round,stage,ano,equipe_casa,equipe_visitante,resultado,Pts_casa,3P_casa,2P_casa,LL_casa,RT_casa,RO_casa,RD_casa,AS_casa,ER_casa,IA%_casa,3PC_casa,3PT_casa,3P%_casa,2PC_casa,2PT_casa,2P%_casa,LLC_casa,LLT_casa,LL%_casa,EN_casa,BR_casa,B/E_casa,TO_casa,FC_casa,T/FC_casa,ET_casa,VI_casa,EF_casa,Pts_visitante,3P_visitante,2P_visitante,LL_visitante,RT_visitante,RO_visitante,RD_visitante,AS_visitante,ER_visitante,IA%_visitante,3PC_visitante,3PT_visitante,3P%_visitante,2PC_visitante,2PT_visitante,2P%_visitante,LLC_visitante,LLT_visitante,LL%_visitante,EN_visitante,BR_visitante,B/E_visitante,TO_visitante,FC_visitante,T/FC_visitante,ET_visitante,VI_visitante,EF_visitante
85,88,2009-05-01,12,2,2008-2009,Limeira,Espírito Santo,0,85.26666666666667,26.4,43.06666666666667,15.8,29.266666666666666,7.266666666666667,22.0,17.466666666666665,13.933333333333334,1.3453333333333335,8.8,22.466666666666665,39.282666666666664,21.533333333333335,38.0,56.568000000000005,15.8,21.4,73.634,3.1333333333333333,8.666666666666666,0.6153333333333334,3.933333333333333,19.866666666666667,0.21666666666666667,13.933333333333334,0.0,94.93333333333334,73.86666666666666,20.8,37.2,15.866666666666667,27.933333333333334,7.6,20.333333333333332,13.2,14.733333333333333,1.0606666666666666,6.933333333333334,20.666666666666668,34.035999999999994,18.6,35.666666666666664,52.45733333333333,15.866666666666667,23.466666666666665,66.79533333333333,1.0,7.4,0.5086666666666666,1.6,21.666666666666668,0.07466666666666667,14.733333333333333,0.0,70.86666666666666
