placar_casa,placar_visitante,data,round,stage,ano,equipe_casa,equipe_visitante,resultado,Pts_casa,3P_casa,2P_casa,LL_casa,RT_casa,RO_casa,RD_casa,AS_casa,ER_casa,IA%_casa,3PC_casa,3PT_casa,3P%_casa,2PC_casa,2PT_casa,2P%_casa,LLC_casa,LLT_casa,LL%_casa,EN_casa,BR_casa,B/E_casa,TO_casa,FC_casa,T/FC_casa,ET_casa,VI_casa,EF_casa,Pts_visitante,3P_visitante,2P_visitante,LL_visitante,RT_visitante,RO_visitante,RD_visitante,AS_visitante,ER_visitante,IA%_visitante,3PC_visitante,3PT_visitante,3P%_visitante,2PC_visitante,2PT_visitante,2P%_visitante,LLC_visitante,LLT_visitante,LL%_visitante,EN_visitante,BR_visitante,B/E_visitante,TO_visitante,FC_visitante,T/FC_visitante,ET_visitante,VI_visitante,EF_visitante
88,101,2023-01-11,1,2,2022-2023,BRB/Brasília,UNIFACISA,0,79.4,28.2,37.93333333333333,13.266666666666667,37.666666666666664,10.433333333333334,27.233333333333334,16.9,14.366666666666667,1.2426666666666668,9.4,28.8,32.980666666666664,18.966666666666665,36.233333333333334,51.86533333333333,13.266666666666667,19.466666666666665,67.742,2.1333333333333333,5.233333333333333,0.3893333333333333,1.4,19.8,0.07200000000000001,14.366666666666667,2.8333333333333335,83.36666666666666,76.2,29.6,34.4,12.2,35.666666666666664,10.333333333333334,25.333333333333332,13.333333333333334,13.2,1.0473333333333334,9.866666666666667,28.466666666666665,34.572,17.2,35.46666666666667,48.656,12.2,16.066666666666666,76.16866666666667,0.9333333333333333,6.6,0.5026666666666667,0.9333333333333333,20.133333333333333,0.046666666666666676,13.2,2.466666666666667,78.8
