placar_casa,placar_visitante,data,round,stage,ano,equipe_casa,equipe_visitante,resultado,Pts_casa,3P_casa,2P_casa,LL_casa,RT_casa,RO_casa,RD_casa,AS_casa,ER_casa,IA%_casa,3PC_casa,3PT_casa,3P%_casa,2PC_casa,2PT_casa,2P%_casa,LLC_casa,LLT_casa,LL%_casa,EN_casa,BR_casa,B/E_casa,TO_casa,FC_casa,T/FC_casa,ET_casa,VI_casa,EF_casa,Pts_visitante,3P_visitante,2P_visitante,LL_visitante,RT_visitante,RO_visitante,RD_visitante,AS_visitante,ER_visitante,IA%_visitante,3PC_visitante,3PT_visitante,3P%_visitante,2PC_visitante,2PT_visitante,2P%_visitante,LLC_visitante,LLT_visitante,LL%_visitante,EN_visitante,BR_visitante,B/E_visitante,TO_visitante,FC_visitante,T/FC_visitante,ET_visitante,VI_visitante,EF_visitante
74,81,2019-01-26,3,2,2018-2019,Mogi,Flamengo,0,85.63333333333334,25.3,44.2,16.133333333333333,39.50066666666667,10.632666666666667,28.865999999999996,19.467333333333332,13.399333333333335,1.537333333333333,8.432666666666666,22.800666666666665,37.222,22.1,40.53333333333333,54.65266666666666,16.133333333333333,22.700666666666667,70.72466666666666,1.366,6.866,0.5313333333333333,3.434,19.232666666666667,0.17533333333333337,13.399333333333335,2.0660000000000003,101.93399999999998,82.46533333333333,25.9,42.42133333333333,14.144,41.587999999999994,13.112,28.478666666666665,18.789333333333335,13.433333333333334,1.4633333333333336,8.633333333333333,26.64466666666667,33.19733333333334,21.212,39.532666666666664,53.92666666666666,14.144,18.122666666666667,77.66266666666667,0.9333333333333333,6.922000000000001,0.5606666666666665,1.3679999999999999,19.64466666666667,0.07066666666666667,13.433333333333334,1.688,97.32266666666666
