placar_casa,placar_visitante,data,round,stage,ano,equipe_casa,equipe_visitante,resultado,Pts_casa,3P_casa,2P_casa,LL_casa,RT_casa,RO_casa,RD_casa,AS_casa,ER_casa,IA%_casa,3PC_casa,3PT_casa,3P%_casa,2PC_casa,2PT_casa,2P%_casa,LLC_casa,LLT_casa,LL%_casa,EN_casa,BR_casa,B/E_casa,TO_casa,FC_casa,T/FC_casa,ET_casa,VI_casa,EF_casa,Pts_visitante,3P_visitante,2P_visitante,LL_visitante,RT_visitante,RO_visitante,RD_visitante,AS_visitante,ER_visitante,IA%_visitante,3PC_visitante,3PT_visitante,3P%_visitante,2PC_visitante,2PT_visitante,2P%_visitante,LLC_visitante,LLT_visitante,LL%_visitante,EN_visitante,BR_visitante,B/E_visitante,TO_visitante,FC_visitante,T/FC_visitante,ET_visitante,VI_visitante,EF_visitante
76,80,2022-04-02,9,2,2021-2022,Cerrado,Paulistano,0,77.73333333333333,24.4,41.06666666666667,12.266666666666667,41.86666666666667,12.0,29.866666666666667,15.2,12.533333333333333,1.2853333333333332,8.133333333333333,29.2,27.553333333333338,20.533333333333335,39.8,51.58266666666666,12.266666666666667,17.133333333333333,72.196,2.0,5.533333333333333,0.46933333333333327,3.2666666666666666,18.2,0.1793333333333333,12.533333333333333,2.7333333333333334,85.86666666666666,80.2,27.2,40.134666666666675,12.867333333333333,35.733333333333334,10.132666666666667,25.59866666666666,15.333333333333336,13.40133333333333,1.2273333333333336,9.065333333333333,25.667333333333335,35.03666666666666,20.065333333333328,38.333999999999996,52.08266666666667,12.867333333333333,17.332666666666665,72.23333333333333,1.8013333333333335,7.0680000000000005,0.5606666666666666,2.066666666666667,20.734,0.1026666666666667,13.40133333333333,2.800666666666667,87.66799999999999
