placar_casa,placar_visitante,data,round,stage,ano,equipe_casa,equipe_visitante,resultado,Pts_casa,3P_casa,2P_casa,LL_casa,RT_casa,RO_casa,RD_casa,AS_casa,ER_casa,IA%_casa,3PC_casa,3PT_casa,3P%_casa,2PC_casa,2PT_casa,2P%_casa,LLC_casa,LLT_casa,LL%_casa,EN_casa,BR_casa,B/E_casa,TO_casa,FC_casa,T/FC_casa,ET_casa,VI_casa,EF_casa,Pts_visitante,3P_visitante,2P_visitante,LL_visitante,RT_visitante,RO_visitante,RD_visitante,AS_visitante,ER_visitante,IA%_visitante,3PC_visitante,3PT_visitante,3P%_visitante,2PC_visitante,2PT_visitante,2P%_visitante,LLC_visitante,LLT_visitante,LL%_visitante,EN_visitante,BR_visitante,B/E_visitante,TO_visitante,FC_visitante,T/FC_visitante,ET_visitante,VI_visitante,EF_visitante
92,93,2014-01-25,2,2,2013-2014,Paulistano,Coop/São José Basketball,0,83.8,25.4,40.0,18.4,34.13333333333333,11.133333333333333,23.0,11.866666666666667,11.8,1.1693333333333333,8.466666666666667,24.0,35.52066666666667,20.0,37.4,53.263999999999996,18.4,22.533333333333335,80.95333333333335,0.8,9.933333333333334,0.9266666666666666,1.2666666666666666,21.333333333333332,0.06466666666666668,11.8,2.0,92.13333333333334,81.8,25.6,40.666666666666664,15.533333333333333,37.266666666666666,10.8,26.466666666666665,14.933333333333334,13.466666666666667,1.2326666666666666,8.533333333333333,24.266666666666666,36.06933333333333,20.333333333333332,39.06666666666667,52.09333333333334,15.533333333333333,19.6,79.71866666666668,0.5333333333333333,8.0,0.6086666666666666,2.066666666666667,14.533333333333333,0.15600000000000003,13.466666666666667,2.6,92.06666666666666
