placar_casa,placar_visitante,data,round,stage,ano,equipe_casa,equipe_visitante,resultado,Pts_casa,3P_casa,2P_casa,LL_casa,RT_casa,RO_casa,RD_casa,AS_casa,ER_casa,IA%_casa,3PC_casa,3PT_casa,3P%_casa,2PC_casa,2PT_casa,2P%_casa,LLC_casa,LLT_casa,LL%_casa,EN_casa,BR_casa,B/E_casa,TO_casa,FC_casa,T/FC_casa,ET_casa,VI_casa,EF_casa,Pts_visitante,3P_visitante,2P_visitante,LL_visitante,RT_visitante,RO_visitante,RD_visitante,AS_visitante,ER_visitante,IA%_visitante,3PC_visitante,3PT_visitante,3P%_visitante,2PC_visitante,2PT_visitante,2P%_visitante,LLC_visitante,LLT_visitante,LL%_visitante,EN_visitante,BR_visitante,B/E_visitante,TO_visitante,FC_visitante,T/FC_visitante,ET_visitante,VI_visitante,EF_visitante
81,67,2022-04-22,2,3,2021-2022,UNIFACISA,Caxias do Sul Basquete,1,76.33333333333333,30.2,34.666666666666664,11.466666666666667,37.0,10.333333333333334,26.666666666666668,13.733333333333333,13.333333333333334,1.0993333333333335,10.066666666666666,29.066666666666666,34.21933333333333,17.333333333333332,34.06666666666667,51.289333333333346,11.466666666666667,15.2,75.874,1.2666666666666666,8.066666666666666,0.652,1.6,18.8,0.08600000000000002,13.333333333333334,2.3333333333333335,83.93333333333334,67.0,24.4,33.2,9.4,32.666666666666664,7.866666666666666,24.8,15.0,14.266666666666667,1.1326666666666665,8.133333333333333,25.6,32.136,16.6,34.666666666666664,47.75533333333333,9.4,14.4,65.72866666666668,0.4666666666666667,6.466666666666667,0.45799999999999996,2.2666666666666666,20.266666666666666,0.11666666666666671,14.266666666666667,2.8,68.6
