placar_casa,placar_visitante,data,round,stage,ano,equipe_casa,equipe_visitante,resultado,Pts_casa,3P_casa,2P_casa,LL_casa,RT_casa,RO_casa,RD_casa,AS_casa,ER_casa,IA%_casa,3PC_casa,3PT_casa,3P%_casa,2PC_casa,2PT_casa,2P%_casa,LLC_casa,LLT_casa,LL%_casa,EN_casa,BR_casa,B/E_casa,TO_casa,FC_casa,T/FC_casa,ET_casa,VI_casa,EF_casa,Pts_visitante,3P_visitante,2P_visitante,LL_visitante,RT_visitante,RO_visitante,RD_visitante,AS_visitante,ER_visitante,IA%_visitante,3PC_visitante,3PT_visitante,3P%_visitante,2PC_visitante,2PT_visitante,2P%_visitante,LLC_visitante,LLT_visitante,LL%_visitante,EN_visitante,BR_visitante,B/E_visitante,TO_visitante,FC_visitante,T/FC_visitante,ET_visitante,VI_visitante,EF_visitante
96,98,2013-12-19,11,1,2013-2014,L. Sorocabana,Goiânia,0,74.0,19.333333333333332,40.22222222222222,14.444444444444445,28.555555555555557,9.555555555555555,19.0,11.88888888888889,11.555555555555555,1.1266666666666665,6.444444444444445,18.77777777777778,33.49888888888889,20.11111111111111,38.111111111111114,53.39444444444444,14.444444444444445,19.88888888888889,71.97444444444444,1.6666666666666667,10.666666666666666,1.021111111111111,2.0,23.11111111111111,0.09,11.555555555555555,2.111111111111111,79.77777777777777,74.88888888888889,24.666666666666668,36.888888888888886,13.333333333333334,31.88888888888889,8.555555555555555,23.333333333333332,13.555555555555555,12.333333333333334,1.32,8.222222222222221,23.77777777777778,35.315555555555555,18.444444444444443,35.111111111111114,52.55555555555556,13.333333333333334,17.77777777777778,75.4388888888889,1.0,7.0,0.6144444444444445,1.2222222222222223,21.666666666666668,0.05888888888888888,12.333333333333334,3.2222222222222223,79.55555555555556
