placar_casa,placar_visitante,data,round,stage,ano,equipe_casa,equipe_visitante,resultado,Pts_casa,3P_casa,2P_casa,LL_casa,RT_casa,RO_casa,RD_casa,AS_casa,ER_casa,IA%_casa,3PC_casa,3PT_casa,3P%_casa,2PC_casa,2PT_casa,2P%_casa,LLC_casa,LLT_casa,LL%_casa,EN_casa,BR_casa,B/E_casa,TO_casa,FC_casa,T/FC_casa,ET_casa,VI_casa,EF_casa,Pts_visitante,3P_visitante,2P_visitante,LL_visitante,RT_visitante,RO_visitante,RD_visitante,AS_visitante,ER_visitante,IA%_visitante,3PC_visitante,3PT_visitante,3P%_visitante,2PC_visitante,2PT_visitante,2P%_visitante,LLC_visitante,LLT_visitante,LL%_visitante,EN_visitante,BR_visitante,B/E_visitante,TO_visitante,FC_visitante,T/FC_visitante,ET_visitante,VI_visitante,EF_visitante
73,80,2024-02-06,4,2,2023-2024,UNIFACISA,Fortaleza B. C. / CFO,0,87.934,35.0,37.46666666666667,15.467333333333332,36.534,9.867333333333333,26.666666666666668,18.399333333333335,12.867333333333333,1.4540000000000002,11.666,31.733333333333334,36.29333333333334,18.733333333333334,32.065999999999995,58.44199999999999,15.467333333333332,19.800666666666665,76.72933333333336,0.8666666666666667,7.6659999999999995,0.6,2.2666666666666666,17.666,0.13466666666666668,12.867333333333333,1.9993333333333334,102.19933333333333,80.466,22.0,41.99933333333333,16.466666666666665,38.2,9.066666666666666,29.133333333333333,16.000666666666667,14.132666666666667,1.15,7.3340000000000005,23.13266666666667,31.695333333333334,21.000666666666667,36.53333333333333,57.25066666666667,16.466666666666665,23.533333333333335,68.634,1.9326666666666668,5.866,0.4313333333333334,1.7993333333333335,19.932666666666666,0.09333333333333332,14.132666666666667,2.4,89.79933333333334
