placar_casa,placar_visitante,data,round,stage,ano,equipe_casa,equipe_visitante,resultado,Pts_casa,3P_casa,2P_casa,LL_casa,RT_casa,RO_casa,RD_casa,AS_casa,ER_casa,IA%_casa,3PC_casa,3PT_casa,3P%_casa,2PC_casa,2PT_casa,2P%_casa,LLC_casa,LLT_casa,LL%_casa,EN_casa,BR_casa,B/E_casa,TO_casa,FC_casa,T/FC_casa,ET_casa,VI_casa,EF_casa,Pts_visitante,3P_visitante,2P_visitante,LL_visitante,RT_visitante,RO_visitante,RD_visitante,AS_visitante,ER_visitante,IA%_visitante,3PC_visitante,3PT_visitante,3P%_visitante,2PC_visitante,2PT_visitante,2P%_visitante,LLC_visitante,LLT_visitante,LL%_visitante,EN_visitante,BR_visitante,B/E_visitante,TO_visitante,FC_visitante,T/FC_visitante,ET_visitante,VI_visitante,EF_visitante
94,90,2020-01-14,1,2,2019-2020,Rio Claro,São Paulo,1,84.20066666666666,26.4,38.534,19.266666666666666,31.99933333333333,6.466666666666667,25.532666666666664,18.865999999999996,13.133999999999997,1.526,8.799333333333333,24.6,36.11533333333333,19.266,33.132666666666665,58.23666666666668,19.266666666666666,24.40066666666667,79.27799999999999,2.0673333333333335,5.3340000000000005,0.4146666666666667,1.2660000000000002,23.4,0.054000000000000006,13.133999999999997,2.0,93.73266666666667,86.19933333333333,34.0,38.4,13.79933333333333,42.534,10.933333333333334,31.60066666666667,19.99933333333333,12.46733333333333,1.7199999999999998,11.333333333333334,32.465999999999994,35.01266666666666,19.2,34.333999999999996,56.135999999999996,13.79933333333333,19.266,72.09733333333334,2.599333333333333,5.3340000000000005,0.42933333333333334,3.066,17.733333333333334,0.17666666666666664,12.46733333333333,1.6666666666666667,102.86733333333335
