placar_casa,placar_visitante,data,round,stage,ano,equipe_casa,equipe_visitante,resultado,Pts_casa,3P_casa,2P_casa,LL_casa,RT_casa,RO_casa,RD_casa,AS_casa,ER_casa,IA%_casa,3PC_casa,3PT_casa,3P%_casa,2PC_casa,2PT_casa,2P%_casa,LLC_casa,LLT_casa,LL%_casa,EN_casa,BR_casa,B/E_casa,TO_casa,FC_casa,T/FC_casa,ET_casa,VI_casa,EF_casa,Pts_visitante,3P_visitante,2P_visitante,LL_visitante,RT_visitante,RO_visitante,RD_visitante,AS_visitante,ER_visitante,IA%_visitante,3PC_visitante,3PT_visitante,3P%_visitante,2PC_visitante,2PT_visitante,2P%_visitante,LLC_visitante,LLT_visitante,LL%_visitante,EN_visitante,BR_visitante,B/E_visitante,TO_visitante,FC_visitante,T/FC_visitante,ET_visitante,VI_visitante,EF_visitante
93,88,2015-03-28,10,2,2014-2015,Flamengo,Coop/São José Basketball,1,88.86666666666666,29.6,42.0,17.266666666666666,37.13333333333333,10.4,26.733333333333334,17.266666666666666,12.8,1.4126666666666665,9.866666666666667,24.533333333333335,40.75466666666667,21.0,37.8,55.26266666666667,17.266666666666666,22.333333333333332,78.24666666666667,1.9333333333333333,9.4,0.7833333333333333,1.6,19.0,0.08866666666666667,12.8,1.7333333333333334,104.93333333333334,80.53333333333333,21.4,45.6,13.533333333333333,34.93333333333333,9.733333333333333,25.2,20.4,13.666666666666666,1.5833333333333333,7.133333333333334,19.733333333333334,35.72333333333333,22.8,43.4,53.08399999999999,13.533333333333333,16.8,79.38066666666667,1.1333333333333333,7.866666666666666,0.6120000000000002,2.8666666666666667,19.6,0.16133333333333336,13.666666666666666,2.6666666666666665,96.46666666666667
