placar_casa,placar_visitante,data,round,stage,ano,equipe_casa,equipe_visitante,resultado,Pts_casa,3P_casa,2P_casa,LL_casa,RT_casa,RO_casa,RD_casa,AS_casa,ER_casa,IA%_casa,3PC_casa,3PT_casa,3P%_casa,2PC_casa,2PT_casa,2P%_casa,LLC_casa,LLT_casa,LL%_casa,EN_casa,BR_casa,B/E_casa,TO_casa,FC_casa,T/FC_casa,ET_casa,VI_casa,EF_casa,Pts_visitante,3P_visitante,2P_visitante,LL_visitante,RT_visitante,RO_visitante,RD_visitante,AS_visitante,ER_visitante,IA%_visitante,3PC_visitante,3PT_visitante,3P%_visitante,2PC_visitante,2PT_visitante,2P%_visitante,LLC_visitante,LLT_visitante,LL%_visitante,EN_visitante,BR_visitante,B/E_visitante,TO_visitante,FC_visitante,T/FC_visitante,ET_visitante,VI_visitante,EF_visitante
67,90,2013-03-21,13,2,2012-2013,Minas,Uberlândia,0,84.53333333333333,67.0,44.666666666666664,18.866666666666667,32.46666666666667,10.266666666666667,22.2,13.866666666666667,13.8,1.1433333333333333,7.0,19.133333333333333,35.645999999999994,22.333333333333332,42.06666666666667,53.215999999999994,18.866666666666667,23.666666666666668,79.19333333333334,0.9333333333333333,7.133333333333334,0.5719999999999998,2.2666666666666666,22.2,0.10666666666666669,13.8,2.533333333333333,97.13333333333334,84.6,65.8,43.86666666666667,14.933333333333334,30.8,7.066666666666666,23.733333333333334,17.2,12.666666666666666,1.5193333333333332,8.6,21.333333333333332,41.31933333333334,21.933333333333334,39.53333333333333,55.716,14.933333333333334,19.0,78.78866666666667,3.066666666666667,5.466666666666667,0.44333333333333325,2.8666666666666667,21.6,0.13466666666666666,12.666666666666666,2.466666666666667,100.4
