placar_casa,placar_visitante,data,round,stage,ano,equipe_casa,equipe_visitante,resultado,Pts_casa,3P_casa,2P_casa,LL_casa,RT_casa,RO_casa,RD_casa,AS_casa,ER_casa,IA%_casa,3PC_casa,3PT_casa,3P%_casa,2PC_casa,2PT_casa,2P%_casa,LLC_casa,LLT_casa,LL%_casa,EN_casa,BR_casa,B/E_casa,TO_casa,FC_casa,T/FC_casa,ET_casa,VI_casa,EF_casa,Pts_visitante,3P_visitante,2P_visitante,LL_visitante,RT_visitante,RO_visitante,RD_visitante,AS_visitante,ER_visitante,IA%_visitante,3PC_visitante,3PT_visitante,3P%_visitante,2PC_visitante,2PT_visitante,2P%_visitante,LLC_visitante,LLT_visitante,LL%_visitante,EN_visitante,BR_visitante,B/E_visitante,TO_visitante,FC_visitante,T/FC_visitante,ET_visitante,VI_visitante,EF_visitante
72,61,2015-02-13,8,2,2014-2015,Sesi Franca,Rio Claro,1,76.26666666666667,20.4,41.06666666666667,14.8,33.6,10.466666666666667,23.133333333333333,13.866666666666667,14.133333333333333,1.0966666666666667,6.8,22.2,29.91333333333333,20.533333333333335,38.733333333333334,53.364000000000004,14.8,20.8,70.78133333333335,2.8666666666666667,10.533333333333333,0.8373333333333334,3.2666666666666666,21.2,0.1573333333333333,14.133333333333333,3.533333333333333,83.8,78.2,20.6,42.8,14.8,30.333333333333332,7.0,23.333333333333332,17.0,14.066666666666666,1.3146666666666667,6.866666666666666,21.2,31.367333333333338,21.4,39.53333333333333,54.17133333333334,14.8,17.733333333333334,82.498,1.5333333333333334,10.866666666666667,0.7979999999999999,1.6,17.4,0.09600000000000002,14.066666666666666,2.6,88.53333333333333
