placar_casa,placar_visitante,data,round,stage,ano,equipe_casa,equipe_visitante,resultado,Pts_casa,3P_casa,2P_casa,LL_casa,RT_casa,RO_casa,RD_casa,AS_casa,ER_casa,IA%_casa,3PC_casa,3PT_casa,3P%_casa,2PC_casa,2PT_casa,2P%_casa,LLC_casa,LLT_casa,LL%_casa,EN_casa,BR_casa,B/E_casa,TO_casa,FC_casa,T/FC_casa,ET_casa,VI_casa,EF_casa,Pts_visitante,3P_visitante,2P_visitante,LL_visitante,RT_visitante,RO_visitante,RD_visitante,AS_visitante,ER_visitante,IA%_visitante,3PC_visitante,3PT_visitante,3P%_visitante,2PC_visitante,2PT_visitante,2P%_visitante,LLC_visitante,LLT_visitante,LL%_visitante,EN_visitante,BR_visitante,B/E_visitante,TO_visitante,FC_visitante,T/FC_visitante,ET_visitante,VI_visitante,EF_visitante
77,87,2014-01-11,15,1,2013-2014,Coop/São José Basketball,Brasília,0,82.08333333333333,26.0,41.0,15.083333333333334,36.583333333333336,10.916666666666666,25.666666666666668,15.916666666666666,13.666666666666666,1.1958333333333335,8.666666666666666,24.166666666666668,37.288333333333334,20.5,39.833333333333336,51.51166666666668,15.083333333333334,19.083333333333332,79.57083333333334,0.75,8.416666666666666,0.625,1.8333333333333333,14.0,0.13416666666666668,13.666666666666666,2.9166666666666665,92.33333333333333,83.38461538461539,33.0,37.69230769230769,12.692307692307692,34.92307692307692,8.0,26.923076923076923,14.538461538461538,11.538461538461538,1.5123076923076924,11.0,28.846153846153847,38.339230769230774,18.846153846153847,34.92307692307692,54.5276923076923,12.692307692307692,15.76923076923077,80.88692307692305,1.1538461538461537,8.23076923076923,0.7623076923076924,2.3846153846153846,18.692307692307693,0.13,11.538461538461538,1.8461538461538463,94.92307692307692
