placar_casa,placar_visitante,data,round,stage,ano,equipe_casa,equipe_visitante,resultado,Pts_casa,3P_casa,2P_casa,LL_casa,RT_casa,RO_casa,RD_casa,AS_casa,ER_casa,IA%_casa,3PC_casa,3PT_casa,3P%_casa,2PC_casa,2PT_casa,2P%_casa,LLC_casa,LLT_casa,LL%_casa,EN_casa,BR_casa,B/E_casa,TO_casa,FC_casa,T/FC_casa,ET_casa,VI_casa,EF_casa,Pts_visitante,3P_visitante,2P_visitante,LL_visitante,RT_visitante,RO_visitante,RD_visitante,AS_visitante,ER_visitante,IA%_visitante,3PC_visitante,3PT_visitante,3P%_visitante,2PC_visitante,2PT_visitante,2P%_visitante,LLC_visitante,LLT_visitante,LL%_visitante,EN_visitante,BR_visitante,B/E_visitante,TO_visitante,FC_visitante,T/FC_visitante,ET_visitante,VI_visitante,EF_visitante
91,80,2023-05-03,3,4,2022-2023,Bauru Basket,Flamengo,1,76.60066666666667,29.5,33.866,13.232666666666667,31.733999999999998,7.799333333333333,23.932666666666666,16.36733333333333,11.734,1.4413333333333336,9.832666666666666,28.3,34.623999999999995,16.934,31.566666666666666,53.70733333333333,13.232666666666667,16.566,78.33666666666666,1.034,7.766000000000001,0.6819999999999999,1.4993333333333334,19.266000000000002,0.07933333333333333,11.734,2.7993333333333337,85.8,86.48933333333335,33.666666666666664,40.666666666666664,12.156,40.71,10.911333333333335,29.800666666666665,19.733333333333334,13.956,1.5766666666666667,11.222,29.866666666666667,37.80466666666667,20.333333333333332,33.978,59.470000000000006,12.156,16.067333333333334,76.03999999999999,1.5113333333333334,6.3566666666666665,0.4966666666666667,2.0660000000000003,17.64333333333333,0.12133333333333335,13.956,2.3553333333333333,105.19933333333333
