placar_casa,placar_visitante,data,round,stage,ano,equipe_casa,equipe_visitante,resultado,Pts_casa,3P_casa,2P_casa,LL_casa,RT_casa,RO_casa,RD_casa,AS_casa,ER_casa,IA%_casa,3PC_casa,3PT_casa,3P%_casa,2PC_casa,2PT_casa,2P%_casa,LLC_casa,LLT_casa,LL%_casa,EN_casa,BR_casa,B/E_casa,TO_casa,FC_casa,T/FC_casa,ET_casa,VI_casa,EF_casa,Pts_visitante,3P_visitante,2P_visitante,LL_visitante,RT_visitante,RO_visitante,RD_visitante,AS_visitante,ER_visitante,IA%_visitante,3PC_visitante,3PT_visitante,3P%_visitante,2PC_visitante,2PT_visitante,2P%_visitante,LLC_visitante,LLT_visitante,LL%_visitante,EN_visitante,BR_visitante,B/E_visitante,TO_visitante,FC_visitante,T/FC_visitante,ET_visitante,VI_visitante,EF_visitante
85,64,2019-04-08,3,3,2018-2019,Bauru Basket,Minas,1,78.53333333333333,28.6,36.53333333333333,13.4,33.2,8.2,25.0,16.4,12.6,1.3299999999999998,9.533333333333333,28.133333333333333,34.05466666666668,18.266666666666666,33.666666666666664,53.862666666666655,13.4,18.0,76.43333333333334,0.8,8.066666666666666,0.636,1.9333333333333333,20.733333333333334,0.08933333333333335,12.6,1.6,86.8,77.73333333333333,25.4,38.4,13.933333333333334,38.53333333333333,11.533333333333333,27.0,16.666666666666668,15.4,1.1326666666666665,8.466666666666667,25.733333333333334,33.08533333333334,19.2,37.53333333333333,51.289333333333325,13.933333333333334,20.066666666666666,66.33999999999999,1.9333333333333333,7.6,0.5093333333333333,2.4,21.266666666666666,0.11799999999999998,15.4,2.533333333333333,85.66666666666667
