placar_casa,placar_visitante,data,round,stage,ano,equipe_casa,equipe_visitante,resultado,Pts_casa,3P_casa,2P_casa,LL_casa,RT_casa,RO_casa,RD_casa,AS_casa,ER_casa,IA%_casa,3PC_casa,3PT_casa,3P%_casa,2PC_casa,2PT_casa,2P%_casa,LLC_casa,LLT_casa,LL%_casa,EN_casa,BR_casa,B/E_casa,TO_casa,FC_casa,T/FC_casa,ET_casa,VI_casa,EF_casa,Pts_visitante,3P_visitante,2P_visitante,LL_visitante,RT_visitante,RO_visitante,RD_visitante,AS_visitante,ER_visitante,IA%_visitante,3PC_visitante,3PT_visitante,3P%_visitante,2PC_visitante,2PT_visitante,2P%_visitante,LLC_visitante,LLT_visitante,LL%_visitante,EN_visitante,BR_visitante,B/E_visitante,TO_visitante,FC_visitante,T/FC_visitante,ET_visitante,VI_visitante,EF_visitante
104,79,2024-05-11,4,4,2023-2024,Minas,São Paulo,1,83.86733333333333,30.6,37.33266666666667,15.932666666666668,38.466,10.867333333333333,27.600666666666665,17.667333333333332,12.533999999999999,1.4486666666666665,10.2,29.266666666666666,34.99,18.667333333333332,32.132666666666665,58.140000000000015,15.932666666666668,21.667333333333332,73.33800000000001,1.066,6.333333333333333,0.53,1.8673333333333333,17.800666666666665,0.10800000000000001,12.533999999999999,2.466,97.40066666666667,82.46666666666667,32.4,35.333999999999996,14.732666666666667,34.93266666666667,7.066666666666666,27.866,17.534,13.666,1.406,10.8,27.267333333333333,39.776666666666664,17.666,30.866,57.11066666666666,14.732666666666667,18.666666666666668,77.08,0.9326666666666666,6.3340000000000005,0.4986666666666667,1.4666666666666666,18.666,0.07933333333333334,13.666,1.4666666666666666,95.46666666666667
