placar_casa,placar_visitante,data,round,stage,ano,equipe_casa,equipe_visitante,resultado,Pts_casa,3P_casa,2P_casa,LL_casa,RT_casa,RO_casa,RD_casa,AS_casa,ER_casa,IA%_casa,3PC_casa,3PT_casa,3P%_casa,2PC_casa,2PT_casa,2P%_casa,LLC_casa,LLT_casa,LL%_casa,EN_casa,BR_casa,B/E_casa,TO_casa,FC_casa,T/FC_casa,ET_casa,VI_casa,EF_casa,Pts_visitante,3P_visitante,2P_visitante,LL_visitante,RT_visitante,RO_visitante,RD_visitante,AS_visitante,ER_visitante,IA%_visitante,3PC_visitante,3PT_visitante,3P%_visitante,2PC_visitante,2PT_visitante,2P%_visitante,LLC_visitante,LLT_visitante,LL%_visitante,EN_visitante,BR_visitante,B/E_visitante,TO_visitante,FC_visitante,T/FC_visitante,ET_visitante,VI_visitante,EF_visitante
91,80,2014-03-10,11,2,2013-2014,Uberlândia,Espírito Santo,1,84.46666666666667,33.6,37.86666666666667,13.0,30.066666666666666,8.266666666666667,21.8,18.266666666666666,11.6,1.718,11.2,26.466666666666665,42.49,18.933333333333334,33.53333333333333,56.382,13.0,17.0,77.85133333333333,3.1333333333333333,9.466666666666667,0.8840000000000001,2.3333333333333335,20.666666666666668,0.11400000000000003,11.6,2.466666666666667,99.13333333333334,73.46666666666667,20.0,39.06666666666667,14.4,30.6,9.8,20.8,10.666666666666666,13.866666666666667,0.91,6.666666666666667,22.733333333333334,29.129333333333328,19.533333333333335,37.266666666666666,52.69866666666666,14.4,19.133333333333333,75.51133333333333,1.0666666666666667,8.466666666666667,0.6993333333333334,1.5333333333333334,22.066666666666666,0.06866666666666667,13.866666666666667,3.2,72.33333333333333
