placar_casa,placar_visitante,data,round,stage,ano,equipe_casa,equipe_visitante,resultado,Pts_casa,3P_casa,2P_casa,LL_casa,RT_casa,RO_casa,RD_casa,AS_casa,ER_casa,IA%_casa,3PC_casa,3PT_casa,3P%_casa,2PC_casa,2PT_casa,2P%_casa,LLC_casa,LLT_casa,LL%_casa,EN_casa,BR_casa,B/E_casa,TO_casa,FC_casa,T/FC_casa,ET_casa,VI_casa,EF_casa,Pts_visitante,3P_visitante,2P_visitante,LL_visitante,RT_visitante,RO_visitante,RD_visitante,AS_visitante,ER_visitante,IA%_visitante,3PC_visitante,3PT_visitante,3P%_visitante,2PC_visitante,2PT_visitante,2P%_visitante,LLC_visitante,LLT_visitante,LL%_visitante,EN_visitante,BR_visitante,B/E_visitante,TO_visitante,FC_visitante,T/FC_visitante,ET_visitante,VI_visitante,EF_visitante
79,76,2023-02-14,4,2,2022-2023,Caxias do Sul Basquete,Coop/São José Basketball,1,74.4,23.0,36.13333333333333,15.266666666666667,36.466,8.333333333333334,28.132666666666662,12.667333333333337,12.533333333333333,1.0599999999999998,7.667333333333334,24.4,31.224,18.066666666666666,37.66733333333333,48.13000000000002,15.266666666666667,21.134000000000004,72.05533333333332,0.666,6.866,0.5546666666666665,2.000666666666667,19.066666666666666,0.10666666666666667,12.533333333333333,2.3333333333333335,77.666,83.53333333333333,29.2,41.86666666666667,12.466666666666667,34.93333333333333,9.866666666666667,25.066666666666666,20.933333333333334,10.933333333333334,2.008,9.733333333333333,26.466666666666665,36.83266666666666,20.933333333333334,38.8,54.44333333333332,12.466666666666667,16.8,72.80533333333332,1.6,7.0,0.6466666666666667,2.533333333333333,18.8,0.14066666666666666,10.933333333333334,1.5333333333333334,99.06666666666666
