placar_casa,placar_visitante,data,round,stage,ano,equipe_casa,equipe_visitante,resultado,Pts_casa,3P_casa,2P_casa,LL_casa,RT_casa,RO_casa,RD_casa,AS_casa,ER_casa,IA%_casa,3PC_casa,3PT_casa,3P%_casa,2PC_casa,2PT_casa,2P%_casa,LLC_casa,LLT_casa,LL%_casa,EN_casa,BR_casa,B/E_casa,TO_casa,FC_casa,T/FC_casa,ET_casa,VI_casa,EF_casa,Pts_visitante,3P_visitante,2P_visitante,LL_visitante,RT_visitante,RO_visitante,RD_visitante,AS_visitante,ER_visitante,IA%_visitante,3PC_visitante,3PT_visitante,3P%_visitante,2PC_visitante,2PT_visitante,2P%_visitante,LLC_visitante,LLT_visitante,LL%_visitante,EN_visitante,BR_visitante,B/E_visitante,TO_visitante,FC_visitante,T/FC_visitante,ET_visitante,VI_visitante,EF_visitante
79,64,2024-03-09,8,2,2023-2024,Mogi,Coop/São José Basketball,1,72.53333333333333,26.8,33.2,12.533333333333333,33.4,10.066666666666666,23.333333333333332,16.4,13.066666666666666,1.3206666666666667,8.933333333333334,26.933333333333334,32.969333333333324,16.6,35.13333333333333,47.523333333333326,12.533333333333333,17.533333333333335,72.50733333333334,0.7333333333333333,6.866666666666666,0.5473333333333332,1.0666666666666667,22.466666666666665,0.04933333333333335,13.066666666666666,2.466666666666667,75.66666666666667,79.2,24.0,42.333333333333336,12.866666666666667,36.86666666666667,9.866666666666667,27.0,17.3,14.0,1.3073333333333332,8.0,22.966666666666665,34.733333333333334,21.166666666666668,40.43333333333333,52.74466666666667,12.866666666666667,18.666666666666668,67.93333333333334,2.1,6.5,0.4793333333333332,1.7666666666666666,20.4,0.08933333333333335,14.0,3.1,87.6
