placar_casa,placar_visitante,data,round,stage,ano,equipe_casa,equipe_visitante,resultado,Pts_casa,3P_casa,2P_casa,LL_casa,RT_casa,RO_casa,RD_casa,AS_casa,ER_casa,IA%_casa,3PC_casa,3PT_casa,3P%_casa,2PC_casa,2PT_casa,2P%_casa,LLC_casa,LLT_casa,LL%_casa,EN_casa,BR_casa,B/E_casa,TO_casa,FC_casa,T/FC_casa,ET_casa,VI_casa,EF_casa,Pts_visitante,3P_visitante,2P_visitante,LL_visitante,RT_visitante,RO_visitante,RD_visitante,AS_visitante,ER_visitante,IA%_visitante,3PC_visitante,3PT_visitante,3P%_visitante,2PC_visitante,2PT_visitante,2P%_visitante,LLC_visitante,LLT_visitante,LL%_visitante,EN_visitante,BR_visitante,B/E_visitante,TO_visitante,FC_visitante,T/FC_visitante,ET_visitante,VI_visitante,EF_visitante
95,102,2019-10-25,2,1,2019-2020,Flamengo,São Paulo,0,88.5,29.0,42.0,17.5,33.0,7.666666666666667,25.333333333333332,20.0,9.5,2.1733333333333333,9.666666666666666,26.5,35.669999999999995,21.0,35.0,59.616666666666674,17.5,23.333333333333332,74.42666666666666,1.1666666666666667,5.5,0.5566666666666668,1.0,16.833333333333332,0.06,9.5,1.0,101.83333333333333,87.0,34.5,40.333333333333336,12.166666666666666,45.666666666666664,10.833333333333334,34.833333333333336,20.666666666666668,14.0,1.6199999999999999,11.5,31.833333333333332,35.580000000000005,20.166666666666668,36.333333333333336,55.129999999999995,12.166666666666666,17.5,69.42666666666666,1.6666666666666667,5.666666666666667,0.4066666666666667,3.8333333333333335,16.333333333333332,0.25333333333333335,14.0,1.5,107.0
