placar_casa,placar_visitante,data,round,stage,ano,equipe_casa,equipe_visitante,resultado,Pts_casa,3P_casa,2P_casa,LL_casa,RT_casa,RO_casa,RD_casa,AS_casa,ER_casa,IA%_casa,3PC_casa,3PT_casa,3P%_casa,2PC_casa,2PT_casa,2P%_casa,LLC_casa,LLT_casa,LL%_casa,EN_casa,BR_casa,B/E_casa,TO_casa,FC_casa,T/FC_casa,ET_casa,VI_casa,EF_casa,Pts_visitante,3P_visitante,2P_visitante,LL_visitante,RT_visitante,RO_visitante,RD_visitante,AS_visitante,ER_visitante,IA%_visitante,3PC_visitante,3PT_visitante,3P%_visitante,2PC_visitante,2PT_visitante,2P%_visitante,LLC_visitante,LLT_visitante,LL%_visitante,EN_visitante,BR_visitante,B/E_visitante,TO_visitante,FC_visitante,T/FC_visitante,ET_visitante,VI_visitante,EF_visitante
90,101,2009-06-02,4,5,2008-2009,Minas,Brasília,0,82.6,21.4,44.8,16.4,33.13333333333333,7.666666666666667,25.466666666666665,17.733333333333334,14.8,1.4086666666666667,7.133333333333334,21.266666666666666,33.61133333333334,22.4,39.266666666666666,57.34733333333334,16.4,22.6,72.952,1.2666666666666666,7.133333333333334,0.5433333333333332,2.3333333333333335,17.733333333333334,0.13333333333333333,14.8,0.0,90.93333333333334,84.86666666666666,24.0,41.46666666666667,19.4,32.6,8.333333333333334,24.266666666666666,14.866666666666667,16.2,1.0693333333333332,8.0,22.533333333333335,35.93533333333334,20.733333333333334,37.666666666666664,54.92066666666667,19.4,24.933333333333334,78.012,1.4666666666666666,8.533333333333333,0.5646666666666668,3.6666666666666665,24.0,0.16000000000000003,16.2,0.0,91.33333333333333
