placar_casa,placar_visitante,data,round,stage,ano,equipe_casa,equipe_visitante,resultado,Pts_casa,3P_casa,2P_casa,LL_casa,RT_casa,RO_casa,RD_casa,AS_casa,ER_casa,IA%_casa,3PC_casa,3PT_casa,3P%_casa,2PC_casa,2PT_casa,2P%_casa,LLC_casa,LLT_casa,LL%_casa,EN_casa,BR_casa,B/E_casa,TO_casa,FC_casa,T/FC_casa,ET_casa,VI_casa,EF_casa,Pts_visitante,3P_visitante,2P_visitante,LL_visitante,RT_visitante,RO_visitante,RD_visitante,AS_visitante,ER_visitante,IA%_visitante,3PC_visitante,3PT_visitante,3P%_visitante,2PC_visitante,2PT_visitante,2P%_visitante,LLC_visitante,LLT_visitante,LL%_visitante,EN_visitante,BR_visitante,B/E_visitante,TO_visitante,FC_visitante,T/FC_visitante,ET_visitante,VI_visitante,EF_visitante
110,89,2009-04-05,9,1,2008-2009,Minas,Joinville,1,87.86666666666666,23.6,48.0,16.266666666666666,35.53333333333333,10.533333333333333,25.0,16.8,15.2,1.1620000000000001,7.866666666666666,21.0,37.63999999999999,24.0,42.266666666666666,57.14399999999999,16.266666666666666,22.866666666666667,71.62799999999999,1.3333333333333333,7.2,0.48333333333333334,3.4,19.0,0.19066666666666665,15.2,0.0,97.6,80.06666666666666,25.2,39.6,15.266666666666667,35.93333333333333,9.466666666666667,26.466666666666665,15.2,14.133333333333333,1.160666666666667,8.4,25.533333333333335,33.431333333333335,19.8,36.8,53.45933333333333,15.266666666666667,23.2,66.14466666666665,2.066666666666667,9.866666666666667,0.7699999999999999,2.933333333333333,19.4,0.16666666666666663,14.133333333333333,0.0,87.8
