placar_casa,placar_visitante,data,round,stage,ano,equipe_casa,equipe_visitante,resultado,Pts_casa,3P_casa,2P_casa,LL_casa,RT_casa,RO_casa,RD_casa,AS_casa,ER_casa,IA%_casa,3PC_casa,3PT_casa,3P%_casa,2PC_casa,2PT_casa,2P%_casa,LLC_casa,LLT_casa,LL%_casa,EN_casa,BR_casa,B/E_casa,TO_casa,FC_casa,T/FC_casa,ET_casa,VI_casa,EF_casa,Pts_visitante,3P_visitante,2P_visitante,LL_visitante,RT_visitante,RO_visitante,RD_visitante,AS_visitante,ER_visitante,IA%_visitante,3PC_visitante,3PT_visitante,3P%_visitante,2PC_visitante,2PT_visitante,2P%_visitante,LLC_visitante,LLT_visitante,LL%_visitante,EN_visitante,BR_visitante,B/E_visitante,TO_visitante,FC_visitante,T/FC_visitante,ET_visitante,VI_visitante,EF_visitante
92,76,2014-01-11,15,1,2013-2014,Flamengo,Mogi,1,79.58333333333333,23.25,38.5,17.833333333333332,38.583333333333336,12.0,26.583333333333332,13.666666666666666,14.416666666666666,1.0033333333333336,7.75,23.583333333333332,32.97416666666667,19.25,37.666666666666664,51.208333333333336,17.833333333333332,23.0,77.60583333333332,1.8333333333333333,8.083333333333334,0.5608333333333334,2.4166666666666665,20.5,0.12000000000000004,14.416666666666666,2.6666666666666665,88.5,80.38461538461539,20.76923076923077,40.61538461538461,19.0,37.61538461538461,13.153846153846153,24.46153846153846,13.692307692307692,14.153846153846153,1.0692307692307692,6.923076923076923,20.615384615384617,34.72923076923077,20.307692307692307,40.15384615384615,50.57307692307692,19.0,25.23076923076923,74.48153846153845,1.1538461538461537,10.692307692307692,0.7792307692307693,1.6153846153846154,20.46153846153846,0.07923076923076923,14.153846153846153,2.6153846153846154,90.07692307692308
