placar_casa,placar_visitante,data,round,stage,ano,equipe_casa,equipe_visitante,resultado,Pts_casa,3P_casa,2P_casa,LL_casa,RT_casa,RO_casa,RD_casa,AS_casa,ER_casa,IA%_casa,3PC_casa,3PT_casa,3P%_casa,2PC_casa,2PT_casa,2P%_casa,LLC_casa,LLT_casa,LL%_casa,EN_casa,BR_casa,B/E_casa,TO_casa,FC_casa,T/FC_casa,ET_casa,VI_casa,EF_casa,Pts_visitante,3P_visitante,2P_visitante,LL_visitante,RT_visitante,RO_visitante,RD_visitante,AS_visitante,ER_visitante,IA%_visitante,3PC_visitante,3PT_visitante,3P%_visitante,2PC_visitante,2PT_visitante,2P%_visitante,LLC_visitante,LLT_visitante,LL%_visitante,EN_visitante,BR_visitante,B/E_visitante,TO_visitante,FC_visitante,T/FC_visitante,ET_visitante,VI_visitante,EF_visitante
100,84,2013-05-17,2,5,2012-2013,Flamengo,Coop/São José Basketball,1,89.33333333333333,38.2,46.53333333333333,15.6,33.93333333333333,9.333333333333334,24.6,14.6,12.2,1.358666666666667,9.066666666666666,22.6,40.23733333333334,23.266666666666666,41.666666666666664,55.82933333333334,15.6,22.133333333333333,70.85799999999999,1.9333333333333333,7.6,0.6839999999999999,1.2,18.733333333333334,0.06733333333333333,12.2,2.0,98.33333333333333,76.46666666666667,23.6,37.06666666666667,16.8,32.733333333333334,9.333333333333334,23.4,15.733333333333333,14.333333333333334,1.222,7.533333333333333,22.133333333333333,33.656666666666666,18.533333333333335,37.13333333333333,49.897333333333336,16.8,21.866666666666667,76.22533333333334,0.6,6.133333333333334,0.476,3.2666666666666666,17.4,0.2006666666666667,14.333333333333334,2.4,82.26666666666667
