placar_casa,placar_visitante,data,round,stage,ano,equipe_casa,equipe_visitante,resultado,Pts_casa,3P_casa,2P_casa,LL_casa,RT_casa,RO_casa,RD_casa,AS_casa,ER_casa,IA%_casa,3PC_casa,3PT_casa,3P%_casa,2PC_casa,2PT_casa,2P%_casa,LLC_casa,LLT_casa,LL%_casa,EN_casa,BR_casa,B/E_casa,TO_casa,FC_casa,T/FC_casa,ET_casa,VI_casa,EF_casa,Pts_visitante,3P_visitante,2P_visitante,LL_visitante,RT_visitante,RO_visitante,RD_visitante,AS_visitante,ER_visitante,IA%_visitante,3PC_visitante,3PT_visitante,3P%_visitante,2PC_visitante,2PT_visitante,2P%_visitante,LLC_visitante,LLT_visitante,LL%_visitante,EN_visitante,BR_visitante,B/E_visitante,TO_visitante,FC_visitante,T/FC_visitante,ET_visitante,VI_visitante,EF_visitante
66,77,2023-04-12,10,2,2022-2023,Caxias do Sul Basquete,Fortaleza B. C. / CFO,0,75.06733333333334,25.8,35.06666666666667,14.200666666666665,34.79866666666667,7.932666666666666,26.866,13.934,15.066666666666666,0.9979999999999999,8.600666666666665,25.133333333333333,34.70399999999999,17.533333333333335,35.666666666666664,49.296000000000014,14.200666666666665,20.200666666666667,69.13733333333333,0.26533333333333337,7.133333333333335,0.48533333333333334,1.868,21.732666666666663,0.08933333333333333,15.066666666666666,3.399333333333333,77.06666666666666,76.266,26.4,36.134,13.734,37.06666666666667,10.599333333333334,26.467333333333332,12.133333333333333,12.066666666666666,1.0173333333333334,8.799333333333333,26.800666666666665,33.30133333333333,18.066,37.8,47.61466666666668,13.734,21.332666666666668,64.97,1.4673333333333332,6.3340000000000005,0.544,1.1326666666666667,20.13266666666667,0.059333333333333356,12.066666666666666,2.734,75.534
