placar_casa,placar_visitante,data,round,stage,ano,equipe_casa,equipe_visitante,resultado,Pts_casa,3P_casa,2P_casa,LL_casa,RT_casa,RO_casa,RD_casa,AS_casa,ER_casa,IA%_casa,3PC_casa,3PT_casa,3P%_casa,2PC_casa,2PT_casa,2P%_casa,LLC_casa,LLT_casa,LL%_casa,EN_casa,BR_casa,B/E_casa,TO_casa,FC_casa,T/FC_casa,ET_casa,VI_casa,EF_casa,Pts_visitante,3P_visitante,2P_visitante,LL_visitante,RT_visitante,RO_visitante,RD_visitante,AS_visitante,ER_visitante,IA%_visitante,3PC_visitante,3PT_visitante,3P%_visitante,2PC_visitante,2PT_visitante,2P%_visitante,LLC_visitante,LLT_visitante,LL%_visitante,EN_visitante,BR_visitante,B/E_visitante,TO_visitante,FC_visitante,T/FC_visitante,ET_visitante,VI_visitante,EF_visitante
76,78,2009-05-17,1,4,2008-2009,Sesi Franca,Brasília,0,83.6,21.6,43.86666666666667,18.133333333333333,29.933333333333334,8.933333333333334,21.0,16.8,13.666666666666666,1.3546666666666667,7.2,20.4,37.478,21.933333333333334,41.86666666666667,51.986000000000004,18.133333333333333,23.133333333333333,78.74,0.6666666666666666,8.866666666666667,0.7,2.1333333333333333,23.733333333333334,0.09066666666666669,13.666666666666666,0.0,89.53333333333333,87.6,22.4,44.53333333333333,20.666666666666668,30.333333333333332,7.066666666666666,23.266666666666666,15.533333333333333,14.866666666666667,1.1886666666666668,7.466666666666667,21.466666666666665,35.87800000000001,22.266666666666666,36.53333333333333,60.86800000000001,20.666666666666668,26.866666666666667,76.46733333333333,2.4,8.6,0.6093333333333333,3.3333333333333335,22.266666666666666,0.17,14.866666666666667,0.0,96.06666666666666
