placar_casa,placar_visitante,data,round,stage,ano,equipe_casa,equipe_visitante,resultado,Pts_casa,3P_casa,2P_casa,LL_casa,RT_casa,RO_casa,RD_casa,AS_casa,ER_casa,IA%_casa,3PC_casa,3PT_casa,3P%_casa,2PC_casa,2PT_casa,2P%_casa,LLC_casa,LLT_casa,LL%_casa,EN_casa,BR_casa,B/E_casa,TO_casa,FC_casa,T/FC_casa,ET_casa,VI_casa,EF_casa,Pts_visitante,3P_visitante,2P_visitante,LL_visitante,RT_visitante,RO_visitante,RD_visitante,AS_visitante,ER_visitante,IA%_visitante,3PC_visitante,3PT_visitante,3P%_visitante,2PC_visitante,2PT_visitante,2P%_visitante,LLC_visitante,LLT_visitante,LL%_visitante,EN_visitante,BR_visitante,B/E_visitante,TO_visitante,FC_visitante,T/FC_visitante,ET_visitante,VI_visitante,EF_visitante
79,66,2013-02-18,5,2,2012-2013,Flamengo,Uberlândia,1,95.06666666666666,74.0,49.333333333333336,19.533333333333335,32.4,8.4,24.0,15.133333333333333,10.266666666666667,1.7746666666666668,8.733333333333333,21.866666666666667,40.282666666666664,24.666666666666668,41.86666666666667,59.22133333333333,19.533333333333335,25.266666666666666,77.54333333333334,1.7333333333333334,7.266666666666667,0.7853333333333333,1.6,18.933333333333334,0.08600000000000001,10.266666666666667,2.466666666666667,113.33333333333333,85.2,65.6,43.733333333333334,15.666666666666666,30.2,7.133333333333334,23.066666666666666,17.6,12.666666666666666,1.5386666666666668,8.6,20.733333333333334,41.75533333333335,21.866666666666667,37.6,58.660666666666664,15.666666666666666,19.733333333333334,79.48866666666667,2.7333333333333334,5.266666666666667,0.44400000000000006,2.2666666666666666,19.4,0.12266666666666666,12.666666666666666,2.466666666666667,102.46666666666667
