placar_casa,placar_visitante,data,round,stage,ano,equipe_casa,equipe_visitante,resultado,Pts_casa,3P_casa,2P_casa,LL_casa,RT_casa,RO_casa,RD_casa,AS_casa,ER_casa,IA%_casa,3PC_casa,3PT_casa,3P%_casa,2PC_casa,2PT_casa,2P%_casa,LLC_casa,LLT_casa,LL%_casa,EN_casa,BR_casa,B/E_casa,TO_casa,FC_casa,T/FC_casa,ET_casa,VI_casa,EF_casa,Pts_visitante,3P_visitante,2P_visitante,LL_visitante,RT_visitante,RO_visitante,RD_visitante,AS_visitante,ER_visitante,IA%_visitante,3PC_visitante,3PT_visitante,3P%_visitante,2PC_visitante,2PT_visitante,2P%_visitante,LLC_visitante,LLT_visitante,LL%_visitante,EN_visitante,BR_visitante,B/E_visitante,TO_visitante,FC_visitante,T/FC_visitante,ET_visitante,VI_visitante,EF_visitante
81,64,2015-04-10,2,3,2014-2015,Sesi Franca,Palmeiras,1,73.86666666666666,24.0,35.86666666666667,14.0,33.333333333333336,10.133333333333333,23.2,13.2,16.533333333333335,0.8240000000000001,8.0,21.866666666666667,35.93866666666667,17.933333333333334,36.4,49.23266666666667,14.0,19.933333333333334,68.23,2.4,9.266666666666667,0.584,2.7333333333333334,21.8,0.12266666666666667,16.533333333333335,4.066666666666666,77.6,76.53333333333333,24.0,40.13333333333333,12.4,33.2,10.666666666666666,22.533333333333335,15.8,14.866666666666667,1.1226666666666665,8.0,23.6,34.212666666666664,20.066666666666666,38.733333333333334,51.851333333333336,12.4,18.333333333333332,69.458,2.2666666666666666,11.866666666666667,0.8426666666666667,1.8,19.6,0.09666666666666668,14.866666666666667,2.8,84.13333333333334
