placar_casa,placar_visitante,data,round,stage,ano,equipe_casa,equipe_visitante,resultado,Pts_casa,3P_casa,2P_casa,LL_casa,RT_casa,RO_casa,RD_casa,AS_casa,ER_casa,IA%_casa,3PC_casa,3PT_casa,3P%_casa,2PC_casa,2PT_casa,2P%_casa,LLC_casa,LLT_casa,LL%_casa,EN_casa,BR_casa,B/E_casa,TO_casa,FC_casa,T/FC_casa,ET_casa,VI_casa,EF_casa,Pts_visitante,3P_visitante,2P_visitante,LL_visitante,RT_visitante,RO_visitante,RD_visitante,AS_visitante,ER_visitante,IA%_visitante,3PC_visitante,3PT_visitante,3P%_visitante,2PC_visitante,2PT_visitante,2P%_visitante,LLC_visitante,LLT_visitante,LL%_visitante,EN_visitante,BR_visitante,B/E_visitante,TO_visitante,FC_visitante,T/FC_visitante,ET_visitante,VI_visitante,EF_visitante
106,72,2024-03-20,9,2,2023-2024,Paulistano,União Corinthians,1,76.1,22.9,39.733333333333334,13.466666666666667,38.4,11.566666666666666,26.833333333333332,16.533333333333335,13.833333333333334,1.346666666666667,7.633333333333334,24.966666666666665,30.271333333333335,19.866666666666667,38.63333333333333,51.382666666666665,13.466666666666667,18.733333333333334,72.48133333333334,1.9666666666666666,8.633333333333333,0.6839999999999999,2.2333333333333334,20.666666666666668,0.11600000000000002,13.833333333333334,3.1333333333333333,86.7,77.5,25.4,38.333333333333336,13.766666666666667,34.36666666666667,9.066666666666666,25.3,18.033333333333335,13.533333333333333,1.4513333333333334,8.466666666666667,26.366666666666667,32.258,19.166666666666668,36.53333333333333,52.18733333333332,13.766666666666667,19.533333333333335,69.068,0.6,6.1,0.49799999999999994,2.1333333333333333,21.766666666666666,0.104,13.533333333333333,2.9,83.56666666666666
