placar_casa,placar_visitante,data,round,stage,ano,equipe_casa,equipe_visitante,resultado,Pts_casa,3P_casa,2P_casa,LL_casa,RT_casa,RO_casa,RD_casa,AS_casa,ER_casa,IA%_casa,3PC_casa,3PT_casa,3P%_casa,2PC_casa,2PT_casa,2P%_casa,LLC_casa,LLT_casa,LL%_casa,EN_casa,BR_casa,B/E_casa,TO_casa,FC_casa,T/FC_casa,ET_casa,VI_casa,EF_casa,Pts_visitante,3P_visitante,2P_visitante,LL_visitante,RT_visitante,RO_visitante,RD_visitante,AS_visitante,ER_visitante,IA%_visitante,3PC_visitante,3PT_visitante,3P%_visitante,2PC_visitante,2PT_visitante,2P%_visitante,LLC_visitante,LLT_visitante,LL%_visitante,EN_visitante,BR_visitante,B/E_visitante,TO_visitante,FC_visitante,T/FC_visitante,ET_visitante,VI_visitante,EF_visitante
76,65,2025-03-13,11,2,2024-2025,Caxias do Sul Basquete,São Paulo,1,76.1,24.7,36.333333333333336,15.066666666666666,31.866666666666667,9.366666666666667,22.5,15.633333333333333,12.9,1.3366666666666664,8.233333333333333,26.866666666666667,30.623333333333335,18.166666666666668,33.233333333333334,55.01266666666667,15.066666666666666,20.8,72.642,1.1,7.266666666666667,0.6526666666666667,1.4666666666666666,21.7,0.07,12.9,2.9,80.0,74.02266666666668,21.6,37.77733333333333,14.644,35.266666666666666,8.577333333333334,26.689333333333334,17.089333333333336,15.6,1.115333333333333,7.2,24.622666666666667,28.95333333333333,18.889333333333337,33.42266666666667,56.39066666666666,14.644,21.02266666666667,69.252,1.244,6.0,0.3853333333333333,0.8893333333333333,18.710666666666665,0.050666666666666665,15.6,2.844,79.33333333333333
