placar_casa,placar_visitante,data,round,stage,ano,equipe_casa,equipe_visitante,resultado,Pts_casa,3P_casa,2P_casa,LL_casa,RT_casa,RO_casa,RD_casa,AS_casa,ER_casa,IA%_casa,3PC_casa,3PT_casa,3P%_casa,2PC_casa,2PT_casa,2P%_casa,LLC_casa,LLT_casa,LL%_casa,EN_casa,BR_casa,B/E_casa,TO_casa,FC_casa,T/FC_casa,ET_casa,VI_casa,EF_casa,Pts_visitante,3P_visitante,2P_visitante,LL_visitante,RT_visitante,RO_visitante,RD_visitante,AS_visitante,ER_visitante,IA%_visitante,3PC_visitante,3PT_visitante,3P%_visitante,2PC_visitante,2PT_visitante,2P%_visitante,LLC_visitante,LLT_visitante,LL%_visitante,EN_visitante,BR_visitante,B/E_visitante,TO_visitante,FC_visitante,T/FC_visitante,ET_visitante,VI_visitante,EF_visitante
70,84,2021-02-25,4,2,2020-2021,Paulistano,Flamengo,0,75.86733333333332,31.8,34.134,9.933333333333334,41.266,13.401333333333332,27.86666666666667,16.866666666666667,13.598666666666668,1.286,10.6,33.065999999999995,32.227999999999994,17.066,36.134,47.44000000000001,9.933333333333334,13.799333333333333,71.55333333333333,1.8673333333333333,7.066000000000001,0.5293333333333333,1.6666666666666667,17.4,0.10333333333333335,13.598666666666668,2.8659999999999997,83.734,88.59866666666666,40.1,34.59866666666667,13.9,42.46600000000001,12.299333333333335,30.166666666666668,21.1,11.533333333333335,1.8893333333333333,13.366000000000001,37.766,35.101333333333336,17.301333333333336,30.199333333333335,57.454666666666675,13.9,18.668666666666663,74.784,1.1646666666666665,6.8,0.5986666666666668,1.4,16.232666666666667,0.08933333333333332,11.533333333333335,2.167333333333333,106.76666666666665
