placar_casa,placar_visitante,data,round,stage,ano,equipe_casa,equipe_visitante,resultado,Pts_casa,3P_casa,2P_casa,LL_casa,RT_casa,RO_casa,RD_casa,AS_casa,ER_casa,IA%_casa,3PC_casa,3PT_casa,3P%_casa,2PC_casa,2PT_casa,2P%_casa,LLC_casa,LLT_casa,LL%_casa,EN_casa,BR_casa,B/E_casa,TO_casa,FC_casa,T/FC_casa,ET_casa,VI_casa,EF_casa,Pts_visitante,3P_visitante,2P_visitante,LL_visitante,RT_visitante,RO_visitante,RD_visitante,AS_visitante,ER_visitante,IA%_visitante,3PC_visitante,3PT_visitante,3P%_visitante,2PC_visitante,2PT_visitante,2P%_visitante,LLC_visitante,LLT_visitante,LL%_visitante,EN_visitante,BR_visitante,B/E_visitante,TO_visitante,FC_visitante,T/FC_visitante,ET_visitante,VI_visitante,EF_visitante
73,71,2019-04-21,3,4,2018-2019,Mogi,Fortaleza B. C. / CFO,1,81.46666666666667,24.2,43.733333333333334,13.533333333333333,39.06666666666667,10.933333333333334,28.133333333333333,19.0,12.866666666666667,1.5400000000000003,8.066666666666666,23.266666666666666,34.85,21.866666666666667,40.46666666666667,54.882,13.533333333333333,17.866666666666667,76.89133333333334,1.4,6.0,0.48733333333333334,2.6666666666666665,18.533333333333335,0.14333333333333334,12.866666666666667,1.7333333333333334,97.06666666666666,76.8,23.4,40.4,13.0,36.333333333333336,11.0,25.333333333333332,14.466666666666667,13.466666666666667,1.1973333333333331,7.8,24.733333333333334,31.577999999999996,20.2,39.86666666666667,50.75666666666667,13.0,17.733333333333334,72.27933333333334,1.2,7.2,0.5579999999999999,2.533333333333333,21.066666666666666,0.12466666666666668,13.466666666666667,2.7333333333333334,82.33333333333333
