placar_casa,placar_visitante,data,round,stage,ano,equipe_casa,equipe_visitante,resultado,Pts_casa,3P_casa,2P_casa,LL_casa,RT_casa,RO_casa,RD_casa,AS_casa,ER_casa,IA%_casa,3PC_casa,3PT_casa,3P%_casa,2PC_casa,2PT_casa,2P%_casa,LLC_casa,LLT_casa,LL%_casa,EN_casa,BR_casa,B/E_casa,TO_casa,FC_casa,T/FC_casa,ET_casa,VI_casa,EF_casa,Pts_visitante,3P_visitante,2P_visitante,LL_visitante,RT_visitante,RO_visitante,RD_visitante,AS_visitante,ER_visitante,IA%_visitante,3PC_visitante,3PT_visitante,3P%_visitante,2PC_visitante,2PT_visitante,2P%_visitante,LLC_visitante,LLT_visitante,LL%_visitante,EN_visitante,BR_visitante,B/E_visitante,TO_visitante,FC_visitante,T/FC_visitante,ET_visitante,VI_visitante,EF_visitante
75,74,2014-03-13,13,2,2013-2014,Minas,Goiânia,1,71.26666666666667,17.4,40.0,13.866666666666667,30.066666666666666,9.866666666666667,20.2,13.8,11.666666666666666,1.2286666666666666,5.8,16.733333333333334,34.891333333333336,20.0,42.0,47.75333333333332,13.866666666666667,19.333333333333332,73.32000000000001,1.2666666666666666,9.333333333333334,0.8426666666666666,2.7333333333333334,22.533333333333335,0.12266666666666667,11.666666666666666,2.2,77.13333333333334,76.86666666666666,22.6,38.0,16.266666666666666,32.2,10.0,22.2,15.066666666666666,13.0,1.4186666666666667,7.533333333333333,20.533333333333335,37.06399999999999,19.0,38.86666666666667,49.63133333333334,16.266666666666666,21.866666666666667,75.50466666666667,0.7333333333333333,9.333333333333334,0.8173333333333335,1.7333333333333334,21.733333333333334,0.07933333333333334,13.0,2.533333333333333,83.73333333333333
