placar_casa,placar_visitante,data,round,stage,ano,equipe_casa,equipe_visitante,resultado,Pts_casa,3P_casa,2P_casa,LL_casa,RT_casa,RO_casa,RD_casa,AS_casa,ER_casa,IA%_casa,3PC_casa,3PT_casa,3P%_casa,2PC_casa,2PT_casa,2P%_casa,LLC_casa,LLT_casa,LL%_casa,EN_casa,BR_casa,B/E_casa,TO_casa,FC_casa,T/FC_casa,ET_casa,VI_casa,EF_casa,Pts_visitante,3P_visitante,2P_visitante,LL_visitante,RT_visitante,RO_visitante,RD_visitante,AS_visitante,ER_visitante,IA%_visitante,3PC_visitante,3PT_visitante,3P%_visitante,2PC_visitante,2PT_visitante,2P%_visitante,LLC_visitante,LLT_visitante,LL%_visitante,EN_visitante,BR_visitante,B/E_visitante,TO_visitante,FC_visitante,T/FC_visitante,ET_visitante,VI_visitante,EF_visitante
92,79,2017-01-07,13,1,2016-2017,Brasília,Minas,1,83.0909090909091,30.0,39.63636363636363,13.454545454545455,38.63636363636363,9.909090909090908,28.727272727272727,20.727272727272727,13.909090909090908,1.6063636363636362,10.0,24.545454545454547,39.71909090909091,19.818181818181817,37.72727272727273,52.66363636363636,13.454545454545455,17.818181818181817,74.81363636363636,1.2727272727272727,4.545454545454546,0.33727272727272734,2.5454545454545454,18.636363636363637,0.13909090909090907,13.909090909090908,3.5454545454545454,98.81818181818181,79.0909090909091,24.545454545454547,41.09090909090909,13.454545454545455,36.36363636363637,11.454545454545455,24.90909090909091,17.09090909090909,15.727272727272727,1.1045454545454547,8.181818181818182,24.181818181818183,34.41545454545455,20.545454545454547,38.18181818181818,53.37909090909091,13.454545454545455,19.0,71.69454545454546,1.8181818181818181,7.0,0.45999999999999996,1.5454545454545454,22.181818181818183,0.07090909090909091,15.727272727272727,4.636363636363637,86.18181818181819
