placar_casa,placar_visitante,data,round,stage,ano,equipe_casa,equipe_visitante,resultado,Pts_casa,3P_casa,2P_casa,LL_casa,RT_casa,RO_casa,RD_casa,AS_casa,ER_casa,IA%_casa,3PC_casa,3PT_casa,3P%_casa,2PC_casa,2PT_casa,2P%_casa,LLC_casa,LLT_casa,LL%_casa,EN_casa,BR_casa,B/E_casa,TO_casa,FC_casa,T/FC_casa,ET_casa,VI_casa,EF_casa,Pts_visitante,3P_visitante,2P_visitante,LL_visitante,RT_visitante,RO_visitante,RD_visitante,AS_visitante,ER_visitante,IA%_visitante,3PC_visitante,3PT_visitante,3P%_visitante,2PC_visitante,2PT_visitante,2P%_visitante,LLC_visitante,LLT_visitante,LL%_visitante,EN_visitante,BR_visitante,B/E_visitante,TO_visitante,FC_visitante,T/FC_visitante,ET_visitante,VI_visitante,EF_visitante
85,70,2024-04-26,2,3,2023-2024,R10 Score Vasco da Gama,Pinheiros,1,77.86666666666666,26.2,36.8,14.866666666666667,35.6,9.066666666666666,26.533333333333335,19.866666666666667,13.933333333333334,1.5086666666666668,8.733333333333333,27.333333333333332,32.594,18.4,33.13333333333333,55.31733333333334,14.866666666666667,19.666666666666668,76.46133333333334,2.1333333333333333,7.0,0.5093333333333334,2.466666666666667,21.0,0.12200000000000001,13.933333333333334,2.933333333333333,90.73333333333333,69.00066666666665,19.4,37.20066666666666,12.4,37.06733333333333,11.267333333333331,25.8,18.733333333333334,12.933999999999997,1.5293333333333334,6.466666666666667,23.60066666666667,26.91266666666667,18.59933333333333,37.86666666666667,50.026,12.4,16.4,74.22333333333333,0.9333333333333333,5.134,0.4146666666666667,2.0673333333333335,18.4,0.11466666666666667,12.933999999999997,2.2,78.66733333333333
