placar_casa,placar_visitante,data,round,stage,ano,equipe_casa,equipe_visitante,resultado,Pts_casa,3P_casa,2P_casa,LL_casa,RT_casa,RO_casa,RD_casa,AS_casa,ER_casa,IA%_casa,3PC_casa,3PT_casa,3P%_casa,2PC_casa,2PT_casa,2P%_casa,LLC_casa,LLT_casa,LL%_casa,EN_casa,BR_casa,B/E_casa,TO_casa,FC_casa,T/FC_casa,ET_casa,VI_casa,EF_casa,Pts_visitante,3P_visitante,2P_visitante,LL_visitante,RT_visitante,RO_visitante,RD_visitante,AS_visitante,ER_visitante,IA%_visitante,3PC_visitante,3PT_visitante,3P%_visitante,2PC_visitante,2PT_visitante,2P%_visitante,LLC_visitante,LLT_visitante,LL%_visitante,EN_visitante,BR_visitante,B/E_visitante,TO_visitante,FC_visitante,T/FC_visitante,ET_visitante,VI_visitante,EF_visitante
70,80,2017-04-05,1,3,2016-2017,Macaé Basquete,Bauru Basket,0,78.13333333333334,20.0,42.13333333333333,16.0,32.6,8.0,24.6,16.0,15.266666666666667,1.1120000000000003,6.666666666666667,20.6,32.6,21.066666666666666,37.93333333333333,55.534666666666666,16.0,20.666666666666668,76.75666666666666,1.0,6.866666666666666,0.49466666666666664,1.9333333333333333,23.333333333333332,0.09200000000000003,15.266666666666667,3.466666666666667,84.8,82.06666666666666,27.6,36.4,18.066666666666666,39.13333333333333,9.733333333333333,29.4,17.8,13.8,1.3333333333333333,9.2,28.4,32.45466666666667,18.2,32.86666666666667,55.684,18.066666666666666,25.266666666666666,71.54533333333333,1.0,7.866666666666666,0.5879999999999999,2.466666666666667,19.533333333333335,0.13133333333333333,13.8,3.066666666666667,94.46666666666667
