placar_casa,placar_visitante,data,round,stage,ano,equipe_casa,equipe_visitante,resultado,Pts_casa,3P_casa,2P_casa,LL_casa,RT_casa,RO_casa,RD_casa,AS_casa,ER_casa,IA%_casa,3PC_casa,3PT_casa,3P%_casa,2PC_casa,2PT_casa,2P%_casa,LLC_casa,LLT_casa,LL%_casa,EN_casa,BR_casa,B/E_casa,TO_casa,FC_casa,T/FC_casa,ET_casa,VI_casa,EF_casa,Pts_visitante,3P_visitante,2P_visitante,LL_visitante,RT_visitante,RO_visitante,RD_visitante,AS_visitante,ER_visitante,IA%_visitante,3PC_visitante,3PT_visitante,3P%_visitante,2PC_visitante,2PT_visitante,2P%_visitante,LLC_visitante,LLT_visitante,LL%_visitante,EN_visitante,BR_visitante,B/E_visitante,TO_visitante,FC_visitante,T/FC_visitante,ET_visitante,VI_visitante,EF_visitante
70,52,2013-02-21,7,2,2012-2013,Sesi Franca,Joinville,1,83.66666666666667,74.6,49.733333333333334,14.733333333333333,29.066666666666666,8.266666666666667,20.8,15.4,13.333333333333334,1.2513333333333334,6.4,16.8,38.20533333333333,24.866666666666667,44.06666666666667,56.61866666666666,14.733333333333333,22.466666666666665,64.37133333333334,3.6,9.466666666666667,0.7786666666666668,2.7333333333333334,19.733333333333334,0.14933333333333332,13.333333333333334,2.1333333333333333,99.53333333333333,73.66666666666667,62.6,41.733333333333334,14.333333333333334,31.666666666666668,11.133333333333333,20.533333333333335,12.133333333333333,14.866666666666667,0.9113333333333333,5.866666666666666,19.333333333333332,29.938666666666666,20.866666666666667,43.93333333333333,47.42466666666667,14.333333333333334,20.2,70.73866666666666,1.7333333333333334,8.133333333333333,0.6306666666666667,3.7333333333333334,21.0,0.18999999999999997,14.866666666666667,3.533333333333333,81.46666666666667
