placar_casa,placar_visitante,data,round,stage,ano,equipe_casa,equipe_visitante,resultado,Pts_casa,3P_casa,2P_casa,LL_casa,RT_casa,RO_casa,RD_casa,AS_casa,ER_casa,IA%_casa,3PC_casa,3PT_casa,3P%_casa,2PC_casa,2PT_casa,2P%_casa,LLC_casa,LLT_casa,LL%_casa,EN_casa,BR_casa,B/E_casa,TO_casa,FC_casa,T/FC_casa,ET_casa,VI_casa,EF_casa,Pts_visitante,3P_visitante,2P_visitante,LL_visitante,RT_visitante,RO_visitante,RD_visitante,AS_visitante,ER_visitante,IA%_visitante,3PC_visitante,3PT_visitante,3P%_visitante,2PC_visitante,2PT_visitante,2P%_visitante,LLC_visitante,LLT_visitante,LL%_visitante,EN_visitante,BR_visitante,B/E_visitante,TO_visitante,FC_visitante,T/FC_visitante,ET_visitante,VI_visitante,EF_visitante
83,82,2019-12-01,8,1,2019-2020,Pinheiros,UNIFACISA,1,78.999,25.8,38.801,14.401,37.0,10.401,26.599,15.800999999999998,14.501,1.1190000000000002,8.6,25.0,33.99399999999999,19.399,36.499,53.668000000000006,14.401,19.701,73.36100000000002,1.599,7.4990000000000006,0.518,1.7009999999999998,20.8,0.081,14.501,2.8009999999999997,87.699,82.44444444444444,26.666666666666668,43.333333333333336,12.444444444444445,38.44444444444444,11.0,27.444444444444443,18.333333333333332,12.666666666666666,1.4755555555555555,8.88888888888889,28.444444444444443,31.421111111111106,21.666666666666668,39.111111111111114,55.59777777777777,12.444444444444445,17.22222222222222,73.04111111111109,1.6666666666666667,7.666666666666667,0.6322222222222221,2.2222222222222223,20.444444444444443,0.1111111111111111,12.666666666666666,2.2222222222222223,94.55555555555556
