placar_casa,placar_visitante,data,round,stage,ano,equipe_casa,equipe_visitante,resultado,Pts_casa,3P_casa,2P_casa,LL_casa,RT_casa,RO_casa,RD_casa,AS_casa,ER_casa,IA%_casa,3PC_casa,3PT_casa,3P%_casa,2PC_casa,2PT_casa,2P%_casa,LLC_casa,LLT_casa,LL%_casa,EN_casa,BR_casa,B/E_casa,TO_casa,FC_casa,T/FC_casa,ET_casa,VI_casa,EF_casa,Pts_visitante,3P_visitante,2P_visitante,LL_visitante,RT_visitante,RO_visitante,RD_visitante,AS_visitante,ER_visitante,IA%_visitante,3PC_visitante,3PT_visitante,3P%_visitante,2PC_visitante,2PT_visitante,2P%_visitante,LLC_visitante,LLT_visitante,LL%_visitante,EN_visitante,BR_visitante,B/E_visitante,TO_visitante,FC_visitante,T/FC_visitante,ET_visitante,VI_visitante,EF_visitante
90,100,2009-04-14,7,2,2008-2009,Joinville,Flamengo,0,80.8,27.8,37.333333333333336,15.666666666666666,33.6,10.266666666666667,23.333333333333332,15.133333333333333,14.0,1.168,9.266666666666667,27.466666666666665,33.721333333333334,18.666666666666668,35.6,52.04,15.666666666666666,24.2,64.57133333333333,1.9333333333333333,9.333333333333334,0.7373333333333335,3.0,20.133333333333333,0.15933333333333335,14.0,0.0,84.2,95.33333333333333,30.0,46.266666666666666,19.066666666666666,32.53333333333333,8.866666666666667,23.666666666666668,18.8,13.6,1.4786666666666666,10.0,24.866666666666667,40.674,23.133333333333333,38.46666666666667,59.967333333333336,19.066666666666666,23.933333333333334,81.14666666666666,2.066666666666667,9.0,0.6893333333333332,1.8,20.333333333333332,0.08466666666666667,13.6,0.0,108.8
