placar_casa,placar_visitante,data,round,stage,ano,equipe_casa,equipe_visitante,resultado,Pts_casa,3P_casa,2P_casa,LL_casa,RT_casa,RO_casa,RD_casa,AS_casa,ER_casa,IA%_casa,3PC_casa,3PT_casa,3P%_casa,2PC_casa,2PT_casa,2P%_casa,LLC_casa,LLT_casa,LL%_casa,EN_casa,BR_casa,B/E_casa,TO_casa,FC_casa,T/FC_casa,ET_casa,VI_casa,EF_casa,Pts_visitante,3P_visitante,2P_visitante,LL_visitante,RT_visitante,RO_visitante,RD_visitante,AS_visitante,ER_visitante,IA%_visitante,3PC_visitante,3PT_visitante,3P%_visitante,2PC_visitante,2PT_visitante,2P%_visitante,LLC_visitante,LLT_visitante,LL%_visitante,EN_visitante,BR_visitante,B/E_visitante,TO_visitante,FC_visitante,T/FC_visitante,ET_visitante,VI_visitante,EF_visitante
67,75,2015-04-30,3,4,2014-2015,Sesi Franca,Bauru Basket,0,72.0,25.4,34.13333333333333,12.466666666666667,34.13333333333333,10.266666666666667,23.866666666666667,13.666666666666666,16.066666666666666,0.9253333333333332,8.466666666666667,22.8,37.66266666666666,17.066666666666666,35.333333333333336,48.617333333333335,12.466666666666667,18.466666666666665,66.37866666666666,2.0,9.733333333333333,0.6466666666666667,3.0,21.733333333333334,0.13466666666666666,16.066666666666666,4.0,77.86666666666666,90.06666666666666,33.2,39.6,17.266666666666666,37.0,8.866666666666667,28.133333333333333,18.4,11.533333333333333,1.7406666666666666,11.066666666666666,27.4,40.51066666666667,19.8,33.666666666666664,58.54,17.266666666666666,20.733333333333334,82.48733333333334,1.5333333333333334,9.4,0.9053333333333332,1.8666666666666667,17.2,0.11533333333333334,11.533333333333333,1.9333333333333333,111.53333333333333
