placar_casa,placar_visitante,data,round,stage,ano,equipe_casa,equipe_visitante,resultado,Pts_casa,3P_casa,2P_casa,LL_casa,RT_casa,RO_casa,RD_casa,AS_casa,ER_casa,IA%_casa,3PC_casa,3PT_casa,3P%_casa,2PC_casa,2PT_casa,2P%_casa,LLC_casa,LLT_casa,LL%_casa,EN_casa,BR_casa,B/E_casa,TO_casa,FC_casa,T/FC_casa,ET_casa,VI_casa,EF_casa,Pts_visitante,3P_visitante,2P_visitante,LL_visitante,RT_visitante,RO_visitante,RD_visitante,AS_visitante,ER_visitante,IA%_visitante,3PC_visitante,3PT_visitante,3P%_visitante,2PC_visitante,2PT_visitante,2P%_visitante,LLC_visitante,LLT_visitante,LL%_visitante,EN_visitante,BR_visitante,B/E_visitante,TO_visitante,FC_visitante,T/FC_visitante,ET_visitante,VI_visitante,EF_visitante
70,82,2016-02-23,9,2,2015-2016,Coop/São José Basketball,Sesi Franca,0,74.4,25.6,33.733333333333334,15.066666666666666,28.866666666666667,6.666666666666667,22.2,15.066666666666666,14.933333333333334,1.1226666666666667,8.533333333333333,23.4,36.50933333333333,16.866666666666667,33.333333333333336,50.779999999999994,15.066666666666666,19.666666666666668,75.29,0.6,9.133333333333333,0.6440000000000001,1.8,21.733333333333334,0.08333333333333333,14.933333333333334,3.2666666666666666,78.4,73.06666666666666,20.2,38.0,14.866666666666667,30.533333333333335,8.866666666666667,21.666666666666668,13.066666666666666,15.2,0.8919999999999999,6.733333333333333,20.333333333333332,31.976666666666667,19.0,36.0,54.579333333333324,14.866666666666667,20.133333333333333,74.22666666666666,2.0,8.866666666666667,0.6253333333333333,2.7333333333333334,19.733333333333334,0.13799999999999998,15.2,3.2666666666666666,77.2
