placar_casa,placar_visitante,data,round,stage,ano,equipe_casa,equipe_visitante,resultado,Pts_casa,3P_casa,2P_casa,LL_casa,RT_casa,RO_casa,RD_casa,AS_casa,ER_casa,IA%_casa,3PC_casa,3PT_casa,3P%_casa,2PC_casa,2PT_casa,2P%_casa,LLC_casa,LLT_casa,LL%_casa,EN_casa,BR_casa,B/E_casa,TO_casa,FC_casa,T/FC_casa,ET_casa,VI_casa,EF_casa,Pts_visitante,3P_visitante,2P_visitante,LL_visitante,RT_visitante,RO_visitante,RD_visitante,AS_visitante,ER_visitante,IA%_visitante,3PC_visitante,3PT_visitante,3P%_visitante,2PC_visitante,2PT_visitante,2P%_visitante,LLC_visitante,LLT_visitante,LL%_visitante,EN_visitante,BR_visitante,B/E_visitante,TO_visitante,FC_visitante,T/FC_visitante,ET_visitante,VI_visitante,EF_visitante
96,71,2019-04-19,2,4,2018-2019,Mogi,Fortaleza B. C. / CFO,1,80.93333333333334,25.2,42.666666666666664,13.066666666666666,39.733333333333334,11.133333333333333,28.6,19.466666666666665,12.6,1.6420000000000001,8.4,23.866666666666667,35.364000000000004,21.333333333333332,40.46666666666667,53.611999999999995,13.066666666666666,17.466666666666665,75.89266666666667,1.2,5.8,0.4806666666666667,2.933333333333333,18.733333333333334,0.156,12.6,1.6666666666666667,97.13333333333334,76.7,22.7,40.8,13.2,36.56666666666667,10.6,25.966666666666665,14.333333333333334,13.333333333333334,1.1953333333333331,7.566666666666666,24.5,30.940000000000005,20.4,39.7,51.43333333333332,13.2,18.2,70.37466666666666,1.2333333333333334,7.066666666666666,0.554,2.6,21.133333333333333,0.12733333333333335,13.333333333333334,2.566666666666667,82.56666666666666
