placar_casa,placar_visitante,data,round,stage,ano,equipe_casa,equipe_visitante,resultado,Pts_casa,3P_casa,2P_casa,LL_casa,RT_casa,RO_casa,RD_casa,AS_casa,ER_casa,IA%_casa,3PC_casa,3PT_casa,3P%_casa,2PC_casa,2PT_casa,2P%_casa,LLC_casa,LLT_casa,LL%_casa,EN_casa,BR_casa,B/E_casa,TO_casa,FC_casa,T/FC_casa,ET_casa,VI_casa,EF_casa,Pts_visitante,3P_visitante,2P_visitante,LL_visitante,RT_visitante,RO_visitante,RD_visitante,AS_visitante,ER_visitante,IA%_visitante,3PC_visitante,3PT_visitante,3P%_visitante,2PC_visitante,2PT_visitante,2P%_visitante,LLC_visitante,LLT_visitante,LL%_visitante,EN_visitante,BR_visitante,B/E_visitante,TO_visitante,FC_visitante,T/FC_visitante,ET_visitante,VI_visitante,EF_visitante
71,70,2024-01-09,1,2,2023-2024,Coop/São José Basketball,Corinthians,1,81.1,25.8,41.06666666666667,14.233333333333333,40.06666666666667,10.933333333333334,29.133333333333333,18.633333333333333,14.366666666666667,1.3560000000000003,8.6,24.8,34.55866666666666,20.533333333333335,39.3,52.513999999999996,14.233333333333333,19.9,72.068,1.5666666666666667,7.933333333333334,0.5646666666666665,1.9666666666666666,19.333333333333332,0.10533333333333335,14.366666666666667,3.0,94.7,81.0,27.7,39.333333333333336,13.966666666666667,38.233333333333334,10.566666666666666,27.666666666666668,17.633333333333333,10.866666666666667,1.7606666666666666,9.233333333333333,28.433333333333334,32.30266666666667,19.666666666666668,37.0,53.06000000000001,13.966666666666667,19.2,72.68933333333334,1.4333333333333333,4.7,0.4586666666666666,2.066666666666667,19.233333333333334,0.10933333333333334,10.866666666666667,1.7,91.0
