placar_casa,placar_visitante,data,round,stage,ano,equipe_casa,equipe_visitante,resultado,Pts_casa,3P_casa,2P_casa,LL_casa,RT_casa,RO_casa,RD_casa,AS_casa,ER_casa,IA%_casa,3PC_casa,3PT_casa,3P%_casa,2PC_casa,2PT_casa,2P%_casa,LLC_casa,LLT_casa,LL%_casa,EN_casa,BR_casa,B/E_casa,TO_casa,FC_casa,T/FC_casa,ET_casa,VI_casa,EF_casa,Pts_visitante,3P_visitante,2P_visitante,LL_visitante,RT_visitante,RO_visitante,RD_visitante,AS_visitante,ER_visitante,IA%_visitante,3PC_visitante,3PT_visitante,3P%_visitante,2PC_visitante,2PT_visitante,2P%_visitante,LLC_visitante,LLT_visitante,LL%_visitante,EN_visitante,BR_visitante,B/E_visitante,TO_visitante,FC_visitante,T/FC_visitante,ET_visitante,VI_visitante,EF_visitante
81,65,2012-03-31,14,2,2011-2012,Flamengo,Araraquara,1,90.33333333333333,26.0,50.0,14.333333333333334,31.066666666666666,7.2,23.866666666666667,17.4,11.066666666666666,1.676,8.666666666666666,19.866666666666667,42.79466666666666,25.0,42.666666666666664,58.85466666666668,14.333333333333334,19.2,74.71133333333333,0.8,6.933333333333334,0.6699999999999999,1.8,17.866666666666667,0.108,11.066666666666666,2.6666666666666665,107.4,78.53333333333333,19.0,45.46666666666667,14.066666666666666,22.4,5.266666666666667,17.133333333333333,13.8,13.466666666666667,1.0326666666666666,6.333333333333333,17.933333333333334,35.433333333333344,22.733333333333334,42.53333333333333,53.70733333333333,14.066666666666666,18.6,73.70133333333334,0.9333333333333333,7.4,0.5573333333333335,1.8666666666666667,22.4,0.08133333333333334,13.466666666666667,3.0,77.8
