placar_casa,placar_visitante,data,round,stage,ano,equipe_casa,equipe_visitante,resultado,Pts_casa,3P_casa,2P_casa,LL_casa,RT_casa,RO_casa,RD_casa,AS_casa,ER_casa,IA%_casa,3PC_casa,3PT_casa,3P%_casa,2PC_casa,2PT_casa,2P%_casa,LLC_casa,LLT_casa,LL%_casa,EN_casa,BR_casa,B/E_casa,TO_casa,FC_casa,T/FC_casa,ET_casa,VI_casa,EF_casa,Pts_visitante,3P_visitante,2P_visitante,LL_visitante,RT_visitante,RO_visitante,RD_visitante,AS_visitante,ER_visitante,IA%_visitante,3PC_visitante,3PT_visitante,3P%_visitante,2PC_visitante,2PT_visitante,2P%_visitante,LLC_visitante,LLT_visitante,LL%_visitante,EN_visitante,BR_visitante,B/E_visitante,TO_visitante,FC_visitante,T/FC_visitante,ET_visitante,VI_visitante,EF_visitante
73,61,2014-01-25,2,2,2013-2014,Sesi Franca,Fortaleza B. C. / CFO,1,77.4,19.4,42.8,15.2,35.333333333333336,11.2,24.133333333333333,15.066666666666666,15.2,1.09,6.466666666666667,18.4,34.61533333333333,21.4,40.93333333333333,52.43533333333333,15.2,21.066666666666666,71.81733333333334,1.4666666666666666,9.4,0.6613333333333333,2.933333333333333,18.2,0.17800000000000002,15.2,2.2,87.53333333333333,75.13333333333334,16.6,45.733333333333334,12.8,34.93333333333333,10.466666666666667,24.466666666666665,11.733333333333333,12.533333333333333,1.0366666666666666,5.533333333333333,18.4,30.180000000000003,22.866666666666667,44.86666666666667,51.173333333333325,12.8,18.2,69.24066666666667,2.7333333333333334,10.333333333333334,0.9093333333333332,2.0,19.533333333333335,0.10066666666666667,12.533333333333333,2.8666666666666667,81.33333333333333
