placar_casa,placar_visitante,data,round,stage,ano,equipe_casa,equipe_visitante,resultado,Pts_casa,3P_casa,2P_casa,LL_casa,RT_casa,RO_casa,RD_casa,AS_casa,ER_casa,IA%_casa,3PC_casa,3PT_casa,3P%_casa,2PC_casa,2PT_casa,2P%_casa,LLC_casa,LLT_casa,LL%_casa,EN_casa,BR_casa,B/E_casa,TO_casa,FC_casa,T/FC_casa,ET_casa,VI_casa,EF_casa,Pts_visitante,3P_visitante,2P_visitante,LL_visitante,RT_visitante,RO_visitante,RD_visitante,AS_visitante,ER_visitante,IA%_visitante,3PC_visitante,3PT_visitante,3P%_visitante,2PC_visitante,2PT_visitante,2P%_visitante,LLC_visitante,LLT_visitante,LL%_visitante,EN_visitante,BR_visitante,B/E_visitante,TO_visitante,FC_visitante,T/FC_visitante,ET_visitante,VI_visitante,EF_visitante
83,62,2009-04-10,6,2,2008-2009,Limeira,Sesi Franca,1,87.46666666666667,26.8,42.266666666666666,18.4,29.666666666666668,7.133333333333334,22.533333333333335,17.066666666666666,13.6,1.3373333333333333,8.933333333333334,23.2,38.30800000000001,21.133333333333333,38.266666666666666,55.41533333333333,18.4,25.133333333333333,72.61733333333333,2.8666666666666667,9.4,0.6873333333333334,4.333333333333333,20.4,0.228,13.6,0.0,96.2,85.86666666666666,21.0,47.333333333333336,17.533333333333335,31.466666666666665,10.0,21.466666666666665,17.333333333333332,13.066666666666666,1.4093333333333333,7.0,20.2,36.187333333333335,23.666666666666668,45.8,52.11866666666666,17.533333333333335,23.333333333333332,74.63666666666668,1.2,9.666666666666666,0.7833333333333333,2.2666666666666666,23.666666666666668,0.1046666666666667,13.066666666666666,0.0,92.4
