placar_casa,placar_visitante,data,round,stage,ano,equipe_casa,equipe_visitante,resultado,Pts_casa,3P_casa,2P_casa,LL_casa,RT_casa,RO_casa,RD_casa,AS_casa,ER_casa,IA%_casa,3PC_casa,3PT_casa,3P%_casa,2PC_casa,2PT_casa,2P%_casa,LLC_casa,LLT_casa,LL%_casa,EN_casa,BR_casa,B/E_casa,TO_casa,FC_casa,T/FC_casa,ET_casa,VI_casa,EF_casa,Pts_visitante,3P_visitante,2P_visitante,LL_visitante,RT_visitante,RO_visitante,RD_visitante,AS_visitante,ER_visitante,IA%_visitante,3PC_visitante,3PT_visitante,3P%_visitante,2PC_visitante,2PT_visitante,2P%_visitante,LLC_visitante,LLT_visitante,LL%_visitante,EN_visitante,BR_visitante,B/E_visitante,TO_visitante,FC_visitante,T/FC_visitante,ET_visitante,VI_visitante,EF_visitante
75,90,2019-05-14,4,5,2018-2019,Botafogo,Flamengo,0,78.26666666666667,28.0,35.333333333333336,14.933333333333334,33.8,11.266666666666667,22.533333333333335,16.133333333333333,13.133333333333333,1.2766666666666668,9.333333333333334,25.666666666666668,36.778,17.666666666666668,35.8,49.588,14.933333333333334,19.133333333333333,77.88733333333333,0.9333333333333333,6.266666666666667,0.4993333333333334,1.9333333333333333,23.333333333333332,0.08466666666666667,13.133333333333333,2.7333333333333334,84.4,86.46666666666667,28.9,42.06666666666667,15.5,43.166666666666664,12.666666666666666,30.5,19.433333333333334,13.766666666666667,1.496,9.633333333333333,27.066666666666666,35.274,21.033333333333335,38.4,55.18266666666667,15.5,20.633333333333333,75.81866666666666,1.3333333333333333,7.633333333333334,0.5873333333333333,1.6333333333333333,19.266666666666666,0.08600000000000001,13.766666666666667,1.8666666666666667,104.63333333333334
