placar_casa,placar_visitante,data,round,stage,ano,equipe_casa,equipe_visitante,resultado,Pts_casa,3P_casa,2P_casa,LL_casa,RT_casa,RO_casa,RD_casa,AS_casa,ER_casa,IA%_casa,3PC_casa,3PT_casa,3P%_casa,2PC_casa,2PT_casa,2P%_casa,LLC_casa,LLT_casa,LL%_casa,EN_casa,BR_casa,B/E_casa,TO_casa,FC_casa,T/FC_casa,ET_casa,VI_casa,EF_casa,Pts_visitante,3P_visitante,2P_visitante,LL_visitante,RT_visitante,RO_visitante,RD_visitante,AS_visitante,ER_visitante,IA%_visitante,3PC_visitante,3PT_visitante,3P%_visitante,2PC_visitante,2PT_visitante,2P%_visitante,LLC_visitante,LLT_visitante,LL%_visitante,EN_visitante,BR_visitante,B/E_visitante,TO_visitante,FC_visitante,T/FC_visitante,ET_visitante,VI_visitante,EF_visitante
78,75,2016-03-05,8,2,2015-2016,Mogi,Brasília,1,82.86666666666666,24.4,40.93333333333333,17.533333333333335,35.4,10.866666666666667,24.533333333333335,15.8,12.933333333333334,1.3839999999999997,8.133333333333333,25.533333333333335,31.93,20.466666666666665,37.266666666666666,55.12333333333333,17.533333333333335,24.2,73.79133333333334,1.5333333333333334,11.266666666666667,1.0366666666666666,2.066666666666667,19.933333333333334,0.10733333333333334,12.933333333333334,2.6,93.6,84.6,30.0,41.2,13.4,35.266666666666666,9.933333333333334,25.333333333333332,17.866666666666667,15.266666666666667,1.4106666666666667,10.0,25.4,38.81666666666667,20.6,37.53333333333333,55.18200000000001,13.4,16.333333333333332,82.65733333333334,1.6,10.133333333333333,0.7153333333333333,2.2,22.133333333333333,0.10533333333333333,15.266666666666667,2.8,99.53333333333333
