placar_casa,placar_visitante,data,round,stage,ano,equipe_casa,equipe_visitante,resultado,Pts_casa,3P_casa,2P_casa,LL_casa,RT_casa,RO_casa,RD_casa,AS_casa,ER_casa,IA%_casa,3PC_casa,3PT_casa,3P%_casa,2PC_casa,2PT_casa,2P%_casa,LLC_casa,LLT_casa,LL%_casa,EN_casa,BR_casa,B/E_casa,TO_casa,FC_casa,T/FC_casa,ET_casa,VI_casa,EF_casa,Pts_visitante,3P_visitante,2P_visitante,LL_visitante,RT_visitante,RO_visitante,RD_visitante,AS_visitante,ER_visitante,IA%_visitante,3PC_visitante,3PT_visitante,3P%_visitante,2PC_visitante,2PT_visitante,2P%_visitante,LLC_visitante,LLT_visitante,LL%_visitante,EN_visitante,BR_visitante,B/E_visitante,TO_visitante,FC_visitante,T/FC_visitante,ET_visitante,VI_visitante,EF_visitante
103,110,2024-12-03,9,1,2024-2025,Pato Basquete,Flamengo,0,79.1809090909091,31.636363636363637,35.271818181818176,12.272727272727273,37.54454545454545,9.81909090909091,27.728181818181824,15.455454545454545,13.636363636363637,1.1672727272727275,10.546363636363637,27.999090909090906,37.662727272727274,17.637272727272727,34.18181818181818,51.33727272727273,12.272727272727273,16.91,75.06181818181818,0.2727272727272727,6.090909090909091,0.4436363636363636,2.364545454545455,21.0,0.11727272727272728,13.636363636363637,2.362727272727273,88.36272727272728,80.6146153846154,29.076923076923077,37.23076923076923,14.306923076923074,40.69307692307692,10.384615384615385,30.308461538461543,19.153846153846153,12.306923076923077,1.586923076923077,9.69153846153846,29.231538461538467,33.21153846153847,18.615384615384617,33.76846153846154,55.11615384615386,14.306923076923074,19.076153846153844,75.27846153846154,2.2299999999999995,8.076923076923077,0.6623076923076924,2.230769230769231,18.38538461538462,0.12230769230769233,12.306923076923077,2.153076923076923,99.0
