placar_casa,placar_visitante,data,round,stage,ano,equipe_casa,equipe_visitante,resultado,Pts_casa,3P_casa,2P_casa,LL_casa,RT_casa,RO_casa,RD_casa,AS_casa,ER_casa,IA%_casa,3PC_casa,3PT_casa,3P%_casa,2PC_casa,2PT_casa,2P%_casa,LLC_casa,LLT_casa,LL%_casa,EN_casa,BR_casa,B/E_casa,TO_casa,FC_casa,T/FC_casa,ET_casa,VI_casa,EF_casa,Pts_visitante,3P_visitante,2P_visitante,LL_visitante,RT_visitante,RO_visitante,RD_visitante,AS_visitante,ER_visitante,IA%_visitante,3PC_visitante,3PT_visitante,3P%_visitante,2PC_visitante,2PT_visitante,2P%_visitante,LLC_visitante,LLT_visitante,LL%_visitante,EN_visitante,BR_visitante,B/E_visitante,TO_visitante,FC_visitante,T/FC_visitante,ET_visitante,VI_visitante,EF_visitante
57,55,2018-11-12,5,1,2018-2019,Corinthians,Fortaleza B. C. / CFO,1,81.71428571428571,21.857142857142858,43.142857142857146,16.714285714285715,32.714285714285715,9.571428571428571,23.142857142857142,16.142857142857142,13.285714285714286,1.2785714285714287,7.285714285714286,20.857142857142858,35.13285714285714,21.571428571428573,41.42857142857143,52.368571428571435,16.714285714285715,20.428571428571427,82.11142857142856,1.5714285714285714,7.571428571428571,0.58,1.5714285714285714,25.285714285714285,0.06285714285714285,13.285714285714286,1.2857142857142858,89.14285714285714,73.87625,24.375,39.00125,10.5,39.00125,12.25,26.75125,13.126249999999999,14.248750000000001,0.99125,8.125,24.62375,32.79375,19.49875,41.125,48.16375,10.5,15.62375,67.54,2.3762499999999998,6.125,0.45125000000000004,2.3737500000000002,19.25125,0.125,14.248750000000001,3.25,76.87375
