placar_casa,placar_visitante,data,round,stage,ano,equipe_casa,equipe_visitante,resultado,Pts_casa,3P_casa,2P_casa,LL_casa,RT_casa,RO_casa,RD_casa,AS_casa,ER_casa,IA%_casa,3PC_casa,3PT_casa,3P%_casa,2PC_casa,2PT_casa,2P%_casa,LLC_casa,LLT_casa,LL%_casa,EN_casa,BR_casa,B/E_casa,TO_casa,FC_casa,T/FC_casa,ET_casa,VI_casa,EF_casa,Pts_visitante,3P_visitante,2P_visitante,LL_visitante,RT_visitante,RO_visitante,RD_visitante,AS_visitante,ER_visitante,IA%_visitante,3PC_visitante,3PT_visitante,3P%_visitante,2PC_visitante,2PT_visitante,2P%_visitante,LLC_visitante,LLT_visitante,LL%_visitante,EN_visitante,BR_visitante,B/E_visitante,TO_visitante,FC_visitante,T/FC_visitante,ET_visitante,VI_visitante,EF_visitante
96,87,2017-02-14,20,1,2016-2017,Flamengo,Mogi,1,85.33333333333333,26.2,42.53333333333333,16.6,41.13333333333333,10.8,30.333333333333332,20.133333333333333,13.4,1.5726666666666667,8.733333333333333,25.2,33.86933333333334,21.266666666666666,39.2,54.62666666666667,16.6,23.066666666666666,72.03533333333333,1.0666666666666667,6.733333333333333,0.5073333333333333,2.533333333333333,18.266666666666666,0.14133333333333334,13.4,2.8666666666666667,101.6,80.4,32.8,33.333333333333336,14.266666666666667,35.4,9.133333333333333,26.266666666666666,19.933333333333334,13.866666666666667,1.4933333333333334,10.933333333333334,29.4,37.07399999999999,16.666666666666668,32.0,53.01466666666667,14.266666666666667,19.933333333333334,72.60933333333332,1.1333333333333333,8.2,0.6006666666666667,1.5333333333333334,20.266666666666666,0.07800000000000003,13.866666666666667,3.2666666666666666,92.13333333333334
