placar_casa,placar_visitante,data,round,stage,ano,equipe_casa,equipe_visitante,resultado,Pts_casa,3P_casa,2P_casa,LL_casa,RT_casa,RO_casa,RD_casa,AS_casa,ER_casa,IA%_casa,3PC_casa,3PT_casa,3P%_casa,2PC_casa,2PT_casa,2P%_casa,LLC_casa,LLT_casa,LL%_casa,EN_casa,BR_casa,B/E_casa,TO_casa,FC_casa,T/FC_casa,ET_casa,VI_casa,EF_casa,Pts_visitante,3P_visitante,2P_visitante,LL_visitante,RT_visitante,RO_visitante,RD_visitante,AS_visitante,ER_visitante,IA%_visitante,3PC_visitante,3PT_visitante,3P%_visitante,2PC_visitante,2PT_visitante,2P%_visitante,LLC_visitante,LLT_visitante,LL%_visitante,EN_visitante,BR_visitante,B/E_visitante,TO_visitante,FC_visitante,T/FC_visitante,ET_visitante,VI_visitante,EF_visitante
67,70,2014-12-09,9,1,2014-2015,Uberlândia,Sesi Franca,0,77.85714285714286,30.428571428571427,34.285714285714285,13.142857142857142,32.57142857142857,10.0,22.571428571428573,13.857142857142858,13.571428571428571,1.1085714285714285,10.142857142857142,27.0,35.04857142857143,17.142857142857142,35.142857142857146,48.46857142857142,13.142857142857142,17.0,76.92285714285713,0.8571428571428571,9.142857142857142,0.7571428571428571,2.2857142857142856,22.428571428571427,0.10285714285714286,13.571428571428571,2.857142857142857,83.42857142857143,79.5,23.625,38.5,17.375,36.375,11.0,25.375,13.125,14.625,0.9337499999999999,7.875,22.375,36.52125,19.25,38.125,51.06375,17.375,23.125,74.95875000000001,2.5,9.25,0.6400000000000001,2.75,21.125,0.13,14.625,2.875,87.25
