placar_casa,placar_visitante,data,round,stage,ano,equipe_casa,equipe_visitante,resultado,Pts_casa,3P_casa,2P_casa,LL_casa,RT_casa,RO_casa,RD_casa,AS_casa,ER_casa,IA%_casa,3PC_casa,3PT_casa,3P%_casa,2PC_casa,2PT_casa,2P%_casa,LLC_casa,LLT_casa,LL%_casa,EN_casa,BR_casa,B/E_casa,TO_casa,FC_casa,T/FC_casa,ET_casa,VI_casa,EF_casa,Pts_visitante,3P_visitante,2P_visitante,LL_visitante,RT_visitante,RO_visitante,RD_visitante,AS_visitante,ER_visitante,IA%_visitante,3PC_visitante,3PT_visitante,3P%_visitante,2PC_visitante,2PT_visitante,2P%_visitante,LLC_visitante,LLT_visitante,LL%_visitante,EN_visitante,BR_visitante,B/E_visitante,TO_visitante,FC_visitante,T/FC_visitante,ET_visitante,VI_visitante,EF_visitante
81,65,2013-02-07,4,2,2012-2013,Coop/São José Basketball,Tijuca,1,80.4,62.2,41.46666666666667,15.133333333333333,31.4,7.666666666666667,23.733333333333334,17.133333333333333,12.866666666666667,1.3840000000000001,7.933333333333334,23.0,34.385999999999996,20.733333333333334,36.93333333333333,55.85800000000001,15.133333333333333,19.266666666666666,76.94200000000001,0.5333333333333333,6.6,0.522,2.3333333333333335,19.333333333333332,0.12466666666666666,12.866666666666667,1.9333333333333333,95.66666666666667,69.33333333333333,55.2,36.8,16.133333333333333,27.333333333333332,6.6,20.733333333333334,10.333333333333334,12.4,0.8573333333333334,5.466666666666667,17.733333333333334,29.758666666666667,18.4,38.06666666666667,48.52333333333333,16.133333333333333,22.733333333333334,69.18,0.5333333333333333,5.6,0.45333333333333337,1.6,19.466666666666665,0.08133333333333334,12.4,2.8666666666666667,72.73333333333333
