placar_casa,placar_visitante,data,round,stage,ano,equipe_casa,equipe_visitante,resultado,Pts_casa,3P_casa,2P_casa,LL_casa,RT_casa,RO_casa,RD_casa,AS_casa,ER_casa,IA%_casa,3PC_casa,3PT_casa,3P%_casa,2PC_casa,2PT_casa,2P%_casa,LLC_casa,LLT_casa,LL%_casa,EN_casa,BR_casa,B/E_casa,TO_casa,FC_casa,T/FC_casa,ET_casa,VI_casa,EF_casa,Pts_visitante,3P_visitante,2P_visitante,LL_visitante,RT_visitante,RO_visitante,RD_visitante,AS_visitante,ER_visitante,IA%_visitante,3PC_visitante,3PT_visitante,3P%_visitante,2PC_visitante,2PT_visitante,2P%_visitante,LLC_visitante,LLT_visitante,LL%_visitante,EN_visitante,BR_visitante,B/E_visitante,TO_visitante,FC_visitante,T/FC_visitante,ET_visitante,VI_visitante,EF_visitante
90,78,2017-03-24,28,1,2016-2017,Mogi,Pinheiros,1,78.26666666666667,32.2,30.533333333333335,15.533333333333333,38.53333333333333,11.533333333333333,27.0,17.8,13.466666666666667,1.6179999999999997,10.733333333333333,29.933333333333334,36.178,15.266666666666667,32.2,48.07733333333333,15.533333333333333,22.2,70.22066666666666,1.0666666666666667,7.866666666666666,0.6706666666666667,1.0666666666666667,20.133333333333333,0.054,13.466666666666667,3.3333333333333335,87.26666666666667,79.0,18.4,41.46666666666667,19.133333333333333,39.06666666666667,10.666666666666666,28.4,17.066666666666666,14.533333333333333,1.2180000000000002,6.133333333333334,19.4,32.68866666666666,20.733333333333334,41.6,49.73466666666666,19.133333333333333,27.533333333333335,69.806,1.3333333333333333,6.933333333333334,0.506,2.7333333333333334,21.533333333333335,0.13399999999999998,14.533333333333333,2.8666666666666667,87.73333333333333
