placar_casa,placar_visitante,data,round,stage,ano,equipe_casa,equipe_visitante,resultado,Pts_casa,3P_casa,2P_casa,LL_casa,RT_casa,RO_casa,RD_casa,AS_casa,ER_casa,IA%_casa,3PC_casa,3PT_casa,3P%_casa,2PC_casa,2PT_casa,2P%_casa,LLC_casa,LLT_casa,LL%_casa,EN_casa,BR_casa,B/E_casa,TO_casa,FC_casa,T/FC_casa,ET_casa,VI_casa,EF_casa,Pts_visitante,3P_visitante,2P_visitante,LL_visitante,RT_visitante,RO_visitante,RD_visitante,AS_visitante,ER_visitante,IA%_visitante,3PC_visitante,3PT_visitante,3P%_visitante,2PC_visitante,2PT_visitante,2P%_visitante,LLC_visitante,LLT_visitante,LL%_visitante,EN_visitante,BR_visitante,B/E_visitante,TO_visitante,FC_visitante,T/FC_visitante,ET_visitante,VI_visitante,EF_visitante
79,100,2010-02-10,8,1,2009-2010,Coop/São José Basketball,Pinheiros,0,70.88888888888889,24.666666666666668,34.888888888888886,11.333333333333334,31.11111111111111,10.11111111111111,21.0,14.555555555555555,15.0,1.0533333333333332,8.222222222222221,25.88888888888889,31.056666666666665,17.444444444444443,30.444444444444443,57.41444444444445,11.333333333333334,18.666666666666668,62.39888888888889,1.4444444444444444,7.555555555555555,0.5533333333333333,1.4444444444444444,18.666666666666668,0.07888888888888888,15.0,1.6666666666666667,72.55555555555556,87.27272727272727,29.727272727272727,39.27272727272727,18.272727272727273,30.09090909090909,8.363636363636363,21.727272727272727,14.0,14.0,1.0445454545454547,9.909090909090908,24.363636363636363,41.47727272727273,19.636363636363637,36.54545454545455,53.4,18.272727272727273,23.545454545454547,77.66363636363636,2.3636363636363638,6.818181818181818,0.48727272727272725,2.5454545454545454,18.181818181818183,0.16636363636363638,14.0,2.727272727272727,90.0909090909091
