placar_casa,placar_visitante,data,round,stage,ano,equipe_casa,equipe_visitante,resultado,Pts_casa,3P_casa,2P_casa,LL_casa,RT_casa,RO_casa,RD_casa,AS_casa,ER_casa,IA%_casa,3PC_casa,3PT_casa,3P%_casa,2PC_casa,2PT_casa,2P%_casa,LLC_casa,LLT_casa,LL%_casa,EN_casa,BR_casa,B/E_casa,TO_casa,FC_casa,T/FC_casa,ET_casa,VI_casa,EF_casa,Pts_visitante,3P_visitante,2P_visitante,LL_visitante,RT_visitante,RO_visitante,RD_visitante,AS_visitante,ER_visitante,IA%_visitante,3PC_visitante,3PT_visitante,3P%_visitante,2PC_visitante,2PT_visitante,2P%_visitante,LLC_visitante,LLT_visitante,LL%_visitante,EN_visitante,BR_visitante,B/E_visitante,TO_visitante,FC_visitante,T/FC_visitante,ET_visitante,VI_visitante,EF_visitante
86,65,2013-02-21,7,2,2012-2013,Mogi,Suzano,1,75.53333333333333,55.8,37.2,18.533333333333335,29.266666666666666,7.4,21.866666666666667,12.266666666666667,13.4,1.0946666666666667,6.6,18.933333333333334,35.074,18.6,39.666666666666664,47.428000000000004,18.533333333333335,24.933333333333334,74.07199999999999,0.26666666666666666,5.466666666666667,0.46466666666666673,0.9333333333333333,22.8,0.043333333333333335,13.4,2.7333333333333334,79.4,72.66666666666667,57.8,38.53333333333333,14.333333333333334,29.266666666666666,9.733333333333333,19.533333333333335,11.533333333333333,18.466666666666665,0.6519999999999999,6.6,20.533333333333335,31.077999999999996,19.266666666666666,38.46666666666667,50.478,14.333333333333334,20.933333333333334,68.16000000000001,0.6,6.333333333333333,0.3526666666666667,1.5333333333333334,20.4,0.07466666666666667,18.466666666666665,3.4,73.13333333333334
