placar_casa,placar_visitante,data,round,stage,ano,equipe_casa,equipe_visitante,resultado,Pts_casa,3P_casa,2P_casa,LL_casa,RT_casa,RO_casa,RD_casa,AS_casa,ER_casa,IA%_casa,3PC_casa,3PT_casa,3P%_casa,2PC_casa,2PT_casa,2P%_casa,LLC_casa,LLT_casa,LL%_casa,EN_casa,BR_casa,B/E_casa,TO_casa,FC_casa,T/FC_casa,ET_casa,VI_casa,EF_casa,Pts_visitante,3P_visitante,2P_visitante,LL_visitante,RT_visitante,RO_visitante,RD_visitante,AS_visitante,ER_visitante,IA%_visitante,3PC_visitante,3PT_visitante,3P%_visitante,2PC_visitante,2PT_visitante,2P%_visitante,LLC_visitante,LLT_visitante,LL%_visitante,EN_visitante,BR_visitante,B/E_visitante,TO_visitante,FC_visitante,T/FC_visitante,ET_visitante,VI_visitante,EF_visitante
54,59,2019-02-19,7,2,2018-2019,Joinville / AABJ,Botafogo,0,78.33333333333333,31.2,36.266666666666666,10.866666666666667,34.53333333333333,11.266666666666667,23.266666666666666,13.6,13.0,1.166,10.4,29.4,35.05533333333334,18.133333333333333,37.333333333333336,48.418000000000006,10.866666666666667,15.8,68.26666666666667,1.0666666666666667,7.266666666666667,0.6020000000000001,2.6,21.266666666666666,0.12333333333333332,13.0,2.2666666666666666,80.06666666666666,75.86666666666666,23.8,40.0,12.066666666666666,34.4,10.866666666666667,23.533333333333335,17.866666666666667,14.733333333333333,1.2993333333333335,7.933333333333334,21.866666666666667,36.70933333333334,20.0,39.266666666666666,51.08533333333333,12.066666666666666,17.066666666666666,71.80600000000001,1.8,7.4,0.5033333333333335,1.6666666666666667,23.333333333333332,0.07266666666666668,14.733333333333333,3.066666666666667,84.06666666666666
