placar_casa,placar_visitante,data,round,stage,ano,equipe_casa,equipe_visitante,resultado,Pts_casa,3P_casa,2P_casa,LL_casa,RT_casa,RO_casa,RD_casa,AS_casa,ER_casa,IA%_casa,3PC_casa,3PT_casa,3P%_casa,2PC_casa,2PT_casa,2P%_casa,LLC_casa,LLT_casa,LL%_casa,EN_casa,BR_casa,B/E_casa,TO_casa,FC_casa,T/FC_casa,ET_casa,VI_casa,EF_casa,Pts_visitante,3P_visitante,2P_visitante,LL_visitante,RT_visitante,RO_visitante,RD_visitante,AS_visitante,ER_visitante,IA%_visitante,3PC_visitante,3PT_visitante,3P%_visitante,2PC_visitante,2PT_visitante,2P%_visitante,LLC_visitante,LLT_visitante,LL%_visitante,EN_visitante,BR_visitante,B/E_visitante,TO_visitante,FC_visitante,T/FC_visitante,ET_visitante,VI_visitante,EF_visitante
92,73,2015-02-24,9,2,2014-2015,Paulistano,Palmeiras,1,81.73333333333333,23.2,40.53333333333333,18.0,38.6,13.266666666666667,25.333333333333332,12.066666666666666,12.533333333333333,1.0406666666666666,7.733333333333333,23.666666666666668,32.33866666666667,20.266666666666666,42.2,48.346000000000004,18.0,23.533333333333335,77.542,1.0666666666666667,9.666666666666666,0.8473333333333334,1.4,23.733333333333334,0.05866666666666667,12.533333333333333,2.6,87.53333333333333,78.86666666666666,25.8,40.8,12.266666666666667,34.733333333333334,10.533333333333333,24.2,15.666666666666666,14.733333333333333,1.1753333333333336,8.6,24.2,35.71266666666667,20.4,37.86666666666667,53.60333333333334,12.266666666666667,17.066666666666666,69.804,2.066666666666667,9.866666666666667,0.7386666666666667,1.7333333333333334,17.4,0.10533333333333332,14.733333333333333,3.7333333333333334,88.26666666666667
