placar_casa,placar_visitante,data,round,stage,ano,equipe_casa,equipe_visitante,resultado,Pts_casa,3P_casa,2P_casa,LL_casa,RT_casa,RO_casa,RD_casa,AS_casa,ER_casa,IA%_casa,3PC_casa,3PT_casa,3P%_casa,2PC_casa,2PT_casa,2P%_casa,LLC_casa,LLT_casa,LL%_casa,EN_casa,BR_casa,B/E_casa,TO_casa,FC_casa,T/FC_casa,ET_casa,VI_casa,EF_casa,Pts_visitante,3P_visitante,2P_visitante,LL_visitante,RT_visitante,RO_visitante,RD_visitante,AS_visitante,ER_visitante,IA%_visitante,3PC_visitante,3PT_visitante,3P%_visitante,2PC_visitante,2PT_visitante,2P%_visitante,LLC_visitante,LLT_visitante,LL%_visitante,EN_visitante,BR_visitante,B/E_visitante,TO_visitante,FC_visitante,T/FC_visitante,ET_visitante,VI_visitante,EF_visitante
73,93,2016-01-17,9,1,2015-2016,L. Sorocabana,Brasília,0,66.35714285714286,13.714285714285714,41.142857142857146,11.5,34.714285714285715,14.571428571428571,20.142857142857142,10.928571428571429,14.214285714285714,0.795,4.571428571428571,18.642857142857142,22.635714285714283,20.571428571428573,44.142857142857146,46.26428571428572,11.5,15.642857142857142,72.8042857142857,1.0,11.785714285714286,0.8550000000000002,1.7857142857142858,20.0,0.11714285714285713,14.214285714285714,4.214285714285714,69.57142857142857,88.33333333333333,28.5,44.666666666666664,15.166666666666666,36.833333333333336,10.916666666666666,25.916666666666668,19.75,15.75,1.3841666666666665,9.5,23.416666666666668,40.62166666666667,22.333333333333332,40.333333333333336,55.776666666666664,15.166666666666666,18.416666666666668,83.81416666666667,2.1666666666666665,8.416666666666666,0.5583333333333332,2.5,22.333333333333332,0.11666666666666668,15.75,3.25,104.91666666666667
