placar_casa,placar_visitante,data,round,stage,ano,equipe_casa,equipe_visitante,resultado,Pts_casa,3P_casa,2P_casa,LL_casa,RT_casa,RO_casa,RD_casa,AS_casa,ER_casa,IA%_casa,3PC_casa,3PT_casa,3P%_casa,2PC_casa,2PT_casa,2P%_casa,LLC_casa,LLT_casa,LL%_casa,EN_casa,BR_casa,B/E_casa,TO_casa,FC_casa,T/FC_casa,ET_casa,VI_casa,EF_casa,Pts_visitante,3P_visitante,2P_visitante,LL_visitante,RT_visitante,RO_visitante,RD_visitante,AS_visitante,ER_visitante,IA%_visitante,3PC_visitante,3PT_visitante,3P%_visitante,2PC_visitante,2PT_visitante,2P%_visitante,LLC_visitante,LLT_visitante,LL%_visitante,EN_visitante,BR_visitante,B/E_visitante,TO_visitante,FC_visitante,T/FC_visitante,ET_visitante,VI_visitante,EF_visitante
79,90,2013-03-23,14,2,2012-2013,Suzano,L. Sorocabana,0,75.33333333333333,54.6,38.4,15.333333333333334,28.933333333333334,8.733333333333333,20.2,12.266666666666667,17.333333333333332,0.7746666666666666,7.2,21.466666666666665,33.025333333333336,19.2,38.86666666666667,49.69799999999999,15.333333333333334,21.466666666666665,71.98266666666665,0.5333333333333333,6.2,0.36800000000000005,1.8,19.933333333333334,0.09399999999999999,17.333333333333332,3.066666666666667,75.86666666666666,78.33333333333333,55.4,39.06666666666667,14.666666666666666,26.733333333333334,9.0,17.733333333333334,10.533333333333333,11.866666666666667,0.9673333333333332,8.2,23.4,34.821333333333335,19.533333333333335,39.13333333333333,50.68066666666667,14.666666666666666,19.133333333333333,76.99600000000001,1.0666666666666667,8.066666666666666,0.7200000000000002,1.2,19.333333333333332,0.062000000000000006,11.866666666666667,2.933333333333333,80.2
