placar_casa,placar_visitante,data,round,stage,ano,equipe_casa,equipe_visitante,resultado,Pts_casa,3P_casa,2P_casa,LL_casa,RT_casa,RO_casa,RD_casa,AS_casa,ER_casa,IA%_casa,3PC_casa,3PT_casa,3P%_casa,2PC_casa,2PT_casa,2P%_casa,LLC_casa,LLT_casa,LL%_casa,EN_casa,BR_casa,B/E_casa,TO_casa,FC_casa,T/FC_casa,ET_casa,VI_casa,EF_casa,Pts_visitante,3P_visitante,2P_visitante,LL_visitante,RT_visitante,RO_visitante,RD_visitante,AS_visitante,ER_visitante,IA%_visitante,3PC_visitante,3PT_visitante,3P%_visitante,2PC_visitante,2PT_visitante,2P%_visitante,LLC_visitante,LLT_visitante,LL%_visitante,EN_visitante,BR_visitante,B/E_visitante,TO_visitante,FC_visitante,T/FC_visitante,ET_visitante,VI_visitante,EF_visitante
92,90,2014-03-06,11,2,2013-2014,Goiânia,L. Sorocabana,1,75.53333333333333,19.8,39.733333333333334,16.0,32.46666666666667,9.266666666666667,23.2,14.4,13.466666666666667,1.2946666666666669,6.6,19.466666666666665,34.818666666666665,19.866666666666667,39.53333333333333,50.854,16.0,21.466666666666665,75.69333333333334,0.9333333333333333,9.4,0.808,1.6666666666666667,22.066666666666666,0.07600000000000001,13.466666666666667,2.533333333333333,82.0,77.0,22.4,37.06666666666667,17.533333333333335,30.066666666666666,9.4,20.666666666666668,11.2,11.666666666666666,1.0213333333333334,7.466666666666667,21.4,34.894666666666666,18.533333333333335,38.333333333333336,48.615333333333325,17.533333333333335,22.666666666666668,76.14133333333334,1.4,9.666666666666666,0.8766666666666667,1.8,22.333333333333332,0.08066666666666666,11.666666666666666,2.1333333333333333,79.2
