placar_casa,placar_visitante,data,round,stage,ano,equipe_casa,equipe_visitante,resultado,Pts_casa,3P_casa,2P_casa,LL_casa,RT_casa,RO_casa,RD_casa,AS_casa,ER_casa,IA%_casa,3PC_casa,3PT_casa,3P%_casa,2PC_casa,2PT_casa,2P%_casa,LLC_casa,LLT_casa,LL%_casa,EN_casa,BR_casa,B/E_casa,TO_casa,FC_casa,T/FC_casa,ET_casa,VI_casa,EF_casa,Pts_visitante,3P_visitante,2P_visitante,LL_visitante,RT_visitante,RO_visitante,RD_visitante,AS_visitante,ER_visitante,IA%_visitante,3PC_visitante,3PT_visitante,3P%_visitante,2PC_visitante,2PT_visitante,2P%_visitante,LLC_visitante,LLT_visitante,LL%_visitante,EN_visitante,BR_visitante,B/E_visitante,TO_visitante,FC_visitante,T/FC_visitante,ET_visitante,VI_visitante,EF_visitante
96,61,2014-01-18,18,1,2013-2014,Paulistano,Espírito Santo,1,82.26666666666667,25.4,39.6,17.266666666666666,34.06666666666667,10.733333333333333,23.333333333333332,11.533333333333333,12.4,1.034,8.466666666666667,24.0,35.52066666666667,19.8,37.53333333333333,52.60066666666667,17.266666666666666,21.333333333333332,78.90200000000002,0.7333333333333333,9.8,0.8306666666666668,1.4666666666666666,21.4,0.078,12.4,2.2,89.4,69.25,25.5,31.166666666666668,12.583333333333334,28.75,9.166666666666666,19.583333333333332,11.166666666666666,12.583333333333334,1.0308333333333335,8.5,24.583333333333332,34.580000000000005,15.583333333333334,33.5,46.75833333333333,12.583333333333334,17.666666666666668,72.91583333333334,1.25,7.5,0.6699999999999999,0.9166666666666666,19.083333333333332,0.047499999999999994,12.583333333333334,2.9166666666666665,65.91666666666667
