placar_casa,placar_visitante,data,round,stage,ano,equipe_casa,equipe_visitante,resultado,Pts_casa,3P_casa,2P_casa,LL_casa,RT_casa,RO_casa,RD_casa,AS_casa,ER_casa,IA%_casa,3PC_casa,3PT_casa,3P%_casa,2PC_casa,2PT_casa,2P%_casa,LLC_casa,LLT_casa,LL%_casa,EN_casa,BR_casa,B/E_casa,TO_casa,FC_casa,T/FC_casa,ET_casa,VI_casa,EF_casa,Pts_visitante,3P_visitante,2P_visitante,LL_visitante,RT_visitante,RO_visitante,RD_visitante,AS_visitante,ER_visitante,IA%_visitante,3PC_visitante,3PT_visitante,3P%_visitante,2PC_visitante,2PT_visitante,2P%_visitante,LLC_visitante,LLT_visitante,LL%_visitante,EN_visitante,BR_visitante,B/E_visitante,TO_visitante,FC_visitante,T/FC_visitante,ET_visitante,VI_visitante,EF_visitante
69,75,2024-12-29,2,2,2024-2025,Vasco da Gama,São José Basketball,0,76.766,27.9,33.199999999999996,15.666,38.76800000000001,11.232,27.531999999999996,18.10066666666667,13.200666666666667,1.5459999999999996,9.300666666666666,32.333333333333336,28.875999999999994,16.600000000000005,30.567333333333337,54.592,15.666,21.665999999999997,73.104,1.366,6.731999999999999,0.5913333333333334,2.1993333333333336,20.96666666666666,0.1006666666666667,13.200666666666667,2.4993333333333334,86.36533333333334,78.06666666666666,22.0,38.8,17.266666666666666,39.4,11.2,28.2,17.866666666666667,14.666666666666666,1.255333333333333,7.333333333333333,25.533333333333335,28.27866666666667,19.4,35.2,55.29066666666666,17.266666666666666,22.533333333333335,76.88066666666668,1.8666666666666667,7.466666666666667,0.518,2.3333333333333335,18.733333333333334,0.13133333333333333,14.666666666666666,2.2,91.2
