placar_casa,placar_visitante,data,round,stage,ano,equipe_casa,equipe_visitante,resultado,Pts_casa,3P_casa,2P_casa,LL_casa,RT_casa,RO_casa,RD_casa,AS_casa,ER_casa,IA%_casa,3PC_casa,3PT_casa,3P%_casa,2PC_casa,2PT_casa,2P%_casa,LLC_casa,LLT_casa,LL%_casa,EN_casa,BR_casa,B/E_casa,TO_casa,FC_casa,T/FC_casa,ET_casa,VI_casa,EF_casa,Pts_visitante,3P_visitante,2P_visitante,LL_visitante,RT_visitante,RO_visitante,RD_visitante,AS_visitante,ER_visitante,IA%_visitante,3PC_visitante,3PT_visitante,3P%_visitante,2PC_visitante,2PT_visitante,2P%_visitante,LLC_visitante,LLT_visitante,LL%_visitante,EN_visitante,BR_visitante,B/E_visitante,TO_visitante,FC_visitante,T/FC_visitante,ET_visitante,VI_visitante,EF_visitante
87,84,2014-01-23,1,2,2013-2014,Palmeiras,Bauru Basket,1,78.4,20.4,43.86666666666667,14.133333333333333,35.86666666666667,12.133333333333333,23.733333333333334,13.6,13.2,1.1613333333333336,6.8,21.933333333333334,31.592,21.933333333333334,41.733333333333334,53.52,14.133333333333333,20.866666666666667,68.49133333333334,2.466666666666667,9.4,0.7973333333333332,2.466666666666667,20.466666666666665,0.12266666666666666,13.2,3.8666666666666667,84.86666666666666,80.8,26.8,36.93333333333333,17.066666666666666,32.333333333333336,9.8,22.533333333333335,14.133333333333333,11.133333333333333,1.4840000000000004,8.933333333333334,24.0,38.51200000000001,18.466666666666665,35.93333333333333,51.279333333333334,17.066666666666666,22.333333333333332,76.51866666666666,2.0,9.733333333333333,0.9633333333333333,1.8,17.4,0.11133333333333334,11.133333333333333,1.7333333333333334,89.8
