placar_casa,placar_visitante,data,round,stage,ano,equipe_casa,equipe_visitante,resultado,Pts_casa,3P_casa,2P_casa,LL_casa,RT_casa,RO_casa,RD_casa,AS_casa,ER_casa,IA%_casa,3PC_casa,3PT_casa,3P%_casa,2PC_casa,2PT_casa,2P%_casa,LLC_casa,LLT_casa,LL%_casa,EN_casa,BR_casa,B/E_casa,TO_casa,FC_casa,T/FC_casa,ET_casa,VI_casa,EF_casa,Pts_visitante,3P_visitante,2P_visitante,LL_visitante,RT_visitante,RO_visitante,RD_visitante,AS_visitante,ER_visitante,IA%_visitante,3PC_visitante,3PT_visitante,3P%_visitante,2PC_visitante,2PT_visitante,2P%_visitante,LLC_visitante,LLT_visitante,LL%_visitante,EN_visitante,BR_visitante,B/E_visitante,TO_visitante,FC_visitante,T/FC_visitante,ET_visitante,VI_visitante,EF_visitante
86,84,2014-12-22,13,1,2014-2015,Macaé Basquete,Flamengo,1,76.0909090909091,24.545454545454547,36.36363636363637,15.181818181818182,30.818181818181817,9.636363636363637,21.181818181818183,12.272727272727273,11.818181818181818,1.2763636363636364,8.181818181818182,22.363636363636363,36.93454545454545,18.181818181818183,37.36363636363637,48.563636363636355,15.181818181818182,18.90909090909091,80.7690909090909,0.7272727272727273,8.636363636363637,0.8172727272727273,1.3636363636363635,22.09090909090909,0.061818181818181814,11.818181818181818,3.1818181818181817,80.27272727272727,90.7,28.8,44.6,17.3,36.4,10.5,25.9,17.8,12.5,1.828,9.6,24.4,37.635999999999996,22.3,39.1,57.38100000000001,17.3,22.8,77.33099999999999,2.2,8.9,0.8809999999999999,2.4,19.3,0.13,12.5,2.3,106.6
