placar_casa,placar_visitante,data,round,stage,ano,equipe_casa,equipe_visitante,resultado,Pts_casa,3P_casa,2P_casa,LL_casa,RT_casa,RO_casa,RD_casa,AS_casa,ER_casa,IA%_casa,3PC_casa,3PT_casa,3P%_casa,2PC_casa,2PT_casa,2P%_casa,LLC_casa,LLT_casa,LL%_casa,EN_casa,BR_casa,B/E_casa,TO_casa,FC_casa,T/FC_casa,ET_casa,VI_casa,EF_casa,Pts_visitante,3P_visitante,2P_visitante,LL_visitante,RT_visitante,RO_visitante,RD_visitante,AS_visitante,ER_visitante,IA%_visitante,3PC_visitante,3PT_visitante,3P%_visitante,2PC_visitante,2PT_visitante,2P%_visitante,LLC_visitante,LLT_visitante,LL%_visitante,EN_visitante,BR_visitante,B/E_visitante,TO_visitante,FC_visitante,T/FC_visitante,ET_visitante,VI_visitante,EF_visitante
74,68,2022-04-28,1,4,2021-2022,Flamengo,Paulistano,1,88.99933333333335,42.4,33.19933333333333,13.4,40.6,11.599333333333334,29.00066666666667,19.333333333333332,11.533333333333333,1.789333333333333,14.133999999999999,38.666000000000004,36.73933333333333,16.600666666666665,28.867333333333338,56.89866666666667,13.4,17.333333333333332,75.79266666666668,1.4006666666666665,5.733333333333333,0.5453333333333334,3.000666666666667,17.20066666666667,0.18066666666666667,11.533333333333333,1.7339999999999998,105.39933333333335,76.84466666666667,25.933333333333334,37.95666666666667,12.956,36.35533333333333,10.710666666666667,25.64333333333333,14.755333333333333,12.623333333333335,1.4573333333333336,8.643333333333334,25.689333333333334,33.296,18.976666666666667,37.156,50.70266666666668,12.956,17.266000000000002,73.80133333333333,2.1566666666666667,6.823333333333333,0.7226666666666668,2.066666666666667,19.289333333333335,0.10933333333333334,12.623333333333335,2.3560000000000003,84.69
