placar_casa,placar_visitante,data,round,stage,ano,equipe_casa,equipe_visitante,resultado,Pts_casa,3P_casa,2P_casa,LL_casa,RT_casa,RO_casa,RD_casa,AS_casa,ER_casa,IA%_casa,3PC_casa,3PT_casa,3P%_casa,2PC_casa,2PT_casa,2P%_casa,LLC_casa,LLT_casa,LL%_casa,EN_casa,BR_casa,B/E_casa,TO_casa,FC_casa,T/FC_casa,ET_casa,VI_casa,EF_casa,Pts_visitante,3P_visitante,2P_visitante,LL_visitante,RT_visitante,RO_visitante,RD_visitante,AS_visitante,ER_visitante,IA%_visitante,3PC_visitante,3PT_visitante,3P%_visitante,2PC_visitante,2PT_visitante,2P%_visitante,LLC_visitante,LLT_visitante,LL%_visitante,EN_visitante,BR_visitante,B/E_visitante,TO_visitante,FC_visitante,T/FC_visitante,ET_visitante,VI_visitante,EF_visitante
76,74,2014-12-16,11,1,2014-2015,Flamengo,Brasília,1,90.625,30.75,42.0,17.875,35.25,10.25,25.0,18.125,13.0,1.7475,10.25,25.375,39.96124999999999,21.0,37.625,56.30250000000001,17.875,23.875,76.19,2.125,9.5,0.9175,2.25,20.375,0.1125,13.0,2.375,105.0,78.66666666666667,20.666666666666668,42.888888888888886,15.11111111111111,37.666666666666664,11.555555555555555,26.11111111111111,16.333333333333332,13.555555555555555,1.22,6.888888888888889,21.22222222222222,33.19111111111111,21.444444444444443,42.44444444444444,50.64555555555555,15.11111111111111,19.22222222222222,76.72222222222223,3.3333333333333335,7.777777777777778,0.5877777777777777,3.111111111111111,23.0,0.14,13.555555555555555,2.5555555555555554,90.55555555555556
