placar_casa,placar_visitante,data,round,stage,ano,equipe_casa,equipe_visitante,resultado,Pts_casa,3P_casa,2P_casa,LL_casa,RT_casa,RO_casa,RD_casa,AS_casa,ER_casa,IA%_casa,3PC_casa,3PT_casa,3P%_casa,2PC_casa,2PT_casa,2P%_casa,LLC_casa,LLT_casa,LL%_casa,EN_casa,BR_casa,B/E_casa,TO_casa,FC_casa,T/FC_casa,ET_casa,VI_casa,EF_casa,Pts_visitante,3P_visitante,2P_visitante,LL_visitante,RT_visitante,RO_visitante,RD_visitante,AS_visitante,ER_visitante,IA%_visitante,3PC_visitante,3PT_visitante,3P%_visitante,2PC_visitante,2PT_visitante,2P%_visitante,LLC_visitante,LLT_visitante,LL%_visitante,EN_visitante,BR_visitante,B/E_visitante,TO_visitante,FC_visitante,T/FC_visitante,ET_visitante,VI_visitante,EF_visitante
72,65,2014-03-29,18,2,2013-2014,Macaé Basquete,Uberlândia,1,82.4,28.2,37.6,16.6,30.333333333333332,5.4,24.933333333333334,15.333333333333334,14.733333333333333,1.0686666666666667,9.4,22.533333333333335,41.992666666666665,18.8,33.6,56.43933333333333,16.6,21.866666666666667,76.042,1.9333333333333333,9.133333333333333,0.6379999999999999,2.0,22.733333333333334,0.08933333333333335,14.733333333333333,3.066666666666667,91.26666666666667,81.73333333333333,30.6,36.666666666666664,14.466666666666667,31.6,8.533333333333333,23.066666666666666,16.2,10.6,1.7106666666666668,10.2,26.333333333333332,38.776666666666664,18.333333333333332,33.4,54.724666666666664,14.466666666666667,18.866666666666667,76.44266666666667,3.2,9.2,0.9646666666666666,2.066666666666667,18.8,0.112,10.6,2.1333333333333333,94.6
