placar_casa,placar_visitante,data,round,stage,ano,equipe_casa,equipe_visitante,resultado,Pts_casa,3P_casa,2P_casa,LL_casa,RT_casa,RO_casa,RD_casa,AS_casa,ER_casa,IA%_casa,3PC_casa,3PT_casa,3P%_casa,2PC_casa,2PT_casa,2P%_casa,LLC_casa,LLT_casa,LL%_casa,EN_casa,BR_casa,B/E_casa,TO_casa,FC_casa,T/FC_casa,ET_casa,VI_casa,EF_casa,Pts_visitante,3P_visitante,2P_visitante,LL_visitante,RT_visitante,RO_visitante,RD_visitante,AS_visitante,ER_visitante,IA%_visitante,3PC_visitante,3PT_visitante,3P%_visitante,2PC_visitante,2PT_visitante,2P%_visitante,LLC_visitante,LLT_visitante,LL%_visitante,EN_visitante,BR_visitante,B/E_visitante,TO_visitante,FC_visitante,T/FC_visitante,ET_visitante,VI_visitante,EF_visitante
91,65,2013-02-17,3,2,2012-2013,Pinheiros,Suzano,1,86.6,57.0,38.0,14.2,27.8,6.133333333333334,21.666666666666668,17.333333333333332,12.866666666666667,1.4206666666666665,11.466666666666667,27.0,43.207333333333324,19.0,33.666666666666664,56.804,14.2,19.533333333333335,71.51266666666668,1.6,6.6,0.5400000000000001,2.4,20.266666666666666,0.12000000000000004,12.866666666666667,2.066666666666667,99.73333333333333,73.13333333333334,59.6,39.733333333333334,14.4,29.333333333333332,9.666666666666666,19.666666666666668,11.4,18.266666666666666,0.6513333333333332,6.333333333333333,20.466666666666665,30.127999999999997,19.866666666666667,39.4,50.82866666666668,14.4,21.066666666666666,67.93800000000002,0.6,6.8,0.3959999999999999,1.9333333333333333,20.266666666666666,0.10000000000000003,18.266666666666666,3.466666666666667,74.13333333333334
