placar_casa,placar_visitante,data,round,stage,ano,equipe_casa,equipe_visitante,resultado,Pts_casa,3P_casa,2P_casa,LL_casa,RT_casa,RO_casa,RD_casa,AS_casa,ER_casa,IA%_casa,3PC_casa,3PT_casa,3P%_casa,2PC_casa,2PT_casa,2P%_casa,LLC_casa,LLT_casa,LL%_casa,EN_casa,BR_casa,B/E_casa,TO_casa,FC_casa,T/FC_casa,ET_casa,VI_casa,EF_casa,Pts_visitante,3P_visitante,2P_visitante,LL_visitante,RT_visitante,RO_visitante,RD_visitante,AS_visitante,ER_visitante,IA%_visitante,3PC_visitante,3PT_visitante,3P%_visitante,2PC_visitante,2PT_visitante,2P%_visitante,LLC_visitante,LLT_visitante,LL%_visitante,EN_visitante,BR_visitante,B/E_visitante,TO_visitante,FC_visitante,T/FC_visitante,ET_visitante,VI_visitante,EF_visitante
81,82,2014-03-20,15,2,2013-2014,Sesi Franca,Limeira,0,83.4,20.2,48.266666666666666,14.933333333333334,35.06666666666667,12.066666666666666,23.0,13.933333333333334,13.6,1.0799999999999998,6.733333333333333,19.2,34.23466666666666,24.133333333333333,43.93333333333333,55.03733333333333,14.933333333333334,19.733333333333334,74.82866666666668,2.7333333333333334,10.4,0.7846666666666666,3.2666666666666666,19.333333333333332,0.1673333333333333,13.6,2.2,95.4,78.13333333333334,26.0,37.46666666666667,14.666666666666666,30.866666666666667,7.866666666666666,23.0,14.2,11.333333333333334,1.5286666666666666,8.666666666666666,22.133333333333333,39.018,18.733333333333334,35.4,52.583999999999996,14.666666666666666,19.133333333333333,77.09866666666666,0.5333333333333333,8.733333333333333,0.9206666666666667,1.5333333333333334,21.2,0.07200000000000001,11.333333333333334,2.066666666666667,87.53333333333333
