placar_casa,placar_visitante,data,round,stage,ano,equipe_casa,equipe_visitante,resultado,Pts_casa,3P_casa,2P_casa,LL_casa,RT_casa,RO_casa,RD_casa,AS_casa,ER_casa,IA%_casa,3PC_casa,3PT_casa,3P%_casa,2PC_casa,2PT_casa,2P%_casa,LLC_casa,LLT_casa,LL%_casa,EN_casa,BR_casa,B/E_casa,TO_casa,FC_casa,T/FC_casa,ET_casa,VI_casa,EF_casa,Pts_visitante,3P_visitante,2P_visitante,LL_visitante,RT_visitante,RO_visitante,RD_visitante,AS_visitante,ER_visitante,IA%_visitante,3PC_visitante,3PT_visitante,3P%_visitante,2PC_visitante,2PT_visitante,2P%_visitante,LLC_visitante,LLT_visitante,LL%_visitante,EN_visitante,BR_visitante,B/E_visitante,TO_visitante,FC_visitante,T/FC_visitante,ET_visitante,VI_visitante,EF_visitante
69,85,2014-02-06,5,2,2013-2014,Palmeiras,Fortaleza B. C. / CFO,0,80.93333333333334,20.2,48.13333333333333,12.6,34.4,11.533333333333333,22.866666666666667,14.2,12.733333333333333,1.2413333333333334,6.733333333333333,20.866666666666667,33.06733333333333,24.066666666666666,43.86666666666667,55.297333333333334,12.6,18.6,67.658,2.1333333333333333,9.6,0.8233333333333331,2.1333333333333333,20.466666666666665,0.11000000000000003,12.733333333333333,3.6,88.6,78.0,20.0,44.4,13.6,36.46666666666667,10.466666666666667,26.0,13.6,13.0,1.1973333333333334,6.666666666666667,18.4,36.84733333333334,22.2,43.86666666666667,50.88466666666667,13.6,19.2,69.81933333333333,2.933333333333333,10.466666666666667,0.8966666666666666,1.9333333333333333,20.933333333333334,0.09533333333333334,13.0,2.6,88.46666666666667
