placar_casa,placar_visitante,data,round,stage,ano,equipe_casa,equipe_visitante,resultado,Pts_casa,3P_casa,2P_casa,LL_casa,RT_casa,RO_casa,RD_casa,AS_casa,ER_casa,IA%_casa,3PC_casa,3PT_casa,3P%_casa,2PC_casa,2PT_casa,2P%_casa,LLC_casa,LLT_casa,LL%_casa,EN_casa,BR_casa,B/E_casa,TO_casa,FC_casa,T/FC_casa,ET_casa,VI_casa,EF_casa,Pts_visitante,3P_visitante,2P_visitante,LL_visitante,RT_visitante,RO_visitante,RD_visitante,AS_visitante,ER_visitante,IA%_visitante,3PC_visitante,3PT_visitante,3P%_visitante,2PC_visitante,2PT_visitante,2P%_visitante,LLC_visitante,LLT_visitante,LL%_visitante,EN_visitante,BR_visitante,B/E_visitante,TO_visitante,FC_visitante,T/FC_visitante,ET_visitante,VI_visitante,EF_visitante
70,74,2022-02-18,4,2,2021-2022,União Corinthians,UNIFACISA,0,77.13333333333334,24.4,38.266666666666666,14.466666666666667,38.0,11.333333333333334,26.666666666666668,15.333333333333334,12.666666666666666,1.3060000000000003,8.133333333333333,26.933333333333334,29.992,19.133333333333333,40.333333333333336,47.63133333333333,14.466666666666667,20.4,72.044,2.0,8.066666666666666,0.6606666666666666,2.2,20.066666666666666,0.11866666666666668,12.666666666666666,2.0,82.13333333333334,81.53333333333333,31.6,38.266666666666666,11.666666666666666,37.13333333333333,10.333333333333334,26.8,15.133333333333333,10.733333333333333,1.4500000000000004,10.533333333333333,30.2,34.14066666666667,19.133333333333333,36.2,53.43800000000001,11.666666666666666,15.733333333333333,73.64799999999998,1.5333333333333334,7.533333333333333,0.7466666666666667,1.1333333333333333,19.666666666666668,0.05733333333333335,10.733333333333333,1.8,90.93333333333334
