placar_casa,placar_visitante,data,round,stage,ano,equipe_casa,equipe_visitante,resultado,Pts_casa,3P_casa,2P_casa,LL_casa,RT_casa,RO_casa,RD_casa,AS_casa,ER_casa,IA%_casa,3PC_casa,3PT_casa,3P%_casa,2PC_casa,2PT_casa,2P%_casa,LLC_casa,LLT_casa,LL%_casa,EN_casa,BR_casa,B/E_casa,TO_casa,FC_casa,T/FC_casa,ET_casa,VI_casa,EF_casa,Pts_visitante,3P_visitante,2P_visitante,LL_visitante,RT_visitante,RO_visitante,RD_visitante,AS_visitante,ER_visitante,IA%_visitante,3PC_visitante,3PT_visitante,3P%_visitante,2PC_visitante,2PT_visitante,2P%_visitante,LLC_visitante,LLT_visitante,LL%_visitante,EN_visitante,BR_visitante,B/E_visitante,TO_visitante,FC_visitante,T/FC_visitante,ET_visitante,VI_visitante,EF_visitante
95,101,2014-01-16,17,1,2013-2014,Uberlândia,Flamengo,0,83.61538461538461,27.0,41.69230769230769,14.923076923076923,34.07692307692308,9.692307692307692,24.384615384615383,18.0,12.76923076923077,1.5246153846153847,9.0,21.307692307692307,42.36692307692307,20.846153846153847,38.69230769230769,54.49230769230769,14.923076923076923,19.307692307692307,78.12307692307692,3.3076923076923075,7.6923076923076925,0.6223076923076923,2.6153846153846154,19.692307692307693,0.13230769230769232,12.76923076923077,3.3076923076923075,98.6923076923077,79.92857142857143,24.642857142857142,38.285714285714285,17.0,37.57142857142857,11.428571428571429,26.142857142857142,14.857142857142858,14.428571428571429,1.0764285714285715,8.214285714285714,24.214285714285715,33.93785714285715,19.142857142857142,36.57142857142857,52.68857142857143,17.0,22.357142857142858,75.85285714285713,2.2142857142857144,8.142857142857142,0.5657142857142857,2.2142857142857144,20.357142857142858,0.11000000000000003,14.428571428571429,2.5,89.5
