placar_casa,placar_visitante,data,round,stage,ano,equipe_casa,equipe_visitante,resultado,Pts_casa,3P_casa,2P_casa,LL_casa,RT_casa,RO_casa,RD_casa,AS_casa,ER_casa,IA%_casa,3PC_casa,3PT_casa,3P%_casa,2PC_casa,2PT_casa,2P%_casa,LLC_casa,LLT_casa,LL%_casa,EN_casa,BR_casa,B/E_casa,TO_casa,FC_casa,T/FC_casa,ET_casa,VI_casa,EF_casa,Pts_visitante,3P_visitante,2P_visitante,LL_visitante,RT_visitante,RO_visitante,RD_visitante,AS_visitante,ER_visitante,IA%_visitante,3PC_visitante,3PT_visitante,3P%_visitante,2PC_visitante,2PT_visitante,2P%_visitante,LLC_visitante,LLT_visitante,LL%_visitante,EN_visitante,BR_visitante,B/E_visitante,TO_visitante,FC_visitante,T/FC_visitante,ET_visitante,VI_visitante,EF_visitante
91,85,2010-01-19,3,1,2009-2010,Minas,Araraquara,1,94.66666666666667,32.0,46.666666666666664,16.0,34.333333333333336,11.666666666666666,22.666666666666668,19.166666666666668,15.0,1.2966666666666666,10.666666666666666,23.833333333333332,45.41166666666667,23.333333333333332,42.0,55.27333333333333,16.0,20.5,76.93833333333333,0.6666666666666666,6.833333333333333,0.47833333333333333,2.5,17.833333333333332,0.13833333333333334,15.0,2.0,106.16666666666667,74.71428571428571,24.0,40.857142857142854,9.857142857142858,29.714285714285715,9.571428571428571,20.142857142857142,15.142857142857142,13.857142857142858,1.1542857142857144,8.0,26.142857142857142,30.18285714285714,20.428571428571427,38.714285714285715,53.12571428571429,9.857142857142858,12.571428571428571,79.34,1.8571428571428572,7.857142857142857,0.6128571428571429,3.2857142857142856,18.571428571428573,0.18571428571428575,13.857142857142858,1.7142857142857142,77.71428571428571
