placar_casa,placar_visitante,data,round,stage,ano,equipe_casa,equipe_visitante,resultado,Pts_casa,3P_casa,2P_casa,LL_casa,RT_casa,RO_casa,RD_casa,AS_casa,ER_casa,IA%_casa,3PC_casa,3PT_casa,3P%_casa,2PC_casa,2PT_casa,2P%_casa,LLC_casa,LLT_casa,LL%_casa,EN_casa,BR_casa,B/E_casa,TO_casa,FC_casa,T/FC_casa,ET_casa,VI_casa,EF_casa,Pts_visitante,3P_visitante,2P_visitante,LL_visitante,RT_visitante,RO_visitante,RD_visitante,AS_visitante,ER_visitante,IA%_visitante,3PC_visitante,3PT_visitante,3P%_visitante,2PC_visitante,2PT_visitante,2P%_visitante,LLC_visitante,LLT_visitante,LL%_visitante,EN_visitante,BR_visitante,B/E_visitante,TO_visitante,FC_visitante,T/FC_visitante,ET_visitante,VI_visitante,EF_visitante
82,70,2015-03-24,11,2,2014-2015,Bauru Basket,Sesi Franca,1,92.4,37.8,38.666666666666664,15.933333333333334,36.93333333333333,8.533333333333333,28.4,18.866666666666667,11.666666666666666,1.7386666666666666,12.6,30.6,41.58599999999999,19.333333333333332,32.53333333333333,59.524666666666675,15.933333333333334,19.666666666666668,80.02999999999999,1.5333333333333334,9.8,0.9153333333333332,2.066666666666667,17.8,0.1266666666666667,11.666666666666666,1.5333333333333334,113.46666666666667,75.6,22.6,37.733333333333334,15.266666666666667,32.666666666666664,9.8,22.866666666666667,13.933333333333334,14.933333333333334,1.038,7.533333333333333,22.666666666666668,32.506666666666675,18.866666666666667,36.6,51.528000000000006,15.266666666666667,21.933333333333334,68.95066666666666,2.4,9.6,0.7040000000000001,2.8,22.266666666666666,0.12533333333333335,14.933333333333334,3.3333333333333335,80.13333333333334
