placar_casa,placar_visitante,data,round,stage,ano,equipe_casa,equipe_visitante,resultado,Pts_casa,3P_casa,2P_casa,LL_casa,RT_casa,RO_casa,RD_casa,AS_casa,ER_casa,IA%_casa,3PC_casa,3PT_casa,3P%_casa,2PC_casa,2PT_casa,2P%_casa,LLC_casa,LLT_casa,LL%_casa,EN_casa,BR_casa,B/E_casa,TO_casa,FC_casa,T/FC_casa,ET_casa,VI_casa,EF_casa,Pts_visitante,3P_visitante,2P_visitante,LL_visitante,RT_visitante,RO_visitante,RD_visitante,AS_visitante,ER_visitante,IA%_visitante,3PC_visitante,3PT_visitante,3P%_visitante,2PC_visitante,2PT_visitante,2P%_visitante,LLC_visitante,LLT_visitante,LL%_visitante,EN_visitante,BR_visitante,B/E_visitante,TO_visitante,FC_visitante,T/FC_visitante,ET_visitante,VI_visitante,EF_visitante
65,90,2020-12-06,4,1,2020-2021,Caxias do Sul Basquete,UNIFACISA,0,66.72500000000001,21.166666666666668,33.335,12.223333333333334,34.0,10.168333333333333,23.831666666666667,12.891666666666666,13.831666666666669,0.9349999999999999,7.058333333333334,22.998333333333335,30.426666666666666,16.665,35.72166666666667,46.6,12.223333333333334,18.94333333333333,63.74333333333333,1.11,5.555000000000001,0.3983333333333334,1.555,21.10833333333333,0.08,13.831666666666669,2.111666666666667,65.16666666666667,82.80714285714285,25.571428571428573,44.667142857142856,12.572857142857144,38.23714285714285,11.95,26.287142857142857,17.23857142857143,12.475714285714286,1.39,8.52142857142857,25.714285714285715,33.122857142857136,22.33285714285714,43.38142857142857,51.607142857142854,12.572857142857144,17.001428571428573,73.79999999999998,0.6185714285714285,7.951428571428571,0.6442857142857142,1.4785714285714284,20.715714285714284,0.07142857142857142,12.475714285714286,1.6199999999999999,92.57000000000001
