placar_casa,placar_visitante,data,round,stage,ano,equipe_casa,equipe_visitante,resultado,Pts_casa,3P_casa,2P_casa,LL_casa,RT_casa,RO_casa,RD_casa,AS_casa,ER_casa,IA%_casa,3PC_casa,3PT_casa,3P%_casa,2PC_casa,2PT_casa,2P%_casa,LLC_casa,LLT_casa,LL%_casa,EN_casa,BR_casa,B/E_casa,TO_casa,FC_casa,T/FC_casa,ET_casa,VI_casa,EF_casa,Pts_visitante,3P_visitante,2P_visitante,LL_visitante,RT_visitante,RO_visitante,RD_visitante,AS_visitante,ER_visitante,IA%_visitante,3PC_visitante,3PT_visitante,3P%_visitante,2PC_visitante,2PT_visitante,2P%_visitante,LLC_visitante,LLT_visitante,LL%_visitante,EN_visitante,BR_visitante,B/E_visitante,TO_visitante,FC_visitante,T/FC_visitante,ET_visitante,VI_visitante,EF_visitante
81,71,2022-02-03,2,2,2021-2022,Corinthians,Paulistano,1,75.66666666666667,32.6,32.0,11.066666666666666,37.8,11.6,26.2,16.133333333333333,11.733333333333333,1.4333333333333333,10.866666666666667,34.2,32.087999999999994,16.0,30.866666666666667,51.91666666666667,11.066666666666666,14.466666666666667,77.63466666666666,1.0,5.933333333333334,0.5186666666666666,2.4,18.733333333333334,0.12533333333333335,11.733333333333333,2.466666666666667,84.6,79.2,26.8,39.46666666666667,12.933333333333334,38.6,10.866666666666667,27.733333333333334,15.0,13.6,1.134,8.933333333333334,27.066666666666666,32.994,19.733333333333334,39.6,49.98533333333334,12.933333333333334,17.466666666666665,73.85999999999999,1.2666666666666666,7.066666666666666,0.528,2.3333333333333335,20.733333333333334,0.11600000000000002,13.6,3.2,86.06666666666666
