placar_casa,placar_visitante,data,round,stage,ano,equipe_casa,equipe_visitante,resultado,Pts_casa,3P_casa,2P_casa,LL_casa,RT_casa,RO_casa,RD_casa,AS_casa,ER_casa,IA%_casa,3PC_casa,3PT_casa,3P%_casa,2PC_casa,2PT_casa,2P%_casa,LLC_casa,LLT_casa,LL%_casa,EN_casa,BR_casa,B/E_casa,TO_casa,FC_casa,T/FC_casa,ET_casa,VI_casa,EF_casa,Pts_visitante,3P_visitante,2P_visitante,LL_visitante,RT_visitante,RO_visitante,RD_visitante,AS_visitante,ER_visitante,IA%_visitante,3PC_visitante,3PT_visitante,3P%_visitante,2PC_visitante,2PT_visitante,2P%_visitante,LLC_visitante,LLT_visitante,LL%_visitante,EN_visitante,BR_visitante,B/E_visitante,TO_visitante,FC_visitante,T/FC_visitante,ET_visitante,VI_visitante,EF_visitante
80,71,2022-03-07,6,2,2021-2022,São Paulo,Paulistano,1,87.13333333333334,34.6,36.53333333333333,16.0,35.8,6.933333333333334,28.866666666666667,18.666666666666668,11.0,1.7959999999999998,11.533333333333333,29.533333333333335,39.23866666666665,18.266666666666666,31.466666666666665,57.771333333333345,16.0,21.2,75.69333333333334,2.2,6.8,0.6380000000000001,2.7333333333333334,18.266666666666666,0.14933333333333335,11.0,1.8666666666666667,103.73333333333333,76.644,24.733333333333334,39.289333333333325,12.622666666666666,38.356,10.844000000000001,27.510666666666665,14.622666666666666,13.822666666666665,1.1273333333333333,8.244,26.089333333333336,31.852,19.644,39.955999999999996,49.036000000000016,12.622666666666666,17.0,73.36866666666667,1.2226666666666668,6.889333333333334,0.5239999999999999,2.2666666666666666,20.089333333333336,0.1166666666666667,13.822666666666665,3.022666666666667,82.42266666666667
