placar_casa,placar_visitante,data,round,stage,ano,equipe_casa,equipe_visitante,resultado,Pts_casa,3P_casa,2P_casa,LL_casa,RT_casa,RO_casa,RD_casa,AS_casa,ER_casa,IA%_casa,3PC_casa,3PT_casa,3P%_casa,2PC_casa,2PT_casa,2P%_casa,LLC_casa,LLT_casa,LL%_casa,EN_casa,BR_casa,B/E_casa,TO_casa,FC_casa,T/FC_casa,ET_casa,VI_casa,EF_casa,Pts_visitante,3P_visitante,2P_visitante,LL_visitante,RT_visitante,RO_visitante,RD_visitante,AS_visitante,ER_visitante,IA%_visitante,3PC_visitante,3PT_visitante,3P%_visitante,2PC_visitante,2PT_visitante,2P%_visitante,LLC_visitante,LLT_visitante,LL%_visitante,EN_visitante,BR_visitante,B/E_visitante,TO_visitante,FC_visitante,T/FC_visitante,ET_visitante,VI_visitante,EF_visitante
89,79,2024-11-15,6,1,2024-2025,São José Basketball,Mogi Basquete,1,70.11111111111111,16.5,38.333333333333336,15.277777777777779,36.888888888888886,10.055555555555555,26.833333333333332,15.555555555555555,14.777777777777779,1.068888888888889,5.5,23.11111111111111,23.513333333333335,19.166666666666668,36.77777777777778,52.24777777777778,15.277777777777779,20.0,76.71777777777778,1.8333333333333333,7.388888888888889,0.5033333333333334,2.0,20.11111111111111,0.10222222222222226,14.777777777777779,1.7222222222222223,77.22222222222223,69.66555555555556,27.666666666666668,32.22222222222222,9.776666666666666,31.556666666666665,9.22111111111111,22.332222222222224,16.11111111111111,14.222222222222221,1.1366666666666665,9.221111111111112,27.11,33.788888888888884,16.11111111111111,34.89,46.333333333333336,9.776666666666666,14.665555555555557,66.00555555555556,1.221111111111111,9.11,0.6477777777777778,1.221111111111111,21.89,0.05444444444444445,14.222222222222221,2.4444444444444446,71.88888888888889
