placar_casa,placar_visitante,data,round,stage,ano,equipe_casa,equipe_visitante,resultado,Pts_casa,3P_casa,2P_casa,LL_casa,RT_casa,RO_casa,RD_casa,AS_casa,ER_casa,IA%_casa,3PC_casa,3PT_casa,3P%_casa,2PC_casa,2PT_casa,2P%_casa,LLC_casa,LLT_casa,LL%_casa,EN_casa,BR_casa,B/E_casa,TO_casa,FC_casa,T/FC_casa,ET_casa,VI_casa,EF_casa,Pts_visitante,3P_visitante,2P_visitante,LL_visitante,RT_visitante,RO_visitante,RD_visitante,AS_visitante,ER_visitante,IA%_visitante,3PC_visitante,3PT_visitante,3P%_visitante,2PC_visitante,2PT_visitante,2P%_visitante,LLC_visitante,LLT_visitante,LL%_visitante,EN_visitante,BR_visitante,B/E_visitante,TO_visitante,FC_visitante,T/FC_visitante,ET_visitante,VI_visitante,EF_visitante
103,92,2023-02-09,3,2,2022-2023,Sesi Franca,Corinthians,1,88.4,31.8,39.86666666666667,16.733333333333334,40.666666666666664,9.466666666666667,31.2,18.4,12.2,1.611333333333334,10.6,28.2,37.64133333333333,19.933333333333334,34.733333333333334,57.09400000000001,16.733333333333334,20.933333333333334,80.67866666666666,2.4,6.133333333333334,0.5313333333333333,2.7333333333333334,16.8,0.16400000000000003,12.2,2.066666666666667,107.53333333333333,82.83333333333333,30.0,39.2,13.633333333333333,40.79933333333334,9.933333333333334,30.865999999999996,16.39933333333333,16.100666666666665,1.0686666666666669,10.000666666666666,28.4,35.07333333333333,19.6,35.33266666666667,56.25666666666666,13.633333333333333,18.199333333333335,74.43066666666667,4.0,5.366666666666666,0.3433333333333333,3.033333333333333,17.9,0.17399999999999993,16.100666666666665,3.500666666666667,93.63333333333334
