placar_casa,placar_visitante,data,round,stage,ano,equipe_casa,equipe_visitante,resultado,Pts_casa,3P_casa,2P_casa,LL_casa,RT_casa,RO_casa,RD_casa,AS_casa,ER_casa,IA%_casa,3PC_casa,3PT_casa,3P%_casa,2PC_casa,2PT_casa,2P%_casa,LLC_casa,LLT_casa,LL%_casa,EN_casa,BR_casa,B/E_casa,TO_casa,FC_casa,T/FC_casa,ET_casa,VI_casa,EF_casa,Pts_visitante,3P_visitante,2P_visitante,LL_visitante,RT_visitante,RO_visitante,RD_visitante,AS_visitante,ER_visitante,IA%_visitante,3PC_visitante,3PT_visitante,3P%_visitante,2PC_visitante,2PT_visitante,2P%_visitante,LLC_visitante,LLT_visitante,LL%_visitante,EN_visitante,BR_visitante,B/E_visitante,TO_visitante,FC_visitante,T/FC_visitante,ET_visitante,VI_visitante,EF_visitante
82,67,2022-11-05,4,1,2022-2023,Caxias do Sul Basquete,Cerrado,1,77.66666666666667,22.5,41.333333333333336,13.833333333333334,36.833333333333336,11.666666666666666,25.166666666666668,13.833333333333334,12.166666666666666,1.1900000000000002,7.5,25.833333333333332,28.766666666666666,20.666666666666668,39.5,52.160000000000004,13.833333333333334,18.666666666666668,75.16000000000001,0.3333333333333333,6.833333333333333,0.5633333333333334,2.6666666666666665,18.0,0.1466666666666667,12.166666666666666,1.8333333333333333,83.66666666666667,80.2,36.9,28.4,14.9,35.1,11.1,24.0,14.1,15.0,0.994,12.3,37.2,32.54200000000001,14.2,26.2,54.29,14.9,21.1,70.88399999999999,2.2,7.3,0.5200000000000001,2.4,17.3,0.132,15.0,3.4,81.0
