placar_casa,placar_visitante,data,round,stage,ano,equipe_casa,equipe_visitante,resultado,Pts_casa,3P_casa,2P_casa,LL_casa,RT_casa,RO_casa,RD_casa,AS_casa,ER_casa,IA%_casa,3PC_casa,3PT_casa,3P%_casa,2PC_casa,2PT_casa,2P%_casa,LLC_casa,LLT_casa,LL%_casa,EN_casa,BR_casa,B/E_casa,TO_casa,FC_casa,T/FC_casa,ET_casa,VI_casa,EF_casa,Pts_visitante,3P_visitante,2P_visitante,LL_visitante,RT_visitante,RO_visitante,RD_visitante,AS_visitante,ER_visitante,IA%_visitante,3PC_visitante,3PT_visitante,3P%_visitante,2PC_visitante,2PT_visitante,2P%_visitante,LLC_visitante,LLT_visitante,LL%_visitante,EN_visitante,BR_visitante,B/E_visitante,TO_visitante,FC_visitante,T/FC_visitante,ET_visitante,VI_visitante,EF_visitante
88,64,2015-12-03,8,1,2015-2016,Fortaleza B. C. / CFO,Macaé Basquete,1,79.14285714285714,27.428571428571427,35.714285714285715,16.0,38.142857142857146,12.285714285714286,25.857142857142858,10.428571428571429,15.0,0.7757142857142858,9.142857142857142,26.0,35.37428571428571,17.857142857142858,38.285714285714285,47.0,16.0,21.0,76.21000000000001,2.0,8.285714285714286,0.5700000000000001,2.4285714285714284,21.142857142857142,0.11142857142857143,15.0,2.2857142857142856,81.14285714285714,74.83333333333333,23.5,32.666666666666664,18.666666666666668,29.5,8.833333333333334,20.666666666666668,10.5,12.333333333333334,0.9799999999999999,7.833333333333333,24.0,33.141666666666666,16.333333333333332,34.5,47.915,18.666666666666668,23.0,80.40166666666666,0.8333333333333334,9.5,0.8250000000000001,1.1666666666666667,21.0,0.06333333333333334,12.333333333333334,2.8333333333333335,74.5
