placar_casa,placar_visitante,data,round,stage,ano,equipe_casa,equipe_visitante,resultado,Pts_casa,3P_casa,2P_casa,LL_casa,RT_casa,RO_casa,RD_casa,AS_casa,ER_casa,IA%_casa,3PC_casa,3PT_casa,3P%_casa,2PC_casa,2PT_casa,2P%_casa,LLC_casa,LLT_casa,LL%_casa,EN_casa,BR_casa,B/E_casa,TO_casa,FC_casa,T/FC_casa,ET_casa,VI_casa,EF_casa,Pts_visitante,3P_visitante,2P_visitante,LL_visitante,RT_visitante,RO_visitante,RD_visitante,AS_visitante,ER_visitante,IA%_visitante,3PC_visitante,3PT_visitante,3P%_visitante,2PC_visitante,2PT_visitante,2P%_visitante,LLC_visitante,LLT_visitante,LL%_visitante,EN_visitante,BR_visitante,B/E_visitante,TO_visitante,FC_visitante,T/FC_visitante,ET_visitante,VI_visitante,EF_visitante
87,75,2019-01-10,1,2,2018-2019,Pinheiros,Minas,1,82.30846153846154,33.23076923076923,37.07769230769231,12.0,34.230000000000004,10.77,23.462307692307693,14.768461538461539,11.537692307692309,1.4230769230769231,11.076153846153847,30.00076923076923,37.07153846153846,18.537692307692307,35.46153846153846,52.821538461538466,12.0,15.537692307692309,76.73846153846154,1.0769230769230769,7.769230769230769,0.7423076923076923,1.8453846153846156,18.00076923076923,0.1,11.537692307692309,1.9230769230769231,89.92307692307692,78.03642857142856,26.785714285714285,35.64357142857143,15.607142857142856,36.43,9.856428571428571,26.571428571428577,16.82071428571429,13.927857142857146,1.2485714285714284,8.930000000000001,25.785714285714285,34.39714285714287,17.820714285714285,35.96428571428571,49.751428571428576,15.607142857142856,21.642857142857146,71.94642857142857,1.7864285714285713,7.786428571428572,0.5878571428571429,2.0714285714285716,20.107857142857146,0.10428571428571431,13.927857142857146,1.7485714285714284,85.92928571428571
