placar_casa,placar_visitante,data,round,stage,ano,equipe_casa,equipe_visitante,resultado,Pts_casa,3P_casa,2P_casa,LL_casa,RT_casa,RO_casa,RD_casa,AS_casa,ER_casa,IA%_casa,3PC_casa,3PT_casa,3P%_casa,2PC_casa,2PT_casa,2P%_casa,LLC_casa,LLT_casa,LL%_casa,EN_casa,BR_casa,B/E_casa,TO_casa,FC_casa,T/FC_casa,ET_casa,VI_casa,EF_casa,Pts_visitante,3P_visitante,2P_visitante,LL_visitante,RT_visitante,RO_visitante,RD_visitante,AS_visitante,ER_visitante,IA%_visitante,3PC_visitante,3PT_visitante,3P%_visitante,2PC_visitante,2PT_visitante,2P%_visitante,LLC_visitante,LLT_visitante,LL%_visitante,EN_visitante,BR_visitante,B/E_visitante,TO_visitante,FC_visitante,T/FC_visitante,ET_visitante,VI_visitante,EF_visitante
74,86,2021-04-08,9,2,2020-2021,VipTech CMB,Corinthians,0,75.0,25.533333333333335,39.467333333333336,10.001333333333333,36.465333333333334,11.355333333333332,25.109999999999996,16.466666666666665,12.644000000000002,1.3466666666666671,8.511333333333333,27.067333333333337,31.382,19.732666666666667,40.733333333333334,48.56733333333333,10.001333333333333,16.733333333333334,58.83,0.8893333333333333,6.334,0.5333333333333332,1.3106666666666664,20.289333333333335,0.06466666666666666,12.644000000000002,1.824,76.64399999999999,84.66599999999998,36.2,35.066,13.4,37.400666666666666,10.266000000000002,27.132666666666662,18.133333333333333,12.93266666666667,1.4780000000000002,12.066666666666666,29.59933333333333,40.70466666666666,17.534000000000002,36.00066666666667,48.85133333333335,13.4,17.40066666666667,78.27199999999999,1.1993333333333334,6.666666666666667,0.5393333333333333,1.9326666666666663,19.266,0.10333333333333335,12.93266666666667,1.3333333333333333,95.86666666666666
