placar_casa,placar_visitante,data,round,stage,ano,equipe_casa,equipe_visitante,resultado,Pts_casa,3P_casa,2P_casa,LL_casa,RT_casa,RO_casa,RD_casa,AS_casa,ER_casa,IA%_casa,3PC_casa,3PT_casa,3P%_casa,2PC_casa,2PT_casa,2P%_casa,LLC_casa,LLT_casa,LL%_casa,EN_casa,BR_casa,B/E_casa,TO_casa,FC_casa,T/FC_casa,ET_casa,VI_casa,EF_casa,Pts_visitante,3P_visitante,2P_visitante,LL_visitante,RT_visitante,RO_visitante,RD_visitante,AS_visitante,ER_visitante,IA%_visitante,3PC_visitante,3PT_visitante,3P%_visitante,2PC_visitante,2PT_visitante,2P%_visitante,LLC_visitante,LLT_visitante,LL%_visitante,EN_visitante,BR_visitante,B/E_visitante,TO_visitante,FC_visitante,T/FC_visitante,ET_visitante,VI_visitante,EF_visitante
89,79,2021-04-03,8,2,2020-2021,BRB/Brasília,VipTech CMB,1,75.03466666666667,26.2,35.79866666666666,13.032000000000004,36.33266666666667,9.734,26.600666666666665,15.367333333333333,15.466666666666667,1.0433333333333332,8.732666666666667,28.09933333333333,31.087999999999997,17.901333333333337,35.734666666666676,50.031333333333336,13.032000000000004,17.7,73.84533333333334,0.634,6.366,0.4233333333333334,1.032,18.567333333333334,0.05800000000000002,15.466666666666667,2.266666666666666,76.8,76.778,26.266666666666666,40.845333333333336,9.668000000000001,36.932,12.088,24.843999999999998,17.666666666666668,12.111333333333334,1.4926666666666668,8.756,27.134000000000004,32.13133333333334,20.42133333333333,41.978,48.54066666666667,9.668000000000001,16.266666666666666,58.508,1.1333333333333333,6.956,0.5986666666666667,1.1113333333333335,19.978,0.055333333333333325,12.111333333333334,1.8013333333333335,80.8
