placar_casa,placar_visitante,data,round,stage,ano,equipe_casa,equipe_visitante,resultado,Pts_casa,3P_casa,2P_casa,LL_casa,RT_casa,RO_casa,RD_casa,AS_casa,ER_casa,IA%_casa,3PC_casa,3PT_casa,3P%_casa,2PC_casa,2PT_casa,2P%_casa,LLC_casa,LLT_casa,LL%_casa,EN_casa,BR_casa,B/E_casa,TO_casa,FC_casa,T/FC_casa,ET_casa,VI_casa,EF_casa,Pts_visitante,3P_visitante,2P_visitante,LL_visitante,RT_visitante,RO_visitante,RD_visitante,AS_visitante,ER_visitante,IA%_visitante,3PC_visitante,3PT_visitante,3P%_visitante,2PC_visitante,2PT_visitante,2P%_visitante,LLC_visitante,LLT_visitante,LL%_visitante,EN_visitante,BR_visitante,B/E_visitante,TO_visitante,FC_visitante,T/FC_visitante,ET_visitante,VI_visitante,EF_visitante
86,81,2023-11-20,6,1,2023-2024,Mogi,Botafogo,1,69.0,27.5,30.0,11.5,29.333333333333332,7.666666666666667,21.666666666666668,16.333333333333332,15.0,1.09,9.166666666666666,26.5,35.11333333333334,15.0,29.0,51.903333333333336,11.5,16.166666666666668,70.44333333333333,0.3333333333333333,5.166666666666667,0.34,1.8333333333333333,23.5,0.07666666666666666,15.0,2.6666666666666665,70.66666666666667,73.88888888888889,24.666666666666668,37.333333333333336,11.88888888888889,36.0,11.0,25.0,15.777777777777779,14.555555555555555,1.1833333333333333,8.222222222222221,29.555555555555557,27.142222222222227,18.666666666666668,35.0,53.23222222222223,11.88888888888889,17.77777777777778,67.42666666666666,0.4444444444444444,7.222222222222222,0.5488888888888889,1.8888888888888888,21.0,0.09111111111111111,14.555555555555555,4.111111111111111,76.66666666666667
