placar_casa,placar_visitante,data,round,stage,ano,equipe_casa,equipe_visitante,resultado,Pts_casa,3P_casa,2P_casa,LL_casa,RT_casa,RO_casa,RD_casa,AS_casa,ER_casa,IA%_casa,3PC_casa,3PT_casa,3P%_casa,2PC_casa,2PT_casa,2P%_casa,LLC_casa,LLT_casa,LL%_casa,EN_casa,BR_casa,B/E_casa,TO_casa,FC_casa,T/FC_casa,ET_casa,VI_casa,EF_casa,Pts_visitante,3P_visitante,2P_visitante,LL_visitante,RT_visitante,RO_visitante,RD_visitante,AS_visitante,ER_visitante,IA%_visitante,3PC_visitante,3PT_visitante,3P%_visitante,2PC_visitante,2PT_visitante,2P%_visitante,LLC_visitante,LLT_visitante,LL%_visitante,EN_visitante,BR_visitante,B/E_visitante,TO_visitante,FC_visitante,T/FC_visitante,ET_visitante,VI_visitante,EF_visitante
76,59,2019-11-12,5,1,2019-2020,Flamengo,Pato Basquete,1,86.66666666666667,30.0,42.0,14.666666666666666,35.5,8.833333333333334,26.666666666666668,19.166666666666668,10.333333333333334,1.9900000000000002,10.0,27.0,36.36333333333333,21.0,35.666666666666664,58.58666666666667,14.666666666666666,20.5,70.69,1.3333333333333333,5.166666666666667,0.48666666666666664,1.0,17.666666666666668,0.05666666666666667,10.333333333333334,0.6666666666666666,99.66666666666667,61.166666666666664,17.0,33.0,11.166666666666666,35.333333333333336,12.0,23.333333333333332,13.333333333333334,15.666666666666666,0.8583333333333333,5.666666666666667,24.833333333333332,22.821666666666662,16.5,38.166666666666664,43.68333333333334,11.166666666666666,17.0,67.22166666666666,1.6666666666666667,7.0,0.4566666666666667,1.8333333333333333,20.833333333333332,0.09166666666666666,15.666666666666666,4.0,56.166666666666664
