placar_casa,placar_visitante,data,round,stage,ano,equipe_casa,equipe_visitante,resultado,Pts_casa,3P_casa,2P_casa,LL_casa,RT_casa,RO_casa,RD_casa,AS_casa,ER_casa,IA%_casa,3PC_casa,3PT_casa,3P%_casa,2PC_casa,2PT_casa,2P%_casa,LLC_casa,LLT_casa,LL%_casa,EN_casa,BR_casa,B/E_casa,TO_casa,FC_casa,T/FC_casa,ET_casa,VI_casa,EF_casa,Pts_visitante,3P_visitante,2P_visitante,LL_visitante,RT_visitante,RO_visitante,RD_visitante,AS_visitante,ER_visitante,IA%_visitante,3PC_visitante,3PT_visitante,3P%_visitante,2PC_visitante,2PT_visitante,2P%_visitante,LLC_visitante,LLT_visitante,LL%_visitante,EN_visitante,BR_visitante,B/E_visitante,TO_visitante,FC_visitante,T/FC_visitante,ET_visitante,VI_visitante,EF_visitante
97,75,2023-12-28,11,1,2023-2024,Sesi Franca,Bauru Basket,1,85.40066666666667,28.8,42.001333333333335,14.599333333333334,39.13333333333333,10.200666666666667,28.934666666666672,19.732666666666667,14.866666666666664,1.376,9.6,26.86533333333333,36.07066666666667,20.998666666666665,35.734,58.80066666666668,14.599333333333334,18.66533333333333,78.58999999999999,2.4,6.599333333333333,0.4560000000000002,2.9346666666666668,17.800666666666668,0.1766666666666667,14.866666666666664,3.2680000000000007,102.86533333333334,78.73266666666669,29.0,38.4,11.332666666666666,34.599333333333334,9.8,24.79933333333333,18.266666666666666,12.666666666666666,1.4746666666666668,9.667333333333334,27.467333333333336,34.72666666666667,19.2,37.132666666666665,51.940666666666665,11.332666666666666,14.8,75.19333333333331,1.8666666666666667,7.067333333333334,0.5746666666666665,1.4666666666666666,18.134000000000004,0.08066666666666666,12.666666666666666,2.9326666666666665,88.26600000000002
