placar_casa,placar_visitante,data,round,stage,ano,equipe_casa,equipe_visitante,resultado,Pts_casa,3P_casa,2P_casa,LL_casa,RT_casa,RO_casa,RD_casa,AS_casa,ER_casa,IA%_casa,3PC_casa,3PT_casa,3P%_casa,2PC_casa,2PT_casa,2P%_casa,LLC_casa,LLT_casa,LL%_casa,EN_casa,BR_casa,B/E_casa,TO_casa,FC_casa,T/FC_casa,ET_casa,VI_casa,EF_casa,Pts_visitante,3P_visitante,2P_visitante,LL_visitante,RT_visitante,RO_visitante,RD_visitante,AS_visitante,ER_visitante,IA%_visitante,3PC_visitante,3PT_visitante,3P%_visitante,2PC_visitante,2PT_visitante,2P%_visitante,LLC_visitante,LLT_visitante,LL%_visitante,EN_visitante,BR_visitante,B/E_visitante,TO_visitante,FC_visitante,T/FC_visitante,ET_visitante,VI_visitante,EF_visitante
81,62,2016-04-08,3,3,2015-2016,Rio Claro,Sesi Franca,1,74.8,25.8,36.0,13.0,35.93333333333333,10.133333333333333,25.8,15.6,16.4,1.0326666666666666,8.6,24.666666666666668,34.77266666666666,18.0,34.53333333333333,51.579333333333324,13.0,19.0,67.99000000000001,1.9333333333333333,10.0,0.6486666666666666,2.0,23.6,0.08733333333333333,16.4,3.6666666666666665,83.33333333333333,78.93333333333334,22.2,39.46666666666667,17.266666666666666,33.8,10.0,23.8,14.333333333333334,16.866666666666667,0.8786666666666666,7.4,21.0,35.93533333333333,19.733333333333334,38.13333333333333,52.314,17.266666666666666,22.733333333333334,75.7,1.4666666666666666,8.6,0.5259999999999999,2.533333333333333,20.666666666666668,0.126,16.866666666666667,3.7333333333333334,83.86666666666666
