placar_casa,placar_visitante,data,round,stage,ano,equipe_casa,equipe_visitante,resultado,Pts_casa,3P_casa,2P_casa,LL_casa,RT_casa,RO_casa,RD_casa,AS_casa,ER_casa,IA%_casa,3PC_casa,3PT_casa,3P%_casa,2PC_casa,2PT_casa,2P%_casa,LLC_casa,LLT_casa,LL%_casa,EN_casa,BR_casa,B/E_casa,TO_casa,FC_casa,T/FC_casa,ET_casa,VI_casa,EF_casa,Pts_visitante,3P_visitante,2P_visitante,LL_visitante,RT_visitante,RO_visitante,RD_visitante,AS_visitante,ER_visitante,IA%_visitante,3PC_visitante,3PT_visitante,3P%_visitante,2PC_visitante,2PT_visitante,2P%_visitante,LLC_visitante,LLT_visitante,LL%_visitante,EN_visitante,BR_visitante,B/E_visitante,TO_visitante,FC_visitante,T/FC_visitante,ET_visitante,VI_visitante,EF_visitante
83,84,2024-04-13,12,2,2023-2024,Cerrado,Fortaleza B. C. / CFO,0,76.4,26.066666666666666,37.733333333333334,12.6,38.37733333333334,12.089333333333332,26.289333333333335,14.8,13.310666666666668,1.1613333333333329,8.689333333333334,25.533333333333335,34.261999999999986,18.866666666666667,38.733333333333334,49.31866666666667,12.6,17.910666666666664,68.70666666666666,0.956,7.133333333333334,0.5453333333333333,1.8226666666666669,18.622666666666667,0.10200000000000002,13.310666666666668,2.977333333333333,83.2,80.23333333333333,22.9,42.333333333333336,15.0,36.46666666666667,7.9,28.566666666666666,16.033333333333335,15.1,1.1700000000000002,7.633333333333334,22.266666666666666,33.24133333333334,21.166666666666668,36.5,57.89066666666667,15.0,20.233333333333334,74.74199999999999,1.8333333333333333,6.233333333333333,0.428,1.8333333333333333,19.333333333333332,0.09600000000000002,15.1,2.7666666666666666,90.5
