placar_casa,placar_visitante,data,round,stage,ano,equipe_casa,equipe_visitante,resultado,Pts_casa,3P_casa,2P_casa,LL_casa,RT_casa,RO_casa,RD_casa,AS_casa,ER_casa,IA%_casa,3PC_casa,3PT_casa,3P%_casa,2PC_casa,2PT_casa,2P%_casa,LLC_casa,LLT_casa,LL%_casa,EN_casa,BR_casa,B/E_casa,TO_casa,FC_casa,T/FC_casa,ET_casa,VI_casa,EF_casa,Pts_visitante,3P_visitante,2P_visitante,LL_visitante,RT_visitante,RO_visitante,RD_visitante,AS_visitante,ER_visitante,IA%_visitante,3PC_visitante,3PT_visitante,3P%_visitante,2PC_visitante,2PT_visitante,2P%_visitante,LLC_visitante,LLT_visitante,LL%_visitante,EN_visitante,BR_visitante,B/E_visitante,TO_visitante,FC_visitante,T/FC_visitante,ET_visitante,VI_visitante,EF_visitante
91,85,2022-01-10,12,1,2021-2022,Rio Claro,São Paulo,1,72.15384615384616,22.384615384615383,36.46153846153846,13.307692307692308,34.46153846153846,9.923076923076923,24.53846153846154,15.76923076923077,11.692307692307692,1.3984615384615384,7.461538461538462,25.615384615384617,29.522307692307685,18.23076923076923,37.53846153846154,48.623846153846166,13.307692307692308,18.384615384615383,71.86692307692307,1.5384615384615385,7.846153846153846,0.6923076923076923,1.5384615384615385,22.384615384615383,0.06769230769230769,11.692307692307692,2.3076923076923075,77.53846153846153,79.71428571428571,27.857142857142858,40.57142857142857,11.285714285714286,33.357142857142854,5.928571428571429,27.428571428571427,18.642857142857142,11.785714285714286,1.6807142857142858,9.285714285714286,28.0,32.85928571428571,20.285714285714285,33.714285714285715,60.31999999999998,11.285714285714286,15.642857142857142,71.52214285714285,1.7857142857142858,7.571428571428571,0.6492857142857142,2.5714285714285716,17.142857142857142,0.15071428571428572,11.785714285714286,1.8571428571428572,93.57142857142857
