placar_casa,placar_visitante,data,round,stage,ano,equipe_casa,equipe_visitante,resultado,Pts_casa,3P_casa,2P_casa,LL_casa,RT_casa,RO_casa,RD_casa,AS_casa,ER_casa,IA%_casa,3PC_casa,3PT_casa,3P%_casa,2PC_casa,2PT_casa,2P%_casa,LLC_casa,LLT_casa,LL%_casa,EN_casa,BR_casa,B/E_casa,TO_casa,FC_casa,T/FC_casa,ET_casa,VI_casa,EF_casa,Pts_visitante,3P_visitante,2P_visitante,LL_visitante,RT_visitante,RO_visitante,RD_visitante,AS_visitante,ER_visitante,IA%_visitante,3PC_visitante,3PT_visitante,3P%_visitante,2PC_visitante,2PT_visitante,2P%_visitante,LLC_visitante,LLT_visitante,LL%_visitante,EN_visitante,BR_visitante,B/E_visitante,TO_visitante,FC_visitante,T/FC_visitante,ET_visitante,VI_visitante,EF_visitante
84,90,2017-03-22,27,1,2016-2017,Vitória,Macaé Basquete,0,76.6,21.6,38.0,17.0,36.0,8.8,27.2,17.333333333333332,14.8,1.2693333333333332,7.2,22.266666666666666,33.08866666666667,19.0,38.93333333333333,48.82333333333333,17.0,22.933333333333334,72.44266666666668,1.4666666666666666,8.2,0.592,1.4,22.0,0.06466666666666666,14.8,3.2666666666666666,83.8,73.13333333333334,19.8,37.46666666666667,15.866666666666667,32.86666666666667,9.066666666666666,23.8,16.0,14.933333333333334,1.1013333333333333,6.6,21.266666666666666,31.599333333333334,18.733333333333334,36.733333333333334,51.244,15.866666666666667,19.933333333333334,80.42333333333335,0.6666666666666666,6.133333333333334,0.424,1.9333333333333333,22.666666666666668,0.09533333333333334,14.933333333333334,3.466666666666667,78.4
