placar_casa,placar_visitante,data,round,stage,ano,equipe_casa,equipe_visitante,resultado,Pts_casa,3P_casa,2P_casa,LL_casa,RT_casa,RO_casa,RD_casa,AS_casa,ER_casa,IA%_casa,3PC_casa,3PT_casa,3P%_casa,2PC_casa,2PT_casa,2P%_casa,LLC_casa,LLT_casa,LL%_casa,EN_casa,BR_casa,B/E_casa,TO_casa,FC_casa,T/FC_casa,ET_casa,VI_casa,EF_casa,Pts_visitante,3P_visitante,2P_visitante,LL_visitante,RT_visitante,RO_visitante,RD_visitante,AS_visitante,ER_visitante,IA%_visitante,3PC_visitante,3PT_visitante,3P%_visitante,2PC_visitante,2PT_visitante,2P%_visitante,LLC_visitante,LLT_visitante,LL%_visitante,EN_visitante,BR_visitante,B/E_visitante,TO_visitante,FC_visitante,T/FC_visitante,ET_visitante,VI_visitante,EF_visitante
83,69,2014-04-15,4,3,2013-2014,Palmeiras,Coop/São José Basketball,1,79.46666666666667,23.6,41.333333333333336,14.533333333333333,36.0,10.733333333333333,25.266666666666666,14.933333333333334,14.666666666666666,1.1,7.866666666666666,20.333333333333332,38.916666666666664,20.666666666666668,43.333333333333336,48.04933333333334,14.533333333333333,20.2,71.09066666666668,1.8,12.466666666666667,0.9086666666666667,2.2,20.2,0.11000000000000001,14.666666666666666,2.066666666666667,89.6,81.06666666666666,24.0,41.2,15.866666666666667,35.46666666666667,9.2,26.266666666666666,18.2,14.866666666666667,1.2686666666666666,8.0,24.0,33.192,20.6,37.8,54.446000000000005,15.866666666666667,20.066666666666666,77.65200000000002,0.6,9.733333333333333,0.6699999999999999,2.3333333333333335,18.866666666666667,0.126,14.866666666666667,2.6,94.53333333333333
