placar_casa,placar_visitante,data,round,stage,ano,equipe_casa,equipe_visitante,resultado,Pts_casa,3P_casa,2P_casa,LL_casa,RT_casa,RO_casa,RD_casa,AS_casa,ER_casa,IA%_casa,3PC_casa,3PT_casa,3P%_casa,2PC_casa,2PT_casa,2P%_casa,LLC_casa,LLT_casa,LL%_casa,EN_casa,BR_casa,B/E_casa,TO_casa,FC_casa,T/FC_casa,ET_casa,VI_casa,EF_casa,Pts_visitante,3P_visitante,2P_visitante,LL_visitante,RT_visitante,RO_visitante,RD_visitante,AS_visitante,ER_visitante,IA%_visitante,3PC_visitante,3PT_visitante,3P%_visitante,2PC_visitante,2PT_visitante,2P%_visitante,LLC_visitante,LLT_visitante,LL%_visitante,EN_visitante,BR_visitante,B/E_visitante,TO_visitante,FC_visitante,T/FC_visitante,ET_visitante,VI_visitante,EF_visitante
78,81,2011-12-10,8,1,2011-2012,Espírito Santo,Paulistano,0,62.666666666666664,21.5,27.666666666666668,13.5,27.5,8.666666666666666,18.833333333333332,7.166666666666667,17.0,0.455,7.166666666666667,21.166666666666668,32.373333333333335,13.833333333333334,34.666666666666664,40.473333333333336,13.5,17.833333333333332,75.80666666666666,0.3333333333333333,7.833333333333333,0.46666666666666673,1.5,20.166666666666668,0.07666666666666666,17.0,3.3333333333333335,50.5,85.33333333333333,17.5,52.333333333333336,15.5,31.333333333333332,8.333333333333334,23.0,11.333333333333334,15.166666666666666,0.8899999999999998,5.833333333333333,17.666666666666668,32.695,26.166666666666668,43.333333333333336,60.5,15.5,19.166666666666668,80.24833333333332,1.5,7.0,0.5516666666666666,2.5,22.833333333333332,0.11,15.166666666666666,3.1666666666666665,89.66666666666667
