placar_casa,placar_visitante,data,round,stage,ano,equipe_casa,equipe_visitante,resultado,Pts_casa,3P_casa,2P_casa,LL_casa,RT_casa,RO_casa,RD_casa,AS_casa,ER_casa,IA%_casa,3PC_casa,3PT_casa,3P%_casa,2PC_casa,2PT_casa,2P%_casa,LLC_casa,LLT_casa,LL%_casa,EN_casa,BR_casa,B/E_casa,TO_casa,FC_casa,T/FC_casa,ET_casa,VI_casa,EF_casa,Pts_visitante,3P_visitante,2P_visitante,LL_visitante,RT_visitante,RO_visitante,RD_visitante,AS_visitante,ER_visitante,IA%_visitante,3PC_visitante,3PT_visitante,3P%_visitante,2PC_visitante,2PT_visitante,2P%_visitante,LLC_visitante,LLT_visitante,LL%_visitante,EN_visitante,BR_visitante,B/E_visitante,TO_visitante,FC_visitante,T/FC_visitante,ET_visitante,VI_visitante,EF_visitante
99,80,2012-12-01,4,1,2012-2013,Joinville,Espírito Santo,1,77.0,64.0,42.666666666666664,16.333333333333332,31.0,9.333333333333334,21.666666666666668,12.0,19.0,0.64,6.0,20.333333333333332,29.75,21.333333333333332,45.0,47.20333333333334,16.333333333333332,23.666666666666668,71.12333333333333,1.0,10.333333333333334,0.5633333333333334,1.6666666666666667,25.333333333333332,0.07,19.0,4.333333333333333,79.33333333333333,68.66666666666667,52.0,34.666666666666664,12.0,26.666666666666668,7.333333333333333,19.333333333333332,12.666666666666666,16.0,0.7766666666666667,7.333333333333333,22.0,31.58666666666667,17.333333333333332,39.0,44.85999999999999,12.0,16.333333333333332,71.21,0.6666666666666666,7.666666666666667,0.48666666666666664,2.0,18.333333333333332,0.11666666666666665,16.0,4.666666666666667,70.0
