placar_casa,placar_visitante,data,round,stage,ano,equipe_casa,equipe_visitante,resultado,Pts_casa,3P_casa,2P_casa,LL_casa,RT_casa,RO_casa,RD_casa,AS_casa,ER_casa,IA%_casa,3PC_casa,3PT_casa,3P%_casa,2PC_casa,2PT_casa,2P%_casa,LLC_casa,LLT_casa,LL%_casa,EN_casa,BR_casa,B/E_casa,TO_casa,FC_casa,T/FC_casa,ET_casa,VI_casa,EF_casa,Pts_visitante,3P_visitante,2P_visitante,LL_visitante,RT_visitante,RO_visitante,RD_visitante,AS_visitante,ER_visitante,IA%_visitante,3PC_visitante,3PT_visitante,3P%_visitante,2PC_visitante,2PT_visitante,2P%_visitante,LLC_visitante,LLT_visitante,LL%_visitante,EN_visitante,BR_visitante,B/E_visitante,TO_visitante,FC_visitante,T/FC_visitante,ET_visitante,VI_visitante,EF_visitante
81,61,2023-04-10,10,2,2022-2023,Bauru Basket,União Corinthians,1,77.13333333333334,30.0,35.066,12.065333333333333,33.33466666666667,7.465999999999999,25.866666666666664,17.733999999999998,11.534666666666668,1.5713333333333332,9.999333333333334,28.2,35.11866666666666,17.534,32.00066666666667,54.587333333333326,12.065333333333333,15.532666666666664,75.43933333333332,1.6680000000000001,6.799333333333333,0.5866666666666667,1.7319999999999998,18.798666666666666,0.09933333333333337,11.534666666666668,2.199333333333333,89.066,80.76733333333335,34.0,33.068000000000005,13.701333333333336,37.13533333333334,8.966000000000001,28.167333333333332,17.301333333333332,12.101333333333335,1.506,11.334,33.968,33.244,16.532000000000004,32.866,50.068,13.701333333333336,18.499999999999996,72.81933333333333,1.3666666666666667,7.5680000000000005,0.6613333333333332,2.7986666666666666,20.26666666666667,0.14333333333333334,12.101333333333335,2.0653333333333332,89.69866666666667
