placar_casa,placar_visitante,data,round,stage,ano,equipe_casa,equipe_visitante,resultado,Pts_casa,3P_casa,2P_casa,LL_casa,RT_casa,RO_casa,RD_casa,AS_casa,ER_casa,IA%_casa,3PC_casa,3PT_casa,3P%_casa,2PC_casa,2PT_casa,2P%_casa,LLC_casa,LLT_casa,LL%_casa,EN_casa,BR_casa,B/E_casa,TO_casa,FC_casa,T/FC_casa,ET_casa,VI_casa,EF_casa,Pts_visitante,3P_visitante,2P_visitante,LL_visitante,RT_visitante,RO_visitante,RD_visitante,AS_visitante,ER_visitante,IA%_visitante,3PC_visitante,3PT_visitante,3P%_visitante,2PC_visitante,2PT_visitante,2P%_visitante,LLC_visitante,LLT_visitante,LL%_visitante,EN_visitante,BR_visitante,B/E_visitante,TO_visitante,FC_visitante,T/FC_visitante,ET_visitante,VI_visitante,EF_visitante
71,66,2022-12-21,10,1,2022-2023,UNIFACISA,União Corinthians,1,76.92307692307692,29.192307692307693,35.53846153846154,12.192307692307692,34.80769230769231,9.5,25.307692307692307,14.461538461538462,13.5,1.1015384615384614,9.73076923076923,26.923076923076923,35.98076923076923,17.76923076923077,35.30769230769231,50.21,12.192307692307692,16.423076923076923,74.55384615384617,1.0384615384615385,6.384615384615385,0.47769230769230775,0.9230769230769231,20.26923076923077,0.04615384615384616,13.5,2.8076923076923075,81.03846153846153,77.07846153846153,35.76923076923077,31.153846153846157,10.153076923076924,33.38384615384615,9.578461538461537,23.807692307692314,18.693076923076926,12.883846153846154,1.5230769230769232,11.92153846153846,33.57846153846154,36.09923076923077,15.576923076923078,32.61538461538462,47.83,10.153076923076924,13.153846153846153,77.51692307692309,1.9607692307692308,7.037692307692307,0.5507692307692309,1.9615384615384615,19.960769230769227,0.09846153846153848,12.883846153846154,2.423076923076923,83.57692307692308
