placar_casa,placar_visitante,data,round,stage,ano,equipe_casa,equipe_visitante,resultado,Pts_casa,3P_casa,2P_casa,LL_casa,RT_casa,RO_casa,RD_casa,AS_casa,ER_casa,IA%_casa,3PC_casa,3PT_casa,3P%_casa,2PC_casa,2PT_casa,2P%_casa,LLC_casa,LLT_casa,LL%_casa,EN_casa,BR_casa,B/E_casa,TO_casa,FC_casa,T/FC_casa,ET_casa,VI_casa,EF_casa,Pts_visitante,3P_visitante,2P_visitante,LL_visitante,RT_visitante,RO_visitante,RD_visitante,AS_visitante,ER_visitante,IA%_visitante,3PC_visitante,3PT_visitante,3P%_visitante,2PC_visitante,2PT_visitante,2P%_visitante,LLC_visitante,LLT_visitante,LL%_visitante,EN_visitante,BR_visitante,B/E_visitante,TO_visitante,FC_visitante,T/FC_visitante,ET_visitante,VI_visitante,EF_visitante
72,82,2021-12-11,7,1,2021-2022,BRB/Brasília,Cerrado,0,67.03090909090908,18.454545454545453,33.940000000000005,14.636363636363637,41.84909090909091,10.514545454545454,31.33272727272727,12.87818181818182,15.454545454545455,0.8863636363636362,6.15090909090909,22.0,27.925454545454542,16.969090909090905,38.0,45.197272727272725,14.636363636363637,20.696363636363632,71.35454545454546,0.9690909090909091,3.605454545454545,0.24818181818181817,3.030909090909091,17.514545454545452,0.17272727272727276,15.454545454545455,2.303636363636364,70.0,80.3,26.7,41.6,12.0,44.0,14.0,30.0,16.0,14.4,1.2189999999999999,8.9,30.1,30.102999999999998,20.8,41.3,50.443000000000005,12.0,17.55,68.524,2.1,6.9,0.5,2.65,18.75,0.144,14.4,2.95,88.2
