placar_casa,placar_visitante,data,round,stage,ano,equipe_casa,equipe_visitante,resultado,Pts_casa,3P_casa,2P_casa,LL_casa,RT_casa,RO_casa,RD_casa,AS_casa,ER_casa,IA%_casa,3PC_casa,3PT_casa,3P%_casa,2PC_casa,2PT_casa,2P%_casa,LLC_casa,LLT_casa,LL%_casa,EN_casa,BR_casa,B/E_casa,TO_casa,FC_casa,T/FC_casa,ET_casa,VI_casa,EF_casa,Pts_visitante,3P_visitante,2P_visitante,LL_visitante,RT_visitante,RO_visitante,RD_visitante,AS_visitante,ER_visitante,IA%_visitante,3PC_visitante,3PT_visitante,3P%_visitante,2PC_visitante,2PT_visitante,2P%_visitante,LLC_visitante,LLT_visitante,LL%_visitante,EN_visitante,BR_visitante,B/E_visitante,TO_visitante,FC_visitante,T/FC_visitante,ET_visitante,VI_visitante,EF_visitante
68,75,2019-02-28,8,2,2018-2019,Bauru Basket,Pinheiros,0,76.86733333333333,26.2,34.266666666666666,16.400666666666666,36.599333333333334,8.934,27.667333333333332,16.466,13.599333333333334,1.2766666666666666,8.733333333333333,25.466,34.425333333333334,17.133333333333333,34.26733333333333,49.73600000000001,16.400666666666666,22.332666666666668,73.93466666666667,0.8673333333333333,6.267333333333332,0.48466666666666663,2.2,22.13266666666667,0.09666666666666668,13.599333333333334,2.6666666666666665,84.8,81.8,32.6,34.666666666666664,14.533333333333333,36.8,11.666666666666666,25.133333333333333,15.2,12.666666666666666,1.3553333333333335,10.866666666666667,29.066666666666666,37.708666666666666,17.333333333333332,35.53333333333333,48.77733333333334,14.533333333333333,20.133333333333333,73.23333333333333,1.0,7.466666666666667,0.6640000000000001,1.6,19.6,0.08466666666666667,12.666666666666666,2.6,88.13333333333334
