placar_casa,placar_visitante,data,round,stage,ano,equipe_casa,equipe_visitante,resultado,Pts_casa,3P_casa,2P_casa,LL_casa,RT_casa,RO_casa,RD_casa,AS_casa,ER_casa,IA%_casa,3PC_casa,3PT_casa,3P%_casa,2PC_casa,2PT_casa,2P%_casa,LLC_casa,LLT_casa,LL%_casa,EN_casa,BR_casa,B/E_casa,TO_casa,FC_casa,T/FC_casa,ET_casa,VI_casa,EF_casa,Pts_visitante,3P_visitante,2P_visitante,LL_visitante,RT_visitante,RO_visitante,RD_visitante,AS_visitante,ER_visitante,IA%_visitante,3PC_visitante,3PT_visitante,3P%_visitante,2PC_visitante,2PT_visitante,2P%_visitante,LLC_visitante,LLT_visitante,LL%_visitante,EN_visitante,BR_visitante,B/E_visitante,TO_visitante,FC_visitante,T/FC_visitante,ET_visitante,VI_visitante,EF_visitante
74,60,2022-03-27,8,2,2021-2022,UNIFACISA,Flamengo,1,79.8,32.3,36.0,11.5,37.1,9.1,28.0,14.666666666666666,12.633333333333333,1.2606666666666664,10.766666666666667,29.133333333333333,35.84,18.0,34.6,52.523333333333326,11.5,15.166666666666666,76.36733333333333,1.4666666666666666,8.2,0.7266666666666666,2.0,19.633333333333333,0.10333333333333335,12.633333333333333,2.2333333333333334,90.5,88.57733333333333,41.86666666666667,34.57733333333333,12.133333333333333,41.53333333333333,10.577333333333335,30.956000000000003,20.6,12.866666666666667,1.7346666666666668,13.955999999999998,36.510666666666665,38.43933333333333,17.28933333333333,29.622666666666667,58.428666666666665,12.133333333333333,15.866666666666667,76.43133333333334,1.622666666666667,5.666666666666667,0.47066666666666673,3.156,15.489333333333336,0.20600000000000004,12.866666666666667,1.8226666666666669,108.044
