placar_casa,placar_visitante,data,round,stage,ano,equipe_casa,equipe_visitante,resultado,Pts_casa,3P_casa,2P_casa,LL_casa,RT_casa,RO_casa,RD_casa,AS_casa,ER_casa,IA%_casa,3PC_casa,3PT_casa,3P%_casa,2PC_casa,2PT_casa,2P%_casa,LLC_casa,LLT_casa,LL%_casa,EN_casa,BR_casa,B/E_casa,TO_casa,FC_casa,T/FC_casa,ET_casa,VI_casa,EF_casa,Pts_visitante,3P_visitante,2P_visitante,LL_visitante,RT_visitante,RO_visitante,RD_visitante,AS_visitante,ER_visitante,IA%_visitante,3PC_visitante,3PT_visitante,3P%_visitante,2PC_visitante,2PT_visitante,2P%_visitante,LLC_visitante,LLT_visitante,LL%_visitante,EN_visitante,BR_visitante,B/E_visitante,TO_visitante,FC_visitante,T/FC_visitante,ET_visitante,VI_visitante,EF_visitante
94,97,2009-05-08,14,2,2008-2009,Coop/São José Basketball,Pinheiros,0,74.66666666666667,20.8,39.2,14.666666666666666,31.666666666666668,10.666666666666666,21.0,11.6,14.4,0.886,6.933333333333334,23.0,30.06333333333333,19.6,38.2,52.27466666666667,14.666666666666666,20.933333333333334,70.08466666666668,0.9333333333333333,6.6,0.4826666666666667,2.0,22.933333333333334,0.09866666666666668,14.4,0.0,71.2,87.8,26.4,44.0,17.4,32.2,9.066666666666666,23.133333333333333,16.133333333333333,13.066666666666666,1.3159999999999998,8.8,23.533333333333335,38.18066666666667,22.0,38.2,57.691333333333326,17.4,23.0,75.44333333333333,3.466666666666667,8.866666666666667,0.6993333333333334,2.066666666666667,17.2,0.11933333333333333,13.066666666666666,0.0,97.46666666666667
