placar_casa,placar_visitante,data,round,stage,ano,equipe_casa,equipe_visitante,resultado,Pts_casa,3P_casa,2P_casa,LL_casa,RT_casa,RO_casa,RD_casa,AS_casa,ER_casa,IA%_casa,3PC_casa,3PT_casa,3P%_casa,2PC_casa,2PT_casa,2P%_casa,LLC_casa,LLT_casa,LL%_casa,EN_casa,BR_casa,B/E_casa,TO_casa,FC_casa,T/FC_casa,ET_casa,VI_casa,EF_casa,Pts_visitante,3P_visitante,2P_visitante,LL_visitante,RT_visitante,RO_visitante,RD_visitante,AS_visitante,ER_visitante,IA%_visitante,3PC_visitante,3PT_visitante,3P%_visitante,2PC_visitante,2PT_visitante,2P%_visitante,LLC_visitante,LLT_visitante,LL%_visitante,EN_visitante,BR_visitante,B/E_visitante,TO_visitante,FC_visitante,T/FC_visitante,ET_visitante,VI_visitante,EF_visitante
84,92,2022-04-30,2,4,2021-2022,Pinheiros,Sesi Franca,0,82.53266666666669,29.8,41.06666666666667,11.666,40.066,13.266666666666667,26.79933333333333,16.865999999999996,12.8,1.3566666666666665,9.932666666666668,28.332666666666665,35.54466666666667,20.533333333333335,40.8,50.59133333333333,11.666,15.999333333333336,72.00933333333334,2.066,6.732666666666666,0.5413333333333334,2.4,16.40066666666667,0.14333333333333334,12.8,2.600666666666667,92.79933333333334,88.0,29.2,44.13333333333333,14.666666666666666,38.266666666666666,9.8,28.466666666666665,17.133333333333333,9.533333333333333,1.9980000000000002,9.733333333333333,28.733333333333334,33.64666666666667,22.066666666666666,37.86666666666667,59.251999999999995,14.666666666666666,18.666666666666668,78.68533333333335,3.2666666666666666,5.533333333333333,0.6453333333333334,2.0,17.533333333333335,0.12133333333333333,9.533333333333333,1.5333333333333334,102.6
