placar_casa,placar_visitante,data,round,stage,ano,equipe_casa,equipe_visitante,resultado,Pts_casa,3P_casa,2P_casa,LL_casa,RT_casa,RO_casa,RD_casa,AS_casa,ER_casa,IA%_casa,3PC_casa,3PT_casa,3P%_casa,2PC_casa,2PT_casa,2P%_casa,LLC_casa,LLT_casa,LL%_casa,EN_casa,BR_casa,B/E_casa,TO_casa,FC_casa,T/FC_casa,ET_casa,VI_casa,EF_casa,Pts_visitante,3P_visitante,2P_visitante,LL_visitante,RT_visitante,RO_visitante,RD_visitante,AS_visitante,ER_visitante,IA%_visitante,3PC_visitante,3PT_visitante,3P%_visitante,2PC_visitante,2PT_visitante,2P%_visitante,LLC_visitante,LLT_visitante,LL%_visitante,EN_visitante,BR_visitante,B/E_visitante,TO_visitante,FC_visitante,T/FC_visitante,ET_visitante,VI_visitante,EF_visitante
60,75,2021-12-23,9,1,2021-2022,Paulistano,São Paulo,0,76.16666666666667,26.5,37.833333333333336,11.833333333333334,38.833333333333336,11.416666666666666,27.416666666666668,15.25,13.166666666666666,1.2166666666666666,8.833333333333334,27.5,31.9725,18.916666666666668,39.916666666666664,47.6275,11.833333333333334,16.666666666666668,70.90083333333332,1.1666666666666667,7.583333333333333,0.5833333333333333,2.4166666666666665,19.833333333333332,0.12416666666666665,13.166666666666666,3.5833333333333335,82.58333333333333,78.45454545454545,25.90909090909091,42.90909090909091,9.636363636363637,32.27272727272727,5.545454545454546,26.727272727272727,18.636363636363637,12.454545454545455,1.5936363636363637,8.636363636363637,26.636363636363637,32.20727272727272,21.454545454545453,35.0,61.64909090909089,9.636363636363637,14.0,68.97363636363637,1.9090909090909092,7.636363636363637,0.6136363636363634,2.3636363636363638,16.09090909090909,0.14545454545454545,12.454545454545455,2.0,91.0
