placar_casa,placar_visitante,data,round,stage,ano,equipe_casa,equipe_visitante,resultado,Pts_casa,3P_casa,2P_casa,LL_casa,RT_casa,RO_casa,RD_casa,AS_casa,ER_casa,IA%_casa,3PC_casa,3PT_casa,3P%_casa,2PC_casa,2PT_casa,2P%_casa,LLC_casa,LLT_casa,LL%_casa,EN_casa,BR_casa,B/E_casa,TO_casa,FC_casa,T/FC_casa,ET_casa,VI_casa,EF_casa,Pts_visitante,3P_visitante,2P_visitante,LL_visitante,RT_visitante,RO_visitante,RD_visitante,AS_visitante,ER_visitante,IA%_visitante,3PC_visitante,3PT_visitante,3P%_visitante,2PC_visitante,2PT_visitante,2P%_visitante,LLC_visitante,LLT_visitante,LL%_visitante,EN_visitante,BR_visitante,B/E_visitante,TO_visitante,FC_visitante,T/FC_visitante,ET_visitante,VI_visitante,EF_visitante
75,76,2024-12-27,1,2,2024-2025,União Corinthians,UNIFACISA,0,78.734,21.2,41.86666666666667,15.667333333333334,38.134,12.932666666666668,25.199333333333332,17.667333333333332,13.6,1.407333333333333,7.066666666666666,22.799333333333333,30.924,20.933333333333334,42.266666666666666,49.688,15.667333333333334,21.932666666666666,71.28466666666667,1.5993333333333335,7.733333333333333,0.5913333333333334,1.6666666666666667,23.932666666666666,0.07466666666666669,13.6,2.933333333333333,87.0,75.2,28.4,34.79933333333334,12.000666666666664,38.666666666666664,11.4,27.266666666666666,14.534000000000002,12.267333333333331,1.2526666666666664,9.467333333333332,29.534000000000002,32.013333333333335,17.40066666666667,35.599333333333334,49.18133333333333,12.000666666666664,15.93266666666667,74.49133333333333,1.4666666666666666,7.333333333333333,0.6326666666666666,1.999333333333333,19.667333333333335,0.10733333333333335,12.267333333333331,2.2666666666666666,83.26666666666667
