placar_casa,placar_visitante,data,round,stage,ano,equipe_casa,equipe_visitante,resultado,Pts_casa,3P_casa,2P_casa,LL_casa,RT_casa,RO_casa,RD_casa,AS_casa,ER_casa,IA%_casa,3PC_casa,3PT_casa,3P%_casa,2PC_casa,2PT_casa,2P%_casa,LLC_casa,LLT_casa,LL%_casa,EN_casa,BR_casa,B/E_casa,TO_casa,FC_casa,T/FC_casa,ET_casa,VI_casa,EF_casa,Pts_visitante,3P_visitante,2P_visitante,LL_visitante,RT_visitante,RO_visitante,RD_visitante,AS_visitante,ER_visitante,IA%_visitante,3PC_visitante,3PT_visitante,3P%_visitante,2PC_visitante,2PT_visitante,2P%_visitante,LLC_visitante,LLT_visitante,LL%_visitante,EN_visitante,BR_visitante,B/E_visitante,TO_visitante,FC_visitante,T/FC_visitante,ET_visitante,VI_visitante,EF_visitante
76,73,2013-01-17,15,1,2012-2013,Paulistano,Bauru Basket,1,79.3076923076923,66.23076923076923,44.15384615384615,14.615384615384615,36.46153846153846,13.076923076923077,23.384615384615383,13.846153846153847,14.846153846153847,0.9661538461538461,6.846153846153846,19.692307692307693,36.1,22.076923076923077,45.23076923076923,49.07307692307692,14.615384615384615,22.307692307692307,64.89461538461539,3.076923076923077,6.6923076923076925,0.45999999999999996,2.230769230769231,22.307692307692307,0.10461538461538462,14.846153846153847,2.6153846153846154,90.3076923076923,83.58333333333333,64.25,42.833333333333336,14.75,33.083333333333336,10.0,23.083333333333332,14.916666666666666,12.666666666666666,1.2658333333333334,8.666666666666666,22.833333333333332,39.48666666666667,21.416666666666668,40.083333333333336,53.979166666666664,14.75,20.166666666666668,73.9875,1.5833333333333333,6.583333333333333,0.5908333333333334,1.75,18.75,0.09916666666666667,12.666666666666666,3.0833333333333335,97.5
