placar_casa,placar_visitante,data,round,stage,ano,equipe_casa,equipe_visitante,resultado,Pts_casa,3P_casa,2P_casa,LL_casa,RT_casa,RO_casa,RD_casa,AS_casa,ER_casa,IA%_casa,3PC_casa,3PT_casa,3P%_casa,2PC_casa,2PT_casa,2P%_casa,LLC_casa,LLT_casa,LL%_casa,EN_casa,BR_casa,B/E_casa,TO_casa,FC_casa,T/FC_casa,ET_casa,VI_casa,EF_casa,Pts_visitante,3P_visitante,2P_visitante,LL_visitante,RT_visitante,RO_visitante,RD_visitante,AS_visitante,ER_visitante,IA%_visitante,3PC_visitante,3PT_visitante,3P%_visitante,2PC_visitante,2PT_visitante,2P%_visitante,LLC_visitante,LLT_visitante,LL%_visitante,EN_visitante,BR_visitante,B/E_visitante,TO_visitante,FC_visitante,T/FC_visitante,ET_visitante,VI_visitante,EF_visitante
72,82,2022-12-15,9,1,2022-2023,BRB/Brasília,Paulistano,0,74.4,26.1,36.0,12.3,36.2,9.6,26.6,16.0,14.4,1.2029999999999998,8.7,28.6,30.839999999999996,18.0,33.9,52.56700000000001,12.3,19.0,64.34599999999999,2.1,5.5,0.41999999999999993,0.4,20.2,0.022,14.4,3.1,75.6,73.70833333333333,24.125,38.916666666666664,10.666666666666666,40.625,14.625,26.0,15.25,11.541666666666666,1.4450000000000003,8.041666666666666,27.666666666666668,29.611666666666665,19.458333333333332,42.458333333333336,46.903333333333336,10.666666666666666,15.416666666666666,68.04416666666667,1.4166666666666667,8.125,0.7958333333333333,2.2916666666666665,18.875,0.1241666666666667,11.541666666666666,1.4166666666666667,81.08333333333333
