placar_casa,placar_visitante,data,round,stage,ano,equipe_casa,equipe_visitante,resultado,Pts_casa,3P_casa,2P_casa,LL_casa,RT_casa,RO_casa,RD_casa,AS_casa,ER_casa,IA%_casa,3PC_casa,3PT_casa,3P%_casa,2PC_casa,2PT_casa,2P%_casa,LLC_casa,LLT_casa,LL%_casa,EN_casa,BR_casa,B/E_casa,TO_casa,FC_casa,T/FC_casa,ET_casa,VI_casa,EF_casa,Pts_visitante,3P_visitante,2P_visitante,LL_visitante,RT_visitante,RO_visitante,RD_visitante,AS_visitante,ER_visitante,IA%_visitante,3PC_visitante,3PT_visitante,3P%_visitante,2PC_visitante,2PT_visitante,2P%_visitante,LLC_visitante,LLT_visitante,LL%_visitante,EN_visitante,BR_visitante,B/E_visitante,TO_visitante,FC_visitante,T/FC_visitante,ET_visitante,VI_visitante,EF_visitante
86,65,2023-03-02,5,2,2022-2023,BRB/Brasília,Cerrado,1,80.33333333333333,28.2,38.4,13.733333333333333,38.06666666666667,10.6,27.466666666666665,17.466666666666665,14.733333333333333,1.2066666666666666,9.4,27.8,33.84466666666667,19.2,37.8,50.624,13.733333333333333,19.666666666666668,69.89666666666669,2.2,5.666666666666667,0.3953333333333333,1.7333333333333334,18.666666666666668,0.09133333333333335,14.733333333333333,2.7333333333333334,85.6,84.2,39.8,32.80066666666667,11.599333333333334,38.20066666666666,11.266000000000002,26.932666666666663,16.533333333333335,15.33266666666667,1.0986666666666667,13.266666666666667,36.73266666666667,36.18266666666667,16.39933333333333,31.665999999999997,51.74066666666666,11.599333333333334,17.332666666666665,66.36866666666666,2.0673333333333335,5.6,0.36733333333333335,2.1340000000000003,15.133999999999997,0.15,15.33266666666667,3.532666666666666,86.86733333333333
