placar_casa,placar_visitante,data,round,stage,ano,equipe_casa,equipe_visitante,resultado,Pts_casa,3P_casa,2P_casa,LL_casa,RT_casa,RO_casa,RD_casa,AS_casa,ER_casa,IA%_casa,3PC_casa,3PT_casa,3P%_casa,2PC_casa,2PT_casa,2P%_casa,LLC_casa,LLT_casa,LL%_casa,EN_casa,BR_casa,B/E_casa,TO_casa,FC_casa,T/FC_casa,ET_casa,VI_casa,EF_casa,Pts_visitante,3P_visitante,2P_visitante,LL_visitante,RT_visitante,RO_visitante,RD_visitante,AS_visitante,ER_visitante,IA%_visitante,3PC_visitante,3PT_visitante,3P%_visitante,2PC_visitante,2PT_visitante,2P%_visitante,LLC_visitante,LLT_visitante,LL%_visitante,EN_visitante,BR_visitante,B/E_visitante,TO_visitante,FC_visitante,T/FC_visitante,ET_visitante,VI_visitante,EF_visitante
94,90,2023-03-21,7,2,2022-2023,Sesi Franca,Minas,1,89.96733333333334,31.3,42.266,16.39933333333333,40.0,9.167333333333334,30.832666666666665,19.267333333333337,12.4,1.6373333333333335,10.432666666666668,27.633333333333333,37.815333333333335,21.134000000000004,36.599333333333334,57.40199999999998,16.39933333333333,20.034000000000002,82.12199999999999,2.2659999999999996,6.066666666666666,0.51,2.7659999999999996,16.89933333333333,0.16466666666666668,12.4,2.2,109.36666666666666,85.02199999999999,29.0,43.44533333333333,12.577333333333335,41.022000000000006,10.811333333333332,30.211333333333336,20.978,13.488000000000003,1.5840000000000003,9.666,25.75466666666666,37.29733333333334,21.72133333333333,39.03333333333333,55.274666666666675,12.577333333333335,17.465999999999998,71.426,3.1886666666666668,5.8340000000000005,0.43466666666666665,1.8659999999999997,17.034000000000002,0.11200000000000003,13.488000000000003,2.8673333333333337,102.94466666666668
