placar_casa,placar_visitante,data,round,stage,ano,equipe_casa,equipe_visitante,resultado,Pts_casa,3P_casa,2P_casa,LL_casa,RT_casa,RO_casa,RD_casa,AS_casa,ER_casa,IA%_casa,3PC_casa,3PT_casa,3P%_casa,2PC_casa,2PT_casa,2P%_casa,LLC_casa,LLT_casa,LL%_casa,EN_casa,BR_casa,B/E_casa,TO_casa,FC_casa,T/FC_casa,ET_casa,VI_casa,EF_casa,Pts_visitante,3P_visitante,2P_visitante,LL_visitante,RT_visitante,RO_visitante,RD_visitante,AS_visitante,ER_visitante,IA%_visitante,3PC_visitante,3PT_visitante,3P%_visitante,2PC_visitante,2PT_visitante,2P%_visitante,LLC_visitante,LLT_visitante,LL%_visitante,EN_visitante,BR_visitante,B/E_visitante,TO_visitante,FC_visitante,T/FC_visitante,ET_visitante,VI_visitante,EF_visitante
66,52,2017-01-28,17,1,2016-2017,Caxias do Sul Basquete,Minas,1,72.53333333333333,18.2,38.266666666666666,16.066666666666666,31.6,8.2,23.4,14.333333333333334,14.333333333333334,1.0646666666666669,6.066666666666666,19.8,29.578666666666667,19.133333333333333,40.13333333333333,47.88666666666666,16.066666666666666,22.4,72.53,1.4,6.6,0.4566666666666666,1.6,21.533333333333335,0.07933333333333333,14.333333333333334,3.2,71.26666666666667,78.8,25.2,39.86666666666667,13.733333333333333,35.333333333333336,11.066666666666666,24.266666666666666,17.333333333333332,15.866666666666667,1.1060000000000003,8.4,24.8,34.79866666666667,19.933333333333334,37.666666666666664,52.54266666666667,13.733333333333333,18.866666666666667,72.77533333333334,2.0,7.466666666666667,0.48200000000000004,1.6666666666666667,21.933333333333334,0.08133333333333333,15.866666666666667,4.533333333333333,85.46666666666667
