placar_casa,placar_visitante,data,round,stage,ano,equipe_casa,equipe_visitante,resultado,Pts_casa,3P_casa,2P_casa,LL_casa,RT_casa,RO_casa,RD_casa,AS_casa,ER_casa,IA%_casa,3PC_casa,3PT_casa,3P%_casa,2PC_casa,2PT_casa,2P%_casa,LLC_casa,LLT_casa,LL%_casa,EN_casa,BR_casa,B/E_casa,TO_casa,FC_casa,T/FC_casa,ET_casa,VI_casa,EF_casa,Pts_visitante,3P_visitante,2P_visitante,LL_visitante,RT_visitante,RO_visitante,RD_visitante,AS_visitante,ER_visitante,IA%_visitante,3PC_visitante,3PT_visitante,3P%_visitante,2PC_visitante,2PT_visitante,2P%_visitante,LLC_visitante,LLT_visitante,LL%_visitante,EN_visitante,BR_visitante,B/E_visitante,TO_visitante,FC_visitante,T/FC_visitante,ET_visitante,VI_visitante,EF_visitante
83,79,2018-11-03,3,1,2018-2019,Minas,Pinheiros,1,80.25,28.75,35.335,16.165,38.335,8.665,29.665,18.75,15.25,1.29,9.585,26.75,35.540000000000006,17.665,32.835,53.795,16.165,21.665,74.66,1.835,7.085000000000001,0.485,2.75,20.25,0.14,15.25,2.415,94.08500000000001,83.75166666666667,34.75,38.16833333333333,10.833333333333334,31.831666666666667,9.001666666666667,22.834999999999997,14.331666666666669,10.748333333333335,1.3333333333333333,11.581666666666669,29.084999999999997,40.028333333333336,19.081666666666667,34.083333333333336,56.61166666666666,10.833333333333334,14.331666666666669,75.065,1.0833333333333333,7.083333333333333,0.66,2.165,17.168333333333333,0.12166666666666666,10.748333333333335,1.5,92.33333333333333
