placar_casa,placar_visitante,data,round,stage,ano,equipe_casa,equipe_visitante,resultado,Pts_casa,3P_casa,2P_casa,LL_casa,RT_casa,RO_casa,RD_casa,AS_casa,ER_casa,IA%_casa,3PC_casa,3PT_casa,3P%_casa,2PC_casa,2PT_casa,2P%_casa,LLC_casa,LLT_casa,LL%_casa,EN_casa,BR_casa,B/E_casa,TO_casa,FC_casa,T/FC_casa,ET_casa,VI_casa,EF_casa,Pts_visitante,3P_visitante,2P_visitante,LL_visitante,RT_visitante,RO_visitante,RD_visitante,AS_visitante,ER_visitante,IA%_visitante,3PC_visitante,3PT_visitante,3P%_visitante,2PC_visitante,2PT_visitante,2P%_visitante,LLC_visitante,LLT_visitante,LL%_visitante,EN_visitante,BR_visitante,B/E_visitante,TO_visitante,FC_visitante,T/FC_visitante,ET_visitante,VI_visitante,EF_visitante
103,83,2019-12-16,10,1,2019-2020,Flamengo,Coop/São José Basketball,1,82.92307692307692,29.307692307692307,39.23076923076923,14.384615384615385,37.46153846153846,10.384615384615385,27.076923076923077,18.153846153846153,11.538461538461538,1.7561538461538466,9.76923076923077,27.153846153846153,35.68307692307692,19.615384615384617,37.30769230769231,52.92384615384616,14.384615384615385,20.923076923076923,69.00153846153846,0.7692307692307693,6.846153846153846,0.58,1.2307692307692308,19.0,0.06692307692307693,11.538461538461538,1.7692307692307692,93.38461538461539,82.91666666666667,24.25,43.666666666666664,15.0,36.166666666666664,10.75,25.416666666666668,19.333333333333332,15.0,1.3416666666666668,8.083333333333334,23.833333333333332,33.99750000000001,21.833333333333332,42.416666666666664,52.01916666666667,15.0,20.083333333333332,73.86083333333333,1.5833333333333333,7.583333333333333,0.5208333333333334,1.8333333333333333,22.5,0.07833333333333334,15.0,2.0833333333333335,91.33333333333333
