placar_casa,placar_visitante,data,round,stage,ano,equipe_casa,equipe_visitante,resultado,Pts_casa,3P_casa,2P_casa,LL_casa,RT_casa,RO_casa,RD_casa,AS_casa,ER_casa,IA%_casa,3PC_casa,3PT_casa,3P%_casa,2PC_casa,2PT_casa,2P%_casa,LLC_casa,LLT_casa,LL%_casa,EN_casa,BR_casa,B/E_casa,TO_casa,FC_casa,T/FC_casa,ET_casa,VI_casa,EF_casa,Pts_visitante,3P_visitante,2P_visitante,LL_visitante,RT_visitante,RO_visitante,RD_visitante,AS_visitante,ER_visitante,IA%_visitante,3PC_visitante,3PT_visitante,3P%_visitante,2PC_visitante,2PT_visitante,2P%_visitante,LLC_visitante,LLT_visitante,LL%_visitante,EN_visitante,BR_visitante,B/E_visitante,TO_visitante,FC_visitante,T/FC_visitante,ET_visitante,VI_visitante,EF_visitante
107,90,2010-01-22,11,1,2009-2010,Flamengo,Bauru Basket,1,79.83333333333333,26.0,38.666666666666664,15.166666666666666,32.0,8.333333333333334,23.666666666666668,10.666666666666666,13.166666666666666,0.875,8.666666666666666,24.5,35.928333333333335,19.333333333333332,36.333333333333336,53.29333333333333,15.166666666666666,20.5,76.81833333333333,1.8333333333333333,10.833333333333334,0.9133333333333334,3.1666666666666665,19.333333333333332,0.165,13.166666666666666,2.0,85.16666666666667,76.0,25.714285714285715,39.714285714285715,10.571428571428571,31.571428571428573,9.428571428571429,22.142857142857142,13.428571428571429,10.142857142857142,1.6414285714285715,8.571428571428571,22.0,39.49142857142857,19.857142857142858,39.285714285714285,51.47714285714285,10.571428571428571,17.142857142857142,63.441428571428574,1.1428571428571428,6.285714285714286,0.7642857142857142,3.142857142857143,14.285714285714286,0.2342857142857143,10.142857142857142,3.0,80.85714285714286
