placar_casa,placar_visitante,data,round,stage,ano,equipe_casa,equipe_visitante,resultado,Pts_casa,3P_casa,2P_casa,LL_casa,RT_casa,RO_casa,RD_casa,AS_casa,ER_casa,IA%_casa,3PC_casa,3PT_casa,3P%_casa,2PC_casa,2PT_casa,2P%_casa,LLC_casa,LLT_casa,LL%_casa,EN_casa,BR_casa,B/E_casa,TO_casa,FC_casa,T/FC_casa,ET_casa,VI_casa,EF_casa,Pts_visitante,3P_visitante,2P_visitante,LL_visitante,RT_visitante,RO_visitante,RD_visitante,AS_visitante,ER_visitante,IA%_visitante,3PC_visitante,3PT_visitante,3P%_visitante,2PC_visitante,2PT_visitante,2P%_visitante,LLC_visitante,LLT_visitante,LL%_visitante,EN_visitante,BR_visitante,B/E_visitante,TO_visitante,FC_visitante,T/FC_visitante,ET_visitante,VI_visitante,EF_visitante
79,88,2014-02-25,9,2,2013-2014,L. Sorocabana,Sesi Franca,0,75.93333333333334,22.0,35.86666666666667,18.066666666666666,30.133333333333333,9.666666666666666,20.466666666666665,10.666666666666666,11.666666666666666,0.9773333333333335,7.333333333333333,21.2,34.616,17.933333333333334,38.2,47.112,18.066666666666666,23.533333333333335,76.33200000000002,1.4,9.933333333333334,0.8993333333333334,1.8,22.733333333333334,0.07866666666666665,11.666666666666666,2.2,77.2,79.73333333333333,22.2,42.13333333333333,15.4,35.46666666666667,11.4,24.066666666666666,14.066666666666666,14.4,1.09,7.4,20.4,36.466,21.066666666666666,40.666666666666664,52.400666666666666,15.4,20.333333333333332,74.14,1.6666666666666667,10.133333333333333,0.7546666666666666,2.8,19.0,0.154,14.4,2.066666666666667,90.2
