placar_casa,placar_visitante,data,round,stage,ano,equipe_casa,equipe_visitante,resultado,Pts_casa,3P_casa,2P_casa,LL_casa,RT_casa,RO_casa,RD_casa,AS_casa,ER_casa,IA%_casa,3PC_casa,3PT_casa,3P%_casa,2PC_casa,2PT_casa,2P%_casa,LLC_casa,LLT_casa,LL%_casa,EN_casa,BR_casa,B/E_casa,TO_casa,FC_casa,T/FC_casa,ET_casa,VI_casa,EF_casa,Pts_visitante,3P_visitante,2P_visitante,LL_visitante,RT_visitante,RO_visitante,RD_visitante,AS_visitante,ER_visitante,IA%_visitante,3PC_visitante,3PT_visitante,3P%_visitante,2PC_visitante,2PT_visitante,2P%_visitante,LLC_visitante,LLT_visitante,LL%_visitante,EN_visitante,BR_visitante,B/E_visitante,TO_visitante,FC_visitante,T/FC_visitante,ET_visitante,VI_visitante,EF_visitante
93,81,2021-04-04,8,2,2020-2021,Sesi Franca,Cerrado,1,88.71066666666667,24.666666666666668,47.422000000000004,16.621333333333336,34.712,6.644666666666667,28.067333333333337,18.978666666666665,12.400666666666666,1.5719999999999998,8.221333333333332,21.421333333333333,38.5,23.711333333333336,42.42266666666667,55.73866666666667,16.621333333333336,20.8,80.08066666666666,2.3333333333333335,7.733333333333333,0.6353333333333333,2.312,19.31066666666667,0.11933333333333335,12.400666666666666,1.4660000000000002,103.95466666666668,77.17933333333333,24.4,40.08733333333334,12.689333333333337,38.8,11.9,26.902000000000005,15.444666666666667,14.088666666666665,1.1286666666666667,8.132666666666667,23.59,34.54666666666667,20.046000000000003,42.31133333333333,47.41866666666667,12.689333333333337,17.902,71.59466666666667,1.5539999999999996,8.278,0.5853333333333333,2.3986666666666663,19.43533333333334,0.12199999999999997,14.088666666666665,2.71,85.07800000000002
