placar_casa,placar_visitante,data,round,stage,ano,equipe_casa,equipe_visitante,resultado,Pts_casa,3P_casa,2P_casa,LL_casa,RT_casa,RO_casa,RD_casa,AS_casa,ER_casa,IA%_casa,3PC_casa,3PT_casa,3P%_casa,2PC_casa,2PT_casa,2P%_casa,LLC_casa,LLT_casa,LL%_casa,EN_casa,BR_casa,B/E_casa,TO_casa,FC_casa,T/FC_casa,ET_casa,VI_casa,EF_casa,Pts_visitante,3P_visitante,2P_visitante,LL_visitante,RT_visitante,RO_visitante,RD_visitante,AS_visitante,ER_visitante,IA%_visitante,3PC_visitante,3PT_visitante,3P%_visitante,2PC_visitante,2PT_visitante,2P%_visitante,LLC_visitante,LLT_visitante,LL%_visitante,EN_visitante,BR_visitante,B/E_visitante,TO_visitante,FC_visitante,T/FC_visitante,ET_visitante,VI_visitante,EF_visitante
85,81,2014-04-15,3,3,2013-2014,Mogi,Pinheiros,1,84.2,27.4,39.733333333333334,17.066666666666666,38.0,12.666666666666666,25.333333333333332,16.333333333333332,14.8,1.2073333333333334,9.133333333333333,23.133333333333333,39.284666666666666,19.866666666666667,40.666666666666664,48.75266666666666,17.066666666666666,23.866666666666667,70.972,1.1333333333333333,9.733333333333333,0.7153333333333333,1.6666666666666667,22.333333333333332,0.07866666666666668,14.8,3.3333333333333335,93.53333333333333,81.06666666666666,27.4,37.733333333333334,15.933333333333334,33.53333333333333,9.2,24.333333333333332,15.733333333333333,14.066666666666666,1.2206666666666666,9.133333333333333,25.733333333333334,35.57866666666666,18.866666666666667,33.46666666666667,56.861999999999995,15.933333333333334,20.733333333333334,78.41266666666667,2.1333333333333333,9.933333333333334,0.7713333333333332,2.466666666666667,18.933333333333334,0.13733333333333334,14.066666666666666,2.6666666666666665,92.66666666666667
