placar_casa,placar_visitante,data,round,stage,ano,equipe_casa,equipe_visitante,resultado,Pts_casa,3P_casa,2P_casa,LL_casa,RT_casa,RO_casa,RD_casa,AS_casa,ER_casa,IA%_casa,3PC_casa,3PT_casa,3P%_casa,2PC_casa,2PT_casa,2P%_casa,LLC_casa,LLT_casa,LL%_casa,EN_casa,BR_casa,B/E_casa,TO_casa,FC_casa,T/FC_casa,ET_casa,VI_casa,EF_casa,Pts_visitante,3P_visitante,2P_visitante,LL_visitante,RT_visitante,RO_visitante,RD_visitante,AS_visitante,ER_visitante,IA%_visitante,3PC_visitante,3PT_visitante,3P%_visitante,2PC_visitante,2PT_visitante,2P%_visitante,LLC_visitante,LLT_visitante,LL%_visitante,EN_visitante,BR_visitante,B/E_visitante,TO_visitante,FC_visitante,T/FC_visitante,ET_visitante,VI_visitante,EF_visitante
87,90,2015-02-20,4,2,2014-2015,Rio Claro,Paulistano,0,77.53333333333333,18.8,43.6,15.133333333333333,30.866666666666667,7.333333333333333,23.533333333333335,16.4,14.266666666666667,1.2439999999999998,6.266666666666667,20.466666666666665,29.812,21.8,40.13333333333333,54.37666666666667,15.133333333333333,18.666666666666668,80.42800000000001,1.5333333333333334,10.666666666666666,0.7693333333333333,1.5333333333333334,18.466666666666665,0.08866666666666666,14.266666666666667,2.466666666666667,86.66666666666667,79.86666666666666,22.2,40.4,17.266666666666666,39.13333333333333,13.266666666666667,25.866666666666667,11.8,12.666666666666666,1.018,7.4,23.6,30.998,20.2,42.733333333333334,47.346000000000004,17.266666666666666,22.533333333333335,77.96866666666666,1.0,9.533333333333333,0.8340000000000001,1.4666666666666666,24.066666666666666,0.06066666666666667,12.666666666666666,2.6,85.13333333333334
