placar_casa,placar_visitante,data,round,stage,ano,equipe_casa,equipe_visitante,resultado,Pts_casa,3P_casa,2P_casa,LL_casa,RT_casa,RO_casa,RD_casa,AS_casa,ER_casa,IA%_casa,3PC_casa,3PT_casa,3P%_casa,2PC_casa,2PT_casa,2P%_casa,LLC_casa,LLT_casa,LL%_casa,EN_casa,BR_casa,B/E_casa,TO_casa,FC_casa,T/FC_casa,ET_casa,VI_casa,EF_casa,Pts_visitante,3P_visitante,2P_visitante,LL_visitante,RT_visitante,RO_visitante,RD_visitante,AS_visitante,ER_visitante,IA%_visitante,3PC_visitante,3PT_visitante,3P%_visitante,2PC_visitante,2PT_visitante,2P%_visitante,LLC_visitante,LLT_visitante,LL%_visitante,EN_visitante,BR_visitante,B/E_visitante,TO_visitante,FC_visitante,T/FC_visitante,ET_visitante,VI_visitante,EF_visitante
96,93,2021-05-22,1,6,2020-2021,Flamengo,São Paulo,1,88.88933333333331,39.6,34.356,14.933333333333334,42.089333333333336,11.554666666666666,30.532666666666664,20.288666666666664,11.621333333333332,1.8106666666666662,13.199333333333334,35.95533333333333,36.220666666666666,17.17733333333333,31.178,55.037333333333336,14.933333333333334,19.178,77.83200000000001,1.8213333333333332,7.155333333333333,0.6273333333333334,2.000666666666667,15.688666666666666,0.1353333333333334,11.621333333333332,2.244666666666667,107.79933333333334,86.71133333333334,34.733333333333334,38.62199999999999,13.355333333333332,40.11133333333334,10.421999999999999,29.688666666666666,16.911333333333335,10.555333333333332,1.7173333333333334,11.578000000000001,31.266666666666666,36.964000000000006,19.311333333333334,35.288666666666664,54.64666666666666,13.355333333333332,17.133333333333333,77.78866666666666,2.178,6.911333333333333,0.6940000000000001,3.2,14.978000000000002,0.22266666666666665,10.555333333333332,2.022,103.84466666666667
