placar_casa,placar_visitante,data,round,stage,ano,equipe_casa,equipe_visitante,resultado,Pts_casa,3P_casa,2P_casa,LL_casa,RT_casa,RO_casa,RD_casa,AS_casa,ER_casa,IA%_casa,3PC_casa,3PT_casa,3P%_casa,2PC_casa,2PT_casa,2P%_casa,LLC_casa,LLT_casa,LL%_casa,EN_casa,BR_casa,B/E_casa,TO_casa,FC_casa,T/FC_casa,ET_casa,VI_casa,EF_casa,Pts_visitante,3P_visitante,2P_visitante,LL_visitante,RT_visitante,RO_visitante,RD_visitante,AS_visitante,ER_visitante,IA%_visitante,3PC_visitante,3PT_visitante,3P%_visitante,2PC_visitante,2PT_visitante,2P%_visitante,LLC_visitante,LLT_visitante,LL%_visitante,EN_visitante,BR_visitante,B/E_visitante,TO_visitante,FC_visitante,T/FC_visitante,ET_visitante,VI_visitante,EF_visitante
70,76,2014-11-27,8,1,2014-2015,Fortaleza B. C. / CFO,Coop/São José Basketball,0,77.2,28.2,31.6,17.4,34.4,11.8,22.6,12.2,15.8,0.82,9.4,26.2,35.096,15.8,36.4,44.132000000000005,17.4,23.4,74.74199999999999,0.8,11.0,0.726,2.8,20.0,0.14200000000000002,15.8,3.2,78.4,73.0,14.571428571428571,44.285714285714285,14.142857142857142,36.42857142857143,8.428571428571429,28.0,17.0,14.285714285714286,1.2014285714285713,4.857142857142857,17.571428571428573,27.567142857142862,22.142857142857142,41.57142857142857,53.18,14.142857142857142,18.285714285714285,75.34142857142857,0.42857142857142855,8.428571428571429,0.6114285714285714,1.8571428571428572,18.428571428571427,0.10714285714285714,14.285714285714286,2.857142857142857,86.14285714285714
