placar_casa,placar_visitante,data,round,stage,ano,equipe_casa,equipe_visitante,resultado,Pts_casa,3P_casa,2P_casa,LL_casa,RT_casa,RO_casa,RD_casa,AS_casa,ER_casa,IA%_casa,3PC_casa,3PT_casa,3P%_casa,2PC_casa,2PT_casa,2P%_casa,LLC_casa,LLT_casa,LL%_casa,EN_casa,BR_casa,B/E_casa,TO_casa,FC_casa,T/FC_casa,ET_casa,VI_casa,EF_casa,Pts_visitante,3P_visitante,2P_visitante,LL_visitante,RT_visitante,RO_visitante,RD_visitante,AS_visitante,ER_visitante,IA%_visitante,3PC_visitante,3PT_visitante,3P%_visitante,2PC_visitante,2PT_visitante,2P%_visitante,LLC_visitante,LLT_visitante,LL%_visitante,EN_visitante,BR_visitante,B/E_visitante,TO_visitante,FC_visitante,T/FC_visitante,ET_visitante,VI_visitante,EF_visitante
99,64,2020-03-10,8,2,2019-2020,São Paulo,Bauru Basket,1,88.266,33.0,38.266666666666666,16.999333333333333,41.867333333333335,12.533333333333333,29.334,17.532666666666668,11.867333333333333,1.5506666666666666,11.0,32.33266666666667,34.41866666666667,19.133333333333333,34.06733333333333,56.43666666666665,16.999333333333333,22.599333333333334,75.55799999999999,2.332666666666667,5.1339999999999995,0.4306666666666666,2.466,18.266666666666666,0.1333333333333333,11.867333333333333,1.8666666666666667,101.46733333333333,79.93333333333334,24.0,42.0,13.933333333333334,35.8,9.733333333333333,26.066666666666666,14.533333333333333,13.533333333333333,1.2533333333333334,8.0,23.6,33.72533333333333,21.0,38.8,54.472666666666676,13.933333333333334,20.066666666666666,67.48533333333333,1.2666666666666666,8.0,0.6113333333333334,1.0,21.4,0.04733333333333333,13.533333333333333,1.6666666666666667,86.2
