placar_casa,placar_visitante,data,round,stage,ano,equipe_casa,equipe_visitante,resultado,Pts_casa,3P_casa,2P_casa,LL_casa,RT_casa,RO_casa,RD_casa,AS_casa,ER_casa,IA%_casa,3PC_casa,3PT_casa,3P%_casa,2PC_casa,2PT_casa,2P%_casa,LLC_casa,LLT_casa,LL%_casa,EN_casa,BR_casa,B/E_casa,TO_casa,FC_casa,T/FC_casa,ET_casa,VI_casa,EF_casa,Pts_visitante,3P_visitante,2P_visitante,LL_visitante,RT_visitante,RO_visitante,RD_visitante,AS_visitante,ER_visitante,IA%_visitante,3PC_visitante,3PT_visitante,3P%_visitante,2PC_visitante,2PT_visitante,2P%_visitante,LLC_visitante,LLT_visitante,LL%_visitante,EN_visitante,BR_visitante,B/E_visitante,TO_visitante,FC_visitante,T/FC_visitante,ET_visitante,VI_visitante,EF_visitante
88,69,2012-04-19,3,3,2011-2012,Joinville,Limeira,1,83.93333333333334,15.2,47.46666666666667,21.266666666666666,31.8,10.466666666666667,21.333333333333332,12.8,10.533333333333333,1.3233333333333333,5.066666666666666,16.266666666666666,31.714,23.733333333333334,46.333333333333336,51.01466666666666,21.266666666666666,28.333333333333332,75.70133333333332,1.6666666666666667,7.066666666666666,0.7446666666666666,1.3333333333333333,22.666666666666668,0.06133333333333333,10.533333333333333,2.4,92.6,80.8,26.4,38.8,15.6,25.2,6.933333333333334,18.266666666666666,13.466666666666667,11.466666666666667,1.256,8.8,22.933333333333334,38.206,19.4,37.0,52.45,15.6,18.933333333333334,82.78066666666668,1.8,5.2,0.47800000000000004,1.3333333333333333,22.733333333333334,0.06466666666666668,11.466666666666667,2.466666666666667,84.2
