placar_casa,placar_visitante,data,round,stage,ano,equipe_casa,equipe_visitante,resultado,Pts_casa,3P_casa,2P_casa,LL_casa,RT_casa,RO_casa,RD_casa,AS_casa,ER_casa,IA%_casa,3PC_casa,3PT_casa,3P%_casa,2PC_casa,2PT_casa,2P%_casa,LLC_casa,LLT_casa,LL%_casa,EN_casa,BR_casa,B/E_casa,TO_casa,FC_casa,T/FC_casa,ET_casa,VI_casa,EF_casa,Pts_visitante,3P_visitante,2P_visitante,LL_visitante,RT_visitante,RO_visitante,RD_visitante,AS_visitante,ER_visitante,IA%_visitante,3PC_visitante,3PT_visitante,3P%_visitante,2PC_visitante,2PT_visitante,2P%_visitante,LLC_visitante,LLT_visitante,LL%_visitante,EN_visitante,BR_visitante,B/E_visitante,TO_visitante,FC_visitante,T/FC_visitante,ET_visitante,VI_visitante,EF_visitante
97,86,2024-01-24,3,2,2023-2024,Pato Basquete,Botafogo,1,76.466,27.4,38.132666666666665,10.933333333333334,38.333333333333336,12.066666666666666,26.266666666666666,16.465999999999998,11.333333333333334,1.5200000000000002,9.132666666666667,29.332666666666665,31.017999999999997,19.067333333333337,36.199333333333335,52.73600000000001,10.933333333333334,14.99933333333333,71.46666666666665,1.7326666666666664,5.067333333333334,0.4566666666666666,1.066,18.00066666666667,0.06266666666666666,11.333333333333334,2.2659999999999996,84.66733333333333,78.80133333333335,26.2,37.46666666666666,15.132666666666667,35.0,10.732666666666669,24.267333333333337,17.132666666666662,13.399333333333335,1.3320000000000003,8.733333333333333,27.132666666666662,32.471999999999994,18.73333333333333,37.46666666666666,50.131999999999984,15.132666666666667,20.532666666666668,74.292,0.26666666666666666,6.866,0.5399999999999999,1.7333333333333334,21.199333333333335,0.08200000000000002,13.399333333333335,3.000666666666667,83.59933333333333
