placar_casa,placar_visitante,data,round,stage,ano,equipe_casa,equipe_visitante,resultado,Pts_casa,3P_casa,2P_casa,LL_casa,RT_casa,RO_casa,RD_casa,AS_casa,ER_casa,IA%_casa,3PC_casa,3PT_casa,3P%_casa,2PC_casa,2PT_casa,2P%_casa,LLC_casa,LLT_casa,LL%_casa,EN_casa,BR_casa,B/E_casa,TO_casa,FC_casa,T/FC_casa,ET_casa,VI_casa,EF_casa,Pts_visitante,3P_visitante,2P_visitante,LL_visitante,RT_visitante,RO_visitante,RD_visitante,AS_visitante,ER_visitante,IA%_visitante,3PC_visitante,3PT_visitante,3P%_visitante,2PC_visitante,2PT_visitante,2P%_visitante,LLC_visitante,LLT_visitante,LL%_visitante,EN_visitante,BR_visitante,B/E_visitante,TO_visitante,FC_visitante,T/FC_visitante,ET_visitante,VI_visitante,EF_visitante
107,103,2013-04-08,11,2,2012-2013,Flamengo,Tijuca,1,87.53333333333333,54.0,46.53333333333333,15.6,33.53333333333333,9.266666666666667,24.266666666666666,15.133333333333333,11.733333333333333,1.4313333333333333,8.466666666666667,22.866666666666667,37.416000000000004,23.266666666666666,42.06666666666667,55.70866666666666,15.6,21.266666666666666,73.34466666666665,1.3333333333333333,6.866666666666666,0.6273333333333333,1.4,18.4,0.08066666666666666,11.733333333333333,2.533333333333333,99.8,72.13333333333334,43.6,37.06666666666667,14.066666666666666,27.2,6.266666666666667,20.933333333333334,10.333333333333334,11.4,1.0333333333333334,7.0,20.466666666666665,33.48133333333333,18.533333333333335,37.13333333333333,50.47666666666667,14.066666666666666,18.8,73.494,0.8,5.866666666666666,0.6133333333333333,1.4666666666666666,19.333333333333332,0.07866666666666666,11.4,2.6,74.26666666666667
