placar_casa,placar_visitante,data,round,stage,ano,equipe_casa,equipe_visitante,resultado,Pts_casa,3P_casa,2P_casa,LL_casa,RT_casa,RO_casa,RD_casa,AS_casa,ER_casa,IA%_casa,3PC_casa,3PT_casa,3P%_casa,2PC_casa,2PT_casa,2P%_casa,LLC_casa,LLT_casa,LL%_casa,EN_casa,BR_casa,B/E_casa,TO_casa,FC_casa,T/FC_casa,ET_casa,VI_casa,EF_casa,Pts_visitante,3P_visitante,2P_visitante,LL_visitante,RT_visitante,RO_visitante,RD_visitante,AS_visitante,ER_visitante,IA%_visitante,3PC_visitante,3PT_visitante,3P%_visitante,2PC_visitante,2PT_visitante,2P%_visitante,LLC_visitante,LLT_visitante,LL%_visitante,EN_visitante,BR_visitante,B/E_visitante,TO_visitante,FC_visitante,T/FC_visitante,ET_visitante,VI_visitante,EF_visitante
61,85,2021-02-12,3,2,2020-2021,Pato Basquete,Flamengo,0,76.88999999999997,21.933333333333334,40.356,14.60066666666667,38.19799999999999,11.378000000000002,26.822666666666667,14.733999999999993,13.99933333333333,1.0533333333333332,7.310666666666666,22.15533333333333,32.63533333333333,20.17733333333333,42.62199999999999,47.23400000000001,14.60066666666667,21.044666666666668,68.97466666666666,1.3780000000000001,8.244,0.606,1.9553333333333331,21.13266666666666,0.10000000000000003,13.99933333333333,2.7333333333333334,82.28999999999999,88.788,40.3,34.62133333333334,13.866666666666667,43.65533333333334,12.755333333333335,30.9,21.256000000000004,11.756,1.8660000000000003,13.43266666666667,37.355333333333334,35.601333333333336,17.312,30.776666666666664,56.46200000000001,13.866666666666667,18.546,75.04266666666668,1.1540000000000001,6.922666666666667,0.594,1.4333333333333333,16.288666666666664,0.09066666666666669,11.756,2.078,108.23333333333332
