placar_casa,placar_visitante,data,round,stage,ano,equipe_casa,equipe_visitante,resultado,Pts_casa,3P_casa,2P_casa,LL_casa,RT_casa,RO_casa,RD_casa,AS_casa,ER_casa,IA%_casa,3PC_casa,3PT_casa,3P%_casa,2PC_casa,2PT_casa,2P%_casa,LLC_casa,LLT_casa,LL%_casa,EN_casa,BR_casa,B/E_casa,TO_casa,FC_casa,T/FC_casa,ET_casa,VI_casa,EF_casa,Pts_visitante,3P_visitante,2P_visitante,LL_visitante,RT_visitante,RO_visitante,RD_visitante,AS_visitante,ER_visitante,IA%_visitante,3PC_visitante,3PT_visitante,3P%_visitante,2PC_visitante,2PT_visitante,2P%_visitante,LLC_visitante,LLT_visitante,LL%_visitante,EN_visitante,BR_visitante,B/E_visitante,TO_visitante,FC_visitante,T/FC_visitante,ET_visitante,VI_visitante,EF_visitante
57,70,2016-02-26,10,2,2015-2016,Minas,L. Sorocabana,0,74.26666666666667,17.2,42.8,14.266666666666667,37.666666666666664,11.266666666666667,26.4,15.133333333333333,15.6,1.0873333333333335,5.733333333333333,17.133333333333333,33.48,21.4,42.266666666666666,51.087333333333326,14.266666666666667,20.266666666666666,67.52066666666667,1.4,8.2,0.5793333333333333,2.4,21.066666666666666,0.11266666666666668,15.6,3.3333333333333335,83.73333333333333,66.13333333333334,15.4,39.2,11.533333333333333,33.46666666666667,13.0,20.466666666666665,11.666666666666666,14.333333333333334,0.8399999999999997,5.133333333333334,20.466666666666665,23.133333333333333,19.6,40.06666666666667,48.99333333333333,11.533333333333333,16.933333333333334,66.30533333333334,1.6666666666666667,10.933333333333334,0.7953333333333333,2.4,19.333333333333332,0.14800000000000005,14.333333333333334,3.6,69.06666666666666
