placar_casa,placar_visitante,data,round,stage,ano,equipe_casa,equipe_visitante,resultado,Pts_casa,3P_casa,2P_casa,LL_casa,RT_casa,RO_casa,RD_casa,AS_casa,ER_casa,IA%_casa,3PC_casa,3PT_casa,3P%_casa,2PC_casa,2PT_casa,2P%_casa,LLC_casa,LLT_casa,LL%_casa,EN_casa,BR_casa,B/E_casa,TO_casa,FC_casa,T/FC_casa,ET_casa,VI_casa,EF_casa,Pts_visitante,3P_visitante,2P_visitante,LL_visitante,RT_visitante,RO_visitante,RD_visitante,AS_visitante,ER_visitante,IA%_visitante,3PC_visitante,3PT_visitante,3P%_visitante,2PC_visitante,2PT_visitante,2P%_visitante,LLC_visitante,LLT_visitante,LL%_visitante,EN_visitante,BR_visitante,B/E_visitante,TO_visitante,FC_visitante,T/FC_visitante,ET_visitante,VI_visitante,EF_visitante
93,82,2012-04-05,15,2,2011-2012,Coop/São José Basketball,Joinville,1,88.73333333333333,27.2,40.93333333333333,20.6,33.13333333333333,8.466666666666667,24.666666666666668,19.4,14.466666666666667,1.4746666666666666,9.066666666666666,23.733333333333334,38.07066666666666,20.466666666666665,35.13333333333333,57.98200000000001,20.6,24.666666666666668,83.50666666666666,1.1333333333333333,6.333333333333333,0.47266666666666673,3.2,18.466666666666665,0.17666666666666667,14.466666666666667,2.533333333333333,106.73333333333333,81.53333333333333,16.2,44.8,20.533333333333335,30.266666666666666,9.4,20.866666666666667,11.666666666666666,10.933333333333334,1.2126666666666668,5.4,16.533333333333335,32.92733333333334,22.4,43.93333333333333,50.28999999999999,20.533333333333335,28.133333333333333,73.312,1.8666666666666667,7.066666666666666,0.7473333333333334,1.4,23.4,0.062000000000000006,10.933333333333334,2.8,86.13333333333334
