placar_casa,placar_visitante,data,round,stage,ano,equipe_casa,equipe_visitante,resultado,Pts_casa,3P_casa,2P_casa,LL_casa,RT_casa,RO_casa,RD_casa,AS_casa,ER_casa,IA%_casa,3PC_casa,3PT_casa,3P%_casa,2PC_casa,2PT_casa,2P%_casa,LLC_casa,LLT_casa,LL%_casa,EN_casa,BR_casa,B/E_casa,TO_casa,FC_casa,T/FC_casa,ET_casa,VI_casa,EF_casa,Pts_visitante,3P_visitante,2P_visitante,LL_visitante,RT_visitante,RO_visitante,RD_visitante,AS_visitante,ER_visitante,IA%_visitante,3PC_visitante,3PT_visitante,3P%_visitante,2PC_visitante,2PT_visitante,2P%_visitante,LLC_visitante,LLT_visitante,LL%_visitante,EN_visitante,BR_visitante,B/E_visitante,TO_visitante,FC_visitante,T/FC_visitante,ET_visitante,VI_visitante,EF_visitante
70,80,2024-03-30,10,2,2023-2024,R10 Score Vasco da Gama,São Paulo,0,80.36666666666666,27.9,36.86666666666667,15.6,35.06666666666667,9.033333333333333,26.033333333333335,20.166666666666668,13.733333333333333,1.5293333333333337,9.3,26.9,34.848666666666674,18.433333333333334,32.46666666666667,56.658666666666676,15.6,20.5,76.61266666666667,2.033333333333333,6.5,0.47600000000000003,2.6,21.866666666666667,0.12000000000000002,13.733333333333333,2.6333333333333333,94.43333333333334,80.33333333333333,29.2,35.68933333333334,15.444,36.17733333333333,8.4,27.77733333333333,16.68933333333333,13.97733333333333,1.2139999999999995,9.733333333333333,27.22266666666667,35.882,17.844,31.843999999999998,55.684666666666665,15.444,19.6,79.59,1.044,5.956,0.4353333333333334,2.2,18.710666666666665,0.1206666666666667,13.97733333333333,1.5333333333333334,91.73333333333333
