placar_casa,placar_visitante,data,round,stage,ano,equipe_casa,equipe_visitante,resultado,Pts_casa,3P_casa,2P_casa,LL_casa,RT_casa,RO_casa,RD_casa,AS_casa,ER_casa,IA%_casa,3PC_casa,3PT_casa,3P%_casa,2PC_casa,2PT_casa,2P%_casa,LLC_casa,LLT_casa,LL%_casa,EN_casa,BR_casa,B/E_casa,TO_casa,FC_casa,T/FC_casa,ET_casa,VI_casa,EF_casa,Pts_visitante,3P_visitante,2P_visitante,LL_visitante,RT_visitante,RO_visitante,RD_visitante,AS_visitante,ER_visitante,IA%_visitante,3PC_visitante,3PT_visitante,3P%_visitante,2PC_visitante,2PT_visitante,2P%_visitante,LLC_visitante,LLT_visitante,LL%_visitante,EN_visitante,BR_visitante,B/E_visitante,TO_visitante,FC_visitante,T/FC_visitante,ET_visitante,VI_visitante,EF_visitante
74,64,2021-01-30,1,2,2020-2021,Corinthians,Bauru Basket,1,79.6064285714286,30.535714285714285,34.57214285714286,14.500714285714283,35.856428571428566,8.999285714285714,26.857142857142858,16.39214285714286,13.357142857142858,1.2442857142857142,10.178571428571429,28.284999999999997,35.745,17.284999999999997,34.00071428571429,50.901428571428575,14.500714285714283,18.107142857142858,80.17642857142857,1.3221428571428573,5.892142857142857,0.45428571428571424,2.357142857142857,20.82214285714286,0.11500000000000002,13.357142857142858,1.8921428571428567,88.32071428571429,78.91199999999999,28.2,37.33266666666667,13.37733333333333,35.82066666666666,8.912,26.91333333333334,16.91133333333333,11.356666666666667,1.5033333333333336,9.400666666666668,27.933333333333337,33.525333333333336,18.667333333333332,34.999333333333325,53.675333333333334,13.37733333333333,18.199333333333332,73.61800000000001,1.334666666666667,8.0,0.7180000000000001,1.577333333333333,19.376666666666665,0.08266666666666667,11.356666666666667,1.9566666666666672,90.17666666666666
