placar_casa,placar_visitante,data,round,stage,ano,equipe_casa,equipe_visitante,resultado,Pts_casa,3P_casa,2P_casa,LL_casa,RT_casa,RO_casa,RD_casa,AS_casa,ER_casa,IA%_casa,3PC_casa,3PT_casa,3P%_casa,2PC_casa,2PT_casa,2P%_casa,LLC_casa,LLT_casa,LL%_casa,EN_casa,BR_casa,B/E_casa,TO_casa,FC_casa,T/FC_casa,ET_casa,VI_casa,EF_casa,Pts_visitante,3P_visitante,2P_visitante,LL_visitante,RT_visitante,RO_visitante,RD_visitante,AS_visitante,ER_visitante,IA%_visitante,3PC_visitante,3PT_visitante,3P%_visitante,2PC_visitante,2PT_visitante,2P%_visitante,LLC_visitante,LLT_visitante,LL%_visitante,EN_visitante,BR_visitante,B/E_visitante,TO_visitante,FC_visitante,T/FC_visitante,ET_visitante,VI_visitante,EF_visitante
82,99,2023-03-03,5,2,2022-2023,Rio Claro,Pinheiros,0,75.86666666666666,23.9,40.93333333333333,11.033333333333333,30.433333333333334,9.033333333333333,21.4,17.966666666666665,12.066666666666666,1.550666666666667,7.966666666666667,23.866666666666667,33.7,20.466666666666665,39.96666666666667,51.321999999999996,11.033333333333333,16.633333333333333,65.96133333333333,0.9666666666666667,6.733333333333333,0.608,1.8333333333333333,21.233333333333334,0.09400000000000003,12.066666666666666,2.3333333333333335,79.76666666666667,82.46600000000002,26.0,42.2,14.266000000000002,42.234,13.666666666666666,28.567333333333337,18.89933333333333,14.03266666666667,1.4860000000000002,8.666666666666666,26.532666666666664,32.495333333333335,21.1,41.134,51.07266666666666,14.266000000000002,21.4,66.54933333333334,1.699333333333333,7.766,0.592,1.899333333333333,20.532666666666664,0.09600000000000002,14.03266666666667,2.7326666666666664,94.2
