placar_casa,placar_visitante,data,round,stage,ano,equipe_casa,equipe_visitante,resultado,Pts_casa,3P_casa,2P_casa,LL_casa,RT_casa,RO_casa,RD_casa,AS_casa,ER_casa,IA%_casa,3PC_casa,3PT_casa,3P%_casa,2PC_casa,2PT_casa,2P%_casa,LLC_casa,LLT_casa,LL%_casa,EN_casa,BR_casa,B/E_casa,TO_casa,FC_casa,T/FC_casa,ET_casa,VI_casa,EF_casa,Pts_visitante,3P_visitante,2P_visitante,LL_visitante,RT_visitante,RO_visitante,RD_visitante,AS_visitante,ER_visitante,IA%_visitante,3PC_visitante,3PT_visitante,3P%_visitante,2PC_visitante,2PT_visitante,2P%_visitante,LLC_visitante,LLT_visitante,LL%_visitante,EN_visitante,BR_visitante,B/E_visitante,TO_visitante,FC_visitante,T/FC_visitante,ET_visitante,VI_visitante,EF_visitante
74,66,2015-01-30,4,2,2014-2015,Sesi Franca,Macaé Basquete,1,77.06666666666666,21.0,39.733333333333334,16.333333333333332,35.53333333333333,11.266666666666667,24.266666666666666,13.4,13.733333333333333,1.0919999999999999,7.0,22.466666666666665,31.164666666666665,19.866666666666667,38.6,51.636,16.333333333333332,22.2,73.34200000000001,2.466666666666667,10.466666666666667,0.84,3.066666666666667,20.866666666666667,0.15200000000000002,13.733333333333333,3.2666666666666666,85.73333333333333,78.46666666666667,25.2,37.2,16.066666666666666,33.266666666666666,9.8,23.466666666666665,13.533333333333333,12.266666666666667,1.2773333333333334,8.4,21.333333333333332,39.43866666666667,18.6,38.2,48.57599999999999,16.066666666666666,20.533333333333335,78.26333333333334,1.1333333333333333,8.333333333333334,0.7673333333333333,1.1333333333333333,20.6,0.05666666666666667,12.266666666666667,3.066666666666667,85.46666666666667
