placar_casa,placar_visitante,data,round,stage,ano,equipe_casa,equipe_visitante,resultado,Pts_casa,3P_casa,2P_casa,LL_casa,RT_casa,RO_casa,RD_casa,AS_casa,ER_casa,IA%_casa,3PC_casa,3PT_casa,3P%_casa,2PC_casa,2PT_casa,2P%_casa,LLC_casa,LLT_casa,LL%_casa,EN_casa,BR_casa,B/E_casa,TO_casa,FC_casa,T/FC_casa,ET_casa,VI_casa,EF_casa,Pts_visitante,3P_visitante,2P_visitante,LL_visitante,RT_visitante,RO_visitante,RD_visitante,AS_visitante,ER_visitante,IA%_visitante,3PC_visitante,3PT_visitante,3P%_visitante,2PC_visitante,2PT_visitante,2P%_visitante,LLC_visitante,LLT_visitante,LL%_visitante,EN_visitante,BR_visitante,B/E_visitante,TO_visitante,FC_visitante,T/FC_visitante,ET_visitante,VI_visitante,EF_visitante
75,87,2023-01-17,2,2,2022-2023,Pato Basquete,Paulistano,0,77.2,29.0,37.86666666666667,10.333333333333334,33.132666666666665,9.866000000000001,23.266666666666666,14.6,14.866000000000003,0.9953333333333334,9.666000000000002,26.667333333333335,36.14066666666667,18.933333333333334,37.467333333333336,50.535333333333334,10.333333333333334,16.200666666666663,62.56133333333333,0.4,7.267333333333334,0.5,1.0,18.533333333333335,0.05466666666666668,14.866000000000003,3.200666666666667,76.93333333333334,75.93333333333334,24.8,41.06666666666667,10.066666666666666,41.0,13.8,27.2,14.933333333333334,11.933333333333334,1.3113333333333332,8.266666666666667,26.866666666666667,31.168000000000003,20.533333333333335,43.266666666666666,47.839333333333336,10.066666666666666,14.466666666666667,69.31866666666666,1.5333333333333334,8.2,0.7406666666666667,2.8,18.4,0.16,11.933333333333334,1.4,85.2
