placar_casa,placar_visitante,data,round,stage,ano,equipe_casa,equipe_visitante,resultado,Pts_casa,3P_casa,2P_casa,LL_casa,RT_casa,RO_casa,RD_casa,AS_casa,ER_casa,IA%_casa,3PC_casa,3PT_casa,3P%_casa,2PC_casa,2PT_casa,2P%_casa,LLC_casa,LLT_casa,LL%_casa,EN_casa,BR_casa,B/E_casa,TO_casa,FC_casa,T/FC_casa,ET_casa,VI_casa,EF_casa,Pts_visitante,3P_visitante,2P_visitante,LL_visitante,RT_visitante,RO_visitante,RD_visitante,AS_visitante,ER_visitante,IA%_visitante,3PC_visitante,3PT_visitante,3P%_visitante,2PC_visitante,2PT_visitante,2P%_visitante,LLC_visitante,LLT_visitante,LL%_visitante,EN_visitante,BR_visitante,B/E_visitante,TO_visitante,FC_visitante,T/FC_visitante,ET_visitante,VI_visitante,EF_visitante
80,76,2025-01-13,4,2,2024-2025,Fortaleza Basquete Cearense,Pato Basquete,1,70.02333333333333,20.066666666666666,37.11133333333334,12.844,36.755333333333326,9.932666666666668,26.82266666666667,14.134000000000004,14.223333333333331,1.0913333333333335,6.689333333333334,22.69,29.363333333333337,18.555333333333333,36.756666666666675,50.78333333333333,12.844,18.290000000000003,69.73133333333334,1.6,6.577333333333333,0.4919999999999999,2.5773333333333333,20.91,0.12466666666666668,14.223333333333331,3.1340000000000003,76.19933333333334,81.73333333333333,33.4,35.86666666666667,12.466666666666667,36.86666666666667,11.134666666666666,25.733999999999998,16.13333333333333,14.066000000000003,1.1946666666666668,11.133333333333333,30.53333333333334,36.53333333333333,17.93333333333333,34.06733333333334,52.58933333333334,12.466666666666667,17.067333333333334,74.28466666666667,0.4666666666666667,6.4,0.4586666666666667,1.3999999999999995,21.934000000000005,0.068,14.066000000000003,2.9993333333333334,88.33266666666667
