placar_casa,placar_visitante,data,round,stage,ano,equipe_casa,equipe_visitante,resultado,Pts_casa,3P_casa,2P_casa,LL_casa,RT_casa,RO_casa,RD_casa,AS_casa,ER_casa,IA%_casa,3PC_casa,3PT_casa,3P%_casa,2PC_casa,2PT_casa,2P%_casa,LLC_casa,LLT_casa,LL%_casa,EN_casa,BR_casa,B/E_casa,TO_casa,FC_casa,T/FC_casa,ET_casa,VI_casa,EF_casa,Pts_visitante,3P_visitante,2P_visitante,LL_visitante,RT_visitante,RO_visitante,RD_visitante,AS_visitante,ER_visitante,IA%_visitante,3PC_visitante,3PT_visitante,3P%_visitante,2PC_visitante,2PT_visitante,2P%_visitante,LLC_visitante,LLT_visitante,LL%_visitante,EN_visitante,BR_visitante,B/E_visitante,TO_visitante,FC_visitante,T/FC_visitante,ET_visitante,VI_visitante,EF_visitante
91,94,2022-03-29,9,2,2021-2022,Fortaleza B. C. / CFO,Flamengo,0,76.53333333333333,23.0,39.867333333333335,13.666,37.39933333333333,11.200666666666667,26.20066666666667,13.934,12.8,1.1166666666666667,7.666666666666667,26.00066666666667,29.933333333333344,19.932666666666666,41.800666666666665,48.227333333333334,13.666,21.667333333333332,62.877333333333326,1.3326666666666669,7.733333333333333,0.624,2.0660000000000003,19.466,0.11133333333333331,12.8,2.866,76.66666666666667,88.26599999999999,41.8,34.79933333333334,11.666666666666666,42.333333333333336,11.066000000000003,31.267333333333337,20.733333333333334,12.733333333333333,1.759333333333333,13.933999999999997,37.266,37.532000000000004,17.400666666666666,30.20066666666667,57.16,11.666666666666666,15.333333333333334,76.07066666666667,1.7340000000000004,5.8,0.48466666666666675,3.2673333333333336,15.60066666666667,0.21200000000000005,12.733333333333333,1.8673333333333337,107.86599999999999
