placar_casa,placar_visitante,data,round,stage,ano,equipe_casa,equipe_visitante,resultado,Pts_casa,3P_casa,2P_casa,LL_casa,RT_casa,RO_casa,RD_casa,AS_casa,ER_casa,IA%_casa,3PC_casa,3PT_casa,3P%_casa,2PC_casa,2PT_casa,2P%_casa,LLC_casa,LLT_casa,LL%_casa,EN_casa,BR_casa,B/E_casa,TO_casa,FC_casa,T/FC_casa,ET_casa,VI_casa,EF_casa,Pts_visitante,3P_visitante,2P_visitante,LL_visitante,RT_visitante,RO_visitante,RD_visitante,AS_visitante,ER_visitante,IA%_visitante,3PC_visitante,3PT_visitante,3P%_visitante,2PC_visitante,2PT_visitante,2P%_visitante,LLC_visitante,LLT_visitante,LL%_visitante,EN_visitante,BR_visitante,B/E_visitante,TO_visitante,FC_visitante,T/FC_visitante,ET_visitante,VI_visitante,EF_visitante
78,83,2014-05-15,2,5,2013-2014,Paulistano,Coop/São José Basketball,0,83.46666666666667,27.8,37.2,18.466666666666665,34.53333333333333,9.866666666666667,24.666666666666668,12.666666666666666,13.4,1.0219999999999998,9.266666666666667,25.133333333333333,36.824666666666666,18.6,36.4,51.17266666666667,18.466666666666665,22.2,82.56800000000001,1.0666666666666667,10.333333333333334,0.818,1.0,21.266666666666666,0.04800000000000001,13.4,2.466666666666667,91.2,79.4,24.0,38.8,16.6,40.0,11.6,28.4,15.933333333333334,14.333333333333334,1.1366666666666667,8.0,23.933333333333334,33.516,19.4,39.06666666666667,49.519999999999996,16.6,20.8,78.04866666666666,0.7333333333333333,8.4,0.5946666666666667,2.6,18.333333333333332,0.14733333333333337,14.333333333333334,2.6666666666666665,92.2
