placar_casa,placar_visitante,data,round,stage,ano,equipe_casa,equipe_visitante,resultado,Pts_casa,3P_casa,2P_casa,LL_casa,RT_casa,RO_casa,RD_casa,AS_casa,ER_casa,IA%_casa,3PC_casa,3PT_casa,3P%_casa,2PC_casa,2PT_casa,2P%_casa,LLC_casa,LLT_casa,LL%_casa,EN_casa,BR_casa,B/E_casa,TO_casa,FC_casa,T/FC_casa,ET_casa,VI_casa,EF_casa,Pts_visitante,3P_visitante,2P_visitante,LL_visitante,RT_visitante,RO_visitante,RD_visitante,AS_visitante,ER_visitante,IA%_visitante,3PC_visitante,3PT_visitante,3P%_visitante,2PC_visitante,2PT_visitante,2P%_visitante,LLC_visitante,LLT_visitante,LL%_visitante,EN_visitante,BR_visitante,B/E_visitante,TO_visitante,FC_visitante,T/FC_visitante,ET_visitante,VI_visitante,EF_visitante
100,87,2024-03-28,10,2,2023-2024,Pato Basquete,Corinthians,1,80.02133333333333,28.2,40.844,10.978,38.222,11.622000000000002,26.6,16.199333333333335,11.288666666666668,1.5053333333333336,9.399333333333335,28.666,32.74666666666667,20.422666666666665,36.888000000000005,55.37133333333333,10.978,15.910666666666668,70.31933333333333,1.3106666666666669,4.9559999999999995,0.44733333333333325,1.2660000000000002,19.845333333333333,0.06333333333333335,11.288666666666668,2.021333333333333,88.712,80.13333333333334,31.8,35.86666666666667,12.466666666666667,35.2,8.866666666666667,26.333333333333332,18.6,11.666666666666666,1.6946666666666665,10.6,28.266666666666666,37.04933333333334,17.933333333333334,34.266666666666666,52.342000000000006,12.466666666666667,17.466666666666665,72.60333333333334,1.6,6.8,0.6053333333333334,2.4,18.266666666666666,0.13133333333333336,11.666666666666666,1.5333333333333334,92.46666666666667
