placar_casa,placar_visitante,data,round,stage,ano,equipe_casa,equipe_visitante,resultado,Pts_casa,3P_casa,2P_casa,LL_casa,RT_casa,RO_casa,RD_casa,AS_casa,ER_casa,IA%_casa,3PC_casa,3PT_casa,3P%_casa,2PC_casa,2PT_casa,2P%_casa,LLC_casa,LLT_casa,LL%_casa,EN_casa,BR_casa,B/E_casa,TO_casa,FC_casa,T/FC_casa,ET_casa,VI_casa,EF_casa,Pts_visitante,3P_visitante,2P_visitante,LL_visitante,RT_visitante,RO_visitante,RD_visitante,AS_visitante,ER_visitante,IA%_visitante,3PC_visitante,3PT_visitante,3P%_visitante,2PC_visitante,2PT_visitante,2P%_visitante,LLC_visitante,LLT_visitante,LL%_visitante,EN_visitante,BR_visitante,B/E_visitante,TO_visitante,FC_visitante,T/FC_visitante,ET_visitante,VI_visitante,EF_visitante
71,78,2019-11-30,7,1,2019-2020,Bauru Basket,Botafogo,0,82.35,22.65,44.2,15.5,34.7,9.15,25.55,16.6,14.15,1.186,7.55,25.1,30.211000000000002,22.1,38.95,56.952999999999996,15.5,22.6,68.91400000000002,1.3,9.5,0.6790000000000002,1.95,19.2,0.10600000000000001,14.15,1.75,89.45,74.66666666666667,26.833333333333332,33.55555555555556,14.277777777777779,35.111111111111114,10.666666666666666,24.444444444444443,15.88888888888889,14.944444444444445,1.1166666666666667,8.944444444444445,27.5,32.62444444444444,16.77777777777778,33.5,49.70888888888888,14.277777777777779,18.11111111111111,79.79666666666667,0.9444444444444444,5.111111111111111,0.3266666666666667,2.5,22.944444444444443,0.10888888888888887,14.944444444444445,3.0555555555555554,79.16666666666667
