placar_casa,placar_visitante,data,round,stage,ano,equipe_casa,equipe_visitante,resultado,Pts_casa,3P_casa,2P_casa,LL_casa,RT_casa,RO_casa,RD_casa,AS_casa,ER_casa,IA%_casa,3PC_casa,3PT_casa,3P%_casa,2PC_casa,2PT_casa,2P%_casa,LLC_casa,LLT_casa,LL%_casa,EN_casa,BR_casa,B/E_casa,TO_casa,FC_casa,T/FC_casa,ET_casa,VI_casa,EF_casa,Pts_visitante,3P_visitante,2P_visitante,LL_visitante,RT_visitante,RO_visitante,RD_visitante,AS_visitante,ER_visitante,IA%_visitante,3PC_visitante,3PT_visitante,3P%_visitante,2PC_visitante,2PT_visitante,2P%_visitante,LLC_visitante,LLT_visitante,LL%_visitante,EN_visitante,BR_visitante,B/E_visitante,TO_visitante,FC_visitante,T/FC_visitante,ET_visitante,VI_visitante,EF_visitante
81,61,2013-02-07,4,2,2012-2013,Minas,Limeira,1,80.53333333333333,65.2,43.46666666666667,16.466666666666665,26.4,7.666666666666667,18.733333333333334,12.133333333333333,14.4,0.9626666666666666,6.866666666666666,18.666666666666668,35.59333333333334,21.733333333333334,39.4,55.760666666666665,16.466666666666665,20.8,78.50466666666667,0.4666666666666667,7.333333333333333,0.5366666666666667,1.8,21.466666666666665,0.084,14.4,2.6666666666666665,87.0,81.8,57.8,38.53333333333333,11.666666666666666,30.866666666666667,8.933333333333334,21.933333333333334,16.733333333333334,11.8,1.4426666666666665,10.533333333333333,24.6,43.846,19.266666666666666,38.86666666666667,49.897333333333336,11.666666666666666,15.933333333333334,72.92533333333334,1.6666666666666667,6.733333333333333,0.6213333333333334,1.7333333333333334,20.8,0.082,11.8,2.7333333333333334,95.33333333333333
