placar_casa,placar_visitante,data,round,stage,ano,equipe_casa,equipe_visitante,resultado,Pts_casa,3P_casa,2P_casa,LL_casa,RT_casa,RO_casa,RD_casa,AS_casa,ER_casa,IA%_casa,3PC_casa,3PT_casa,3P%_casa,2PC_casa,2PT_casa,2P%_casa,LLC_casa,LLT_casa,LL%_casa,EN_casa,BR_casa,B/E_casa,TO_casa,FC_casa,T/FC_casa,ET_casa,VI_casa,EF_casa,Pts_visitante,3P_visitante,2P_visitante,LL_visitante,RT_visitante,RO_visitante,RD_visitante,AS_visitante,ER_visitante,IA%_visitante,3PC_visitante,3PT_visitante,3P%_visitante,2PC_visitante,2PT_visitante,2P%_visitante,LLC_visitante,LLT_visitante,LL%_visitante,EN_visitante,BR_visitante,B/E_visitante,TO_visitante,FC_visitante,T/FC_visitante,ET_visitante,VI_visitante,EF_visitante
79,83,2013-02-14,5,2,2012-2013,Limeira,Coop/São José Basketball,0,79.93333333333334,59.0,39.333333333333336,11.4,30.266666666666666,9.066666666666666,21.2,16.333333333333332,11.8,1.416,9.733333333333333,24.266666666666666,41.164,19.666666666666668,39.0,50.82333333333334,11.4,15.666666666666666,72.54466666666667,1.6666666666666667,6.533333333333333,0.608,1.5333333333333334,20.866666666666667,0.07200000000000001,11.8,2.7333333333333334,91.86666666666666,79.13333333333334,60.4,40.266666666666666,15.066666666666666,30.533333333333335,7.066666666666666,23.466666666666665,16.6,12.866666666666667,1.350666666666667,7.933333333333334,22.933333333333334,34.48666666666667,20.133333333333333,36.266666666666666,55.40066666666667,15.066666666666666,19.333333333333332,76.35466666666667,0.5333333333333333,6.266666666666667,0.5013333333333333,2.2,19.266666666666666,0.11800000000000001,12.866666666666667,2.1333333333333333,92.86666666666666
