placar_casa,placar_visitante,data,round,stage,ano,equipe_casa,equipe_visitante,resultado,Pts_casa,3P_casa,2P_casa,LL_casa,RT_casa,RO_casa,RD_casa,AS_casa,ER_casa,IA%_casa,3PC_casa,3PT_casa,3P%_casa,2PC_casa,2PT_casa,2P%_casa,LLC_casa,LLT_casa,LL%_casa,EN_casa,BR_casa,B/E_casa,TO_casa,FC_casa,T/FC_casa,ET_casa,VI_casa,EF_casa,Pts_visitante,3P_visitante,2P_visitante,LL_visitante,RT_visitante,RO_visitante,RD_visitante,AS_visitante,ER_visitante,IA%_visitante,3PC_visitante,3PT_visitante,3P%_visitante,2PC_visitante,2PT_visitante,2P%_visitante,LLC_visitante,LLT_visitante,LL%_visitante,EN_visitante,BR_visitante,B/E_visitante,TO_visitante,FC_visitante,T/FC_visitante,ET_visitante,VI_visitante,EF_visitante
88,69,2017-04-29,3,4,2016-2017,Mogi,Vitória,1,81.86666666666666,32.0,34.266666666666666,15.6,39.13333333333333,12.333333333333334,26.8,17.2,12.466666666666667,1.7793333333333337,10.666666666666666,30.8,34.81399999999999,17.133333333333333,33.333333333333336,51.95666666666667,15.6,22.266666666666666,69.87466666666666,1.6,7.666666666666667,0.7439999999999999,1.1333333333333333,19.866666666666667,0.058,12.466666666666667,2.533333333333333,91.53333333333333,76.06666666666666,24.8,37.86666666666667,13.4,36.53333333333333,10.4,26.133333333333333,15.666666666666666,15.333333333333334,1.096,8.266666666666667,24.666666666666668,34.090666666666664,18.933333333333334,38.266666666666666,49.80266666666667,13.4,19.733333333333334,67.378,1.4,8.333333333333334,0.5740000000000001,1.8,23.133333333333333,0.08133333333333334,15.333333333333334,4.466666666666667,81.0
