placar_casa,placar_visitante,data,round,stage,ano,equipe_casa,equipe_visitante,resultado,Pts_casa,3P_casa,2P_casa,LL_casa,RT_casa,RO_casa,RD_casa,AS_casa,ER_casa,IA%_casa,3PC_casa,3PT_casa,3P%_casa,2PC_casa,2PT_casa,2P%_casa,LLC_casa,LLT_casa,LL%_casa,EN_casa,BR_casa,B/E_casa,TO_casa,FC_casa,T/FC_casa,ET_casa,VI_casa,EF_casa,Pts_visitante,3P_visitante,2P_visitante,LL_visitante,RT_visitante,RO_visitante,RD_visitante,AS_visitante,ER_visitante,IA%_visitante,3PC_visitante,3PT_visitante,3P%_visitante,2PC_visitante,2PT_visitante,2P%_visitante,LLC_visitante,LLT_visitante,LL%_visitante,EN_visitante,BR_visitante,B/E_visitante,TO_visitante,FC_visitante,T/FC_visitante,ET_visitante,VI_visitante,EF_visitante
82,80,2017-04-11,2,3,2016-2017,Vitória,VipTech CMB,1,76.0,22.8,38.93333333333333,14.266666666666667,36.46666666666667,9.133333333333333,27.333333333333332,15.866666666666667,14.8,1.1720000000000002,7.6,24.4,31.840666666666667,19.466666666666665,38.333333333333336,51.366,14.266666666666667,21.0,67.64133333333334,1.6,9.4,0.6806666666666668,1.6,22.0,0.07533333333333334,14.8,3.533333333333333,82.13333333333334,76.26666666666667,25.8,32.666666666666664,17.8,36.4,10.466666666666667,25.933333333333334,14.666666666666666,14.266666666666667,1.1446666666666667,8.6,25.533333333333335,33.855333333333334,16.333333333333332,36.6,44.726666666666674,17.8,23.466666666666665,75.482,1.0,8.266666666666667,0.6193333333333334,1.6,20.933333333333334,0.07533333333333334,14.266666666666667,3.0,80.06666666666666
