placar_casa,placar_visitante,data,round,stage,ano,equipe_casa,equipe_visitante,resultado,Pts_casa,3P_casa,2P_casa,LL_casa,RT_casa,RO_casa,RD_casa,AS_casa,ER_casa,IA%_casa,3PC_casa,3PT_casa,3P%_casa,2PC_casa,2PT_casa,2P%_casa,LLC_casa,LLT_casa,LL%_casa,EN_casa,BR_casa,B/E_casa,TO_casa,FC_casa,T/FC_casa,ET_casa,VI_casa,EF_casa,Pts_visitante,3P_visitante,2P_visitante,LL_visitante,RT_visitante,RO_visitante,RD_visitante,AS_visitante,ER_visitante,IA%_visitante,3PC_visitante,3PT_visitante,3P%_visitante,2PC_visitante,2PT_visitante,2P%_visitante,LLC_visitante,LLT_visitante,LL%_visitante,EN_visitante,BR_visitante,B/E_visitante,TO_visitante,FC_visitante,T/FC_visitante,ET_visitante,VI_visitante,EF_visitante
60,78,2022-04-04,10,2,2021-2022,BRB/Brasília,Paulistano,0,79.8,26.0,38.93333333333333,14.866666666666667,40.8,12.6,28.2,14.866666666666667,15.333333333333334,1.044,8.666666666666666,26.666666666666668,32.126666666666665,19.466666666666665,37.46666666666667,52.07333333333333,14.866666666666667,21.333333333333332,68.64533333333334,0.9333333333333333,6.266666666666667,0.422,1.8666666666666667,20.4,0.09466666666666669,15.333333333333334,3.066666666666667,85.8,79.0,26.6,40.26800000000001,12.133999999999999,35.6,10.399333333333335,25.19866666666666,15.066666666666666,12.534666666666665,1.338,8.865333333333332,26.067333333333337,33.64733333333333,20.131999999999998,38.800666666666665,51.57599999999999,12.133999999999999,16.39933333333333,72.14533333333333,2.0013333333333336,7.134666666666667,0.6513333333333333,2.066666666666667,20.400666666666666,0.10400000000000002,12.534666666666665,2.6673333333333336,86.20133333333332
