placar_casa,placar_visitante,data,round,stage,ano,equipe_casa,equipe_visitante,resultado,Pts_casa,3P_casa,2P_casa,LL_casa,RT_casa,RO_casa,RD_casa,AS_casa,ER_casa,IA%_casa,3PC_casa,3PT_casa,3P%_casa,2PC_casa,2PT_casa,2P%_casa,LLC_casa,LLT_casa,LL%_casa,EN_casa,BR_casa,B/E_casa,TO_casa,FC_casa,T/FC_casa,ET_casa,VI_casa,EF_casa,Pts_visitante,3P_visitante,2P_visitante,LL_visitante,RT_visitante,RO_visitante,RD_visitante,AS_visitante,ER_visitante,IA%_visitante,3PC_visitante,3PT_visitante,3P%_visitante,2PC_visitante,2PT_visitante,2P%_visitante,LLC_visitante,LLT_visitante,LL%_visitante,EN_visitante,BR_visitante,B/E_visitante,TO_visitante,FC_visitante,T/FC_visitante,ET_visitante,VI_visitante,EF_visitante
89,66,2017-01-10,14,1,2016-2017,Mogi,Bauru Basket,1,84.0,36.333333333333336,35.111111111111114,12.555555555555555,33.77777777777778,8.333333333333334,25.444444444444443,21.77777777777778,13.555555555555555,1.702222222222222,12.11111111111111,29.333333333333332,40.510000000000005,17.555555555555557,32.77777777777778,54.824444444444445,12.555555555555555,16.11111111111111,77.84222222222223,1.4444444444444444,10.0,0.7888888888888891,1.8888888888888888,19.22222222222222,0.0988888888888889,13.555555555555555,2.3333333333333335,101.88888888888889,79.91666666666667,33.0,33.833333333333336,13.083333333333334,38.833333333333336,9.25,29.583333333333332,17.416666666666668,14.25,1.3183333333333334,11.0,29.0,38.0775,16.916666666666668,34.416666666666664,48.755833333333335,13.083333333333334,18.083333333333332,72.88833333333334,0.8333333333333334,5.833333333333333,0.45250000000000007,1.3333333333333333,17.666666666666668,0.07416666666666667,14.25,4.166666666666667,88.58333333333333
