placar_casa,placar_visitante,data,round,stage,ano,equipe_casa,equipe_visitante,resultado,Pts_casa,3P_casa,2P_casa,LL_casa,RT_casa,RO_casa,RD_casa,AS_casa,ER_casa,IA%_casa,3PC_casa,3PT_casa,3P%_casa,2PC_casa,2PT_casa,2P%_casa,LLC_casa,LLT_casa,LL%_casa,EN_casa,BR_casa,B/E_casa,TO_casa,FC_casa,T/FC_casa,ET_casa,VI_casa,EF_casa,Pts_visitante,3P_visitante,2P_visitante,LL_visitante,RT_visitante,RO_visitante,RD_visitante,AS_visitante,ER_visitante,IA%_visitante,3PC_visitante,3PT_visitante,3P%_visitante,2PC_visitante,2PT_visitante,2P%_visitante,LLC_visitante,LLT_visitante,LL%_visitante,EN_visitante,BR_visitante,B/E_visitante,TO_visitante,FC_visitante,T/FC_visitante,ET_visitante,VI_visitante,EF_visitante
77,79,2013-01-17,15,1,2012-2013,Palmeiras,Tijuca,0,75.23076923076923,55.15384615384615,36.76923076923077,14.923076923076923,27.153846153846153,9.153846153846153,18.0,11.23076923076923,12.076923076923077,1.0761538461538462,7.846153846153846,23.23076923076923,33.94,18.384615384615383,39.30769230769231,47.08538461538462,14.923076923076923,21.76923076923077,67.32846153846154,1.3846153846153846,8.0,0.7215384615384616,1.3846153846153846,23.384615384615383,0.05846153846153848,12.076923076923077,2.923076923076923,77.53846153846153,66.92307692307692,55.84615384615385,37.23076923076923,13.538461538461538,26.615384615384617,7.3076923076923075,19.307692307692307,10.076923076923077,11.846153846153847,0.9715384615384615,5.384615384615385,18.615384615384617,28.005384615384614,18.615384615384617,39.15384615384615,47.82692307692309,13.538461538461538,19.076923076923077,70.47538461538463,0.7692307692307693,6.230769230769231,0.5992307692307693,1.4615384615384615,18.53846153846154,0.08692307692307695,11.846153846153847,3.230769230769231,68.92307692307692
