placar_casa,placar_visitante,data,round,stage,ano,equipe_casa,equipe_visitante,resultado,Pts_casa,3P_casa,2P_casa,LL_casa,RT_casa,RO_casa,RD_casa,AS_casa,ER_casa,IA%_casa,3PC_casa,3PT_casa,3P%_casa,2PC_casa,2PT_casa,2P%_casa,LLC_casa,LLT_casa,LL%_casa,EN_casa,BR_casa,B/E_casa,TO_casa,FC_casa,T/FC_casa,ET_casa,VI_casa,EF_casa,Pts_visitante,3P_visitante,2P_visitante,LL_visitante,RT_visitante,RO_visitante,RD_visitante,AS_visitante,ER_visitante,IA%_visitante,3PC_visitante,3PT_visitante,3P%_visitante,2PC_visitante,2PT_visitante,2P%_visitante,LLC_visitante,LLT_visitante,LL%_visitante,EN_visitante,BR_visitante,B/E_visitante,TO_visitante,FC_visitante,T/FC_visitante,ET_visitante,VI_visitante,EF_visitante
80,73,2017-02-04,19,1,2016-2017,Mogi,R10 Score Vasco da Gama,1,79.73333333333333,31.4,34.0,14.333333333333334,34.733333333333334,9.133333333333333,25.6,19.266666666666666,13.666666666666666,1.464,10.466666666666667,29.0,36.07933333333333,17.0,32.53333333333333,53.392,14.333333333333334,19.733333333333334,73.94266666666665,1.2666666666666666,8.466666666666667,0.63,1.4666666666666666,20.0,0.07466666666666669,13.666666666666666,3.3333333333333335,90.53333333333333,74.33333333333333,21.2,37.333333333333336,15.8,32.53333333333333,9.0,23.533333333333335,15.533333333333333,13.8,1.228,7.066666666666666,22.4,30.891333333333332,18.666666666666668,35.4,53.38933333333333,15.8,19.8,79.336,1.1333333333333333,7.0,0.5586666666666668,1.4,19.466666666666665,0.08000000000000002,13.8,3.2666666666666666,80.93333333333334
