placar_casa,placar_visitante,data,round,stage,ano,equipe_casa,equipe_visitante,resultado,Pts_casa,3P_casa,2P_casa,LL_casa,RT_casa,RO_casa,RD_casa,AS_casa,ER_casa,IA%_casa,3PC_casa,3PT_casa,3P%_casa,2PC_casa,2PT_casa,2P%_casa,LLC_casa,LLT_casa,LL%_casa,EN_casa,BR_casa,B/E_casa,TO_casa,FC_casa,T/FC_casa,ET_casa,VI_casa,EF_casa,Pts_visitante,3P_visitante,2P_visitante,LL_visitante,RT_visitante,RO_visitante,RD_visitante,AS_visitante,ER_visitante,IA%_visitante,3PC_visitante,3PT_visitante,3P%_visitante,2PC_visitante,2PT_visitante,2P%_visitante,LLC_visitante,LLT_visitante,LL%_visitante,EN_visitante,BR_visitante,B/E_visitante,TO_visitante,FC_visitante,T/FC_visitante,ET_visitante,VI_visitante,EF_visitante
85,88,2022-05-02,3,4,2021-2022,UNIFACISA,Minas,0,75.1,29.9,34.46666666666667,10.733333333333333,37.56666666666667,10.866666666666667,26.7,14.3,13.133333333333333,1.16,9.966666666666667,28.8,34.28066666666667,17.233333333333334,35.233333333333334,49.035999999999994,10.733333333333333,14.366666666666667,75.79066666666667,1.3333333333333333,7.833333333333333,0.6266666666666668,1.6333333333333333,18.6,0.08666666666666668,13.133333333333333,2.0,82.83333333333333,81.6,27.8,39.86666666666667,13.933333333333334,36.13333333333333,10.0,26.133333333333333,15.866666666666667,13.266666666666667,1.224,9.266666666666667,27.333333333333332,33.648666666666664,19.933333333333334,34.6,57.606666666666676,13.933333333333334,17.333333333333332,79.91266666666667,2.8666666666666667,6.133333333333334,0.4766666666666666,2.2,17.466666666666665,0.13066666666666665,13.266666666666667,2.8666666666666667,92.53333333333333
