placar_casa,placar_visitante,data,round,stage,ano,equipe_casa,equipe_visitante,resultado,Pts_casa,3P_casa,2P_casa,LL_casa,RT_casa,RO_casa,RD_casa,AS_casa,ER_casa,IA%_casa,3PC_casa,3PT_casa,3P%_casa,2PC_casa,2PT_casa,2P%_casa,LLC_casa,LLT_casa,LL%_casa,EN_casa,BR_casa,B/E_casa,TO_casa,FC_casa,T/FC_casa,ET_casa,VI_casa,EF_casa,Pts_visitante,3P_visitante,2P_visitante,LL_visitante,RT_visitante,RO_visitante,RD_visitante,AS_visitante,ER_visitante,IA%_visitante,3PC_visitante,3PT_visitante,3P%_visitante,2PC_visitante,2PT_visitante,2P%_visitante,LLC_visitante,LLT_visitante,LL%_visitante,EN_visitante,BR_visitante,B/E_visitante,TO_visitante,FC_visitante,T/FC_visitante,ET_visitante,VI_visitante,EF_visitante
90,81,2023-12-11,9,1,2023-2024,Bauru Basket,Cerrado,1,77.3564285714286,28.714285714285715,37.857142857142854,10.785,33.71357142857143,9.0,24.713571428571424,17.428571428571427,12.857142857142858,1.3607142857142858,9.572142857142856,27.92928571428572,33.74285714285714,18.928571428571427,36.14214285714285,52.642857142857146,10.785,14.285714285714286,74.45285714285713,1.5714285714285714,7.500714285714286,0.5942857142857143,1.5,18.000714285714288,0.08499999999999999,12.857142857142858,2.999285714285714,85.57071428571429,72.61615384615385,23.076923076923077,38.77,10.76923076923077,42.691538461538464,14.0,28.691538461538457,16.76923076923077,13.076153846153847,1.3330769230769233,7.691538461538461,25.53846153846154,30.63692307692308,19.383846153846154,41.46153846153846,46.89384615384616,10.76923076923077,18.154615384615383,59.98461538461538,1.3853846153846152,6.614615384615385,0.5292307692307692,2.0761538461538462,17.306923076923077,0.11769230769230771,13.076153846153847,2.308461538461539,80.38384615384615
