placar_casa,placar_visitante,data,round,stage,ano,equipe_casa,equipe_visitante,resultado,Pts_casa,3P_casa,2P_casa,LL_casa,RT_casa,RO_casa,RD_casa,AS_casa,ER_casa,IA%_casa,3PC_casa,3PT_casa,3P%_casa,2PC_casa,2PT_casa,2P%_casa,LLC_casa,LLT_casa,LL%_casa,EN_casa,BR_casa,B/E_casa,TO_casa,FC_casa,T/FC_casa,ET_casa,VI_casa,EF_casa,Pts_visitante,3P_visitante,2P_visitante,LL_visitante,RT_visitante,RO_visitante,RD_visitante,AS_visitante,ER_visitante,IA%_visitante,3PC_visitante,3PT_visitante,3P%_visitante,2PC_visitante,2PT_visitante,2P%_visitante,LLC_visitante,LLT_visitante,LL%_visitante,EN_visitante,BR_visitante,B/E_visitante,TO_visitante,FC_visitante,T/FC_visitante,ET_visitante,VI_visitante,EF_visitante
76,74,2013-01-19,16,1,2012-2013,Minas,Fortaleza B. C. / CFO,1,82.84615384615384,64.84615384615384,43.23076923076923,16.076923076923077,25.153846153846153,6.615384615384615,18.53846153846154,13.923076923076923,13.461538461538462,1.1992307692307693,7.846153846153846,21.076923076923077,37.10153846153847,21.615384615384617,36.92307692307692,58.53692307692307,16.076923076923077,20.076923076923077,79.94153846153846,0.6923076923076923,7.3076923076923075,0.5938461538461538,1.8461538461538463,21.307692307692307,0.08846153846153847,13.461538461538462,3.1538461538461537,92.23076923076923,78.64285714285714,66.21428571428571,44.142857142857146,13.928571428571429,30.785714285714285,8.857142857142858,21.928571428571427,12.928571428571429,11.928571428571429,1.2,6.857142857142857,20.642857142857142,33.87285714285714,22.071428571428573,41.57142857142857,53.396428571428565,13.928571428571429,19.071428571428573,72.10857142857144,1.2857142857142858,7.071428571428571,0.6857142857142858,2.4285714285714284,20.428571428571427,0.1207142857142857,11.928571428571429,2.7142857142857144,89.35714285714286
