placar_casa,placar_visitante,data,round,stage,ano,equipe_casa,equipe_visitante,resultado,Pts_casa,3P_casa,2P_casa,LL_casa,RT_casa,RO_casa,RD_casa,AS_casa,ER_casa,IA%_casa,3PC_casa,3PT_casa,3P%_casa,2PC_casa,2PT_casa,2P%_casa,LLC_casa,LLT_casa,LL%_casa,EN_casa,BR_casa,B/E_casa,TO_casa,FC_casa,T/FC_casa,ET_casa,VI_casa,EF_casa,Pts_visitante,3P_visitante,2P_visitante,LL_visitante,RT_visitante,RO_visitante,RD_visitante,AS_visitante,ER_visitante,IA%_visitante,3PC_visitante,3PT_visitante,3P%_visitante,2PC_visitante,2PT_visitante,2P%_visitante,LLC_visitante,LLT_visitante,LL%_visitante,EN_visitante,BR_visitante,B/E_visitante,TO_visitante,FC_visitante,T/FC_visitante,ET_visitante,VI_visitante,EF_visitante
86,93,2019-03-18,11,2,2018-2019,Paulistano,Sesi Franca,0,88.26600000000002,34.8,37.333333333333336,16.13266666666667,42.199333333333335,13.067333333333332,29.134000000000004,18.067333333333337,15.199333333333334,1.232,11.6,31.267333333333337,37.23333333333333,18.666666666666668,34.66733333333333,53.484666666666676,16.13266666666667,21.666666666666668,74.65866666666668,3.0673333333333335,5.4,0.36266666666666664,2.5340000000000003,21.666666666666668,0.12133333333333331,15.199333333333334,2.066666666666667,99.66733333333332,87.46666666666667,31.6,40.8,15.066666666666666,33.666666666666664,8.266666666666667,25.4,17.333333333333332,12.466666666666667,1.4253333333333336,10.533333333333333,27.466666666666665,38.274,20.4,34.2,60.29066666666666,15.066666666666666,18.533333333333335,81.55866666666665,1.7333333333333334,7.266666666666667,0.6226666666666668,1.8,18.333333333333332,0.09666666666666665,12.466666666666667,1.7333333333333334,100.6
