placar_casa,placar_visitante,data,round,stage,ano,equipe_casa,equipe_visitante,resultado,Pts_casa,3P_casa,2P_casa,LL_casa,RT_casa,RO_casa,RD_casa,AS_casa,ER_casa,IA%_casa,3PC_casa,3PT_casa,3P%_casa,2PC_casa,2PT_casa,2P%_casa,LLC_casa,LLT_casa,LL%_casa,EN_casa,BR_casa,B/E_casa,TO_casa,FC_casa,T/FC_casa,ET_casa,VI_casa,EF_casa,Pts_visitante,3P_visitante,2P_visitante,LL_visitante,RT_visitante,RO_visitante,RD_visitante,AS_visitante,ER_visitante,IA%_visitante,3PC_visitante,3PT_visitante,3P%_visitante,2PC_visitante,2PT_visitante,2P%_visitante,LLC_visitante,LLT_visitante,LL%_visitante,EN_visitante,BR_visitante,B/E_visitante,TO_visitante,FC_visitante,T/FC_visitante,ET_visitante,VI_visitante,EF_visitante
72,86,2024-02-07,4,2,2023-2024,Caxias do Sul Basquete,Cerrado,0,70.86666666666666,21.4,34.13333333333333,15.333333333333334,34.86666666666667,11.266666666666667,23.6,15.733333333333333,15.733333333333333,1.0173333333333334,7.133333333333334,25.733333333333334,27.753333333333334,17.066666666666666,36.2,47.52533333333333,15.333333333333334,21.466666666666665,71.29666666666668,2.6,7.533333333333333,0.48466666666666663,1.9333333333333333,21.733333333333334,0.08933333333333335,15.733333333333333,3.2666666666666666,71.33333333333333,74.23333333333333,25.0,37.86666666666667,11.366666666666667,36.13333333333333,10.333333333333334,25.8,15.633333333333333,12.9,1.2426666666666664,8.333333333333334,23.433333333333334,36.076,18.933333333333334,39.03333333333333,48.50666666666666,11.366666666666667,16.466666666666665,67.232,1.2333333333333334,7.6,0.6,1.5666666666666667,16.1,0.10200000000000002,12.9,2.6333333333333333,81.96666666666667
