placar_casa,placar_visitante,data,round,stage,ano,equipe_casa,equipe_visitante,resultado,Pts_casa,3P_casa,2P_casa,LL_casa,RT_casa,RO_casa,RD_casa,AS_casa,ER_casa,IA%_casa,3PC_casa,3PT_casa,3P%_casa,2PC_casa,2PT_casa,2P%_casa,LLC_casa,LLT_casa,LL%_casa,EN_casa,BR_casa,B/E_casa,TO_casa,FC_casa,T/FC_casa,ET_casa,VI_casa,EF_casa,Pts_visitante,3P_visitante,2P_visitante,LL_visitante,RT_visitante,RO_visitante,RD_visitante,AS_visitante,ER_visitante,IA%_visitante,3PC_visitante,3PT_visitante,3P%_visitante,2PC_visitante,2PT_visitante,2P%_visitante,LLC_visitante,LLT_visitante,LL%_visitante,EN_visitante,BR_visitante,B/E_visitante,TO_visitante,FC_visitante,T/FC_visitante,ET_visitante,VI_visitante,EF_visitante
74,99,2021-04-06,8,2,2020-2021,VipTech CMB,São Paulo,0,76.0,25.866666666666667,40.534,9.601333333333333,36.732,11.777333333333333,24.95466666666666,17.066666666666666,12.422,1.4120000000000001,8.622666666666667,27.20066666666667,31.6,20.266,41.4,48.93266666666667,9.601333333333333,16.266666666666666,58.157333333333334,1.1113333333333335,6.867333333333334,0.5826666666666666,1.1553333333333333,20.111333333333334,0.057333333333333326,12.422,1.7793333333333332,79.02199999999999,88.06733333333334,32.7,41.532666666666664,13.832666666666666,39.16733333333333,9.666,29.49933333333333,18.334,11.532666666666668,1.6266666666666667,10.900666666666666,29.133333333333333,37.49933333333333,20.767333333333333,36.93266666666667,56.14066666666666,13.832666666666666,17.6,78.91333333333333,2.4673333333333334,7.600666666666667,0.6753333333333335,2.966666666666667,14.400666666666666,0.21400000000000002,11.532666666666668,1.5326666666666668,106.43399999999998
