placar_casa,placar_visitante,data,round,stage,ano,equipe_casa,equipe_visitante,resultado,Pts_casa,3P_casa,2P_casa,LL_casa,RT_casa,RO_casa,RD_casa,AS_casa,ER_casa,IA%_casa,3PC_casa,3PT_casa,3P%_casa,2PC_casa,2PT_casa,2P%_casa,LLC_casa,LLT_casa,LL%_casa,EN_casa,BR_casa,B/E_casa,TO_casa,FC_casa,T/FC_casa,ET_casa,VI_casa,EF_casa,Pts_visitante,3P_visitante,2P_visitante,LL_visitante,RT_visitante,RO_visitante,RD_visitante,AS_visitante,ER_visitante,IA%_visitante,3PC_visitante,3PT_visitante,3P%_visitante,2PC_visitante,2PT_visitante,2P%_visitante,LLC_visitante,LLT_visitante,LL%_visitante,EN_visitante,BR_visitante,B/E_visitante,TO_visitante,FC_visitante,T/FC_visitante,ET_visitante,VI_visitante,EF_visitante
90,79,2013-02-23,8,2,2012-2013,Brasília,Tijuca,1,89.33333333333333,63.8,42.53333333333333,15.6,34.6,10.2,24.4,17.733333333333334,11.6,1.6999999999999997,10.4,27.466666666666665,38.57066666666667,21.266666666666666,38.2,56.04600000000001,15.6,19.066666666666666,82.36533333333335,1.2,9.0,0.854,2.8,21.866666666666667,0.13066666666666665,11.6,2.2,110.06666666666666,69.93333333333334,54.6,36.4,16.133333333333333,26.333333333333332,6.133333333333334,20.2,10.333333333333334,12.133333333333333,0.8866666666666667,5.8,18.666666666666668,30.079333333333338,18.2,37.0,49.55333333333333,16.133333333333333,22.4,70.10799999999999,0.4666666666666667,5.066666666666666,0.4113333333333334,1.6,19.066666666666666,0.08533333333333334,12.133333333333333,2.3333333333333335,71.8
