placar_casa,placar_visitante,data,round,stage,ano,equipe_casa,equipe_visitante,resultado,Pts_casa,3P_casa,2P_casa,LL_casa,RT_casa,RO_casa,RD_casa,AS_casa,ER_casa,IA%_casa,3PC_casa,3PT_casa,3P%_casa,2PC_casa,2PT_casa,2P%_casa,LLC_casa,LLT_casa,LL%_casa,EN_casa,BR_casa,B/E_casa,TO_casa,FC_casa,T/FC_casa,ET_casa,VI_casa,EF_casa,Pts_visitante,3P_visitante,2P_visitante,LL_visitante,RT_visitante,RO_visitante,RD_visitante,AS_visitante,ER_visitante,IA%_visitante,3PC_visitante,3PT_visitante,3P%_visitante,2PC_visitante,2PT_visitante,2P%_visitante,LLC_visitante,LLT_visitante,LL%_visitante,EN_visitante,BR_visitante,B/E_visitante,TO_visitante,FC_visitante,T/FC_visitante,ET_visitante,VI_visitante,EF_visitante
89,83,2022-01-12,12,1,2021-2022,Paulistano,Caxias do Sul Basquete,1,77.43333333333334,26.7,37.93333333333333,12.8,39.233333333333334,11.2,28.033333333333335,15.4,13.533333333333333,1.1886666666666668,8.9,27.5,32.39466666666667,18.966666666666665,39.266666666666666,48.395999999999994,12.8,17.766666666666666,71.66799999999999,1.3333333333333333,7.4,0.5546666666666666,2.3333333333333335,20.3,0.11799999999999998,13.533333333333333,3.3666666666666667,84.4,75.56666666666666,25.0,39.666666666666664,10.9,33.96666666666667,8.133333333333333,25.833333333333332,17.6,13.0,1.3886666666666665,8.333333333333334,24.366666666666667,34.467999999999996,19.833333333333332,37.0,53.486000000000004,10.9,15.433333333333334,70.33733333333333,1.4,8.233333333333333,0.6746666666666667,2.7666666666666666,21.133333333333333,0.13333333333333333,13.0,2.6333333333333333,87.4
