placar_casa,placar_visitante,data,round,stage,ano,equipe_casa,equipe_visitante,resultado,Pts_casa,3P_casa,2P_casa,LL_casa,RT_casa,RO_casa,RD_casa,AS_casa,ER_casa,IA%_casa,3PC_casa,3PT_casa,3P%_casa,2PC_casa,2PT_casa,2P%_casa,LLC_casa,LLT_casa,LL%_casa,EN_casa,BR_casa,B/E_casa,TO_casa,FC_casa,T/FC_casa,ET_casa,VI_casa,EF_casa,Pts_visitante,3P_visitante,2P_visitante,LL_visitante,RT_visitante,RO_visitante,RD_visitante,AS_visitante,ER_visitante,IA%_visitante,3PC_visitante,3PT_visitante,3P%_visitante,2PC_visitante,2PT_visitante,2P%_visitante,LLC_visitante,LLT_visitante,LL%_visitante,EN_visitante,BR_visitante,B/E_visitante,TO_visitante,FC_visitante,T/FC_visitante,ET_visitante,VI_visitante,EF_visitante
94,87,2014-02-10,4,2,2013-2014,Uberlândia,Sesi Franca,1,85.66666666666667,33.4,38.93333333333333,13.333333333333334,32.86666666666667,9.6,23.266666666666666,19.466666666666665,12.666666666666666,1.6646666666666667,11.133333333333333,24.866666666666667,44.55866666666666,19.466666666666665,35.8,54.562000000000005,13.333333333333334,17.466666666666665,78.40933333333332,3.533333333333333,7.933333333333334,0.6519999999999999,2.2666666666666666,20.4,0.11333333333333333,12.666666666666666,3.0,101.33333333333333,77.73333333333333,20.8,43.06666666666667,13.866666666666667,34.8,10.8,24.0,14.933333333333334,14.533333333333333,1.118,6.933333333333334,19.666666666666668,35.73466666666666,21.533333333333335,40.86666666666667,53.315999999999995,13.866666666666667,18.933333333333334,72.66133333333333,1.5333333333333334,9.466666666666667,0.706,2.6,18.733333333333334,0.14800000000000002,14.533333333333333,2.0,87.8
