placar_casa,placar_visitante,data,round,stage,ano,equipe_casa,equipe_visitante,resultado,Pts_casa,3P_casa,2P_casa,LL_casa,RT_casa,RO_casa,RD_casa,AS_casa,ER_casa,IA%_casa,3PC_casa,3PT_casa,3P%_casa,2PC_casa,2PT_casa,2P%_casa,LLC_casa,LLT_casa,LL%_casa,EN_casa,BR_casa,B/E_casa,TO_casa,FC_casa,T/FC_casa,ET_casa,VI_casa,EF_casa,Pts_visitante,3P_visitante,2P_visitante,LL_visitante,RT_visitante,RO_visitante,RD_visitante,AS_visitante,ER_visitante,IA%_visitante,3PC_visitante,3PT_visitante,3P%_visitante,2PC_visitante,2PT_visitante,2P%_visitante,LLC_visitante,LLT_visitante,LL%_visitante,EN_visitante,BR_visitante,B/E_visitante,TO_visitante,FC_visitante,T/FC_visitante,ET_visitante,VI_visitante,EF_visitante
69,75,2011-12-15,9,1,2011-2012,Limeira,Bauru Basket,0,84.83333333333333,32.5,35.666666666666664,16.666666666666668,28.333333333333332,6.666666666666667,21.666666666666668,12.666666666666666,11.5,1.1766666666666665,10.833333333333334,25.5,42.20166666666667,17.833333333333332,37.166666666666664,48.01500000000001,16.666666666666668,20.333333333333332,83.78166666666667,1.5,8.833333333333334,0.8949999999999999,2.1666666666666665,21.0,0.12666666666666668,11.5,2.1666666666666665,87.66666666666667,82.0,21.857142857142858,45.714285714285715,14.428571428571429,32.57142857142857,11.857142857142858,20.714285714285715,13.857142857142858,9.714285714285714,1.8471428571428572,7.285714285714286,22.285714285714285,33.894285714285715,22.857142857142858,42.285714285714285,54.597142857142856,14.428571428571429,19.0,75.37857142857142,2.7142857142857144,7.142857142857143,0.9514285714285714,2.4285714285714284,18.0,0.12714285714285714,9.714285714285714,1.8571428571428572,89.28571428571429
