placar_casa,placar_visitante,data,round,stage,ano,equipe_casa,equipe_visitante,resultado,Pts_casa,3P_casa,2P_casa,LL_casa,RT_casa,RO_casa,RD_casa,AS_casa,ER_casa,IA%_casa,3PC_casa,3PT_casa,3P%_casa,2PC_casa,2PT_casa,2P%_casa,LLC_casa,LLT_casa,LL%_casa,EN_casa,BR_casa,B/E_casa,TO_casa,FC_casa,T/FC_casa,ET_casa,VI_casa,EF_casa,Pts_visitante,3P_visitante,2P_visitante,LL_visitante,RT_visitante,RO_visitante,RD_visitante,AS_visitante,ER_visitante,IA%_visitante,3PC_visitante,3PT_visitante,3P%_visitante,2PC_visitante,2PT_visitante,2P%_visitante,LLC_visitante,LLT_visitante,LL%_visitante,EN_visitante,BR_visitante,B/E_visitante,TO_visitante,FC_visitante,T/FC_visitante,ET_visitante,VI_visitante,EF_visitante
98,107,2009-03-25,1,2,2008-2009,Joinville,Limeira,0,81.76923076923077,27.923076923076923,39.84615384615385,14.0,35.61538461538461,9.076923076923077,26.53846153846154,16.76923076923077,14.615384615384615,1.18,9.307692307692308,25.153846153846153,37.16692307692308,19.923076923076923,37.15384615384615,53.339999999999996,14.0,20.76923076923077,67.76692307692308,1.6923076923076923,8.615384615384615,0.6230769230769232,3.076923076923077,18.76923076923077,0.17769230769230765,14.615384615384615,0.0,91.38461538461539,85.07142857142857,28.928571428571427,37.42857142857143,18.714285714285715,29.214285714285715,7.071428571428571,22.142857142857142,16.428571428571427,16.142857142857142,1.1864285714285714,9.642857142857142,24.857142857142858,39.18357142857143,18.714285714285715,35.57142857142857,53.13357142857143,18.714285714285715,24.142857142857142,77.41142857142856,2.357142857142857,8.285714285714286,0.5671428571428572,4.928571428571429,21.5,0.23642857142857143,16.142857142857142,0.0,90.28571428571429
