placar_casa,placar_visitante,data,round,stage,ano,equipe_casa,equipe_visitante,resultado,Pts_casa,3P_casa,2P_casa,LL_casa,RT_casa,RO_casa,RD_casa,AS_casa,ER_casa,IA%_casa,3PC_casa,3PT_casa,3P%_casa,2PC_casa,2PT_casa,2P%_casa,LLC_casa,LLT_casa,LL%_casa,EN_casa,BR_casa,B/E_casa,TO_casa,FC_casa,T/FC_casa,ET_casa,VI_casa,EF_casa,Pts_visitante,3P_visitante,2P_visitante,LL_visitante,RT_visitante,RO_visitante,RD_visitante,AS_visitante,ER_visitante,IA%_visitante,3PC_visitante,3PT_visitante,3P%_visitante,2PC_visitante,2PT_visitante,2P%_visitante,LLC_visitante,LLT_visitante,LL%_visitante,EN_visitante,BR_visitante,B/E_visitante,TO_visitante,FC_visitante,T/FC_visitante,ET_visitante,VI_visitante,EF_visitante
83,77,2020-01-28,3,2,2019-2020,Flamengo,UNIFACISA,1,83.83333333333333,29.9,38.86666666666667,15.066666666666666,38.7,11.5,27.2,18.433333333333334,11.7,1.7339999999999998,9.966666666666667,28.0,35.38533333333334,19.433333333333334,37.06666666666667,52.702,15.066666666666666,21.533333333333335,70.06533333333333,0.9666666666666667,7.133333333333334,0.6166666666666667,1.7666666666666666,19.366666666666667,0.09066666666666666,11.7,1.6333333333333333,95.96666666666667,82.13266666666668,29.6,39.60066666666667,12.934000000000003,36.93333333333333,10.132666666666667,26.800666666666668,18.20066666666667,11.799333333333333,1.5679999999999998,9.866000000000001,29.60066666666667,33.141999999999996,19.799333333333333,36.266,54.38466666666667,12.934000000000003,16.79933333333333,75.62866666666667,1.5993333333333335,7.133333333333334,0.6293333333333333,2.3340000000000005,20.267333333333337,0.11999999999999998,11.799333333333333,1.799333333333333,94.73333333333333
