placar_casa,placar_visitante,data,round,stage,ano,equipe_casa,equipe_visitante,resultado,Pts_casa,3P_casa,2P_casa,LL_casa,RT_casa,RO_casa,RD_casa,AS_casa,ER_casa,IA%_casa,3PC_casa,3PT_casa,3P%_casa,2PC_casa,2PT_casa,2P%_casa,LLC_casa,LLT_casa,LL%_casa,EN_casa,BR_casa,B/E_casa,TO_casa,FC_casa,T/FC_casa,ET_casa,VI_casa,EF_casa,Pts_visitante,3P_visitante,2P_visitante,LL_visitante,RT_visitante,RO_visitante,RD_visitante,AS_visitante,ER_visitante,IA%_visitante,3PC_visitante,3PT_visitante,3P%_visitante,2PC_visitante,2PT_visitante,2P%_visitante,LLC_visitante,LLT_visitante,LL%_visitante,EN_visitante,BR_visitante,B/E_visitante,TO_visitante,FC_visitante,T/FC_visitante,ET_visitante,VI_visitante,EF_visitante
75,68,2013-03-28,15,2,2012-2013,Uberlândia,Mogi,1,85.73333333333333,62.6,44.53333333333333,14.8,30.2,6.666666666666667,23.533333333333335,18.333333333333332,12.533333333333333,1.7353333333333332,8.8,21.733333333333334,41.492666666666665,22.266666666666666,38.93333333333333,57.498,14.8,18.2,81.02733333333335,3.4,5.8,0.49599999999999994,3.0,21.333333333333332,0.146,12.533333333333333,2.6666666666666665,103.06666666666666,75.53333333333333,58.2,38.8,17.333333333333332,31.266666666666666,9.133333333333333,22.133333333333333,12.0,14.533333333333333,0.8946666666666668,6.466666666666667,18.466666666666665,35.66466666666667,19.4,41.53333333333333,47.532666666666664,17.333333333333332,23.866666666666667,72.19533333333332,0.3333333333333333,5.266666666666667,0.3913333333333334,1.4666666666666666,22.933333333333334,0.07133333333333333,14.533333333333333,3.2,80.06666666666666
