placar_casa,placar_visitante,data,round,stage,ano,equipe_casa,equipe_visitante,resultado,Pts_casa,3P_casa,2P_casa,LL_casa,RT_casa,RO_casa,RD_casa,AS_casa,ER_casa,IA%_casa,3PC_casa,3PT_casa,3P%_casa,2PC_casa,2PT_casa,2P%_casa,LLC_casa,LLT_casa,LL%_casa,EN_casa,BR_casa,B/E_casa,TO_casa,FC_casa,T/FC_casa,ET_casa,VI_casa,EF_casa,Pts_visitante,3P_visitante,2P_visitante,LL_visitante,RT_visitante,RO_visitante,RD_visitante,AS_visitante,ER_visitante,IA%_visitante,3PC_visitante,3PT_visitante,3P%_visitante,2PC_visitante,2PT_visitante,2P%_visitante,LLC_visitante,LLT_visitante,LL%_visitante,EN_visitante,BR_visitante,B/E_visitante,TO_visitante,FC_visitante,T/FC_visitante,ET_visitante,VI_visitante,EF_visitante
72,86,2014-12-07,1,1,2014-2015,Limeira,Pinheiros,0,83.85714285714286,29.142857142857142,38.0,16.714285714285715,31.428571428571427,9.0,22.428571428571427,18.285714285714285,12.285714285714286,1.6157142857142859,9.714285714285714,24.285714285714285,39.53714285714286,19.0,34.42857142857143,55.519999999999996,16.714285714285715,21.0,79.15,2.0,9.857142857142858,0.8742857142857143,2.0,20.428571428571427,0.09571428571428571,12.285714285714286,2.5714285714285716,98.85714285714286,85.33333333333333,27.5,43.666666666666664,14.166666666666666,32.833333333333336,10.5,22.333333333333332,15.5,12.166666666666666,1.385,9.166666666666666,25.166666666666668,36.875,21.833333333333332,41.166666666666664,53.586666666666666,14.166666666666666,18.5,72.94,3.0,13.666666666666666,1.1266666666666667,2.1666666666666665,19.666666666666668,0.12666666666666668,12.166666666666666,2.1666666666666665,97.66666666666667
