placar_casa,placar_visitante,data,round,stage,ano,equipe_casa,equipe_visitante,resultado,Pts_casa,3P_casa,2P_casa,LL_casa,RT_casa,RO_casa,RD_casa,AS_casa,ER_casa,IA%_casa,3PC_casa,3PT_casa,3P%_casa,2PC_casa,2PT_casa,2P%_casa,LLC_casa,LLT_casa,LL%_casa,EN_casa,BR_casa,B/E_casa,TO_casa,FC_casa,T/FC_casa,ET_casa,VI_casa,EF_casa,Pts_visitante,3P_visitante,2P_visitante,LL_visitante,RT_visitante,RO_visitante,RD_visitante,AS_visitante,ER_visitante,IA%_visitante,3PC_visitante,3PT_visitante,3P%_visitante,2PC_visitante,2PT_visitante,2P%_visitante,LLC_visitante,LLT_visitante,LL%_visitante,EN_visitante,BR_visitante,B/E_visitante,TO_visitante,FC_visitante,T/FC_visitante,ET_visitante,VI_visitante,EF_visitante
100,104,2019-03-24,12,2,2018-2019,Paulistano,Botafogo,0,87.09933333333333,33.9,37.93333333333333,15.266,41.566,12.667333333333334,28.90066666666667,18.167333333333332,15.199333333333334,1.2366666666666666,11.3,31.00066666666667,36.57933333333333,18.966666666666665,34.50066666666667,54.68466666666667,15.266,20.866666666666667,73.21733333333331,3.100666666666667,5.233333333333333,0.34933333333333333,2.700666666666667,21.666666666666668,0.13,15.199333333333334,1.8666666666666667,98.134,74.1,23.4,38.86666666666667,11.833333333333334,34.266666666666666,12.2,22.066666666666666,15.866666666666667,13.1,1.288,7.8,24.2,32.91799999999999,19.433333333333334,38.7,50.26866666666667,11.833333333333334,16.933333333333334,70.77333333333333,1.1,6.633333333333334,0.5560000000000002,1.6333333333333333,22.566666666666666,0.07266666666666667,13.1,2.8333333333333335,78.43333333333334
