placar_casa,placar_visitante,data,round,stage,ano,equipe_casa,equipe_visitante,resultado,Pts_casa,3P_casa,2P_casa,LL_casa,RT_casa,RO_casa,RD_casa,AS_casa,ER_casa,IA%_casa,3PC_casa,3PT_casa,3P%_casa,2PC_casa,2PT_casa,2P%_casa,LLC_casa,LLT_casa,LL%_casa,EN_casa,BR_casa,B/E_casa,TO_casa,FC_casa,T/FC_casa,ET_casa,VI_casa,EF_casa,Pts_visitante,3P_visitante,2P_visitante,LL_visitante,RT_visitante,RO_visitante,RD_visitante,AS_visitante,ER_visitante,IA%_visitante,3PC_visitante,3PT_visitante,3P%_visitante,2PC_visitante,2PT_visitante,2P%_visitante,LLC_visitante,LLT_visitante,LL%_visitante,EN_visitante,BR_visitante,B/E_visitante,TO_visitante,FC_visitante,T/FC_visitante,ET_visitante,VI_visitante,EF_visitante
90,89,2015-02-13,8,2,2014-2015,Bauru Basket,Limeira,1,90.73333333333333,37.0,40.0,13.733333333333333,38.6,8.933333333333334,29.666666666666668,18.266666666666666,12.466666666666667,1.6606666666666667,12.333333333333334,30.466666666666665,39.91666666666667,20.0,33.666666666666664,59.123333333333335,13.733333333333333,18.333333333333332,73.37666666666668,1.2,8.733333333333333,0.7786666666666666,2.066666666666667,17.533333333333335,0.12866666666666668,12.466666666666667,2.0,109.53333333333333,82.46666666666667,27.0,42.13333333333333,13.333333333333334,30.666666666666668,8.133333333333333,22.533333333333335,18.133333333333333,12.666666666666666,1.498,9.0,22.333333333333332,40.821999999999996,21.066666666666666,37.666666666666664,55.748666666666665,13.333333333333334,16.8,78.388,2.2666666666666666,9.8,0.7853333333333334,3.3333333333333335,20.266666666666666,0.16866666666666666,12.666666666666666,2.8,98.33333333333333
