placar_casa,placar_visitante,data,round,stage,ano,equipe_casa,equipe_visitante,resultado,Pts_casa,3P_casa,2P_casa,LL_casa,RT_casa,RO_casa,RD_casa,AS_casa,ER_casa,IA%_casa,3PC_casa,3PT_casa,3P%_casa,2PC_casa,2PT_casa,2P%_casa,LLC_casa,LLT_casa,LL%_casa,EN_casa,BR_casa,B/E_casa,TO_casa,FC_casa,T/FC_casa,ET_casa,VI_casa,EF_casa,Pts_visitante,3P_visitante,2P_visitante,LL_visitante,RT_visitante,RO_visitante,RD_visitante,AS_visitante,ER_visitante,IA%_visitante,3PC_visitante,3PT_visitante,3P%_visitante,2PC_visitante,2PT_visitante,2P%_visitante,LLC_visitante,LLT_visitante,LL%_visitante,EN_visitante,BR_visitante,B/E_visitante,TO_visitante,FC_visitante,T/FC_visitante,ET_visitante,VI_visitante,EF_visitante
98,82,2015-02-04,5,2,2014-2015,Mogi,Limeira,1,84.4,23.4,43.06666666666667,17.933333333333334,37.666666666666664,13.0,24.666666666666668,15.666666666666666,14.466666666666667,1.1573333333333333,7.8,20.533333333333335,38.11333333333333,21.533333333333335,41.2,52.72333333333334,17.933333333333334,22.933333333333334,76.50533333333333,2.6,10.066666666666666,0.7166666666666668,2.4,22.0,0.11000000000000001,14.466666666666667,2.7333333333333334,98.33333333333333,83.0,29.4,41.46666666666667,12.133333333333333,31.466666666666665,8.533333333333333,22.933333333333334,18.4,12.133333333333333,1.5626666666666666,9.8,23.933333333333334,41.53666666666666,20.733333333333334,37.666666666666664,54.752,12.133333333333333,15.4,78.21666666666667,2.3333333333333335,9.666666666666666,0.7986666666666667,2.8,20.066666666666666,0.13866666666666666,12.133333333333333,2.3333333333333335,98.86666666666666
