placar_casa,placar_visitante,data,round,stage,ano,equipe_casa,equipe_visitante,resultado,Pts_casa,3P_casa,2P_casa,LL_casa,RT_casa,RO_casa,RD_casa,AS_casa,ER_casa,IA%_casa,3PC_casa,3PT_casa,3P%_casa,2PC_casa,2PT_casa,2P%_casa,LLC_casa,LLT_casa,LL%_casa,EN_casa,BR_casa,B/E_casa,TO_casa,FC_casa,T/FC_casa,ET_casa,VI_casa,EF_casa,Pts_visitante,3P_visitante,2P_visitante,LL_visitante,RT_visitante,RO_visitante,RD_visitante,AS_visitante,ER_visitante,IA%_visitante,3PC_visitante,3PT_visitante,3P%_visitante,2PC_visitante,2PT_visitante,2P%_visitante,LLC_visitante,LLT_visitante,LL%_visitante,EN_visitante,BR_visitante,B/E_visitante,TO_visitante,FC_visitante,T/FC_visitante,ET_visitante,VI_visitante,EF_visitante
69,71,2014-02-01,4,2,2013-2014,Limeira,L. Sorocabana,0,75.8,24.4,37.733333333333334,13.666666666666666,31.6,7.333333333333333,24.266666666666666,15.533333333333333,11.866666666666667,1.4413333333333334,8.133333333333333,20.733333333333334,39.83933333333333,18.866666666666667,36.2,52.15599999999999,13.666666666666666,18.533333333333335,73.22133333333335,0.5333333333333333,8.933333333333334,0.8293333333333334,2.066666666666667,20.666666666666668,0.10133333333333333,11.866666666666667,2.0,87.26666666666667,76.86666666666666,20.8,38.93333333333333,17.133333333333333,29.933333333333334,10.2,19.733333333333334,11.2,11.666666666666666,1.0873333333333335,6.933333333333334,19.2,35.96066666666666,19.466666666666665,40.266666666666666,48.547333333333334,17.133333333333333,22.866666666666667,74.34733333333334,1.5333333333333334,10.2,0.9673333333333335,1.8666666666666667,23.6,0.08200000000000002,11.666666666666666,2.3333333333333335,79.6
