placar_casa,placar_visitante,data,round,stage,ano,equipe_casa,equipe_visitante,resultado,Pts_casa,3P_casa,2P_casa,LL_casa,RT_casa,RO_casa,RD_casa,AS_casa,ER_casa,IA%_casa,3PC_casa,3PT_casa,3P%_casa,2PC_casa,2PT_casa,2P%_casa,LLC_casa,LLT_casa,LL%_casa,EN_casa,BR_casa,B/E_casa,TO_casa,FC_casa,T/FC_casa,ET_casa,VI_casa,EF_casa,Pts_visitante,3P_visitante,2P_visitante,LL_visitante,RT_visitante,RO_visitante,RD_visitante,AS_visitante,ER_visitante,IA%_visitante,3PC_visitante,3PT_visitante,3P%_visitante,2PC_visitante,2PT_visitante,2P%_visitante,LLC_visitante,LLT_visitante,LL%_visitante,EN_visitante,BR_visitante,B/E_visitante,TO_visitante,FC_visitante,T/FC_visitante,ET_visitante,VI_visitante,EF_visitante
60,66,2022-03-14,7,2,2021-2022,Caxias do Sul Basquete,Bauru Basket,0,70.8,23.0,36.8,11.0,33.13333333333333,8.0,25.133333333333333,16.333333333333332,14.2,1.2046666666666668,7.666666666666667,23.533333333333335,32.17733333333334,18.4,37.6,48.98133333333333,11.0,15.933333333333334,69.33666666666666,1.2,6.466666666666667,0.45866666666666667,3.066666666666667,19.733333333333334,0.156,14.2,2.8,75.6,77.86666666666666,32.4,34.4,11.066666666666666,33.6,7.933333333333334,25.666666666666668,17.133333333333333,10.933333333333334,1.6179999999999999,10.8,30.666666666666668,35.24533333333333,17.2,32.93333333333333,52.29666666666667,11.066666666666666,15.066666666666666,72.41333333333336,1.4,7.0,0.6493333333333333,1.4,18.533333333333335,0.07933333333333334,10.933333333333334,2.2666666666666666,86.46666666666667
