placar_casa,placar_visitante,data,round,stage,ano,equipe_casa,equipe_visitante,resultado,Pts_casa,3P_casa,2P_casa,LL_casa,RT_casa,RO_casa,RD_casa,AS_casa,ER_casa,IA%_casa,3PC_casa,3PT_casa,3P%_casa,2PC_casa,2PT_casa,2P%_casa,LLC_casa,LLT_casa,LL%_casa,EN_casa,BR_casa,B/E_casa,TO_casa,FC_casa,T/FC_casa,ET_casa,VI_casa,EF_casa,Pts_visitante,3P_visitante,2P_visitante,LL_visitante,RT_visitante,RO_visitante,RD_visitante,AS_visitante,ER_visitante,IA%_visitante,3PC_visitante,3PT_visitante,3P%_visitante,2PC_visitante,2PT_visitante,2P%_visitante,LLC_visitante,LLT_visitante,LL%_visitante,EN_visitante,BR_visitante,B/E_visitante,TO_visitante,FC_visitante,T/FC_visitante,ET_visitante,VI_visitante,EF_visitante
92,59,2024-03-05,7,2,2023-2024,R10 Score Vasco da Gama,Coop/São José Basketball,1,77.66666666666667,28.8,34.0,14.866666666666667,34.46666666666667,8.933333333333334,25.533333333333335,20.2,14.866666666666667,1.454,9.6,27.266666666666666,35.306,17.0,30.733333333333334,55.045999999999985,14.866666666666667,19.333333333333332,77.48533333333333,1.7333333333333334,6.866666666666666,0.47,2.8,22.533333333333335,0.12466666666666665,14.866666666666667,3.533333333333333,91.26666666666667,80.7,24.4,43.0,13.3,37.6,10.1,27.5,17.966666666666665,13.8,1.3679999999999999,8.133333333333333,23.033333333333335,35.24666666666667,21.5,40.63333333333333,53.28733333333333,13.3,19.066666666666666,68.95733333333334,2.1666666666666665,6.7,0.5026666666666666,1.9,20.6,0.09666666666666668,13.8,3.2333333333333334,91.26666666666667
