placar_casa,placar_visitante,data,round,stage,ano,equipe_casa,equipe_visitante,resultado,Pts_casa,3P_casa,2P_casa,LL_casa,RT_casa,RO_casa,RD_casa,AS_casa,ER_casa,IA%_casa,3PC_casa,3PT_casa,3P%_casa,2PC_casa,2PT_casa,2P%_casa,LLC_casa,LLT_casa,LL%_casa,EN_casa,BR_casa,B/E_casa,TO_casa,FC_casa,T/FC_casa,ET_casa,VI_casa,EF_casa,Pts_visitante,3P_visitante,2P_visitante,LL_visitante,RT_visitante,RO_visitante,RD_visitante,AS_visitante,ER_visitante,IA%_visitante,3PC_visitante,3PT_visitante,3P%_visitante,2PC_visitante,2PT_visitante,2P%_visitante,LLC_visitante,LLT_visitante,LL%_visitante,EN_visitante,BR_visitante,B/E_visitante,TO_visitante,FC_visitante,T/FC_visitante,ET_visitante,VI_visitante,EF_visitante
78,71,2013-05-10,5,4,2012-2013,Bauru Basket,Sesi Franca,1,81.46666666666667,40.4,44.666666666666664,11.4,31.866666666666667,8.4,23.466666666666665,15.4,11.733333333333333,1.4986666666666664,8.466666666666667,21.933333333333334,38.89866666666667,22.333333333333332,39.666666666666664,57.66133333333333,11.4,15.733333333333333,73.07199999999999,1.7333333333333334,6.333333333333333,0.6080000000000001,1.3333333333333333,18.0,0.08066666666666666,11.733333333333333,2.0,91.66666666666667,74.53333333333333,24.4,45.46666666666667,13.066666666666666,28.933333333333334,7.533333333333333,21.4,14.866666666666667,13.133333333333333,1.225333333333333,5.333333333333333,15.6,34.66866666666667,22.733333333333334,43.93333333333333,51.95333333333333,13.066666666666666,18.066666666666666,72.162,3.2666666666666666,10.133333333333333,0.8099999999999999,3.8,18.866666666666667,0.214,13.133333333333333,2.1333333333333333,83.73333333333333
