placar_casa,placar_visitante,data,round,stage,ano,equipe_casa,equipe_visitante,resultado,Pts_casa,3P_casa,2P_casa,LL_casa,RT_casa,RO_casa,RD_casa,AS_casa,ER_casa,IA%_casa,3PC_casa,3PT_casa,3P%_casa,2PC_casa,2PT_casa,2P%_casa,LLC_casa,LLT_casa,LL%_casa,EN_casa,BR_casa,B/E_casa,TO_casa,FC_casa,T/FC_casa,ET_casa,VI_casa,EF_casa,Pts_visitante,3P_visitante,2P_visitante,LL_visitante,RT_visitante,RO_visitante,RD_visitante,AS_visitante,ER_visitante,IA%_visitante,3PC_visitante,3PT_visitante,3P%_visitante,2PC_visitante,2PT_visitante,2P%_visitante,LLC_visitante,LLT_visitante,LL%_visitante,EN_visitante,BR_visitante,B/E_visitante,TO_visitante,FC_visitante,T/FC_visitante,ET_visitante,VI_visitante,EF_visitante
78,67,2009-02-27,9,1,2008-2009,Paulistano,Espírito Santo,1,71.875,21.0,36.5,14.375,30.375,10.5,19.875,14.5,17.25,0.97,7.0,22.375,31.71375,18.25,33.625,54.037499999999994,14.375,20.875,68.0175,1.0,7.25,0.44000000000000006,2.875,21.625,0.135,17.25,0.0,72.375,77.85714285714286,20.571428571428573,41.714285714285715,15.571428571428571,26.857142857142858,7.571428571428571,19.285714285714285,9.428571428571429,11.714285714285714,0.8857142857142856,6.857142857142857,22.428571428571427,30.514285714285716,20.857142857142858,37.714285714285715,56.29571428571429,15.571428571428571,24.714285714285715,64.45857142857142,0.5714285714285714,10.142857142857142,0.8685714285714285,1.0,23.142857142857142,0.04428571428571428,11.714285714285714,0.0,72.0
