placar_casa,placar_visitante,data,round,stage,ano,equipe_casa,equipe_visitante,resultado,Pts_casa,3P_casa,2P_casa,LL_casa,RT_casa,RO_casa,RD_casa,AS_casa,ER_casa,IA%_casa,3PC_casa,3PT_casa,3P%_casa,2PC_casa,2PT_casa,2P%_casa,LLC_casa,LLT_casa,LL%_casa,EN_casa,BR_casa,B/E_casa,TO_casa,FC_casa,T/FC_casa,ET_casa,VI_casa,EF_casa,Pts_visitante,3P_visitante,2P_visitante,LL_visitante,RT_visitante,RO_visitante,RD_visitante,AS_visitante,ER_visitante,IA%_visitante,3PC_visitante,3PT_visitante,3P%_visitante,2PC_visitante,2PT_visitante,2P%_visitante,LLC_visitante,LLT_visitante,LL%_visitante,EN_visitante,BR_visitante,B/E_visitante,TO_visitante,FC_visitante,T/FC_visitante,ET_visitante,VI_visitante,EF_visitante
58,90,2017-02-21,22,1,2016-2017,L. Sorocabana,Flamengo,0,69.8,22.6,34.666666666666664,12.533333333333333,33.2,11.933333333333334,21.266666666666666,13.4,16.4,0.8499999999999998,7.533333333333333,24.0,31.783333333333335,17.333333333333332,36.46666666666667,47.928666666666665,12.533333333333333,17.066666666666666,74.94666666666667,1.5333333333333334,8.0,0.514,1.7333333333333334,23.8,0.07666666666666667,16.4,6.2,69.6,85.6,26.4,42.8,16.4,41.2,11.066666666666666,30.133333333333333,20.666666666666668,13.8,1.5586666666666669,8.8,25.4,34.074666666666666,21.4,38.666666666666664,55.92666666666666,16.4,22.533333333333335,73.09133333333334,1.0666666666666667,6.4,0.4646666666666666,2.466666666666667,19.066666666666666,0.13466666666666666,13.8,2.7333333333333334,102.53333333333333
