placar_casa,placar_visitante,data,round,stage,ano,equipe_casa,equipe_visitante,resultado,Pts_casa,3P_casa,2P_casa,LL_casa,RT_casa,RO_casa,RD_casa,AS_casa,ER_casa,IA%_casa,3PC_casa,3PT_casa,3P%_casa,2PC_casa,2PT_casa,2P%_casa,LLC_casa,LLT_casa,LL%_casa,EN_casa,BR_casa,B/E_casa,TO_casa,FC_casa,T/FC_casa,ET_casa,VI_casa,EF_casa,Pts_visitante,3P_visitante,2P_visitante,LL_visitante,RT_visitante,RO_visitante,RD_visitante,AS_visitante,ER_visitante,IA%_visitante,3PC_visitante,3PT_visitante,3P%_visitante,2PC_visitante,2PT_visitante,2P%_visitante,LLC_visitante,LLT_visitante,LL%_visitante,EN_visitante,BR_visitante,B/E_visitante,TO_visitante,FC_visitante,T/FC_visitante,ET_visitante,VI_visitante,EF_visitante
84,74,2012-04-20,3,3,2011-2012,Bauru Basket,L. Sorocabana,1,81.86666666666666,23.8,40.93333333333333,17.133333333333333,32.8,11.666666666666666,21.133333333333333,12.866666666666667,10.866666666666667,1.2973333333333334,7.933333333333334,22.466666666666665,35.690666666666665,20.466666666666665,40.0,51.498,17.133333333333333,21.666666666666668,79.49000000000001,1.2,6.4,0.658,2.066666666666667,19.4,0.10600000000000002,10.866666666666667,2.933333333333333,92.0,77.93333333333334,23.0,36.4,18.533333333333335,29.666666666666668,8.866666666666667,20.8,10.6,12.866666666666667,0.9493333333333334,7.666666666666667,24.2,31.974666666666664,18.2,36.46666666666667,49.35933333333334,18.533333333333335,23.933333333333334,77.55466666666668,1.2,7.2,0.6099999999999999,1.2,19.6,0.06533333333333334,12.866666666666667,2.533333333333333,79.2
