placar_casa,placar_visitante,data,round,stage,ano,equipe_casa,equipe_visitante,resultado,Pts_casa,3P_casa,2P_casa,LL_casa,RT_casa,RO_casa,RD_casa,AS_casa,ER_casa,IA%_casa,3PC_casa,3PT_casa,3P%_casa,2PC_casa,2PT_casa,2P%_casa,LLC_casa,LLT_casa,LL%_casa,EN_casa,BR_casa,B/E_casa,TO_casa,FC_casa,T/FC_casa,ET_casa,VI_casa,EF_casa,Pts_visitante,3P_visitante,2P_visitante,LL_visitante,RT_visitante,RO_visitante,RD_visitante,AS_visitante,ER_visitante,IA%_visitante,3PC_visitante,3PT_visitante,3P%_visitante,2PC_visitante,2PT_visitante,2P%_visitante,LLC_visitante,LLT_visitante,LL%_visitante,EN_visitante,BR_visitante,B/E_visitante,TO_visitante,FC_visitante,T/FC_visitante,ET_visitante,VI_visitante,EF_visitante
107,103,2022-03-24,8,2,2021-2022,Bauru Basket,Mogi,1,77.0,31.8,33.86666666666667,11.333333333333334,34.0,8.0,26.0,16.533333333333335,11.133333333333333,1.5326666666666666,10.6,30.133333333333333,35.13999999999999,16.933333333333334,32.8,51.69666666666667,11.333333333333334,15.466666666666667,72.41333333333336,1.1333333333333333,7.0,0.6359999999999999,1.4666666666666666,18.4,0.08333333333333334,11.133333333333333,2.4,85.33333333333333,73.79933333333335,27.2,36.13333333333333,10.466000000000001,38.532666666666664,10.200666666666667,28.334000000000003,18.4,17.933333333333334,1.074,9.066666666666666,28.533333333333335,32.029333333333334,18.066666666666666,34.467333333333336,52.35266666666667,10.466000000000001,15.799333333333335,66.29599999999999,2.799333333333333,6.199333333333333,0.3686666666666667,2.467333333333334,18.79933333333333,0.13266666666666665,17.933333333333334,2.8666666666666667,80.26666666666667
