placar_casa,placar_visitante,data,round,stage,ano,equipe_casa,equipe_visitante,resultado,Pts_casa,3P_casa,2P_casa,LL_casa,RT_casa,RO_casa,RD_casa,AS_casa,ER_casa,IA%_casa,3PC_casa,3PT_casa,3P%_casa,2PC_casa,2PT_casa,2P%_casa,LLC_casa,LLT_casa,LL%_casa,EN_casa,BR_casa,B/E_casa,TO_casa,FC_casa,T/FC_casa,ET_casa,VI_casa,EF_casa,Pts_visitante,3P_visitante,2P_visitante,LL_visitante,RT_visitante,RO_visitante,RD_visitante,AS_visitante,ER_visitante,IA%_visitante,3PC_visitante,3PT_visitante,3P%_visitante,2PC_visitante,2PT_visitante,2P%_visitante,LLC_visitante,LLT_visitante,LL%_visitante,EN_visitante,BR_visitante,B/E_visitante,TO_visitante,FC_visitante,T/FC_visitante,ET_visitante,VI_visitante,EF_visitante
86,89,2016-04-27,4,4,2015-2016,Pinheiros,Bauru Basket,0,80.13333333333334,23.0,41.06666666666667,16.066666666666666,38.2,11.0,27.2,13.533333333333333,13.866666666666667,1.026,7.666666666666667,22.666666666666668,33.291999999999994,20.533333333333335,42.46666666666667,48.48266666666667,16.066666666666666,22.2,72.32266666666666,1.4,11.0,0.8326666666666667,1.9333333333333333,20.533333333333335,0.09733333333333334,13.866666666666667,3.3333333333333335,87.86666666666666,89.2,35.8,37.733333333333334,15.666666666666666,37.46666666666667,9.8,27.666666666666668,18.666666666666668,14.066666666666666,1.4186666666666665,11.933333333333334,29.8,40.33866666666667,18.866666666666667,32.666666666666664,57.992,15.666666666666666,20.333333333333332,76.764,0.8666666666666667,10.133333333333333,0.7126666666666668,1.7333333333333334,20.133333333333333,0.08666666666666668,14.066666666666666,3.4,106.8
