placar_casa,placar_visitante,data,round,stage,ano,equipe_casa,equipe_visitante,resultado,Pts_casa,3P_casa,2P_casa,LL_casa,RT_casa,RO_casa,RD_casa,AS_casa,ER_casa,IA%_casa,3PC_casa,3PT_casa,3P%_casa,2PC_casa,2PT_casa,2P%_casa,LLC_casa,LLT_casa,LL%_casa,EN_casa,BR_casa,B/E_casa,TO_casa,FC_casa,T/FC_casa,ET_casa,VI_casa,EF_casa,Pts_visitante,3P_visitante,2P_visitante,LL_visitante,RT_visitante,RO_visitante,RD_visitante,AS_visitante,ER_visitante,IA%_visitante,3PC_visitante,3PT_visitante,3P%_visitante,2PC_visitante,2PT_visitante,2P%_visitante,LLC_visitante,LLT_visitante,LL%_visitante,EN_visitante,BR_visitante,B/E_visitante,TO_visitante,FC_visitante,T/FC_visitante,ET_visitante,VI_visitante,EF_visitante
70,75,2023-12-09,8,1,2023-2024,São Paulo,R10 Score Vasco da Gama,0,77.4876923076923,26.307692307692307,36.66615384615385,14.51230769230769,33.20461538461538,8.692307692307692,24.51230769230769,15.58923076923077,10.487692307692308,1.5023076923076923,8.76923076923077,26.127692307692307,32.933076923076925,18.333846153846153,33.82,53.65923076923077,14.51230769230769,18.435384615384613,78.31769230769231,0.9230769230769231,5.410769230769231,0.5146153846153846,2.2046153846153844,19.435384615384613,0.12461538461538463,10.487692307692308,1.4876923076923079,86.64153846153847,72.70916666666666,26.25,33.99916666666667,12.457500000000001,38.8325,10.541666666666666,28.290833333333335,19.999166666666667,16.125833333333333,1.3008333333333335,8.750833333333334,27.209166666666665,32.03583333333333,17.000833333333333,32.99916666666667,51.87166666666666,12.457500000000001,18.250833333333333,69.32833333333333,1.7083333333333333,7.709166666666667,0.47000000000000003,2.7925,21.583333333333332,0.13,16.125833333333333,3.75,85.66666666666667
