placar_casa,placar_visitante,data,round,stage,ano,equipe_casa,equipe_visitante,resultado,Pts_casa,3P_casa,2P_casa,LL_casa,RT_casa,RO_casa,RD_casa,AS_casa,ER_casa,IA%_casa,3PC_casa,3PT_casa,3P%_casa,2PC_casa,2PT_casa,2P%_casa,LLC_casa,LLT_casa,LL%_casa,EN_casa,BR_casa,B/E_casa,TO_casa,FC_casa,T/FC_casa,ET_casa,VI_casa,EF_casa,Pts_visitante,3P_visitante,2P_visitante,LL_visitante,RT_visitante,RO_visitante,RD_visitante,AS_visitante,ER_visitante,IA%_visitante,3PC_visitante,3PT_visitante,3P%_visitante,2PC_visitante,2PT_visitante,2P%_visitante,LLC_visitante,LLT_visitante,LL%_visitante,EN_visitante,BR_visitante,B/E_visitante,TO_visitante,FC_visitante,T/FC_visitante,ET_visitante,VI_visitante,EF_visitante
84,79,2013-03-30,18,2,2012-2013,Coop/São José Basketball,Brasília,1,81.06666666666666,59.8,39.86666666666667,15.4,30.266666666666666,6.266666666666667,24.0,18.666666666666668,13.066666666666666,1.5233333333333334,8.6,23.533333333333335,36.51133333333333,19.933333333333334,36.0,55.17933333333333,15.4,20.2,74.84533333333334,0.26666666666666666,5.533333333333333,0.44,2.533333333333333,18.933333333333334,0.1413333333333333,13.066666666666666,2.2666666666666666,96.26666666666667,91.4,60.2,42.666666666666664,15.333333333333334,34.06666666666667,9.466666666666667,24.6,17.2,11.533333333333333,1.674,11.133333333333333,26.933333333333334,41.514,21.333333333333332,37.666666666666664,57.07066666666666,15.333333333333334,19.666666666666668,78.39733333333335,1.3333333333333333,7.466666666666667,0.72,2.2666666666666666,22.0,0.10666666666666669,11.533333333333333,1.8666666666666667,110.46666666666667
