placar_casa,placar_visitante,data,round,stage,ano,equipe_casa,equipe_visitante,resultado,Pts_casa,3P_casa,2P_casa,LL_casa,RT_casa,RO_casa,RD_casa,AS_casa,ER_casa,IA%_casa,3PC_casa,3PT_casa,3P%_casa,2PC_casa,2PT_casa,2P%_casa,LLC_casa,LLT_casa,LL%_casa,EN_casa,BR_casa,B/E_casa,TO_casa,FC_casa,T/FC_casa,ET_casa,VI_casa,EF_casa,Pts_visitante,3P_visitante,2P_visitante,LL_visitante,RT_visitante,RO_visitante,RD_visitante,AS_visitante,ER_visitante,IA%_visitante,3PC_visitante,3PT_visitante,3P%_visitante,2PC_visitante,2PT_visitante,2P%_visitante,LLC_visitante,LLT_visitante,LL%_visitante,EN_visitante,BR_visitante,B/E_visitante,TO_visitante,FC_visitante,T/FC_visitante,ET_visitante,VI_visitante,EF_visitante
105,96,2023-12-14,9,1,2023-2024,Corinthians,Minas,1,78.0,24.0,40.0,14.0,40.63636363636363,11.363636363636363,29.272727272727273,15.727272727272727,12.090909090909092,1.3445454545454547,8.0,27.818181818181817,28.436363636363637,20.0,37.81818181818182,53.155454545454546,14.0,19.545454545454547,71.77181818181818,1.3636363636363635,5.545454545454546,0.46727272727272723,1.6363636363636365,18.0,0.09636363636363637,12.090909090909092,2.5454545454545454,86.27272727272727,82.91666666666667,32.25,36.833333333333336,13.833333333333334,37.583333333333336,10.75,26.833333333333332,20.916666666666668,12.75,1.6924999999999997,10.75,28.75,36.685,18.416666666666668,33.916666666666664,54.15166666666667,13.833333333333334,18.833333333333332,72.5475,1.1666666666666667,6.166666666666667,0.4725,2.5833333333333335,19.25,0.13666666666666663,12.75,2.6666666666666665,98.91666666666667
