placar_casa,placar_visitante,data,round,stage,ano,equipe_casa,equipe_visitante,resultado,Pts_casa,3P_casa,2P_casa,LL_casa,RT_casa,RO_casa,RD_casa,AS_casa,ER_casa,IA%_casa,3PC_casa,3PT_casa,3P%_casa,2PC_casa,2PT_casa,2P%_casa,LLC_casa,LLT_casa,LL%_casa,EN_casa,BR_casa,B/E_casa,TO_casa,FC_casa,T/FC_casa,ET_casa,VI_casa,EF_casa,Pts_visitante,3P_visitante,2P_visitante,LL_visitante,RT_visitante,RO_visitante,RD_visitante,AS_visitante,ER_visitante,IA%_visitante,3PC_visitante,3PT_visitante,3P%_visitante,2PC_visitante,2PT_visitante,2P%_visitante,LLC_visitante,LLT_visitante,LL%_visitante,EN_visitante,BR_visitante,B/E_visitante,TO_visitante,FC_visitante,T/FC_visitante,ET_visitante,VI_visitante,EF_visitante
83,58,2025-05-21,5,4,2024-2025,Sesi Franca,Pinheiros,1,86.934,30.0,41.467333333333336,15.466666666666667,36.06666666666667,8.533333333333333,27.533333333333335,18.6,11.866000000000001,1.7453333333333332,9.999333333333334,27.266000000000002,35.855999999999995,20.732666666666667,35.734,57.65933333333333,15.466666666666667,18.933333333333334,81.46066666666667,3.2,7.866666666666666,0.754,2.2,17.000666666666667,0.12933333333333336,11.866000000000001,1.8673333333333333,104.06666666666666,77.06666666666666,26.0,37.06666666666667,14.0,41.46666666666667,13.933333333333334,27.533333333333335,15.333333333333334,13.866666666666667,1.1960000000000002,8.666666666666666,27.733333333333334,31.179333333333332,18.533333333333335,35.13333333333333,53.35066666666666,14.0,18.733333333333334,74.376,2.466666666666667,4.866666666666666,0.36200000000000004,1.8,21.333333333333332,0.08733333333333333,13.866666666666667,1.9333333333333333,86.26666666666667
