placar_casa,placar_visitante,data,round,stage,ano,equipe_casa,equipe_visitante,resultado,Pts_casa,3P_casa,2P_casa,LL_casa,RT_casa,RO_casa,RD_casa,AS_casa,ER_casa,IA%_casa,3PC_casa,3PT_casa,3P%_casa,2PC_casa,2PT_casa,2P%_casa,LLC_casa,LLT_casa,LL%_casa,EN_casa,BR_casa,B/E_casa,TO_casa,FC_casa,T/FC_casa,ET_casa,VI_casa,EF_casa,Pts_visitante,3P_visitante,2P_visitante,LL_visitante,RT_visitante,RO_visitante,RD_visitante,AS_visitante,ER_visitante,IA%_visitante,3PC_visitante,3PT_visitante,3P%_visitante,2PC_visitante,2PT_visitante,2P%_visitante,LLC_visitante,LLT_visitante,LL%_visitante,EN_visitante,BR_visitante,B/E_visitante,TO_visitante,FC_visitante,T/FC_visitante,ET_visitante,VI_visitante,EF_visitante
82,71,2009-05-05,13,2,2008-2009,Sesi Franca,Minas,1,84.33333333333333,21.4,45.333333333333336,17.6,30.266666666666666,8.866666666666667,21.4,16.8,14.0,1.3173333333333332,7.133333333333334,20.266666666666666,36.77333333333333,22.666666666666668,43.4,52.164,17.6,22.2,79.018,1.0666666666666667,8.6,0.6593333333333334,2.066666666666667,23.533333333333335,0.08800000000000001,14.0,0.0,89.6,89.93333333333334,24.6,48.93333333333333,16.4,35.333333333333336,9.733333333333333,25.6,18.0,15.466666666666667,1.2133333333333336,8.2,20.8,39.35466666666666,24.466666666666665,40.8,60.383333333333326,16.4,22.8,72.422,1.2666666666666666,7.266666666666667,0.4773333333333333,3.8666666666666667,17.266666666666666,0.224,15.466666666666667,0.0,103.6
