placar_casa,placar_visitante,data,round,stage,ano,equipe_casa,equipe_visitante,resultado,Pts_casa,3P_casa,2P_casa,LL_casa,RT_casa,RO_casa,RD_casa,AS_casa,ER_casa,IA%_casa,3PC_casa,3PT_casa,3P%_casa,2PC_casa,2PT_casa,2P%_casa,LLC_casa,LLT_casa,LL%_casa,EN_casa,BR_casa,B/E_casa,TO_casa,FC_casa,T/FC_casa,ET_casa,VI_casa,EF_casa,Pts_visitante,3P_visitante,2P_visitante,LL_visitante,RT_visitante,RO_visitante,RD_visitante,AS_visitante,ER_visitante,IA%_visitante,3PC_visitante,3PT_visitante,3P%_visitante,2PC_visitante,2PT_visitante,2P%_visitante,LLC_visitante,LLT_visitante,LL%_visitante,EN_visitante,BR_visitante,B/E_visitante,TO_visitante,FC_visitante,T/FC_visitante,ET_visitante,VI_visitante,EF_visitante
70,81,2023-04-22,2,3,2022-2023,Corinthians,UNIFACISA,0,80.46666666666667,27.466666666666665,39.2,13.8,38.644,10.0,28.644,17.377333333333333,14.556000000000001,1.3206666666666669,9.156,27.533333333333335,33.62733333333333,19.6,35.443999999999996,55.172,13.8,19.843999999999998,70.78933333333335,3.933333333333333,5.133333333333334,0.392,3.2666666666666666,20.4,0.16000000000000003,14.556000000000001,3.222666666666667,90.06666666666666,77.6,29.6,33.733333333333334,14.266666666666667,37.2,9.466666666666667,27.733333333333334,14.6,13.4,1.1406666666666667,9.866666666666667,27.866666666666667,35.672000000000004,16.866666666666667,34.86666666666667,48.376666666666665,14.266666666666667,19.133333333333333,74.87733333333334,0.7333333333333333,5.933333333333334,0.4666666666666667,1.5333333333333334,20.133333333333333,0.07666666666666667,13.4,2.466666666666667,82.6
