placar_casa,placar_visitante,data,round,stage,ano,equipe_casa,equipe_visitante,resultado,Pts_casa,3P_casa,2P_casa,LL_casa,RT_casa,RO_casa,RD_casa,AS_casa,ER_casa,IA%_casa,3PC_casa,3PT_casa,3P%_casa,2PC_casa,2PT_casa,2P%_casa,LLC_casa,LLT_casa,LL%_casa,EN_casa,BR_casa,B/E_casa,TO_casa,FC_casa,T/FC_casa,ET_casa,VI_casa,EF_casa,Pts_visitante,3P_visitante,2P_visitante,LL_visitante,RT_visitante,RO_visitante,RD_visitante,AS_visitante,ER_visitante,IA%_visitante,3PC_visitante,3PT_visitante,3P%_visitante,2PC_visitante,2PT_visitante,2P%_visitante,LLC_visitante,LLT_visitante,LL%_visitante,EN_visitante,BR_visitante,B/E_visitante,TO_visitante,FC_visitante,T/FC_visitante,ET_visitante,VI_visitante,EF_visitante
102,64,2013-03-07,9,2,2012-2013,Flamengo,L. Sorocabana,1,91.6,71.2,47.46666666666667,18.533333333333335,34.2,9.0,25.2,14.4,10.866666666666667,1.582,8.533333333333333,22.4,38.30466666666666,23.733333333333334,43.0,55.321999999999996,18.533333333333335,23.866666666666667,77.72333333333334,1.3333333333333333,7.0,0.7026666666666669,1.4666666666666666,18.733333333333334,0.08066666666666668,10.866666666666667,2.6666666666666665,107.33333333333333,82.26666666666667,63.6,42.4,16.666666666666668,27.866666666666667,9.866666666666667,18.0,12.066666666666666,11.8,1.0846666666666667,7.733333333333333,22.2,34.529333333333334,21.2,40.53333333333333,52.82333333333334,16.666666666666668,21.733333333333334,76.87266666666667,1.8,8.733333333333333,0.7733333333333333,1.5333333333333334,19.266666666666666,0.08333333333333333,11.8,2.6,89.46666666666667
