placar_casa,placar_visitante,data,round,stage,ano,equipe_casa,equipe_visitante,resultado,Pts_casa,3P_casa,2P_casa,LL_casa,RT_casa,RO_casa,RD_casa,AS_casa,ER_casa,IA%_casa,3PC_casa,3PT_casa,3P%_casa,2PC_casa,2PT_casa,2P%_casa,LLC_casa,LLT_casa,LL%_casa,EN_casa,BR_casa,B/E_casa,TO_casa,FC_casa,T/FC_casa,ET_casa,VI_casa,EF_casa,Pts_visitante,3P_visitante,2P_visitante,LL_visitante,RT_visitante,RO_visitante,RD_visitante,AS_visitante,ER_visitante,IA%_visitante,3PC_visitante,3PT_visitante,3P%_visitante,2PC_visitante,2PT_visitante,2P%_visitante,LLC_visitante,LLT_visitante,LL%_visitante,EN_visitante,BR_visitante,B/E_visitante,TO_visitante,FC_visitante,T/FC_visitante,ET_visitante,VI_visitante,EF_visitante
91,87,2011-12-15,9,1,2011-2012,Sesi Franca,Joinville,1,80.14285714285714,19.714285714285715,42.285714285714285,18.142857142857142,28.571428571428573,8.142857142857142,20.428571428571427,14.285714285714286,15.571428571428571,0.9957142857142858,6.571428571428571,16.571428571428573,38.779999999999994,21.142857142857142,43.0,50.20857142857143,18.142857142857142,22.857142857142858,80.59142857142858,1.1428571428571428,6.142857142857143,0.4328571428571429,1.2857142857142858,21.0,0.06142857142857143,15.571428571428571,2.2857142857142856,78.28571428571429,71.28571428571429,19.285714285714285,36.0,16.0,25.571428571428573,8.285714285714286,17.285714285714285,10.142857142857142,13.142857142857142,0.9342857142857143,6.428571428571429,19.428571428571427,33.449999999999996,18.0,37.285714285714285,48.94285714285714,16.0,21.857142857142858,76.63857142857144,1.7142857142857142,7.0,0.6228571428571429,1.0,23.428571428571427,0.04142857142857143,13.142857142857142,3.142857142857143,63.714285714285715
