placar_casa,placar_visitante,data,round,stage,ano,equipe_casa,equipe_visitante,resultado,Pts_casa,3P_casa,2P_casa,LL_casa,RT_casa,RO_casa,RD_casa,AS_casa,ER_casa,IA%_casa,3PC_casa,3PT_casa,3P%_casa,2PC_casa,2PT_casa,2P%_casa,LLC_casa,LLT_casa,LL%_casa,EN_casa,BR_casa,B/E_casa,TO_casa,FC_casa,T/FC_casa,ET_casa,VI_casa,EF_casa,Pts_visitante,3P_visitante,2P_visitante,LL_visitante,RT_visitante,RO_visitante,RD_visitante,AS_visitante,ER_visitante,IA%_visitante,3PC_visitante,3PT_visitante,3P%_visitante,2PC_visitante,2PT_visitante,2P%_visitante,LLC_visitante,LLT_visitante,LL%_visitante,EN_visitante,BR_visitante,B/E_visitante,TO_visitante,FC_visitante,T/FC_visitante,ET_visitante,VI_visitante,EF_visitante
98,81,2013-01-12,14,1,2012-2013,Flamengo,Limeira,1,88.77777777777777,71.66666666666667,47.77777777777778,20.333333333333332,34.666666666666664,7.777777777777778,26.88888888888889,13.0,12.444444444444445,1.3844444444444446,6.888888888888889,18.555555555555557,38.51222222222222,23.88888888888889,40.333333333333336,59.88111111111112,20.333333333333332,27.666666666666668,74.1511111111111,2.0,6.777777777777778,0.6788888888888889,1.3333333333333333,20.77777777777778,0.06666666666666667,12.444444444444445,2.3333333333333335,106.33333333333333,83.92307692307692,57.69230769230769,38.46153846153846,12.23076923076923,30.46153846153846,8.307692307692308,22.153846153846153,17.846153846153847,13.461538461538462,1.3876923076923076,11.076923076923077,25.846153846153847,44.159230769230774,19.23076923076923,37.46153846153846,51.38461538461539,12.23076923076923,15.538461538461538,78.02923076923076,1.2307692307692308,6.230769230769231,0.4915384615384616,1.0769230769230769,20.923076923076923,0.05,13.461538461538462,2.6923076923076925,95.76923076923077
