placar_casa,placar_visitante,data,round,stage,ano,equipe_casa,equipe_visitante,resultado,Pts_casa,3P_casa,2P_casa,LL_casa,RT_casa,RO_casa,RD_casa,AS_casa,ER_casa,IA%_casa,3PC_casa,3PT_casa,3P%_casa,2PC_casa,2PT_casa,2P%_casa,LLC_casa,LLT_casa,LL%_casa,EN_casa,BR_casa,B/E_casa,TO_casa,FC_casa,T/FC_casa,ET_casa,VI_casa,EF_casa,Pts_visitante,3P_visitante,2P_visitante,LL_visitante,RT_visitante,RO_visitante,RD_visitante,AS_visitante,ER_visitante,IA%_visitante,3PC_visitante,3PT_visitante,3P%_visitante,2PC_visitante,2PT_visitante,2P%_visitante,LLC_visitante,LLT_visitante,LL%_visitante,EN_visitante,BR_visitante,B/E_visitante,TO_visitante,FC_visitante,T/FC_visitante,ET_visitante,VI_visitante,EF_visitante
85,64,2009-03-20,15,1,2008-2009,Brasília,Lajeado,1,86.61538461538461,22.384615384615383,45.53846153846154,18.692307692307693,35.61538461538461,9.153846153846153,26.46153846153846,15.692307692307692,16.307692307692307,1.036923076923077,7.461538461538462,21.615384615384617,34.22,22.76923076923077,39.53846153846154,57.77461538461538,18.692307692307693,25.0,74.98769230769231,2.076923076923077,7.461538461538462,0.4946153846153847,4.384615384615385,22.692307692307693,0.19846153846153847,16.307692307692307,0.0,96.23076923076923,72.75,15.75,39.833333333333336,17.166666666666668,28.75,10.416666666666666,18.333333333333332,9.75,14.916666666666666,0.6683333333333333,5.25,19.5,27.119166666666672,19.916666666666668,40.666666666666664,49.39166666666666,17.166666666666668,24.416666666666668,70.69416666666665,0.25,8.583333333333334,0.6441666666666667,1.1666666666666667,20.75,0.05833333333333334,14.916666666666666,0.0,63.833333333333336
