placar_casa,placar_visitante,data,round,stage,ano,equipe_casa,equipe_visitante,resultado,Pts_casa,3P_casa,2P_casa,LL_casa,RT_casa,RO_casa,RD_casa,AS_casa,ER_casa,IA%_casa,3PC_casa,3PT_casa,3P%_casa,2PC_casa,2PT_casa,2P%_casa,LLC_casa,LLT_casa,LL%_casa,EN_casa,BR_casa,B/E_casa,TO_casa,FC_casa,T/FC_casa,ET_casa,VI_casa,EF_casa,Pts_visitante,3P_visitante,2P_visitante,LL_visitante,RT_visitante,RO_visitante,RD_visitante,AS_visitante,ER_visitante,IA%_visitante,3PC_visitante,3PT_visitante,3P%_visitante,2PC_visitante,2PT_visitante,2P%_visitante,LLC_visitante,LLT_visitante,LL%_visitante,EN_visitante,BR_visitante,B/E_visitante,TO_visitante,FC_visitante,T/FC_visitante,ET_visitante,VI_visitante,EF_visitante
92,78,2023-04-23,3,3,2022-2023,Paulistano,Pato Basquete,1,82.53266666666667,27.7,41.199333333333335,13.633333333333333,39.532666666666664,12.933333333333334,26.599333333333334,15.466000000000001,13.199333333333334,1.1800000000000002,9.234,25.666666666666668,35.95933333333334,20.600666666666665,40.132666666666665,51.56266666666668,13.633333333333333,19.0,71.41733333333333,2.3993333333333333,7.466,0.5706666666666667,1.7006666666666665,21.134,0.07933333333333333,13.199333333333334,2.732666666666667,92.16733333333333,79.19933333333333,24.0,41.86666666666667,13.332666666666666,37.39933333333333,11.8,25.599333333333334,14.666,13.266,1.2446666666666668,7.999333333333334,27.066,29.21266666666667,20.933333333333334,38.39933333333333,54.17466666666665,13.332666666666666,18.666666666666668,72.146,0.5326666666666667,7.999333333333334,0.644,1.6,20.6,0.07666666666666667,13.266,3.4006666666666665,85.73333333333333
