placar_casa,placar_visitante,data,round,stage,ano,equipe_casa,equipe_visitante,resultado,Pts_casa,3P_casa,2P_casa,LL_casa,RT_casa,RO_casa,RD_casa,AS_casa,ER_casa,IA%_casa,3PC_casa,3PT_casa,3P%_casa,2PC_casa,2PT_casa,2P%_casa,LLC_casa,LLT_casa,LL%_casa,EN_casa,BR_casa,B/E_casa,TO_casa,FC_casa,T/FC_casa,ET_casa,VI_casa,EF_casa,Pts_visitante,3P_visitante,2P_visitante,LL_visitante,RT_visitante,RO_visitante,RD_visitante,AS_visitante,ER_visitante,IA%_visitante,3PC_visitante,3PT_visitante,3P%_visitante,2PC_visitante,2PT_visitante,2P%_visitante,LLC_visitante,LLT_visitante,LL%_visitante,EN_visitante,BR_visitante,B/E_visitante,TO_visitante,FC_visitante,T/FC_visitante,ET_visitante,VI_visitante,EF_visitante
71,61,2020-02-28,6,2,2019-2020,Pato Basquete,UNIFACISA,1,73.9,21.9,38.0,14.0,34.63333333333333,10.233333333333333,24.4,18.066666666666666,15.566666666666666,1.2486666666666666,7.3,21.833333333333332,33.714,19.0,39.96666666666667,47.24466666666667,14.0,19.466666666666665,71.53266666666667,1.2333333333333334,7.466666666666667,0.4986666666666667,2.066666666666667,22.866666666666667,0.08866666666666669,15.566666666666666,3.1,79.6,82.29933333333334,31.3,37.66733333333333,13.334,36.733333333333334,9.532666666666668,27.200666666666667,18.534,13.299333333333333,1.461333333333333,10.432666666666668,27.667333333333332,37.494666666666674,18.832666666666668,35.99933333333333,52.27733333333333,13.334,17.332666666666668,75.06133333333334,2.2993333333333337,6.733333333333333,0.5453333333333334,2.7006666666666663,19.733999999999998,0.14000000000000004,13.299333333333333,2.1993333333333336,95.2
