placar_casa,placar_visitante,data,round,stage,ano,equipe_casa,equipe_visitante,resultado,Pts_casa,3P_casa,2P_casa,LL_casa,RT_casa,RO_casa,RD_casa,AS_casa,ER_casa,IA%_casa,3PC_casa,3PT_casa,3P%_casa,2PC_casa,2PT_casa,2P%_casa,LLC_casa,LLT_casa,LL%_casa,EN_casa,BR_casa,B/E_casa,TO_casa,FC_casa,T/FC_casa,ET_casa,VI_casa,EF_casa,Pts_visitante,3P_visitante,2P_visitante,LL_visitante,RT_visitante,RO_visitante,RD_visitante,AS_visitante,ER_visitante,IA%_visitante,3PC_visitante,3PT_visitante,3P%_visitante,2PC_visitante,2PT_visitante,2P%_visitante,LLC_visitante,LLT_visitante,LL%_visitante,EN_visitante,BR_visitante,B/E_visitante,TO_visitante,FC_visitante,T/FC_visitante,ET_visitante,VI_visitante,EF_visitante
70,86,2020-02-05,4,2,2019-2020,Brasília,Mogi,0,74.8,19.6,39.46666666666667,15.733333333333333,36.9,11.0,25.9,15.766666666666667,15.6,1.078,6.533333333333333,22.466666666666665,28.959999999999997,19.733333333333334,39.63333333333333,49.80466666666666,15.733333333333333,23.366666666666667,67.97800000000001,1.1333333333333333,7.166666666666667,0.48466666666666663,2.0,21.233333333333334,0.09533333333333334,15.6,2.2333333333333334,77.36666666666666,82.44466666666668,29.6,36.044666666666664,16.8,37.2,9.355333333333334,27.84466666666667,17.266666666666666,15.133333333333333,1.1946666666666668,9.866666666666667,25.622,38.55133333333333,18.022,35.91133333333333,50.244,16.8,21.978,76.49000000000001,0.7553333333333333,7.155333333333333,0.48400000000000004,2.066666666666667,20.266666666666666,0.10733333333333334,15.133333333333333,1.778,92.04466666666667
