placar_casa,placar_visitante,data,round,stage,ano,equipe_casa,equipe_visitante,resultado,Pts_casa,3P_casa,2P_casa,LL_casa,RT_casa,RO_casa,RD_casa,AS_casa,ER_casa,IA%_casa,3PC_casa,3PT_casa,3P%_casa,2PC_casa,2PT_casa,2P%_casa,LLC_casa,LLT_casa,LL%_casa,EN_casa,BR_casa,B/E_casa,TO_casa,FC_casa,T/FC_casa,ET_casa,VI_casa,EF_casa,Pts_visitante,3P_visitante,2P_visitante,LL_visitante,RT_visitante,RO_visitante,RD_visitante,AS_visitante,ER_visitante,IA%_visitante,3PC_visitante,3PT_visitante,3P%_visitante,2PC_visitante,2PT_visitante,2P%_visitante,LLC_visitante,LLT_visitante,LL%_visitante,EN_visitante,BR_visitante,B/E_visitante,TO_visitante,FC_visitante,T/FC_visitante,ET_visitante,VI_visitante,EF_visitante
71,73,2024-01-15,2,2,2023-2024,Coop/São José Basketball,Pinheiros,0,80.26666666666667,25.6,40.93333333333333,13.733333333333333,39.8,10.8,29.0,18.4,14.066666666666666,1.3599999999999999,8.533333333333333,24.2,35.26,20.466666666666665,39.86666666666667,51.586000000000006,13.733333333333333,19.066666666666666,72.86133333333332,1.6666666666666667,7.666666666666667,0.5533333333333332,2.066666666666667,19.066666666666666,0.11333333333333334,14.066666666666666,2.8,93.73333333333333,77.86600000000001,27.6,35.867333333333335,14.40066666666667,38.2,11.999333333333336,26.20066666666667,16.39933333333333,13.999333333333336,1.221333333333333,9.199333333333334,27.866666666666667,33.866,17.932666666666663,34.99933333333333,51.303999999999995,14.40066666666667,19.800666666666668,72.54733333333334,1.4673333333333332,5.0,0.37866666666666676,2.400666666666667,19.466666666666665,0.11933333333333333,13.999333333333336,2.799333333333333,84.73266666666669
