placar_casa,placar_visitante,data,round,stage,ano,equipe_casa,equipe_visitante,resultado,Pts_casa,3P_casa,2P_casa,LL_casa,RT_casa,RO_casa,RD_casa,AS_casa,ER_casa,IA%_casa,3PC_casa,3PT_casa,3P%_casa,2PC_casa,2PT_casa,2P%_casa,LLC_casa,LLT_casa,LL%_casa,EN_casa,BR_casa,B/E_casa,TO_casa,FC_casa,T/FC_casa,ET_casa,VI_casa,EF_casa,Pts_visitante,3P_visitante,2P_visitante,LL_visitante,RT_visitante,RO_visitante,RD_visitante,AS_visitante,ER_visitante,IA%_visitante,3PC_visitante,3PT_visitante,3P%_visitante,2PC_visitante,2PT_visitante,2P%_visitante,LLC_visitante,LLT_visitante,LL%_visitante,EN_visitante,BR_visitante,B/E_visitante,TO_visitante,FC_visitante,T/FC_visitante,ET_visitante,VI_visitante,EF_visitante
78,106,2015-12-15,11,1,2015-2016,Sesi Franca,Fortaleza B. C. / CFO,0,80.33333333333333,25.0,38.0,17.333333333333332,33.888888888888886,9.11111111111111,24.77777777777778,15.88888888888889,15.88888888888889,1.1066666666666665,8.333333333333334,23.0,34.75555555555556,19.0,36.22222222222222,53.48777777777778,17.333333333333332,24.77777777777778,70.85777777777777,2.888888888888889,7.888888888888889,0.538888888888889,3.5555555555555554,22.88888888888889,0.1622222222222222,15.88888888888889,2.2222222222222223,86.33333333333333,79.88888888888889,27.666666666666668,36.666666666666664,15.555555555555555,37.22222222222222,11.666666666666666,25.555555555555557,11.444444444444445,14.555555555555555,0.9188888888888889,9.222222222222221,26.0,35.595555555555556,18.333333333333332,37.55555555555556,49.25333333333333,15.555555555555555,21.0,73.81,1.8888888888888888,8.777777777777779,0.6666666666666666,2.0,21.11111111111111,0.09111111111111111,14.555555555555555,2.4444444444444446,83.33333333333333
