placar_casa,placar_visitante,data,round,stage,ano,equipe_casa,equipe_visitante,resultado,Pts_casa,3P_casa,2P_casa,LL_casa,RT_casa,RO_casa,RD_casa,AS_casa,ER_casa,IA%_casa,3PC_casa,3PT_casa,3P%_casa,2PC_casa,2PT_casa,2P%_casa,LLC_casa,LLT_casa,LL%_casa,EN_casa,BR_casa,B/E_casa,TO_casa,FC_casa,T/FC_casa,ET_casa,VI_casa,EF_casa,Pts_visitante,3P_visitante,2P_visitante,LL_visitante,RT_visitante,RO_visitante,RD_visitante,AS_visitante,ER_visitante,IA%_visitante,3PC_visitante,3PT_visitante,3P%_visitante,2PC_visitante,2PT_visitante,2P%_visitante,LLC_visitante,LLT_visitante,LL%_visitante,EN_visitante,BR_visitante,B/E_visitante,TO_visitante,FC_visitante,T/FC_visitante,ET_visitante,VI_visitante,EF_visitante
71,64,2012-04-06,15,2,2011-2012,L. Sorocabana,Bauru Basket,1,77.4,23.6,35.06666666666667,18.733333333333334,30.666666666666668,10.533333333333333,20.133333333333333,9.933333333333334,13.933333333333334,0.8073333333333335,7.866666666666666,24.2,32.932,17.533333333333335,36.53333333333333,47.28666666666666,18.733333333333334,24.466666666666665,77.28466666666667,1.0,7.733333333333333,0.5900000000000001,1.1333333333333333,20.133333333333333,0.06199999999999999,13.933333333333334,2.6,76.06666666666666,81.66666666666667,22.8,42.93333333333333,15.933333333333334,33.266666666666666,11.866666666666667,21.4,12.866666666666667,10.8,1.4186666666666667,7.6,22.133333333333333,35.071333333333335,21.466666666666665,41.6,52.14266666666666,15.933333333333334,20.466666666666665,77.58533333333334,1.9333333333333333,6.333333333333333,0.706,2.2,18.0,0.11800000000000004,10.8,2.8,89.6
