placar_casa,placar_visitante,data,round,stage,ano,equipe_casa,equipe_visitante,resultado,Pts_casa,3P_casa,2P_casa,LL_casa,RT_casa,RO_casa,RD_casa,AS_casa,ER_casa,IA%_casa,3PC_casa,3PT_casa,3P%_casa,2PC_casa,2PT_casa,2P%_casa,LLC_casa,LLT_casa,LL%_casa,EN_casa,BR_casa,B/E_casa,TO_casa,FC_casa,T/FC_casa,ET_casa,VI_casa,EF_casa,Pts_visitante,3P_visitante,2P_visitante,LL_visitante,RT_visitante,RO_visitante,RD_visitante,AS_visitante,ER_visitante,IA%_visitante,3PC_visitante,3PT_visitante,3P%_visitante,2PC_visitante,2PT_visitante,2P%_visitante,LLC_visitante,LLT_visitante,LL%_visitante,EN_visitante,BR_visitante,B/E_visitante,TO_visitante,FC_visitante,T/FC_visitante,ET_visitante,VI_visitante,EF_visitante
75,67,2022-04-09,10,2,2021-2022,Corinthians,Bauru Basket,1,79.2,32.5,36.46666666666667,10.233333333333333,40.06666666666667,12.233333333333333,27.833333333333332,17.9,13.066666666666666,1.4579999999999997,10.833333333333334,29.433333333333334,37.035333333333334,18.233333333333334,36.6,49.934666666666665,10.233333333333333,14.1,72.94466666666668,1.4333333333333333,5.033333333333333,0.41000000000000003,2.433333333333333,19.166666666666668,0.12333333333333335,13.066666666666666,2.6,90.73333333333333,79.23333333333333,32.1,35.266666666666666,11.866666666666667,34.833333333333336,8.266666666666667,26.566666666666666,16.1,11.633333333333333,1.4506666666666665,10.7,30.2,34.98733333333333,17.633333333333333,34.03333333333333,51.870666666666665,11.866666666666667,15.733333333333333,74.28466666666667,1.1,7.133333333333334,0.6233333333333333,1.2666666666666666,18.8,0.06866666666666667,11.633333333333333,2.8,87.16666666666667
