placar_casa,placar_visitante,data,round,stage,ano,equipe_casa,equipe_visitante,resultado,Pts_casa,3P_casa,2P_casa,LL_casa,RT_casa,RO_casa,RD_casa,AS_casa,ER_casa,IA%_casa,3PC_casa,3PT_casa,3P%_casa,2PC_casa,2PT_casa,2P%_casa,LLC_casa,LLT_casa,LL%_casa,EN_casa,BR_casa,B/E_casa,TO_casa,FC_casa,T/FC_casa,ET_casa,VI_casa,EF_casa,Pts_visitante,3P_visitante,2P_visitante,LL_visitante,RT_visitante,RO_visitante,RD_visitante,AS_visitante,ER_visitante,IA%_visitante,3PC_visitante,3PT_visitante,3P%_visitante,2PC_visitante,2PT_visitante,2P%_visitante,LLC_visitante,LLT_visitante,LL%_visitante,EN_visitante,BR_visitante,B/E_visitante,TO_visitante,FC_visitante,T/FC_visitante,ET_visitante,VI_visitante,EF_visitante
93,78,2016-02-25,10,2,2015-2016,Mogi,Sesi Franca,1,80.46666666666667,22.8,40.53333333333333,17.133333333333333,34.2,10.4,23.8,15.4,14.333333333333334,1.2093333333333334,7.6,25.0,30.217333333333332,20.266666666666666,36.46666666666667,56.08133333333334,17.133333333333333,23.666666666666668,73.80466666666668,1.5333333333333334,11.133333333333333,0.9259999999999999,1.9333333333333333,19.8,0.10133333333333334,14.333333333333334,2.8666666666666667,88.66666666666667,74.86666666666666,21.6,38.53333333333333,14.733333333333333,30.866666666666667,8.333333333333334,22.533333333333335,13.933333333333334,14.666666666666666,0.9559999999999998,7.2,20.666666666666668,34.087999999999994,19.266666666666666,35.6,55.74599999999999,14.733333333333333,20.066666666666666,73.93599999999999,2.1333333333333333,8.533333333333333,0.6159999999999999,2.8,19.733333333333334,0.14133333333333334,14.666666666666666,3.2666666666666666,81.2
