placar_casa,placar_visitante,data,round,stage,ano,equipe_casa,equipe_visitante,resultado,Pts_casa,3P_casa,2P_casa,LL_casa,RT_casa,RO_casa,RD_casa,AS_casa,ER_casa,IA%_casa,3PC_casa,3PT_casa,3P%_casa,2PC_casa,2PT_casa,2P%_casa,LLC_casa,LLT_casa,LL%_casa,EN_casa,BR_casa,B/E_casa,TO_casa,FC_casa,T/FC_casa,ET_casa,VI_casa,EF_casa,Pts_visitante,3P_visitante,2P_visitante,LL_visitante,RT_visitante,RO_visitante,RD_visitante,AS_visitante,ER_visitante,IA%_visitante,3PC_visitante,3PT_visitante,3P%_visitante,2PC_visitante,2PT_visitante,2P%_visitante,LLC_visitante,LLT_visitante,LL%_visitante,EN_visitante,BR_visitante,B/E_visitante,TO_visitante,FC_visitante,T/FC_visitante,ET_visitante,VI_visitante,EF_visitante
84,82,2013-12-12,9,1,2013-2014,Brasília,Pinheiros,1,83.33333333333333,32.5,39.333333333333336,11.5,32.5,6.166666666666667,26.333333333333332,14.833333333333334,11.666666666666666,1.6216666666666668,10.833333333333334,27.5,39.99666666666666,19.666666666666668,34.333333333333336,58.495,11.5,14.5,80.20833333333333,0.6666666666666666,7.5,0.6816666666666666,1.6666666666666667,18.666666666666668,0.09166666666666666,11.666666666666666,2.1666666666666665,93.83333333333333,82.875,31.125,39.25,12.5,33.25,8.875,24.375,15.125,12.375,1.34625,10.375,25.875,40.565000000000005,19.625,37.875,51.79375,12.5,17.875,69.60874999999999,2.0,10.0,0.87625,4.0,17.875,0.22625000000000003,12.375,2.25,93.75
