placar_casa,placar_visitante,data,round,stage,ano,equipe_casa,equipe_visitante,resultado,Pts_casa,3P_casa,2P_casa,LL_casa,RT_casa,RO_casa,RD_casa,AS_casa,ER_casa,IA%_casa,3PC_casa,3PT_casa,3P%_casa,2PC_casa,2PT_casa,2P%_casa,LLC_casa,LLT_casa,LL%_casa,EN_casa,BR_casa,B/E_casa,TO_casa,FC_casa,T/FC_casa,ET_casa,VI_casa,EF_casa,Pts_visitante,3P_visitante,2P_visitante,LL_visitante,RT_visitante,RO_visitante,RD_visitante,AS_visitante,ER_visitante,IA%_visitante,3PC_visitante,3PT_visitante,3P%_visitante,2PC_visitante,2PT_visitante,2P%_visitante,LLC_visitante,LLT_visitante,LL%_visitante,EN_visitante,BR_visitante,B/E_visitante,TO_visitante,FC_visitante,T/FC_visitante,ET_visitante,VI_visitante,EF_visitante
77,81,2019-11-14,5,1,2019-2020,Fortaleza B. C. / CFO,Coop/São José Basketball,0,78.0,23.0,38.0,17.0,38.5,12.5,26.0,12.333333333333334,11.666666666666666,1.0866666666666667,7.666666666666667,24.666666666666668,31.116666666666664,19.0,39.666666666666664,47.913333333333334,17.0,23.833333333333332,71.39,0.6666666666666666,6.5,0.5666666666666668,1.6666666666666667,24.666666666666668,0.07,11.666666666666666,2.5,80.83333333333333,80.66666666666667,27.5,40.0,13.166666666666666,38.5,12.333333333333334,26.166666666666668,19.833333333333332,13.833333333333334,1.491666666666667,9.166666666666666,27.833333333333332,32.47833333333333,20.0,42.5,47.865,13.166666666666666,17.166666666666668,75.77166666666666,0.8333333333333334,6.833333333333333,0.5283333333333333,1.0,22.333333333333332,0.041666666666666664,13.833333333333334,1.6666666666666667,87.83333333333333
