placar_casa,placar_visitante,data,round,stage,ano,equipe_casa,equipe_visitante,resultado,Pts_casa,3P_casa,2P_casa,LL_casa,RT_casa,RO_casa,RD_casa,AS_casa,ER_casa,IA%_casa,3PC_casa,3PT_casa,3P%_casa,2PC_casa,2PT_casa,2P%_casa,LLC_casa,LLT_casa,LL%_casa,EN_casa,BR_casa,B/E_casa,TO_casa,FC_casa,T/FC_casa,ET_casa,VI_casa,EF_casa,Pts_visitante,3P_visitante,2P_visitante,LL_visitante,RT_visitante,RO_visitante,RD_visitante,AS_visitante,ER_visitante,IA%_visitante,3PC_visitante,3PT_visitante,3P%_visitante,2PC_visitante,2PT_visitante,2P%_visitante,LLC_visitante,LLT_visitante,LL%_visitante,EN_visitante,BR_visitante,B/E_visitante,TO_visitante,FC_visitante,T/FC_visitante,ET_visitante,VI_visitante,EF_visitante
88,68,2023-01-11,1,2,2022-2023,Cerrado,Fortaleza B. C. / CFO,1,86.0,41.6,31.066666666666666,13.333333333333334,36.93333333333333,11.6,25.333333333333332,15.666666666666666,15.466666666666667,1.0373333333333334,13.866666666666667,38.46666666666667,35.97866666666667,15.533333333333333,28.933333333333334,53.61533333333332,13.333333333333334,18.933333333333334,69.70666666666666,1.6666666666666667,6.533333333333333,0.4313333333333333,2.066666666666667,16.866666666666667,0.126,15.466666666666667,3.6666666666666665,88.13333333333334,72.33333333333333,21.0,40.53333333333333,10.8,42.96666666666667,13.166666666666666,29.8,14.1,14.7,1.032,7.0,24.5,29.205333333333336,20.266666666666666,43.166666666666664,46.282,10.8,18.166666666666668,59.579333333333324,1.5666666666666667,6.8,0.5193333333333334,2.066666666666667,20.2,0.10800000000000001,14.7,2.8666666666666667,75.8
