placar_casa,placar_visitante,data,round,stage,ano,equipe_casa,equipe_visitante,resultado,Pts_casa,3P_casa,2P_casa,LL_casa,RT_casa,RO_casa,RD_casa,AS_casa,ER_casa,IA%_casa,3PC_casa,3PT_casa,3P%_casa,2PC_casa,2PT_casa,2P%_casa,LLC_casa,LLT_casa,LL%_casa,EN_casa,BR_casa,B/E_casa,TO_casa,FC_casa,T/FC_casa,ET_casa,VI_casa,EF_casa,Pts_visitante,3P_visitante,2P_visitante,LL_visitante,RT_visitante,RO_visitante,RD_visitante,AS_visitante,ER_visitante,IA%_visitante,3PC_visitante,3PT_visitante,3P%_visitante,2PC_visitante,2PT_visitante,2P%_visitante,LLC_visitante,LLT_visitante,LL%_visitante,EN_visitante,BR_visitante,B/E_visitante,TO_visitante,FC_visitante,T/FC_visitante,ET_visitante,VI_visitante,EF_visitante
75,68,2014-01-05,13,1,2013-2014,Palmeiras,Paulistano,1,77.0909090909091,22.09090909090909,39.09090909090909,15.909090909090908,37.72727272727273,13.363636363636363,24.363636363636363,13.454545454545455,13.0,1.1490909090909092,7.363636363636363,23.181818181818183,32.10090909090909,19.545454545454547,40.90909090909091,48.69272727272726,15.909090909090908,23.272727272727273,68.46636363636364,2.4545454545454546,9.363636363636363,0.8072727272727271,2.727272727272727,21.818181818181817,0.12909090909090912,13.0,3.8181818181818183,82.81818181818181,81.54545454545455,25.90909090909091,40.0,15.636363636363637,32.0,9.636363636363637,22.363636363636363,11.818181818181818,11.818181818181818,1.1263636363636365,8.636363636363637,24.181818181818183,36.154545454545456,20.0,37.45454545454545,53.24545454545455,15.636363636363637,19.727272727272727,76.64454545454545,0.36363636363636365,9.818181818181818,0.8827272727272728,1.2727272727272727,21.272727272727273,0.06818181818181818,11.818181818181818,2.0,87.54545454545455
