placar_casa,placar_visitante,data,round,stage,ano,equipe_casa,equipe_visitante,resultado,Pts_casa,3P_casa,2P_casa,LL_casa,RT_casa,RO_casa,RD_casa,AS_casa,ER_casa,IA%_casa,3PC_casa,3PT_casa,3P%_casa,2PC_casa,2PT_casa,2P%_casa,LLC_casa,LLT_casa,LL%_casa,EN_casa,BR_casa,B/E_casa,TO_casa,FC_casa,T/FC_casa,ET_casa,VI_casa,EF_casa,Pts_visitante,3P_visitante,2P_visitante,LL_visitante,RT_visitante,RO_visitante,RD_visitante,AS_visitante,ER_visitante,IA%_visitante,3PC_visitante,3PT_visitante,3P%_visitante,2PC_visitante,2PT_visitante,2P%_visitante,LLC_visitante,LLT_visitante,LL%_visitante,EN_visitante,BR_visitante,B/E_visitante,TO_visitante,FC_visitante,T/FC_visitante,ET_visitante,VI_visitante,EF_visitante
86,76,2025-05-12,2,4,2024-2025,Minas,Vasco da Gama,1,82.53333333333333,29.2,39.866,13.467333333333332,41.79933333333334,12.267333333333333,29.534000000000002,17.465999999999998,14.332666666666666,1.338,9.733333333333333,27.99933333333333,34.734,19.934,37.0,53.63533333333334,13.467333333333332,18.6,73.96666666666667,1.5993333333333335,7.267333333333334,0.5146666666666667,2.2673333333333336,18.065999999999995,0.134,14.332666666666666,3.066,96.53399999999998,82.23333333333333,30.3,35.93333333333333,16.0,36.13333333333333,7.5,28.633333333333333,20.033333333333335,14.1,1.4386666666666665,10.1,26.7,37.89933333333333,17.966666666666665,32.3,56.05200000000001,16.0,21.2,74.624,1.5333333333333334,5.8,0.4213333333333333,2.033333333333333,21.1,0.10200000000000002,14.1,2.6333333333333333,96.0
