placar_casa,placar_visitante,data,round,stage,ano,equipe_casa,equipe_visitante,resultado,Pts_casa,3P_casa,2P_casa,LL_casa,RT_casa,RO_casa,RD_casa,AS_casa,ER_casa,IA%_casa,3PC_casa,3PT_casa,3P%_casa,2PC_casa,2PT_casa,2P%_casa,LLC_casa,LLT_casa,LL%_casa,EN_casa,BR_casa,B/E_casa,TO_casa,FC_casa,T/FC_casa,ET_casa,VI_casa,EF_casa,Pts_visitante,3P_visitante,2P_visitante,LL_visitante,RT_visitante,RO_visitante,RD_visitante,AS_visitante,ER_visitante,IA%_visitante,3PC_visitante,3PT_visitante,3P%_visitante,2PC_visitante,2PT_visitante,2P%_visitante,LLC_visitante,LLT_visitante,LL%_visitante,EN_visitante,BR_visitante,B/E_visitante,TO_visitante,FC_visitante,T/FC_visitante,ET_visitante,VI_visitante,EF_visitante
86,78,2022-02-20,4,2,2021-2022,Paulistano,Rio Claro,1,78.622,26.666666666666668,39.51133333333333,12.444666666666667,37.84466666666666,10.555333333333333,27.288666666666664,14.777999999999999,13.111333333333333,1.1753333333333336,8.888666666666667,26.84466666666667,33.162666666666674,19.755333333333333,39.577999999999996,50.06533333333334,12.444666666666667,16.666666666666668,74.01666666666667,1.3113333333333335,7.044666666666667,0.5486666666666665,2.466666666666667,20.311333333333334,0.12533333333333335,13.111333333333333,3.178,85.64466666666667,77.26666666666667,21.5,40.8,14.966666666666667,35.03333333333333,10.7,24.333333333333332,14.966666666666667,12.6,1.2446666666666666,7.166666666666667,25.3,28.252666666666663,20.4,38.1,53.58933333333333,14.966666666666667,20.0,74.56333333333333,1.5666666666666667,7.533333333333333,0.628,1.5333333333333334,23.033333333333335,0.06933333333333333,12.6,3.1,82.86666666666666
