placar_casa,placar_visitante,data,round,stage,ano,equipe_casa,equipe_visitante,resultado,Pts_casa,3P_casa,2P_casa,LL_casa,RT_casa,RO_casa,RD_casa,AS_casa,ER_casa,IA%_casa,3PC_casa,3PT_casa,3P%_casa,2PC_casa,2PT_casa,2P%_casa,LLC_casa,LLT_casa,LL%_casa,EN_casa,BR_casa,B/E_casa,TO_casa,FC_casa,T/FC_casa,ET_casa,VI_casa,EF_casa,Pts_visitante,3P_visitante,2P_visitante,LL_visitante,RT_visitante,RO_visitante,RD_visitante,AS_visitante,ER_visitante,IA%_visitante,3PC_visitante,3PT_visitante,3P%_visitante,2PC_visitante,2PT_visitante,2P%_visitante,LLC_visitante,LLT_visitante,LL%_visitante,EN_visitante,BR_visitante,B/E_visitante,TO_visitante,FC_visitante,T/FC_visitante,ET_visitante,VI_visitante,EF_visitante
75,97,2020-02-07,4,2,2019-2020,Fortaleza B. C. / CFO,Sesi Franca,0,74.40066666666667,24.2,38.99933333333333,11.199333333333334,36.36666666666667,10.4,25.966666666666672,13.433333333333334,13.199333333333334,1.0153333333333334,8.066666666666666,25.132666666666662,32.470666666666666,19.500666666666667,38.199333333333335,51.22666666666667,11.199333333333334,16.20133333333333,69.60266666666666,1.6666666666666667,7.266,0.55,2.734,21.565999999999995,0.126,13.199333333333334,1.699333333333333,79.9,85.99933333333333,32.8,35.6,17.599333333333334,35.934,7.566666666666666,28.367333333333338,18.99933333333333,11.933333333333334,1.6306666666666667,10.93266666666667,27.367333333333338,39.622,17.8,32.8,54.58866666666666,17.599333333333334,22.166666666666668,79.60733333333332,1.7326666666666664,5.400666666666667,0.4686666666666666,2.533333333333333,20.134000000000004,0.12733333333333333,11.933333333333334,1.5673333333333337,100.83333333333333
