placar_casa,placar_visitante,data,round,stage,ano,equipe_casa,equipe_visitante,resultado,Pts_casa,3P_casa,2P_casa,LL_casa,RT_casa,RO_casa,RD_casa,AS_casa,ER_casa,IA%_casa,3PC_casa,3PT_casa,3P%_casa,2PC_casa,2PT_casa,2P%_casa,LLC_casa,LLT_casa,LL%_casa,EN_casa,BR_casa,B/E_casa,TO_casa,FC_casa,T/FC_casa,ET_casa,VI_casa,EF_casa,Pts_visitante,3P_visitante,2P_visitante,LL_visitante,RT_visitante,RO_visitante,RD_visitante,AS_visitante,ER_visitante,IA%_visitante,3PC_visitante,3PT_visitante,3P%_visitante,2PC_visitante,2PT_visitante,2P%_visitante,LLC_visitante,LLT_visitante,LL%_visitante,EN_visitante,BR_visitante,B/E_visitante,TO_visitante,FC_visitante,T/FC_visitante,ET_visitante,VI_visitante,EF_visitante
107,99,2012-05-18,2,5,2011-2012,Coop/São José Basketball,Flamengo,1,86.73333333333333,26.0,41.733333333333334,19.0,31.4,8.733333333333333,22.666666666666668,18.266666666666666,13.066666666666666,1.698666666666667,8.666666666666666,24.4,35.525999999999996,20.866666666666667,34.13333333333333,60.79,19.0,23.266666666666666,82.394,1.4,6.066666666666666,0.5373333333333333,2.6,19.066666666666666,0.13333333333333333,13.066666666666666,2.066666666666667,104.6,82.8,22.2,44.8,15.8,30.266666666666666,8.0,22.266666666666666,12.933333333333334,9.866666666666667,1.434,7.4,20.0,38.02266666666667,22.4,41.733333333333334,54.08333333333334,15.8,20.8,74.7,1.1333333333333333,6.066666666666666,0.676,1.6,19.4,0.08200000000000002,9.866666666666667,2.2666666666666666,94.13333333333334
