placar_casa,placar_visitante,data,round,stage,ano,equipe_casa,equipe_visitante,resultado,Pts_casa,3P_casa,2P_casa,LL_casa,RT_casa,RO_casa,RD_casa,AS_casa,ER_casa,IA%_casa,3PC_casa,3PT_casa,3P%_casa,2PC_casa,2PT_casa,2P%_casa,LLC_casa,LLT_casa,LL%_casa,EN_casa,BR_casa,B/E_casa,TO_casa,FC_casa,T/FC_casa,ET_casa,VI_casa,EF_casa,Pts_visitante,3P_visitante,2P_visitante,LL_visitante,RT_visitante,RO_visitante,RD_visitante,AS_visitante,ER_visitante,IA%_visitante,3PC_visitante,3PT_visitante,3P%_visitante,2PC_visitante,2PT_visitante,2P%_visitante,LLC_visitante,LLT_visitante,LL%_visitante,EN_visitante,BR_visitante,B/E_visitante,TO_visitante,FC_visitante,T/FC_visitante,ET_visitante,VI_visitante,EF_visitante
79,68,2023-11-22,6,1,2023-2024,Paulistano,Pato Basquete,1,70.0,18.428571428571427,39.142857142857146,12.428571428571429,41.857142857142854,14.428571428571429,27.428571428571427,14.857142857142858,15.714285714285714,1.002857142857143,6.142857142857143,20.857142857142858,28.705714285714286,19.571428571428573,42.142857142857146,46.37428571428571,12.428571428571429,17.285714285714285,72.59857142857143,1.1428571428571428,8.857142857142858,0.5971428571428571,2.142857142857143,19.142857142857142,0.11,15.714285714285714,2.857142857142857,79.85714285714286,75.65,30.15,35.0,10.5,36.4,10.25,26.15,17.15,12.65,1.4260000000000004,10.05,29.9,33.767999999999994,17.5,32.85,53.470000000000006,10.5,15.5,66.986,1.3,6.1,0.492,0.9,17.9,0.052000000000000005,12.65,2.8,83.35
