placar_casa,placar_visitante,data,round,stage,ano,equipe_casa,equipe_visitante,resultado,Pts_casa,3P_casa,2P_casa,LL_casa,RT_casa,RO_casa,RD_casa,AS_casa,ER_casa,IA%_casa,3PC_casa,3PT_casa,3P%_casa,2PC_casa,2PT_casa,2P%_casa,LLC_casa,LLT_casa,LL%_casa,EN_casa,BR_casa,B/E_casa,TO_casa,FC_casa,T/FC_casa,ET_casa,VI_casa,EF_casa,Pts_visitante,3P_visitante,2P_visitante,LL_visitante,RT_visitante,RO_visitante,RD_visitante,AS_visitante,ER_visitante,IA%_visitante,3PC_visitante,3PT_visitante,3P%_visitante,2PC_visitante,2PT_visitante,2P%_visitante,LLC_visitante,LLT_visitante,LL%_visitante,EN_visitante,BR_visitante,B/E_visitante,TO_visitante,FC_visitante,T/FC_visitante,ET_visitante,VI_visitante,EF_visitante
76,97,2021-02-06,2,2,2020-2021,Sesi Franca,São Paulo,0,87.2,30.8,40.266666666666666,16.133333333333333,36.734,8.600666666666665,28.133333333333333,20.866,13.600666666666665,1.5473333333333334,10.266666666666667,26.267333333333333,38.994666666666674,20.133333333333333,37.93266666666667,53.788666666666664,16.133333333333333,19.866666666666667,81.39200000000001,1.2660000000000002,6.067333333333333,0.45133333333333336,2.732666666666667,19.400666666666666,0.1426666666666667,13.600666666666665,1.5993333333333335,102.466,89.28999999999999,32.86666666666667,41.288666666666664,15.132666666666667,37.0,9.311333333333334,27.688666666666666,17.933333333333334,11.044666666666668,1.6926666666666668,10.955333333333332,28.444666666666667,38.70133333333333,20.64466666666667,36.666000000000004,56.156666666666666,15.132666666666667,18.84333333333333,80.62933333333334,2.933333333333333,8.176666666666666,0.7613333333333333,2.978,16.267333333333333,0.186,11.044666666666668,2.1566666666666667,107.11066666666666
