placar_casa,placar_visitante,data,round,stage,ano,equipe_casa,equipe_visitante,resultado,Pts_casa,3P_casa,2P_casa,LL_casa,RT_casa,RO_casa,RD_casa,AS_casa,ER_casa,IA%_casa,3PC_casa,3PT_casa,3P%_casa,2PC_casa,2PT_casa,2P%_casa,LLC_casa,LLT_casa,LL%_casa,EN_casa,BR_casa,B/E_casa,TO_casa,FC_casa,T/FC_casa,ET_casa,VI_casa,EF_casa,Pts_visitante,3P_visitante,2P_visitante,LL_visitante,RT_visitante,RO_visitante,RD_visitante,AS_visitante,ER_visitante,IA%_visitante,3PC_visitante,3PT_visitante,3P%_visitante,2PC_visitante,2PT_visitante,2P%_visitante,LLC_visitante,LLT_visitante,LL%_visitante,EN_visitante,BR_visitante,B/E_visitante,TO_visitante,FC_visitante,T/FC_visitante,ET_visitante,VI_visitante,EF_visitante
90,77,2013-02-02,2,2,2012-2013,Flamengo,Minas,1,93.93333333333334,74.0,49.333333333333336,19.6,33.86666666666667,7.8,26.066666666666666,14.6,10.266666666666667,1.774666666666666,8.333333333333334,20.4,41.75666666666667,24.666666666666668,41.666666666666664,59.50066666666667,19.6,25.333333333333332,77.588,1.9333333333333333,7.2,0.8113333333333332,1.4,18.666666666666668,0.07333333333333335,10.266666666666667,2.0,113.66666666666667,82.8,65.6,43.733333333333334,17.266666666666666,26.0,7.466666666666667,18.533333333333335,13.2,13.533333333333333,1.1260000000000001,7.266666666666667,19.466666666666665,36.21333333333333,21.866666666666667,38.86666666666667,56.92733333333332,17.266666666666666,21.466666666666665,79.66266666666667,0.6,7.4,0.5886666666666666,1.8666666666666667,21.666666666666668,0.08533333333333334,13.533333333333333,2.7333333333333334,91.26666666666667
