placar_casa,placar_visitante,data,round,stage,ano,equipe_casa,equipe_visitante,resultado,Pts_casa,3P_casa,2P_casa,LL_casa,RT_casa,RO_casa,RD_casa,AS_casa,ER_casa,IA%_casa,3PC_casa,3PT_casa,3P%_casa,2PC_casa,2PT_casa,2P%_casa,LLC_casa,LLT_casa,LL%_casa,EN_casa,BR_casa,B/E_casa,TO_casa,FC_casa,T/FC_casa,ET_casa,VI_casa,EF_casa,Pts_visitante,3P_visitante,2P_visitante,LL_visitante,RT_visitante,RO_visitante,RD_visitante,AS_visitante,ER_visitante,IA%_visitante,3PC_visitante,3PT_visitante,3P%_visitante,2PC_visitante,2PT_visitante,2P%_visitante,LLC_visitante,LLT_visitante,LL%_visitante,EN_visitante,BR_visitante,B/E_visitante,TO_visitante,FC_visitante,T/FC_visitante,ET_visitante,VI_visitante,EF_visitante
53,65,2022-03-04,5,2,2021-2022,Paulistano,Bauru Basket,0,78.344,25.733333333333334,39.955999999999996,12.655999999999999,37.68933333333333,10.544000000000002,27.144,14.822666666666665,13.122666666666666,1.1780000000000002,8.577333333333334,26.289333333333335,32.72066666666667,19.97733333333333,40.18933333333333,49.81733333333334,12.655999999999999,16.933333333333334,73.99133333333334,1.2560000000000002,7.189333333333334,0.5619999999999999,2.3666666666666667,20.489333333333335,0.11933333333333336,13.122666666666666,3.156,85.08933333333334,79.33333333333333,31.0,36.266666666666666,12.066666666666666,33.266666666666666,7.866666666666666,25.4,17.933333333333334,11.333333333333334,1.6453333333333333,10.333333333333334,29.133333333333333,35.40533333333334,18.133333333333333,33.86666666666667,53.67,12.066666666666666,16.8,71.00266666666667,1.4666666666666666,6.866666666666666,0.6173333333333332,1.7333333333333334,18.733333333333334,0.09733333333333336,11.333333333333334,1.9333333333333333,88.53333333333333
