placar_casa,placar_visitante,data,round,stage,ano,equipe_casa,equipe_visitante,resultado,Pts_casa,3P_casa,2P_casa,LL_casa,RT_casa,RO_casa,RD_casa,AS_casa,ER_casa,IA%_casa,3PC_casa,3PT_casa,3P%_casa,2PC_casa,2PT_casa,2P%_casa,LLC_casa,LLT_casa,LL%_casa,EN_casa,BR_casa,B/E_casa,TO_casa,FC_casa,T/FC_casa,ET_casa,VI_casa,EF_casa,Pts_visitante,3P_visitante,2P_visitante,LL_visitante,RT_visitante,RO_visitante,RD_visitante,AS_visitante,ER_visitante,IA%_visitante,3PC_visitante,3PT_visitante,3P%_visitante,2PC_visitante,2PT_visitante,2P%_visitante,LLC_visitante,LLT_visitante,LL%_visitante,EN_visitante,BR_visitante,B/E_visitante,TO_visitante,FC_visitante,T/FC_visitante,ET_visitante,VI_visitante,EF_visitante
92,89,2013-03-28,13,2,2012-2013,Pinheiros,Brasília,1,83.46666666666667,53.4,38.666666666666664,12.8,27.2,5.8,21.4,15.866666666666667,11.4,1.4366666666666668,10.666666666666666,28.0,38.00333333333334,19.333333333333332,32.0,60.32133333333333,12.8,16.866666666666667,74.08866666666667,1.6,6.333333333333333,0.5793333333333334,1.8,19.533333333333335,0.09733333333333333,11.4,2.1333333333333333,94.13333333333334,91.73333333333333,63.8,42.53333333333333,15.4,34.8,9.133333333333333,25.666666666666668,17.6,12.133333333333333,1.636,11.266666666666667,27.333333333333332,41.470666666666666,21.266666666666666,36.93333333333333,58.05533333333333,15.4,20.0,76.992,1.4,7.733333333333333,0.7093333333333333,2.2666666666666666,22.0,0.10666666666666669,12.133333333333333,2.066666666666667,112.33333333333333
