placar_casa,placar_visitante,data,round,stage,ano,equipe_casa,equipe_visitante,resultado,Pts_casa,3P_casa,2P_casa,LL_casa,RT_casa,RO_casa,RD_casa,AS_casa,ER_casa,IA%_casa,3PC_casa,3PT_casa,3P%_casa,2PC_casa,2PT_casa,2P%_casa,LLC_casa,LLT_casa,LL%_casa,EN_casa,BR_casa,B/E_casa,TO_casa,FC_casa,T/FC_casa,ET_casa,VI_casa,EF_casa,Pts_visitante,3P_visitante,2P_visitante,LL_visitante,RT_visitante,RO_visitante,RD_visitante,AS_visitante,ER_visitante,IA%_visitante,3PC_visitante,3PT_visitante,3P%_visitante,2PC_visitante,2PT_visitante,2P%_visitante,LLC_visitante,LLT_visitante,LL%_visitante,EN_visitante,BR_visitante,B/E_visitante,TO_visitante,FC_visitante,T/FC_visitante,ET_visitante,VI_visitante,EF_visitante
93,76,2015-04-22,1,4,2014-2015,Limeira,Brasília,1,81.73333333333333,27.0,39.333333333333336,15.4,31.6,8.333333333333334,23.266666666666666,17.6,11.266666666666667,1.714,9.0,22.666666666666668,39.912000000000006,19.666666666666668,37.13333333333333,52.93466666666667,15.4,19.666666666666668,77.30933333333334,1.9333333333333333,9.333333333333334,0.874,2.8,19.6,0.14866666666666664,11.266666666666667,2.4,96.4,87.66666666666667,29.2,42.13333333333333,16.333333333333332,32.666666666666664,7.133333333333334,25.533333333333335,17.466666666666665,14.4,1.3419999999999999,9.733333333333333,23.266666666666666,41.37733333333334,21.066666666666666,36.8,57.829333333333324,16.333333333333332,19.933333333333334,80.90066666666667,2.2666666666666666,7.666666666666667,0.6073333333333333,3.466666666666667,21.8,0.16533333333333333,14.4,2.2,101.66666666666667
