placar_casa,placar_visitante,data,round,stage,ano,equipe_casa,equipe_visitante,resultado,Pts_casa,3P_casa,2P_casa,LL_casa,RT_casa,RO_casa,RD_casa,AS_casa,ER_casa,IA%_casa,3PC_casa,3PT_casa,3P%_casa,2PC_casa,2PT_casa,2P%_casa,LLC_casa,LLT_casa,LL%_casa,EN_casa,BR_casa,B/E_casa,TO_casa,FC_casa,T/FC_casa,ET_casa,VI_casa,EF_casa,Pts_visitante,3P_visitante,2P_visitante,LL_visitante,RT_visitante,RO_visitante,RD_visitante,AS_visitante,ER_visitante,IA%_visitante,3PC_visitante,3PT_visitante,3P%_visitante,2PC_visitante,2PT_visitante,2P%_visitante,LLC_visitante,LLT_visitante,LL%_visitante,EN_visitante,BR_visitante,B/E_visitante,TO_visitante,FC_visitante,T/FC_visitante,ET_visitante,VI_visitante,EF_visitante
70,68,2013-04-16,1,3,2012-2013,Minas,Coop/São José Basketball,1,80.8,47.6,41.6,17.8,31.466666666666665,9.866666666666667,21.6,15.0,14.8,1.1693333333333333,7.133333333333334,19.6,36.51533333333334,20.8,40.266666666666666,51.416666666666664,17.8,22.266666666666666,79.81333333333335,0.9333333333333333,7.466666666666667,0.5606666666666666,2.8,20.333333333333332,0.14533333333333334,14.8,2.8666666666666667,90.8,81.66666666666667,54.4,41.06666666666667,15.4,29.933333333333334,7.0,22.933333333333334,18.666666666666668,13.733333333333333,1.4680000000000002,8.4,22.133333333333333,37.91400000000001,20.533333333333335,37.266666666666666,55.314666666666675,15.4,19.933333333333334,76.83533333333334,0.5333333333333333,5.6,0.4186666666666667,2.8,18.066666666666666,0.168,13.733333333333333,2.1333333333333333,94.73333333333333
