placar_casa,placar_visitante,data,round,stage,ano,equipe_casa,equipe_visitante,resultado,Pts_casa,3P_casa,2P_casa,LL_casa,RT_casa,RO_casa,RD_casa,AS_casa,ER_casa,IA%_casa,3PC_casa,3PT_casa,3P%_casa,2PC_casa,2PT_casa,2P%_casa,LLC_casa,LLT_casa,LL%_casa,EN_casa,BR_casa,B/E_casa,TO_casa,FC_casa,T/FC_casa,ET_casa,VI_casa,EF_casa,Pts_visitante,3P_visitante,2P_visitante,LL_visitante,RT_visitante,RO_visitante,RD_visitante,AS_visitante,ER_visitante,IA%_visitante,3PC_visitante,3PT_visitante,3P%_visitante,2PC_visitante,2PT_visitante,2P%_visitante,LLC_visitante,LLT_visitante,LL%_visitante,EN_visitante,BR_visitante,B/E_visitante,TO_visitante,FC_visitante,T/FC_visitante,ET_visitante,VI_visitante,EF_visitante
70,73,2024-04-21,1,3,2023-2024,Coop/São José Basketball,Fortaleza B. C. / CFO,0,79.36666666666666,27.3,41.333333333333336,10.733333333333333,34.766666666666666,9.966666666666667,24.8,19.266666666666666,13.9,1.4553333333333331,9.1,26.166666666666668,34.08266666666667,20.666666666666668,38.13333333333333,54.302666666666674,10.733333333333333,16.433333333333334,62.638,2.5,7.433333333333334,0.5533333333333333,1.2666666666666666,19.666666666666668,0.06466666666666666,13.9,2.6,87.96666666666667,79.86666666666666,22.8,42.266666666666666,14.8,36.4,7.666666666666667,28.733333333333334,15.8,15.0,1.1613333333333336,7.6,22.2,33.190666666666665,21.133333333333333,36.4,57.955333333333336,14.8,20.0,74.46933333333332,1.8,6.066666666666666,0.41933333333333334,1.8,19.2,0.09466666666666669,15.0,2.8666666666666667,89.86666666666666
