placar_casa,placar_visitante,data,round,stage,ano,equipe_casa,equipe_visitante,resultado,Pts_casa,3P_casa,2P_casa,LL_casa,RT_casa,RO_casa,RD_casa,AS_casa,ER_casa,IA%_casa,3PC_casa,3PT_casa,3P%_casa,2PC_casa,2PT_casa,2P%_casa,LLC_casa,LLT_casa,LL%_casa,EN_casa,BR_casa,B/E_casa,TO_casa,FC_casa,T/FC_casa,ET_casa,VI_casa,EF_casa,Pts_visitante,3P_visitante,2P_visitante,LL_visitante,RT_visitante,RO_visitante,RD_visitante,AS_visitante,ER_visitante,IA%_visitante,3PC_visitante,3PT_visitante,3P%_visitante,2PC_visitante,2PT_visitante,2P%_visitante,LLC_visitante,LLT_visitante,LL%_visitante,EN_visitante,BR_visitante,B/E_visitante,TO_visitante,FC_visitante,T/FC_visitante,ET_visitante,VI_visitante,EF_visitante
82,65,2019-03-23,11,2,2018-2019,Sesi Franca,Mogi,1,86.96666666666667,32.0,40.2,14.766666666666667,34.2,8.2,26.0,17.366666666666667,12.466666666666667,1.4286666666666668,10.666666666666666,27.6,38.547333333333334,20.1,33.7,60.26866666666667,14.766666666666667,18.6,79.64866666666667,1.7666666666666666,7.1,0.606,1.9333333333333333,18.066666666666666,0.104,12.466666666666667,1.9333333333333333,100.46666666666667,83.06666666666666,24.666666666666668,44.13333333333333,14.266666666666667,39.244666666666674,11.021999999999998,28.221999999999998,20.044666666666668,12.755333333333333,1.65,8.222,23.778000000000002,34.90599999999999,22.066666666666666,41.0,54.40599999999999,14.266666666666667,19.778000000000002,72.42800000000001,1.3553333333333333,6.2219999999999995,0.5113333333333334,3.178,19.288666666666664,0.16666666666666666,12.755333333333333,1.6886666666666665,98.84466666666667
