placar_casa,placar_visitante,data,round,stage,ano,equipe_casa,equipe_visitante,resultado,Pts_casa,3P_casa,2P_casa,LL_casa,RT_casa,RO_casa,RD_casa,AS_casa,ER_casa,IA%_casa,3PC_casa,3PT_casa,3P%_casa,2PC_casa,2PT_casa,2P%_casa,LLC_casa,LLT_casa,LL%_casa,EN_casa,BR_casa,B/E_casa,TO_casa,FC_casa,T/FC_casa,ET_casa,VI_casa,EF_casa,Pts_visitante,3P_visitante,2P_visitante,LL_visitante,RT_visitante,RO_visitante,RD_visitante,AS_visitante,ER_visitante,IA%_visitante,3PC_visitante,3PT_visitante,3P%_visitante,2PC_visitante,2PT_visitante,2P%_visitante,LLC_visitante,LLT_visitante,LL%_visitante,EN_visitante,BR_visitante,B/E_visitante,TO_visitante,FC_visitante,T/FC_visitante,ET_visitante,VI_visitante,EF_visitante
80,90,2017-03-09,25,1,2016-2017,VipTech CMB,Brasília,0,80.86666666666666,28.4,36.13333333333333,16.333333333333332,37.4,11.6,25.8,15.466666666666667,13.533333333333333,1.1933333333333336,9.466666666666667,26.666666666666668,35.650666666666666,18.066666666666666,38.6,47.083333333333336,16.333333333333332,22.933333333333334,69.80999999999999,1.3333333333333333,8.6,0.6633333333333333,2.533333333333333,19.8,0.13333333333333336,13.533333333333333,3.2666666666666666,87.0,79.13333333333334,24.0,40.93333333333333,14.2,37.93333333333333,10.933333333333334,27.0,19.6,14.4,1.6393333333333335,8.0,23.6,33.34133333333333,20.466666666666665,38.666666666666664,52.51066666666667,14.2,20.066666666666666,69.94733333333333,1.6,6.0,0.4413333333333334,2.533333333333333,20.2,0.1366666666666667,14.4,2.6,91.13333333333334
