placar_casa,placar_visitante,data,round,stage,ano,equipe_casa,equipe_visitante,resultado,Pts_casa,3P_casa,2P_casa,LL_casa,RT_casa,RO_casa,RD_casa,AS_casa,ER_casa,IA%_casa,3PC_casa,3PT_casa,3P%_casa,2PC_casa,2PT_casa,2P%_casa,LLC_casa,LLT_casa,LL%_casa,EN_casa,BR_casa,B/E_casa,TO_casa,FC_casa,T/FC_casa,ET_casa,VI_casa,EF_casa,Pts_visitante,3P_visitante,2P_visitante,LL_visitante,RT_visitante,RO_visitante,RD_visitante,AS_visitante,ER_visitante,IA%_visitante,3PC_visitante,3PT_visitante,3P%_visitante,2PC_visitante,2PT_visitante,2P%_visitante,LLC_visitante,LLT_visitante,LL%_visitante,EN_visitante,BR_visitante,B/E_visitante,TO_visitante,FC_visitante,T/FC_visitante,ET_visitante,VI_visitante,EF_visitante
84,73,2023-12-12,9,1,2023-2024,Coop/São José Basketball,Mogi,1,81.41666666666667,26.75,41.166666666666664,13.5,40.333333333333336,10.583333333333334,29.75,18.416666666666668,15.166666666666666,1.2283333333333333,8.916666666666666,26.416666666666668,33.56999999999999,20.583333333333332,38.083333333333336,54.29666666666666,13.5,18.666666666666668,72.48166666666667,1.25,8.833333333333334,0.5983333333333333,2.0,19.416666666666668,0.10833333333333334,15.166666666666666,3.5,95.66666666666667,73.30846153846154,31.846153846153847,28.923846153846156,12.538461538461538,30.84692307692308,8.154615384615385,22.692307692307693,17.23076923076923,14.537692307692309,1.1907692307692308,10.616153846153846,27.999230769230767,38.016923076923085,14.460769230769232,27.76923076923077,52.17153846153846,12.538461538461538,17.23153846153846,72.91615384615383,0.30692307692307697,5.231538461538462,0.35923076923076924,1.4615384615384615,21.923076923076923,0.06692307692307693,14.537692307692309,2.922307692307692,78.15461538461537
