placar_casa,placar_visitante,data,round,stage,ano,equipe_casa,equipe_visitante,resultado,Pts_casa,3P_casa,2P_casa,LL_casa,RT_casa,RO_casa,RD_casa,AS_casa,ER_casa,IA%_casa,3PC_casa,3PT_casa,3P%_casa,2PC_casa,2PT_casa,2P%_casa,LLC_casa,LLT_casa,LL%_casa,EN_casa,BR_casa,B/E_casa,TO_casa,FC_casa,T/FC_casa,ET_casa,VI_casa,EF_casa,Pts_visitante,3P_visitante,2P_visitante,LL_visitante,RT_visitante,RO_visitante,RD_visitante,AS_visitante,ER_visitante,IA%_visitante,3PC_visitante,3PT_visitante,3P%_visitante,2PC_visitante,2PT_visitante,2P%_visitante,LLC_visitante,LLT_visitante,LL%_visitante,EN_visitante,BR_visitante,B/E_visitante,TO_visitante,FC_visitante,T/FC_visitante,ET_visitante,VI_visitante,EF_visitante
97,85,2021-01-06,9,1,2020-2021,Cerrado,BRB/Brasília,1,72.91666666666667,24.5,36.16583333333333,12.248333333333335,36.24833333333333,11.0,25.250833333333336,14.584166666666667,12.584166666666667,1.19,8.167499999999999,24.750833333333336,33.14166666666667,18.084166666666665,37.333333333333336,48.41333333333333,12.248333333333335,17.75,68.74416666666667,1.0825,5.833333333333333,0.46916666666666657,1.8341666666666665,20.00166666666667,0.09250000000000001,12.584166666666667,1.915,77.50083333333333,82.5,36.0,31.49875,15.00125,38.37375,11.623750000000001,26.75,16.99875,16.87625,1.03125,12.001249999999999,35.12375,34.22,15.751249999999999,32.87625,48.19375,15.00125,21.24875,70.0275,0.49875,6.375,0.38625,1.87375,18.99875,0.09749999999999998,16.87625,2.3737500000000002,82.75
