placar_casa,placar_visitante,data,round,stage,ano,equipe_casa,equipe_visitante,resultado,Pts_casa,3P_casa,2P_casa,LL_casa,RT_casa,RO_casa,RD_casa,AS_casa,ER_casa,IA%_casa,3PC_casa,3PT_casa,3P%_casa,2PC_casa,2PT_casa,2P%_casa,LLC_casa,LLT_casa,LL%_casa,EN_casa,BR_casa,B/E_casa,TO_casa,FC_casa,T/FC_casa,ET_casa,VI_casa,EF_casa,Pts_visitante,3P_visitante,2P_visitante,LL_visitante,RT_visitante,RO_visitante,RD_visitante,AS_visitante,ER_visitante,IA%_visitante,3PC_visitante,3PT_visitante,3P%_visitante,2PC_visitante,2PT_visitante,2P%_visitante,LLC_visitante,LLT_visitante,LL%_visitante,EN_visitante,BR_visitante,B/E_visitante,TO_visitante,FC_visitante,T/FC_visitante,ET_visitante,VI_visitante,EF_visitante
117,55,2022-03-24,8,2,2021-2022,Flamengo,União Corinthians,1,87.55533333333332,41.333333333333336,34.622,11.6,41.46666666666667,10.688666666666668,30.778000000000002,20.466666666666665,12.666666666666666,1.7553333333333336,13.777999999999999,36.55533333333334,37.98133333333333,17.311333333333334,29.64466666666667,58.462666666666664,11.6,15.066666666666666,77.05866666666665,1.578,5.666666666666667,0.4820000000000001,3.244666666666667,15.511333333333335,0.21133333333333332,12.666666666666666,1.8446666666666667,107.15533333333333,77.26666666666667,24.4,39.2,13.666666666666666,38.0,11.733333333333333,26.266666666666666,15.666666666666666,11.666666666666666,1.3873333333333333,8.133333333333333,27.333333333333332,29.774666666666675,19.6,40.86666666666667,48.06199999999999,13.666666666666666,20.2,67.96666666666667,1.9333333333333333,7.8,0.682,2.3333333333333335,22.066666666666666,0.11266666666666666,11.666666666666666,1.5333333333333334,82.4
