placar_casa,placar_visitante,data,round,stage,ano,equipe_casa,equipe_visitante,resultado,Pts_casa,3P_casa,2P_casa,LL_casa,RT_casa,RO_casa,RD_casa,AS_casa,ER_casa,IA%_casa,3PC_casa,3PT_casa,3P%_casa,2PC_casa,2PT_casa,2P%_casa,LLC_casa,LLT_casa,LL%_casa,EN_casa,BR_casa,B/E_casa,TO_casa,FC_casa,T/FC_casa,ET_casa,VI_casa,EF_casa,Pts_visitante,3P_visitante,2P_visitante,LL_visitante,RT_visitante,RO_visitante,RD_visitante,AS_visitante,ER_visitante,IA%_visitante,3PC_visitante,3PT_visitante,3P%_visitante,2PC_visitante,2PT_visitante,2P%_visitante,LLC_visitante,LLT_visitante,LL%_visitante,EN_visitante,BR_visitante,B/E_visitante,TO_visitante,FC_visitante,T/FC_visitante,ET_visitante,VI_visitante,EF_visitante
66,60,2017-05-23,5,5,2016-2017,Bauru Basket,Pinheiros,1,84.86666666666666,28.0,39.06666666666667,17.8,37.46666666666667,10.2,27.266666666666666,18.4,14.6,1.3293333333333333,9.333333333333334,25.133333333333333,37.44133333333334,19.533333333333335,35.6,55.60133333333333,17.8,24.466666666666665,73.25333333333333,1.3333333333333333,7.2,0.5133333333333333,2.8666666666666667,22.733333333333334,0.126,14.6,2.8,97.66666666666667,83.06666666666666,22.0,41.2,19.866666666666667,35.266666666666666,9.466666666666667,25.8,16.333333333333332,13.933333333333334,1.2779999999999998,7.333333333333333,20.933333333333334,34.84066666666667,20.6,40.06666666666667,51.642,19.866666666666667,25.533333333333335,78.53066666666668,1.8,7.066666666666666,0.5539999999999999,2.8,22.6,0.126,13.933333333333334,2.533333333333333,91.86666666666666
