placar_casa,placar_visitante,data,round,stage,ano,equipe_casa,equipe_visitante,resultado,Pts_casa,3P_casa,2P_casa,LL_casa,RT_casa,RO_casa,RD_casa,AS_casa,ER_casa,IA%_casa,3PC_casa,3PT_casa,3P%_casa,2PC_casa,2PT_casa,2P%_casa,LLC_casa,LLT_casa,LL%_casa,EN_casa,BR_casa,B/E_casa,TO_casa,FC_casa,T/FC_casa,ET_casa,VI_casa,EF_casa,Pts_visitante,3P_visitante,2P_visitante,LL_visitante,RT_visitante,RO_visitante,RD_visitante,AS_visitante,ER_visitante,IA%_visitante,3PC_visitante,3PT_visitante,3P%_visitante,2PC_visitante,2PT_visitante,2P%_visitante,LLC_visitante,LLT_visitante,LL%_visitante,EN_visitante,BR_visitante,B/E_visitante,TO_visitante,FC_visitante,T/FC_visitante,ET_visitante,VI_visitante,EF_visitante
89,92,2021-01-11,10,1,2020-2021,Pinheiros,Bauru Basket,0,70.92785714285715,24.642857142857142,34.714285714285715,11.570714285714287,36.92928571428571,10.857142857142858,26.07214285714286,16.572142857142858,15.930000000000001,1.0642857142857143,8.214285714285714,24.214285714285715,34.215,17.357142857142858,40.64142857142857,42.56285714285715,11.570714285714287,17.070714285714285,67.005,0.4992857142857143,6.857142857142857,0.445,2.0,19.857857142857142,0.10142857142857145,15.930000000000001,2.427857142857143,72.57214285714285,81.07214285714285,28.285714285714285,38.57071428571429,14.213571428571425,36.07,9.286428571428573,26.78785714285715,16.928571428571427,11.501428571428573,1.5100000000000002,9.430000000000001,27.285714285714285,34.5,19.28642857142857,36.14142857142857,53.73142857142857,14.213571428571425,18.428571428571427,77.08500000000001,1.4292857142857147,8.643571428571429,0.7621428571428572,1.2857142857142858,19.92785714285714,0.06714285714285714,11.501428571428573,2.357857142857143,93.5707142857143
