placar_casa,placar_visitante,data,round,stage,ano,equipe_casa,equipe_visitante,resultado,Pts_casa,3P_casa,2P_casa,LL_casa,RT_casa,RO_casa,RD_casa,AS_casa,ER_casa,IA%_casa,3PC_casa,3PT_casa,3P%_casa,2PC_casa,2PT_casa,2P%_casa,LLC_casa,LLT_casa,LL%_casa,EN_casa,BR_casa,B/E_casa,TO_casa,FC_casa,T/FC_casa,ET_casa,VI_casa,EF_casa,Pts_visitante,3P_visitante,2P_visitante,LL_visitante,RT_visitante,RO_visitante,RD_visitante,AS_visitante,ER_visitante,IA%_visitante,3PC_visitante,3PT_visitante,3P%_visitante,2PC_visitante,2PT_visitante,2P%_visitante,LLC_visitante,LLT_visitante,LL%_visitante,EN_visitante,BR_visitante,B/E_visitante,TO_visitante,FC_visitante,T/FC_visitante,ET_visitante,VI_visitante,EF_visitante
71,81,2023-03-24,7,2,2022-2023,UNIFACISA,Bauru Basket,0,79.6,30.5,36.4,12.7,38.53333333333333,10.7,27.833333333333332,15.6,13.3,1.2173333333333332,10.166666666666666,30.033333333333335,34.010000000000005,18.2,36.06666666666667,50.23733333333333,12.7,17.1,74.87599999999999,0.9,6.633333333333334,0.5213333333333333,1.9,20.4,0.09400000000000003,13.3,2.6333333333333333,86.83333333333333,75.84466666666665,30.366666666666667,33.866,11.610000000000003,33.42333333333334,7.444,25.977999999999998,17.967333333333332,11.668,1.574,10.121333333333334,28.6,35.31466666666667,16.933999999999997,31.212,54.09066666666667,11.610000000000003,15.443999999999997,73.664,1.7013333333333336,6.832666666666666,0.584,1.7653333333333332,18.865333333333332,0.09933333333333336,11.668,1.9659999999999997,87.57733333333334
