placar_casa,placar_visitante,data,round,stage,ano,equipe_casa,equipe_visitante,resultado,Pts_casa,3P_casa,2P_casa,LL_casa,RT_casa,RO_casa,RD_casa,AS_casa,ER_casa,IA%_casa,3PC_casa,3PT_casa,3P%_casa,2PC_casa,2PT_casa,2P%_casa,LLC_casa,LLT_casa,LL%_casa,EN_casa,BR_casa,B/E_casa,TO_casa,FC_casa,T/FC_casa,ET_casa,VI_casa,EF_casa,Pts_visitante,3P_visitante,2P_visitante,LL_visitante,RT_visitante,RO_visitante,RD_visitante,AS_visitante,ER_visitante,IA%_visitante,3PC_visitante,3PT_visitante,3P%_visitante,2PC_visitante,2PT_visitante,2P%_visitante,LLC_visitante,LLT_visitante,LL%_visitante,EN_visitante,BR_visitante,B/E_visitante,TO_visitante,FC_visitante,T/FC_visitante,ET_visitante,VI_visitante,EF_visitante
84,87,2024-03-05,7,2,2023-2024,Botafogo,Mogi,0,78.82333333333332,26.6,37.778000000000006,14.443999999999999,33.93333333333333,9.532666666666668,24.40066666666667,16.866,12.844,1.3639999999999999,8.866666666666667,27.644,32.25866666666666,18.888666666666666,37.44466666666667,50.179333333333325,14.443999999999999,20.377333333333333,71.03800000000001,0.778,6.932666666666666,0.5486666666666665,1.8,21.17733333333333,0.08533333333333333,12.844,2.9560000000000004,82.24399999999999,71.6,27.5,32.2,11.9,33.3,9.766666666666667,23.533333333333335,16.5,12.8,1.3486666666666667,9.166666666666666,27.133333333333333,33.492,16.1,34.3,47.087999999999994,11.9,16.766666666666666,72.41000000000001,0.6666666666666666,6.566666666666666,0.5353333333333333,1.1333333333333333,21.8,0.054666666666666676,12.8,2.2666666666666666,75.26666666666667
