placar_casa,placar_visitante,data,round,stage,ano,equipe_casa,equipe_visitante,resultado,Pts_casa,3P_casa,2P_casa,LL_casa,RT_casa,RO_casa,RD_casa,AS_casa,ER_casa,IA%_casa,3PC_casa,3PT_casa,3P%_casa,2PC_casa,2PT_casa,2P%_casa,LLC_casa,LLT_casa,LL%_casa,EN_casa,BR_casa,B/E_casa,TO_casa,FC_casa,T/FC_casa,ET_casa,VI_casa,EF_casa,Pts_visitante,3P_visitante,2P_visitante,LL_visitante,RT_visitante,RO_visitante,RD_visitante,AS_visitante,ER_visitante,IA%_visitante,3PC_visitante,3PT_visitante,3P%_visitante,2PC_visitante,2PT_visitante,2P%_visitante,LLC_visitante,LLT_visitante,LL%_visitante,EN_visitante,BR_visitante,B/E_visitante,TO_visitante,FC_visitante,T/FC_visitante,ET_visitante,VI_visitante,EF_visitante
78,88,2019-11-20,6,1,2019-2020,Pinheiros,São Paulo,0,80.49833333333333,25.5,40.66833333333333,14.334999999999999,38.5,11.834999999999999,26.665000000000003,15.001666666666665,14.501666666666665,1.0783333333333331,8.5,25.166666666666668,33.06333333333333,20.331666666666667,38.165,54.153333333333336,14.334999999999999,19.335,74.62500000000001,1.8316666666666668,8.498333333333333,0.59,1.6683333333333332,19.833333333333332,0.085,14.501666666666665,3.3349999999999995,90.165,84.71428571428571,34.714285714285715,38.0,12.0,44.0,11.142857142857142,32.857142857142854,20.0,13.714285714285714,1.5799999999999998,11.571428571428571,31.571428571428573,36.37571428571429,19.0,35.142857142857146,53.94857142857143,12.0,18.285714285714285,66.14285714285714,2.0,5.571428571428571,0.41000000000000003,4.0,18.571428571428573,0.22571428571428573,13.714285714285714,1.8571428571428572,102.14285714285714
