placar_casa,placar_visitante,data,round,stage,ano,equipe_casa,equipe_visitante,resultado,Pts_casa,3P_casa,2P_casa,LL_casa,RT_casa,RO_casa,RD_casa,AS_casa,ER_casa,IA%_casa,3PC_casa,3PT_casa,3P%_casa,2PC_casa,2PT_casa,2P%_casa,LLC_casa,LLT_casa,LL%_casa,EN_casa,BR_casa,B/E_casa,TO_casa,FC_casa,T/FC_casa,ET_casa,VI_casa,EF_casa,Pts_visitante,3P_visitante,2P_visitante,LL_visitante,RT_visitante,RO_visitante,RD_visitante,AS_visitante,ER_visitante,IA%_visitante,3PC_visitante,3PT_visitante,3P%_visitante,2PC_visitante,2PT_visitante,2P%_visitante,LLC_visitante,LLT_visitante,LL%_visitante,EN_visitante,BR_visitante,B/E_visitante,TO_visitante,FC_visitante,T/FC_visitante,ET_visitante,VI_visitante,EF_visitante
78,65,2025-01-20,5,2,2024-2025,Pato Basquete,Caxias do Sul Basquete,1,81.91133333333332,33.266666666666666,36.31133333333334,12.333333333333334,37.244666666666674,11.090000000000002,26.156000000000002,16.35533333333333,13.866000000000003,1.2273333333333336,11.088666666666665,30.711333333333336,36.134,18.15533333333333,34.26733333333333,52.92333333333333,12.333333333333334,17.089333333333336,73.578,0.5333333333333333,6.266666666666667,0.454,1.355333333333333,21.867333333333338,0.066,13.866000000000003,2.844,88.77733333333332,71.73333333333333,26.0,33.68933333333334,12.044,32.044,10.289333333333333,21.756000000000004,14.622666666666667,13.310666666666666,1.2106666666666668,8.666666666666666,27.577333333333332,31.368000000000002,16.844,33.42266666666667,50.76199999999999,12.044,17.266666666666666,71.27199999999999,1.0,7.2,0.6213333333333334,1.4,22.089333333333336,0.064,13.310666666666666,2.977333333333333,72.97733333333332
