placar_casa,placar_visitante,data,round,stage,ano,equipe_casa,equipe_visitante,resultado,Pts_casa,3P_casa,2P_casa,LL_casa,RT_casa,RO_casa,RD_casa,AS_casa,ER_casa,IA%_casa,3PC_casa,3PT_casa,3P%_casa,2PC_casa,2PT_casa,2P%_casa,LLC_casa,LLT_casa,LL%_casa,EN_casa,BR_casa,B/E_casa,TO_casa,FC_casa,T/FC_casa,ET_casa,VI_casa,EF_casa,Pts_visitante,3P_visitante,2P_visitante,LL_visitante,RT_visitante,RO_visitante,RD_visitante,AS_visitante,ER_visitante,IA%_visitante,3PC_visitante,3PT_visitante,3P%_visitante,2PC_visitante,2PT_visitante,2P%_visitante,LLC_visitante,LLT_visitante,LL%_visitante,EN_visitante,BR_visitante,B/E_visitante,TO_visitante,FC_visitante,T/FC_visitante,ET_visitante,VI_visitante,EF_visitante
80,68,2024-04-13,12,2,2023-2024,Bauru Basket,Mogi,1,86.13333333333334,31.2,42.666666666666664,12.266666666666667,34.13333333333333,8.8,25.333333333333332,21.733333333333334,11.133333333333333,1.9793333333333334,10.4,28.266666666666666,36.576,21.333333333333332,36.86666666666667,58.192,12.266666666666667,16.866666666666667,72.17799999999998,1.3333333333333333,7.4,0.674,2.466666666666667,21.8,0.11866666666666668,11.133333333333333,1.4,102.73333333333333,74.33333333333333,28.933333333333334,32.666666666666664,12.733333333333333,35.844,11.266666666666667,24.577333333333332,16.310666666666666,13.222666666666665,1.2966666666666666,9.644000000000002,27.622666666666667,34.669999999999995,16.333333333333332,34.86666666666667,46.99733333333333,12.733333333333333,18.577333333333332,68.06800000000001,1.3560000000000003,6.8,0.5353333333333334,0.5106666666666667,21.910666666666664,0.022666666666666672,13.222666666666665,2.5773333333333333,78.22266666666668
