placar_casa,placar_visitante,data,round,stage,ano,equipe_casa,equipe_visitante,resultado,Pts_casa,3P_casa,2P_casa,LL_casa,RT_casa,RO_casa,RD_casa,AS_casa,ER_casa,IA%_casa,3PC_casa,3PT_casa,3P%_casa,2PC_casa,2PT_casa,2P%_casa,LLC_casa,LLT_casa,LL%_casa,EN_casa,BR_casa,B/E_casa,TO_casa,FC_casa,T/FC_casa,ET_casa,VI_casa,EF_casa,Pts_visitante,3P_visitante,2P_visitante,LL_visitante,RT_visitante,RO_visitante,RD_visitante,AS_visitante,ER_visitante,IA%_visitante,3PC_visitante,3PT_visitante,3P%_visitante,2PC_visitante,2PT_visitante,2P%_visitante,LLC_visitante,LLT_visitante,LL%_visitante,EN_visitante,BR_visitante,B/E_visitante,TO_visitante,FC_visitante,T/FC_visitante,ET_visitante,VI_visitante,EF_visitante
91,100,2015-03-18,12,2,2014-2015,Rio Claro,Uberlândia,0,81.13333333333334,22.0,43.733333333333334,15.4,29.733333333333334,7.733333333333333,22.0,16.666666666666668,13.866666666666667,1.2966666666666666,7.333333333333333,21.066666666666666,33.736000000000004,21.866666666666667,39.666666666666664,55.087999999999994,15.4,18.866666666666667,81.58266666666668,1.4,10.333333333333334,0.7986666666666667,1.4666666666666666,20.2,0.07866666666666668,13.866666666666667,2.6666666666666665,90.46666666666667,71.73333333333333,18.0,37.6,16.133333333333333,32.13333333333333,7.733333333333333,24.4,13.133333333333333,15.4,0.9413333333333331,6.0,20.4,29.375999999999994,18.8,37.266666666666666,50.95666666666667,16.133333333333333,19.8,81.24533333333332,1.1333333333333333,9.8,0.7246666666666667,2.6,22.133333333333333,0.12666666666666668,15.4,3.0,77.46666666666667
