placar_casa,placar_visitante,data,round,stage,ano,equipe_casa,equipe_visitante,resultado,Pts_casa,3P_casa,2P_casa,LL_casa,RT_casa,RO_casa,RD_casa,AS_casa,ER_casa,IA%_casa,3PC_casa,3PT_casa,3P%_casa,2PC_casa,2PT_casa,2P%_casa,LLC_casa,LLT_casa,LL%_casa,EN_casa,BR_casa,B/E_casa,TO_casa,FC_casa,T/FC_casa,ET_casa,VI_casa,EF_casa,Pts_visitante,3P_visitante,2P_visitante,LL_visitante,RT_visitante,RO_visitante,RD_visitante,AS_visitante,ER_visitante,IA%_visitante,3PC_visitante,3PT_visitante,3P%_visitante,2PC_visitante,2PT_visitante,2P%_visitante,LLC_visitante,LLT_visitante,LL%_visitante,EN_visitante,BR_visitante,B/E_visitante,TO_visitante,FC_visitante,T/FC_visitante,ET_visitante,VI_visitante,EF_visitante
65,81,2016-03-29,15,2,2015-2016,L. Sorocabana,Paulistano,0,70.6,18.8,39.333333333333336,12.466666666666667,33.333333333333336,12.266666666666667,21.066666666666666,13.466666666666667,15.733333333333333,0.932,6.266666666666667,22.666666666666668,27.16466666666667,19.666666666666668,39.46666666666667,49.90933333333332,12.466666666666667,19.133333333333333,63.39666666666667,2.2666666666666666,12.0,0.8233333333333334,2.3333333333333335,22.266666666666666,0.11,15.733333333333333,3.6,73.13333333333334,78.46666666666667,26.6,38.266666666666666,13.6,38.06666666666667,11.6,26.466666666666665,17.066666666666666,14.333333333333334,1.2806666666666666,8.866666666666667,24.133333333333333,36.842,19.133333333333333,37.8,51.40933333333333,13.6,16.8,78.61266666666667,1.7333333333333334,8.8,0.6333333333333334,1.8,19.266666666666666,0.09666666666666668,14.333333333333334,3.0,92.73333333333333
