placar_casa,placar_visitante,data,round,stage,ano,equipe_casa,equipe_visitante,resultado,Pts_casa,3P_casa,2P_casa,LL_casa,RT_casa,RO_casa,RD_casa,AS_casa,ER_casa,IA%_casa,3PC_casa,3PT_casa,3P%_casa,2PC_casa,2PT_casa,2P%_casa,LLC_casa,LLT_casa,LL%_casa,EN_casa,BR_casa,B/E_casa,TO_casa,FC_casa,T/FC_casa,ET_casa,VI_casa,EF_casa,Pts_visitante,3P_visitante,2P_visitante,LL_visitante,RT_visitante,RO_visitante,RD_visitante,AS_visitante,ER_visitante,IA%_visitante,3PC_visitante,3PT_visitante,3P%_visitante,2PC_visitante,2PT_visitante,2P%_visitante,LLC_visitante,LLT_visitante,LL%_visitante,EN_visitante,BR_visitante,B/E_visitante,TO_visitante,FC_visitante,T/FC_visitante,ET_visitante,VI_visitante,EF_visitante
99,57,2023-04-11,10,2,2022-2023,Paulistano,São Paulo,1,77.866,23.4,40.93266666666667,13.533333333333333,39.39933333333333,13.933333333333334,25.465999999999998,14.132666666666667,12.199333333333334,1.1800000000000002,7.800666666666667,24.733333333333334,31.683333333333334,20.467333333333332,43.39933333333333,47.39399999999999,13.533333333333333,18.733333333333334,71.58533333333334,2.0660000000000003,7.866,0.6546666666666668,1.6673333333333331,20.000666666666667,0.0886666666666667,12.199333333333334,2.5326666666666666,83.66733333333333,83.93266666666666,33.0,37.199333333333335,13.733333333333333,34.800666666666665,8.065999999999999,26.732666666666663,18.334,13.667333333333334,1.444,10.999333333333334,29.60066666666667,36.958,18.600666666666665,32.734,56.836000000000006,13.733333333333333,18.399333333333335,75.25266666666667,1.6,7.133333333333334,0.5646666666666668,1.6666666666666667,18.8,0.09066666666666667,13.667333333333334,2.8666666666666667,94.79933333333335
