placar_casa,placar_visitante,data,round,stage,ano,equipe_casa,equipe_visitante,resultado,Pts_casa,3P_casa,2P_casa,LL_casa,RT_casa,RO_casa,RD_casa,AS_casa,ER_casa,IA%_casa,3PC_casa,3PT_casa,3P%_casa,2PC_casa,2PT_casa,2P%_casa,LLC_casa,LLT_casa,LL%_casa,EN_casa,BR_casa,B/E_casa,TO_casa,FC_casa,T/FC_casa,ET_casa,VI_casa,EF_casa,Pts_visitante,3P_visitante,2P_visitante,LL_visitante,RT_visitante,RO_visitante,RD_visitante,AS_visitante,ER_visitante,IA%_visitante,3PC_visitante,3PT_visitante,3P%_visitante,2PC_visitante,2PT_visitante,2P%_visitante,LLC_visitante,LLT_visitante,LL%_visitante,EN_visitante,BR_visitante,B/E_visitante,TO_visitante,FC_visitante,T/FC_visitante,ET_visitante,VI_visitante,EF_visitante
85,93,2015-01-07,14,1,2014-2015,Rio Claro,Flamengo,0,75.0,16.615384615384617,44.15384615384615,14.23076923076923,32.46153846153846,8.615384615384615,23.846153846153847,17.0,14.0,1.3653846153846152,5.538461538461538,20.615384615384617,26.610000000000007,22.076923076923077,41.61538461538461,52.92,14.23076923076923,17.53846153846154,80.57538461538462,1.5384615384615385,10.538461538461538,0.7992307692307692,1.3076923076923077,16.692307692307693,0.08461538461538462,14.0,3.230769230769231,84.38461538461539,90.0909090909091,29.727272727272727,43.45454545454545,16.90909090909091,35.81818181818182,9.909090909090908,25.90909090909091,18.181818181818183,12.181818181818182,1.8836363636363638,9.909090909090908,24.363636363636363,39.1390909090909,21.727272727272727,38.18181818181818,57.18,16.90909090909091,22.545454545454547,76.21,2.272727272727273,8.363636363636363,0.8309090909090908,2.272727272727273,19.272727272727273,0.12272727272727274,12.181818181818182,2.090909090909091,106.0
