placar_casa,placar_visitante,data,round,stage,ano,equipe_casa,equipe_visitante,resultado,Pts_casa,3P_casa,2P_casa,LL_casa,RT_casa,RO_casa,RD_casa,AS_casa,ER_casa,IA%_casa,3PC_casa,3PT_casa,3P%_casa,2PC_casa,2PT_casa,2P%_casa,LLC_casa,LLT_casa,LL%_casa,EN_casa,BR_casa,B/E_casa,TO_casa,FC_casa,T/FC_casa,ET_casa,VI_casa,EF_casa,Pts_visitante,3P_visitante,2P_visitante,LL_visitante,RT_visitante,RO_visitante,RD_visitante,AS_visitante,ER_visitante,IA%_visitante,3PC_visitante,3PT_visitante,3P%_visitante,2PC_visitante,2PT_visitante,2P%_visitante,LLC_visitante,LLT_visitante,LL%_visitante,EN_visitante,BR_visitante,B/E_visitante,TO_visitante,FC_visitante,T/FC_visitante,ET_visitante,VI_visitante,EF_visitante
95,67,2016-04-06,2,3,2015-2016,Brasília,Caxias do Sul Basquete,1,83.86666666666666,28.0,42.266666666666666,13.6,35.2,11.0,24.2,18.466666666666665,13.533333333333333,1.61,9.333333333333334,25.933333333333334,35.30666666666666,21.133333333333333,40.2,52.65,13.6,18.333333333333332,75.916,1.5333333333333334,10.6,0.8686666666666667,1.6,22.866666666666667,0.07266666666666667,13.533333333333333,2.2666666666666666,95.8,76.6,30.0,33.333333333333336,13.266666666666667,32.06666666666667,8.933333333333334,23.133333333333333,15.266666666666667,13.533333333333333,1.1700000000000002,10.0,27.733333333333334,37.052,16.666666666666668,32.86666666666667,50.38133333333334,13.266666666666667,18.466666666666665,72.23133333333334,1.6,9.866666666666667,0.7486666666666668,1.3333333333333333,22.133333333333333,0.06466666666666666,13.533333333333333,3.7333333333333334,82.46666666666667
