placar_casa,placar_visitante,data,round,stage,ano,equipe_casa,equipe_visitante,resultado,Pts_casa,3P_casa,2P_casa,LL_casa,RT_casa,RO_casa,RD_casa,AS_casa,ER_casa,IA%_casa,3PC_casa,3PT_casa,3P%_casa,2PC_casa,2PT_casa,2P%_casa,LLC_casa,LLT_casa,LL%_casa,EN_casa,BR_casa,B/E_casa,TO_casa,FC_casa,T/FC_casa,ET_casa,VI_casa,EF_casa,Pts_visitante,3P_visitante,2P_visitante,LL_visitante,RT_visitante,RO_visitante,RD_visitante,AS_visitante,ER_visitante,IA%_visitante,3PC_visitante,3PT_visitante,3P%_visitante,2PC_visitante,2PT_visitante,2P%_visitante,LLC_visitante,LLT_visitante,LL%_visitante,EN_visitante,BR_visitante,B/E_visitante,TO_visitante,FC_visitante,T/FC_visitante,ET_visitante,VI_visitante,EF_visitante
99,79,2012-03-01,9,2,2011-2012,Bauru Basket,Limeira,1,80.36363636363636,22.09090909090909,43.45454545454545,14.818181818181818,32.36363636363637,10.818181818181818,21.545454545454547,12.454545454545455,10.181818181818182,1.517272727272727,7.363636363636363,21.90909090909091,34.63727272727272,21.727272727272727,42.18181818181818,52.20272727272727,14.818181818181818,19.09090909090909,77.35272727272728,1.8181818181818181,6.7272727272727275,0.8045454545454546,2.5454545454545454,17.727272727272727,0.1372727272727273,10.181818181818182,2.1818181818181817,85.9090909090909,84.8,32.7,36.2,15.9,28.2,7.9,20.3,15.4,11.6,1.395,10.9,25.1,43.079,18.1,36.5,49.697,15.9,19.4,82.59,2.0,7.7,0.7579999999999999,2.1,21.3,0.11800000000000002,11.6,2.1,91.7
