placar_casa,placar_visitante,data,round,stage,ano,equipe_casa,equipe_visitante,resultado,Pts_casa,3P_casa,2P_casa,LL_casa,RT_casa,RO_casa,RD_casa,AS_casa,ER_casa,IA%_casa,3PC_casa,3PT_casa,3P%_casa,2PC_casa,2PT_casa,2P%_casa,LLC_casa,LLT_casa,LL%_casa,EN_casa,BR_casa,B/E_casa,TO_casa,FC_casa,T/FC_casa,ET_casa,VI_casa,EF_casa,Pts_visitante,3P_visitante,2P_visitante,LL_visitante,RT_visitante,RO_visitante,RD_visitante,AS_visitante,ER_visitante,IA%_visitante,3PC_visitante,3PT_visitante,3P%_visitante,2PC_visitante,2PT_visitante,2P%_visitante,LLC_visitante,LLT_visitante,LL%_visitante,EN_visitante,BR_visitante,B/E_visitante,TO_visitante,FC_visitante,T/FC_visitante,ET_visitante,VI_visitante,EF_visitante
69,90,2022-04-11,11,2,2021-2022,Pinheiros,Mogi,0,82.9,28.1,41.8,13.0,40.36666666666667,13.666666666666666,26.7,17.933333333333334,14.166666666666666,1.2993333333333332,9.366666666666667,27.933333333333334,33.564,20.9,41.0,51.329333333333324,13.0,17.9,71.26,2.2333333333333334,7.366666666666666,0.5079999999999998,2.466666666666667,16.7,0.14333333333333337,14.166666666666666,2.7,93.3,76.99933333333334,28.2,37.86666666666667,10.932666666666668,39.266,9.934,29.334000000000003,20.333333333333332,17.8,1.1799999999999997,9.4,28.866666666666667,32.93,18.933333333333334,35.534,53.17066666666666,10.932666666666668,15.732666666666667,68.39399999999999,2.866,6.066,0.36266666666666664,2.667333333333333,18.466,0.15066666666666667,17.8,2.6666666666666665,86.66666666666667
