placar_casa,placar_visitante,data,round,stage,ano,equipe_casa,equipe_visitante,resultado,Pts_casa,3P_casa,2P_casa,LL_casa,RT_casa,RO_casa,RD_casa,AS_casa,ER_casa,IA%_casa,3PC_casa,3PT_casa,3P%_casa,2PC_casa,2PT_casa,2P%_casa,LLC_casa,LLT_casa,LL%_casa,EN_casa,BR_casa,B/E_casa,TO_casa,FC_casa,T/FC_casa,ET_casa,VI_casa,EF_casa,Pts_visitante,3P_visitante,2P_visitante,LL_visitante,RT_visitante,RO_visitante,RD_visitante,AS_visitante,ER_visitante,IA%_visitante,3PC_visitante,3PT_visitante,3P%_visitante,2PC_visitante,2PT_visitante,2P%_visitante,LLC_visitante,LLT_visitante,LL%_visitante,EN_visitante,BR_visitante,B/E_visitante,TO_visitante,FC_visitante,T/FC_visitante,ET_visitante,VI_visitante,EF_visitante
68,111,2024-01-17,2,2,2023-2024,BRB/Brasília,Minas,0,68.16666666666667,24.9,33.39933333333333,9.867333333333333,31.567333333333337,9.132666666666667,22.432666666666663,12.633999999999999,13.233333333333333,0.9740000000000002,8.3,26.967333333333336,31.081999999999997,16.700666666666667,37.7,44.53333333333334,9.867333333333333,15.400666666666666,63.318,1.0333333333333334,7.1659999999999995,0.5519999999999999,1.1666666666666667,19.233333333333334,0.05933333333333334,13.233333333333333,2.1340000000000003,62.26733333333333,86.39933333333332,33.2,38.99933333333334,14.2,41.333333333333336,11.266000000000002,30.067333333333337,20.865999999999996,12.866666666666667,1.6333333333333329,11.06733333333333,27.934000000000005,39.50933333333332,19.50066666666667,35.666666666666664,54.63133333333334,14.2,19.90066666666667,71.15333333333334,1.9333333333333333,5.067333333333334,0.3926666666666667,3.100666666666667,18.167333333333335,0.17866666666666667,12.866666666666667,2.433333333333333,105.16666666666667
