placar_casa,placar_visitante,data,round,stage,ano,equipe_casa,equipe_visitante,resultado,Pts_casa,3P_casa,2P_casa,LL_casa,RT_casa,RO_casa,RD_casa,AS_casa,ER_casa,IA%_casa,3PC_casa,3PT_casa,3P%_casa,2PC_casa,2PT_casa,2P%_casa,LLC_casa,LLT_casa,LL%_casa,EN_casa,BR_casa,B/E_casa,TO_casa,FC_casa,T/FC_casa,ET_casa,VI_casa,EF_casa,Pts_visitante,3P_visitante,2P_visitante,LL_visitante,RT_visitante,RO_visitante,RD_visitante,AS_visitante,ER_visitante,IA%_visitante,3PC_visitante,3PT_visitante,3P%_visitante,2PC_visitante,2PT_visitante,2P%_visitante,LLC_visitante,LLT_visitante,LL%_visitante,EN_visitante,BR_visitante,B/E_visitante,TO_visitante,FC_visitante,T/FC_visitante,ET_visitante,VI_visitante,EF_visitante
95,75,2023-03-01,5,2,2022-2023,Sesi Franca,Pinheiros,1,89.40066666666668,31.4,41.732666666666674,16.266,39.86666666666667,9.200666666666667,30.665999999999997,19.134000000000004,12.333333333333334,1.6406666666666667,10.466000000000003,27.6,37.96666666666667,20.867333333333338,36.39933333333333,56.929999999999986,16.266,20.00066666666667,81.636,2.2659999999999996,6.133333333333334,0.5239999999999999,2.6659999999999995,16.665999999999997,0.16000000000000003,12.333333333333334,2.3333333333333335,108.46666666666667,81.53266666666667,25.4,42.13333333333333,13.999333333333336,42.333999999999996,13.933333333333334,28.40066666666667,18.332666666666665,14.466000000000003,1.4020000000000004,8.466666666666667,26.39933333333333,31.824666666666666,21.066666666666666,41.734,50.33133333333332,13.999333333333336,20.866666666666667,66.84800000000001,1.7326666666666664,7.932666666666666,0.5886666666666667,1.999333333333333,20.39933333333333,0.10133333333333334,14.466000000000003,2.8659999999999997,92.2
