placar_casa,placar_visitante,data,round,stage,ano,equipe_casa,equipe_visitante,resultado,Pts_casa,3P_casa,2P_casa,LL_casa,RT_casa,RO_casa,RD_casa,AS_casa,ER_casa,IA%_casa,3PC_casa,3PT_casa,3P%_casa,2PC_casa,2PT_casa,2P%_casa,LLC_casa,LLT_casa,LL%_casa,EN_casa,BR_casa,B/E_casa,TO_casa,FC_casa,T/FC_casa,ET_casa,VI_casa,EF_casa,Pts_visitante,3P_visitante,2P_visitante,LL_visitante,RT_visitante,RO_visitante,RD_visitante,AS_visitante,ER_visitante,IA%_visitante,3PC_visitante,3PT_visitante,3P%_visitante,2PC_visitante,2PT_visitante,2P%_visitante,LLC_visitante,LLT_visitante,LL%_visitante,EN_visitante,BR_visitante,B/E_visitante,TO_visitante,FC_visitante,T/FC_visitante,ET_visitante,VI_visitante,EF_visitante
76,89,2013-05-07,4,4,2012-2013,Pinheiros,Uberlândia,0,84.53333333333333,32.4,37.6,14.533333333333333,28.866666666666667,6.8,22.066666666666666,16.533333333333335,11.066666666666666,1.6933333333333331,10.8,27.2,39.40466666666667,18.8,32.93333333333333,58.63066666666666,14.533333333333333,19.2,75.33733333333333,1.5333333333333334,5.0,0.5013333333333334,1.8,19.466666666666665,0.094,11.066666666666666,1.8,90.46666666666667,85.73333333333333,45.6,41.333333333333336,14.4,31.866666666666667,7.866666666666666,24.0,17.333333333333332,11.666666666666666,1.7526666666666668,10.0,25.2,40.294000000000004,20.666666666666668,38.266666666666666,54.197333333333326,14.4,17.8,81.07666666666665,2.7333333333333334,6.533333333333333,0.61,2.7333333333333334,20.066666666666666,0.13733333333333336,11.666666666666666,2.4,98.66666666666667
