placar_casa,placar_visitante,data,round,stage,ano,equipe_casa,equipe_visitante,resultado,Pts_casa,3P_casa,2P_casa,LL_casa,RT_casa,RO_casa,RD_casa,AS_casa,ER_casa,IA%_casa,3PC_casa,3PT_casa,3P%_casa,2PC_casa,2PT_casa,2P%_casa,LLC_casa,LLT_casa,LL%_casa,EN_casa,BR_casa,B/E_casa,TO_casa,FC_casa,T/FC_casa,ET_casa,VI_casa,EF_casa,Pts_visitante,3P_visitante,2P_visitante,LL_visitante,RT_visitante,RO_visitante,RD_visitante,AS_visitante,ER_visitante,IA%_visitante,3PC_visitante,3PT_visitante,3P%_visitante,2PC_visitante,2PT_visitante,2P%_visitante,LLC_visitante,LLT_visitante,LL%_visitante,EN_visitante,BR_visitante,B/E_visitante,TO_visitante,FC_visitante,T/FC_visitante,ET_visitante,VI_visitante,EF_visitante
108,76,2009-04-24,10,2,2008-2009,Minas,Saldanha,1,89.06666666666666,24.6,47.86666666666667,16.6,34.0,9.733333333333333,24.266666666666666,16.4,15.2,1.1239999999999999,8.2,20.533333333333335,39.77666666666667,23.933333333333334,40.266666666666666,59.84599999999999,16.6,22.933333333333334,72.742,1.4,7.4,0.4973333333333333,4.133333333333334,17.933333333333334,0.234,15.2,0.0,100.8,73.33333333333333,24.6,36.666666666666664,12.066666666666666,29.8,9.866666666666667,19.933333333333334,12.733333333333333,17.933333333333334,0.7713333333333333,8.2,24.733333333333334,33.706,18.333333333333332,36.13333333333333,51.06266666666667,12.066666666666666,20.266666666666666,60.49666666666667,3.3333333333333335,9.666666666666666,0.5706666666666667,1.8,22.733333333333334,0.08,17.933333333333334,0.0,66.86666666666666
