placar_casa,placar_visitante,data,round,stage,ano,equipe_casa,equipe_visitante,resultado,Pts_casa,3P_casa,2P_casa,LL_casa,RT_casa,RO_casa,RD_casa,AS_casa,ER_casa,IA%_casa,3PC_casa,3PT_casa,3P%_casa,2PC_casa,2PT_casa,2P%_casa,LLC_casa,LLT_casa,LL%_casa,EN_casa,BR_casa,B/E_casa,TO_casa,FC_casa,T/FC_casa,ET_casa,VI_casa,EF_casa,Pts_visitante,3P_visitante,2P_visitante,LL_visitante,RT_visitante,RO_visitante,RD_visitante,AS_visitante,ER_visitante,IA%_visitante,3PC_visitante,3PT_visitante,3P%_visitante,2PC_visitante,2PT_visitante,2P%_visitante,LLC_visitante,LLT_visitante,LL%_visitante,EN_visitante,BR_visitante,B/E_visitante,TO_visitante,FC_visitante,T/FC_visitante,ET_visitante,VI_visitante,EF_visitante
90,85,2022-03-05,5,2,2021-2022,Sesi Franca,Flamengo,1,91.66733333333333,35.4,41.00066666666667,15.266666666666667,40.366,10.466666666666667,29.89933333333333,16.399333333333335,12.099333333333334,1.5446666666666666,11.8,31.50066666666667,37.11600000000001,20.499333333333333,33.334,62.111999999999995,15.266666666666667,18.500666666666667,83.44266666666665,2.7006666666666663,5.466666666666667,0.5046666666666667,2.9326666666666665,15.7,0.2053333333333333,12.099333333333334,1.8339999999999999,108.96733333333331,87.6,39.2,36.46666666666667,11.933333333333334,41.7,10.633333333333333,31.066666666666666,20.4,13.166666666666666,1.6873333333333336,13.066666666666666,34.2,38.92733333333333,18.233333333333334,31.066666666666666,58.93066666666667,11.933333333333334,15.866666666666667,75.60266666666666,1.4666666666666666,5.733333333333333,0.4720000000000001,2.7,15.433333333333334,0.17933333333333332,13.166666666666666,2.2666666666666666,107.06666666666666
