placar_casa,placar_visitante,data,round,stage,ano,equipe_casa,equipe_visitante,resultado,Pts_casa,3P_casa,2P_casa,LL_casa,RT_casa,RO_casa,RD_casa,AS_casa,ER_casa,IA%_casa,3PC_casa,3PT_casa,3P%_casa,2PC_casa,2PT_casa,2P%_casa,LLC_casa,LLT_casa,LL%_casa,EN_casa,BR_casa,B/E_casa,TO_casa,FC_casa,T/FC_casa,ET_casa,VI_casa,EF_casa,Pts_visitante,3P_visitante,2P_visitante,LL_visitante,RT_visitante,RO_visitante,RD_visitante,AS_visitante,ER_visitante,IA%_visitante,3PC_visitante,3PT_visitante,3P%_visitante,2PC_visitante,2PT_visitante,2P%_visitante,LLC_visitante,LLT_visitante,LL%_visitante,EN_visitante,BR_visitante,B/E_visitante,TO_visitante,FC_visitante,T/FC_visitante,ET_visitante,VI_visitante,EF_visitante
75,68,2019-04-05,1,3,2018-2019,Fortaleza B. C. / CFO,Paulistano,1,75.53333333333333,23.3,40.8,11.433333333333334,36.03333333333333,10.6,25.433333333333334,13.633333333333333,14.633333333333333,0.9879999999999999,7.766666666666667,23.666666666666668,32.65,20.4,39.5,51.69733333333333,11.433333333333334,17.133333333333333,65.214,1.4666666666666666,7.8,0.5619999999999999,2.533333333333333,20.833333333333332,0.12333333333333332,14.633333333333333,2.8333333333333335,79.96666666666667,88.99933333333334,34.8,39.06666666666667,15.132666666666667,41.39933333333333,12.334,29.067333333333334,19.134,15.399333333333335,1.285333333333333,11.6,30.934,37.64466666666667,19.533333333333335,34.534,56.48200000000001,15.132666666666667,20.466666666666665,74.01199999999999,2.8673333333333333,4.933333333333334,0.3233333333333333,2.734,22.066666666666666,0.12933333333333336,15.399333333333335,1.8666666666666667,101.46733333333333
