placar_casa,placar_visitante,data,round,stage,ano,equipe_casa,equipe_visitante,resultado,Pts_casa,3P_casa,2P_casa,LL_casa,RT_casa,RO_casa,RD_casa,AS_casa,ER_casa,IA%_casa,3PC_casa,3PT_casa,3P%_casa,2PC_casa,2PT_casa,2P%_casa,LLC_casa,LLT_casa,LL%_casa,EN_casa,BR_casa,B/E_casa,TO_casa,FC_casa,T/FC_casa,ET_casa,VI_casa,EF_casa,Pts_visitante,3P_visitante,2P_visitante,LL_visitante,RT_visitante,RO_visitante,RD_visitante,AS_visitante,ER_visitante,IA%_visitante,3PC_visitante,3PT_visitante,3P%_visitante,2PC_visitante,2PT_visitante,2P%_visitante,LLC_visitante,LLT_visitante,LL%_visitante,EN_visitante,BR_visitante,B/E_visitante,TO_visitante,FC_visitante,T/FC_visitante,ET_visitante,VI_visitante,EF_visitante
79,77,2014-03-22,16,2,2013-2014,Uberlândia,Limeira,1,84.0,32.8,37.333333333333336,13.866666666666667,31.066666666666666,8.733333333333333,22.333333333333332,17.2,10.666666666666666,1.7693333333333332,10.933333333333334,27.066666666666666,40.166666666666664,18.666666666666668,33.86666666666667,54.882666666666665,13.866666666666667,17.933333333333334,78.13933333333333,3.0,9.6,1.0019999999999998,2.2,19.733333333333334,0.114,10.666666666666666,1.8666666666666667,98.0,79.0,26.0,38.8,14.2,31.066666666666666,7.933333333333334,23.133333333333333,14.2,11.4,1.5093333333333334,8.666666666666666,22.066666666666666,39.11866666666666,19.4,35.8,53.75733333333333,14.2,18.4,77.74,0.5333333333333333,9.133333333333333,0.9626666666666668,1.4,20.733333333333334,0.068,11.4,2.2,89.4
