placar_casa,placar_visitante,data,round,stage,ano,equipe_casa,equipe_visitante,resultado,Pts_casa,3P_casa,2P_casa,LL_casa,RT_casa,RO_casa,RD_casa,AS_casa,ER_casa,IA%_casa,3PC_casa,3PT_casa,3P%_casa,2PC_casa,2PT_casa,2P%_casa,LLC_casa,LLT_casa,LL%_casa,EN_casa,BR_casa,B/E_casa,TO_casa,FC_casa,T/FC_casa,ET_casa,VI_casa,EF_casa,Pts_visitante,3P_visitante,2P_visitante,LL_visitante,RT_visitante,RO_visitante,RD_visitante,AS_visitante,ER_visitante,IA%_visitante,3PC_visitante,3PT_visitante,3P%_visitante,2PC_visitante,2PT_visitante,2P%_visitante,LLC_visitante,LLT_visitante,LL%_visitante,EN_visitante,BR_visitante,B/E_visitante,TO_visitante,FC_visitante,T/FC_visitante,ET_visitante,VI_visitante,EF_visitante
77,95,2014-01-18,18,1,2013-2014,Pinheiros,Coop/São José Basketball,0,85.93333333333334,32.0,39.86666666666667,14.066666666666666,34.06666666666667,8.066666666666666,26.0,16.866666666666667,12.4,1.4679999999999997,10.666666666666666,25.6,41.62466666666668,19.933333333333334,36.06666666666667,55.294000000000004,14.066666666666666,18.6,75.19733333333333,2.466666666666667,9.6,0.8300000000000001,4.2,18.133333333333333,0.23733333333333337,12.4,1.8666666666666667,102.66666666666667,81.2,25.8,41.2,14.2,37.266666666666666,10.933333333333334,26.333333333333332,16.266666666666666,13.6,1.3113333333333335,8.6,24.2,36.832,20.6,39.733333333333334,51.93066666666667,14.2,18.266666666666666,78.27333333333334,0.8,8.066666666666666,0.6073333333333333,2.2666666666666666,13.8,0.17600000000000005,13.6,2.8666666666666667,92.66666666666667
