placar_casa,placar_visitante,data,round,stage,ano,equipe_casa,equipe_visitante,resultado,Pts_casa,3P_casa,2P_casa,LL_casa,RT_casa,RO_casa,RD_casa,AS_casa,ER_casa,IA%_casa,3PC_casa,3PT_casa,3P%_casa,2PC_casa,2PT_casa,2P%_casa,LLC_casa,LLT_casa,LL%_casa,EN_casa,BR_casa,B/E_casa,TO_casa,FC_casa,T/FC_casa,ET_casa,VI_casa,EF_casa,Pts_visitante,3P_visitante,2P_visitante,LL_visitante,RT_visitante,RO_visitante,RD_visitante,AS_visitante,ER_visitante,IA%_visitante,3PC_visitante,3PT_visitante,3P%_visitante,2PC_visitante,2PT_visitante,2P%_visitante,LLC_visitante,LLT_visitante,LL%_visitante,EN_visitante,BR_visitante,B/E_visitante,TO_visitante,FC_visitante,T/FC_visitante,ET_visitante,VI_visitante,EF_visitante
79,73,2017-04-15,4,3,2016-2017,R10 Score Vasco da Gama,Pinheiros,1,75.73333333333333,26.6,31.6,17.533333333333335,31.266666666666666,7.933333333333334,23.333333333333332,15.466666666666667,15.2,1.0719999999999998,8.866666666666667,23.6,38.17466666666667,15.8,32.666666666666664,48.70399999999999,17.533333333333335,22.4,79.35866666666668,0.4,6.533333333333333,0.4246666666666667,0.8,22.266666666666666,0.03733333333333333,15.2,4.266666666666667,78.13333333333334,80.4,20.8,40.4,19.2,35.86666666666667,9.8,26.066666666666666,17.733333333333334,15.133333333333333,1.216666666666667,6.933333333333334,19.266666666666666,36.588,20.2,40.06666666666667,50.16866666666667,19.2,27.0,71.876,1.6,7.133333333333334,0.49333333333333335,2.2666666666666666,22.8,0.10400000000000002,15.133333333333333,3.2666666666666666,88.26666666666667
