placar_casa,placar_visitante,data,round,stage,ano,equipe_casa,equipe_visitante,resultado,Pts_casa,3P_casa,2P_casa,LL_casa,RT_casa,RO_casa,RD_casa,AS_casa,ER_casa,IA%_casa,3PC_casa,3PT_casa,3P%_casa,2PC_casa,2PT_casa,2P%_casa,LLC_casa,LLT_casa,LL%_casa,EN_casa,BR_casa,B/E_casa,TO_casa,FC_casa,T/FC_casa,ET_casa,VI_casa,EF_casa,Pts_visitante,3P_visitante,2P_visitante,LL_visitante,RT_visitante,RO_visitante,RD_visitante,AS_visitante,ER_visitante,IA%_visitante,3PC_visitante,3PT_visitante,3P%_visitante,2PC_visitante,2PT_visitante,2P%_visitante,LLC_visitante,LLT_visitante,LL%_visitante,EN_visitante,BR_visitante,B/E_visitante,TO_visitante,FC_visitante,T/FC_visitante,ET_visitante,VI_visitante,EF_visitante
67,79,2023-01-04,12,1,2022-2023,União Corinthians,Bauru Basket,0,77.28714285714285,35.57142857142857,31.28571428571429,10.427857142857144,33.356428571428566,9.501428571428571,23.85714285714286,18.64357142857143,12.999285714285715,1.502857142857143,11.855714285714285,33.21571428571429,36.277857142857144,15.642857142857144,32.50000000000001,48.215714285714284,10.427857142857144,13.857142857142858,76.32785714285716,2.0707142857142857,7.284999999999999,0.562857142857143,1.9285714285714286,20.142142857142854,0.09642857142857145,12.999285714285715,2.4285714285714284,83.85714285714286,79.14357142857143,31.071428571428573,36.0,12.072142857142861,34.356428571428566,10.143571428571429,24.215000000000003,16.428571428571427,10.285714285714286,1.754285714285714,10.356428571428571,30.071428571428573,34.36,18.0,33.42928571428572,53.59214285714286,12.072142857142861,16.215000000000003,73.29857142857144,2.142857142857143,7.214285714285714,0.7514285714285712,1.5,18.714285714285715,0.08785714285714287,10.285714285714286,1.9285714285714286,89.07214285714288
