placar_casa,placar_visitante,data,round,stage,ano,equipe_casa,equipe_visitante,resultado,Pts_casa,3P_casa,2P_casa,LL_casa,RT_casa,RO_casa,RD_casa,AS_casa,ER_casa,IA%_casa,3PC_casa,3PT_casa,3P%_casa,2PC_casa,2PT_casa,2P%_casa,LLC_casa,LLT_casa,LL%_casa,EN_casa,BR_casa,B/E_casa,TO_casa,FC_casa,T/FC_casa,ET_casa,VI_casa,EF_casa,Pts_visitante,3P_visitante,2P_visitante,LL_visitante,RT_visitante,RO_visitante,RD_visitante,AS_visitante,ER_visitante,IA%_visitante,3PC_visitante,3PT_visitante,3P%_visitante,2PC_visitante,2PT_visitante,2P%_visitante,LLC_visitante,LLT_visitante,LL%_visitante,EN_visitante,BR_visitante,B/E_visitante,TO_visitante,FC_visitante,T/FC_visitante,ET_visitante,VI_visitante,EF_visitante
73,113,2021-03-04,5,2,2020-2021,VipTech CMB,Sesi Franca,0,77.10066666666668,27.2,40.60133333333333,9.301333333333334,38.59866666666666,12.931999999999999,25.666666666666664,17.63333333333333,12.233999999999998,1.508,9.066666666666666,28.567333333333337,31.712,20.298666666666666,41.734,48.34933333333334,9.301333333333334,15.999999999999998,57.57533333333333,1.1333333333333333,6.9,0.5939999999999999,1.2339999999999998,19.767333333333333,0.06199999999999999,12.233999999999998,1.868,81.6,87.19933333333334,28.2,42.8,16.199333333333332,32.434000000000005,6.4,26.034000000000002,18.700666666666667,12.433999999999997,1.5486666666666664,9.399333333333335,23.699333333333332,39.502,21.4,38.60066666666667,55.78133333333333,16.199333333333332,20.366666666666667,79.92733333333331,1.8333333333333333,6.666666666666667,0.5473333333333332,2.200666666666667,19.532666666666664,0.11200000000000003,12.433999999999997,1.4326666666666663,99.09933333333333
