placar_casa,placar_visitante,data,round,stage,ano,equipe_casa,equipe_visitante,resultado,Pts_casa,3P_casa,2P_casa,LL_casa,RT_casa,RO_casa,RD_casa,AS_casa,ER_casa,IA%_casa,3PC_casa,3PT_casa,3P%_casa,2PC_casa,2PT_casa,2P%_casa,LLC_casa,LLT_casa,LL%_casa,EN_casa,BR_casa,B/E_casa,TO_casa,FC_casa,T/FC_casa,ET_casa,VI_casa,EF_casa,Pts_visitante,3P_visitante,2P_visitante,LL_visitante,RT_visitante,RO_visitante,RD_visitante,AS_visitante,ER_visitante,IA%_visitante,3PC_visitante,3PT_visitante,3P%_visitante,2PC_visitante,2PT_visitante,2P%_visitante,LLC_visitante,LLT_visitante,LL%_visitante,EN_visitante,BR_visitante,B/E_visitante,TO_visitante,FC_visitante,T/FC_visitante,ET_visitante,VI_visitante,EF_visitante
75,77,2014-11-30,4,1,2014-2015,Brasília,Minas,0,79.5,20.0,43.666666666666664,15.833333333333334,37.5,11.0,26.5,16.333333333333332,14.5,1.12,6.666666666666667,19.166666666666668,34.336666666666666,21.833333333333332,43.166666666666664,50.87833333333333,15.833333333333334,19.0,83.19333333333333,2.8333333333333335,7.833333333333333,0.5466666666666667,3.0,23.333333333333332,0.135,14.5,2.6666666666666665,92.66666666666667,72.57142857142857,20.142857142857142,35.142857142857146,17.285714285714285,36.714285714285715,11.714285714285714,25.0,14.142857142857142,16.0,0.9571428571428572,6.714285714285714,23.142857142857142,29.737142857142857,17.571428571428573,36.0,48.94714285714286,17.285714285714285,24.0,72.02428571428571,2.2857142857142856,11.285714285714286,0.7485714285714286,1.4285714285714286,23.571428571428573,0.06,16.0,3.5714285714285716,78.57142857142857
