placar_casa,placar_visitante,data,round,stage,ano,equipe_casa,equipe_visitante,resultado,Pts_casa,3P_casa,2P_casa,LL_casa,RT_casa,RO_casa,RD_casa,AS_casa,ER_casa,IA%_casa,3PC_casa,3PT_casa,3P%_casa,2PC_casa,2PT_casa,2P%_casa,LLC_casa,LLT_casa,LL%_casa,EN_casa,BR_casa,B/E_casa,TO_casa,FC_casa,T/FC_casa,ET_casa,VI_casa,EF_casa,Pts_visitante,3P_visitante,2P_visitante,LL_visitante,RT_visitante,RO_visitante,RD_visitante,AS_visitante,ER_visitante,IA%_visitante,3PC_visitante,3PT_visitante,3P%_visitante,2PC_visitante,2PT_visitante,2P%_visitante,LLC_visitante,LLT_visitante,LL%_visitante,EN_visitante,BR_visitante,B/E_visitante,TO_visitante,FC_visitante,T/FC_visitante,ET_visitante,VI_visitante,EF_visitante
96,70,2010-04-02,13,2,2009-2010,Araraquara,Sesi Franca,1,82.33333333333333,27.2,39.733333333333334,15.4,30.533333333333335,8.4,22.133333333333333,14.6,14.333333333333334,1.0673333333333332,9.066666666666666,22.866666666666667,39.914,19.866666666666667,37.333333333333336,52.628,15.4,20.533333333333335,74.14933333333333,1.9333333333333333,7.733333333333333,0.5653333333333334,2.066666666666667,23.066666666666666,0.09333333333333334,14.333333333333334,2.4,86.53333333333333,86.73333333333333,27.4,41.06666666666667,18.266666666666666,28.866666666666667,6.866666666666666,22.0,13.733333333333333,11.266666666666667,1.3799999999999997,9.133333333333333,22.933333333333334,39.926,20.533333333333335,38.2,54.15866666666666,18.266666666666666,24.0,76.24733333333333,0.8666666666666667,9.133333333333333,0.8953333333333334,2.466666666666667,20.466666666666665,0.13266666666666668,11.266666666666667,2.533333333333333,92.46666666666667
