placar_casa,placar_visitante,data,round,stage,ano,equipe_casa,equipe_visitante,resultado,Pts_casa,3P_casa,2P_casa,LL_casa,RT_casa,RO_casa,RD_casa,AS_casa,ER_casa,IA%_casa,3PC_casa,3PT_casa,3P%_casa,2PC_casa,2PT_casa,2P%_casa,LLC_casa,LLT_casa,LL%_casa,EN_casa,BR_casa,B/E_casa,TO_casa,FC_casa,T/FC_casa,ET_casa,VI_casa,EF_casa,Pts_visitante,3P_visitante,2P_visitante,LL_visitante,RT_visitante,RO_visitante,RD_visitante,AS_visitante,ER_visitante,IA%_visitante,3PC_visitante,3PT_visitante,3P%_visitante,2PC_visitante,2PT_visitante,2P%_visitante,LLC_visitante,LLT_visitante,LL%_visitante,EN_visitante,BR_visitante,B/E_visitante,TO_visitante,FC_visitante,T/FC_visitante,ET_visitante,VI_visitante,EF_visitante
86,74,2009-03-20,15,1,2008-2009,Minas,Araraquara,1,85.63636363636364,22.09090909090909,47.63636363636363,15.909090909090908,35.63636363636363,10.818181818181818,24.818181818181817,16.363636363636363,14.818181818181818,1.1500000000000001,7.363636363636363,20.636363636363637,36.405454545454546,23.818181818181817,42.27272727272727,56.51363636363637,15.909090909090908,22.363636363636363,71.66454545454545,1.4545454545454546,6.7272727272727275,0.46636363636363637,2.8181818181818183,19.636363636363637,0.1581818181818182,14.818181818181818,0.0,94.18181818181819,75.38461538461539,26.076923076923077,35.53846153846154,13.76923076923077,30.0,6.846153846153846,23.153846153846153,16.46153846153846,15.538461538461538,1.146153846153846,8.692307692307692,26.076923076923077,33.39153846153846,17.76923076923077,33.38461538461539,53.36615384615384,13.76923076923077,20.23076923076923,67.59923076923077,2.076923076923077,7.538461538461538,0.49923076923076926,4.538461538461538,21.076923076923077,0.2253846153846154,15.538461538461538,0.0,78.92307692307692
