placar_casa,placar_visitante,data,round,stage,ano,equipe_casa,equipe_visitante,resultado,Pts_casa,3P_casa,2P_casa,LL_casa,RT_casa,RO_casa,RD_casa,AS_casa,ER_casa,IA%_casa,3PC_casa,3PT_casa,3P%_casa,2PC_casa,2PT_casa,2P%_casa,LLC_casa,LLT_casa,LL%_casa,EN_casa,BR_casa,B/E_casa,TO_casa,FC_casa,T/FC_casa,ET_casa,VI_casa,EF_casa,Pts_visitante,3P_visitante,2P_visitante,LL_visitante,RT_visitante,RO_visitante,RD_visitante,AS_visitante,ER_visitante,IA%_visitante,3PC_visitante,3PT_visitante,3P%_visitante,2PC_visitante,2PT_visitante,2P%_visitante,LLC_visitante,LLT_visitante,LL%_visitante,EN_visitante,BR_visitante,B/E_visitante,TO_visitante,FC_visitante,T/FC_visitante,ET_visitante,VI_visitante,EF_visitante
65,77,2015-03-20,13,2,2014-2015,Palmeiras,Bauru Basket,0,79.53333333333333,24.0,42.13333333333333,13.4,34.13333333333333,10.8,23.333333333333332,15.333333333333334,14.133333333333333,1.15,8.0,24.133333333333333,33.285333333333334,21.066666666666666,39.666666666666664,53.044666666666664,13.4,18.733333333333334,72.03733333333334,2.6,10.866666666666667,0.8119999999999999,1.6,19.2,0.08866666666666669,14.133333333333333,3.066666666666667,87.26666666666667,92.53333333333333,37.4,39.2,15.933333333333334,37.4,8.533333333333333,28.866666666666667,18.866666666666667,12.0,1.7093333333333334,12.466666666666667,30.066666666666666,41.72266666666667,19.6,33.0,59.38866666666668,15.933333333333334,19.733333333333334,79.76666666666665,1.6,9.2,0.8566666666666668,2.2,17.866666666666667,0.13533333333333336,12.0,1.4666666666666666,113.4
