placar_casa,placar_visitante,data,round,stage,ano,equipe_casa,equipe_visitante,resultado,Pts_casa,3P_casa,2P_casa,LL_casa,RT_casa,RO_casa,RD_casa,AS_casa,ER_casa,IA%_casa,3PC_casa,3PT_casa,3P%_casa,2PC_casa,2PT_casa,2P%_casa,LLC_casa,LLT_casa,LL%_casa,EN_casa,BR_casa,B/E_casa,TO_casa,FC_casa,T/FC_casa,ET_casa,VI_casa,EF_casa,Pts_visitante,3P_visitante,2P_visitante,LL_visitante,RT_visitante,RO_visitante,RD_visitante,AS_visitante,ER_visitante,IA%_visitante,3PC_visitante,3PT_visitante,3P%_visitante,2PC_visitante,2PT_visitante,2P%_visitante,LLC_visitante,LLT_visitante,LL%_visitante,EN_visitante,BR_visitante,B/E_visitante,TO_visitante,FC_visitante,T/FC_visitante,ET_visitante,VI_visitante,EF_visitante
94,71,2013-03-07,9,2,2012-2013,Joinville,Fortaleza B. C. / CFO,1,72.46666666666667,62.0,41.333333333333336,14.933333333333334,30.266666666666666,10.666666666666666,19.6,11.733333333333333,15.733333333333333,0.864,5.4,18.8,27.93066666666667,20.666666666666668,42.733333333333334,48.18733333333333,14.933333333333334,21.666666666666668,68.88000000000001,1.5333333333333334,8.933333333333334,0.6526666666666667,3.6,21.0,0.18133333333333332,15.733333333333333,4.133333333333334,79.93333333333334,83.0,65.2,43.46666666666667,16.933333333333334,31.8,9.066666666666666,22.733333333333334,13.266666666666667,10.2,1.704,7.533333333333333,21.0,36.074666666666666,21.733333333333334,42.333333333333336,51.912000000000006,16.933333333333334,21.933333333333334,77.22733333333332,0.7333333333333333,6.066666666666666,0.8086666666666668,2.6666666666666665,20.666666666666668,0.132,10.2,2.933333333333333,95.46666666666667
