placar_casa,placar_visitante,data,round,stage,ano,equipe_casa,equipe_visitante,resultado,Pts_casa,3P_casa,2P_casa,LL_casa,RT_casa,RO_casa,RD_casa,AS_casa,ER_casa,IA%_casa,3PC_casa,3PT_casa,3P%_casa,2PC_casa,2PT_casa,2P%_casa,LLC_casa,LLT_casa,LL%_casa,EN_casa,BR_casa,B/E_casa,TO_casa,FC_casa,T/FC_casa,ET_casa,VI_casa,EF_casa,Pts_visitante,3P_visitante,2P_visitante,LL_visitante,RT_visitante,RO_visitante,RD_visitante,AS_visitante,ER_visitante,IA%_visitante,3PC_visitante,3PT_visitante,3P%_visitante,2PC_visitante,2PT_visitante,2P%_visitante,LLC_visitante,LLT_visitante,LL%_visitante,EN_visitante,BR_visitante,B/E_visitante,TO_visitante,FC_visitante,T/FC_visitante,ET_visitante,VI_visitante,EF_visitante
87,72,2014-01-13,16,1,2013-2014,Bauru Basket,Sesi Franca,1,80.63636363636364,28.90909090909091,34.0,17.727272727272727,31.727272727272727,9.545454545454545,22.181818181818183,13.727272727272727,12.090909090909092,1.2981818181818183,9.636363636363637,24.545454545454547,40.656363636363636,17.0,34.54545454545455,49.4,17.727272727272727,23.272727272727273,75.93636363636364,1.5454545454545454,10.454545454545455,0.9318181818181818,1.8181818181818181,18.0,0.10545454545454547,12.090909090909092,2.090909090909091,88.27272727272727,76.25,17.5,42.5,16.25,35.0,10.416666666666666,24.583333333333332,14.916666666666666,16.583333333333332,1.0591666666666666,5.833333333333333,17.833333333333332,31.3925,21.25,40.0,53.24166666666667,16.25,22.083333333333332,73.7,1.5,9.833333333333334,0.6433333333333333,2.5833333333333335,17.666666666666668,0.17000000000000004,16.583333333333332,2.5833333333333335,85.41666666666667
