placar_casa,placar_visitante,data,round,stage,ano,equipe_casa,equipe_visitante,resultado,Pts_casa,3P_casa,2P_casa,LL_casa,RT_casa,RO_casa,RD_casa,AS_casa,ER_casa,IA%_casa,3PC_casa,3PT_casa,3P%_casa,2PC_casa,2PT_casa,2P%_casa,LLC_casa,LLT_casa,LL%_casa,EN_casa,BR_casa,B/E_casa,TO_casa,FC_casa,T/FC_casa,ET_casa,VI_casa,EF_casa,Pts_visitante,3P_visitante,2P_visitante,LL_visitante,RT_visitante,RO_visitante,RD_visitante,AS_visitante,ER_visitante,IA%_visitante,3PC_visitante,3PT_visitante,3P%_visitante,2PC_visitante,2PT_visitante,2P%_visitante,LLC_visitante,LLT_visitante,LL%_visitante,EN_visitante,BR_visitante,B/E_visitante,TO_visitante,FC_visitante,T/FC_visitante,ET_visitante,VI_visitante,EF_visitante
72,85,2025-04-26,1,3,2024-2025,Mogi Basquete,Minas,0,77.13333333333334,28.2,35.333333333333336,13.6,33.333333333333336,10.0,23.333333333333332,17.333333333333332,12.266666666666667,1.4766666666666668,9.4,26.866666666666667,34.87199999999999,17.666666666666668,35.4,49.97599999999999,13.6,19.733333333333334,68.278,1.6,7.733333333333333,0.67,1.8666666666666667,21.4,0.08866666666666667,12.266666666666667,2.533333333333333,83.8,79.93333333333334,29.8,37.866,12.267333333333331,40.73266666666667,11.66733333333333,29.067333333333337,17.865999999999996,14.53266666666667,1.3433333333333337,9.933333333333334,27.932666666666663,36.29533333333334,18.934,36.666666666666664,51.39066666666667,12.267333333333331,17.733333333333334,70.79533333333333,1.5326666666666664,7.534000000000001,0.5253333333333334,2.3340000000000005,18.199333333333332,0.13733333333333334,14.53266666666667,2.599333333333333,92.66733333333335
