placar_casa,placar_visitante,data,round,stage,ano,equipe_casa,equipe_visitante,resultado,Pts_casa,3P_casa,2P_casa,LL_casa,RT_casa,RO_casa,RD_casa,AS_casa,ER_casa,IA%_casa,3PC_casa,3PT_casa,3P%_casa,2PC_casa,2PT_casa,2P%_casa,LLC_casa,LLT_casa,LL%_casa,EN_casa,BR_casa,B/E_casa,TO_casa,FC_casa,T/FC_casa,ET_casa,VI_casa,EF_casa,Pts_visitante,3P_visitante,2P_visitante,LL_visitante,RT_visitante,RO_visitante,RD_visitante,AS_visitante,ER_visitante,IA%_visitante,3PC_visitante,3PT_visitante,3P%_visitante,2PC_visitante,2PT_visitante,2P%_visitante,LLC_visitante,LLT_visitante,LL%_visitante,EN_visitante,BR_visitante,B/E_visitante,TO_visitante,FC_visitante,T/FC_visitante,ET_visitante,VI_visitante,EF_visitante
84,99,2014-03-29,18,2,2013-2014,Espírito Santo,Paulistano,0,71.66666666666667,17.4,37.733333333333334,16.533333333333335,32.8,10.8,22.0,10.0,14.0,0.8239999999999998,5.8,22.0,26.344,18.866666666666667,39.2,48.232,16.533333333333335,21.8,75.58333333333331,1.1333333333333333,8.733333333333333,0.696,1.8666666666666667,22.466666666666665,0.08533333333333333,14.0,3.2666666666666666,69.26666666666667,83.66666666666667,27.6,37.733333333333334,18.333333333333332,34.4,10.6,23.8,13.133333333333333,14.333333333333334,0.9846666666666667,9.2,24.466666666666665,37.64466666666666,18.866666666666667,36.733333333333334,51.48466666666666,18.333333333333332,22.466666666666665,80.32133333333334,1.0,10.533333333333333,0.7793333333333334,1.3333333333333333,21.4,0.06533333333333333,14.333333333333334,3.2666666666666666,91.4
