placar_casa,placar_visitante,data,round,stage,ano,equipe_casa,equipe_visitante,resultado,Pts_casa,3P_casa,2P_casa,LL_casa,RT_casa,RO_casa,RD_casa,AS_casa,ER_casa,IA%_casa,3PC_casa,3PT_casa,3P%_casa,2PC_casa,2PT_casa,2P%_casa,LLC_casa,LLT_casa,LL%_casa,EN_casa,BR_casa,B/E_casa,TO_casa,FC_casa,T/FC_casa,ET_casa,VI_casa,EF_casa,Pts_visitante,3P_visitante,2P_visitante,LL_visitante,RT_visitante,RO_visitante,RD_visitante,AS_visitante,ER_visitante,IA%_visitante,3PC_visitante,3PT_visitante,3P%_visitante,2PC_visitante,2PT_visitante,2P%_visitante,LLC_visitante,LLT_visitante,LL%_visitante,EN_visitante,BR_visitante,B/E_visitante,TO_visitante,FC_visitante,T/FC_visitante,ET_visitante,VI_visitante,EF_visitante
106,74,2015-02-15,7,2,2014-2015,Bauru Basket,Rio Claro,1,91.26666666666667,38.6,38.666666666666664,14.0,38.06666666666667,9.066666666666666,29.0,18.466666666666665,12.066666666666666,1.7,12.866666666666667,30.933333333333334,41.198,19.333333333333332,33.13333333333333,58.11733333333334,14.0,18.333333333333332,75.28133333333334,1.1333333333333333,8.333333333333334,0.7673333333333334,2.0,17.666666666666668,0.12466666666666669,12.066666666666666,1.8666666666666667,109.86666666666666,77.13333333333334,19.4,42.93333333333333,14.8,30.8,7.266666666666667,23.533333333333335,16.6,14.333333333333334,1.2526666666666668,6.466666666666667,20.733333333333334,30.318,21.466666666666665,39.6,54.272000000000006,14.8,18.4,79.82200000000003,1.4666666666666666,10.8,0.7759999999999999,1.6666666666666667,17.933333333333334,0.09733333333333334,14.333333333333334,2.7333333333333334,86.66666666666667
