placar_casa,placar_visitante,data,round,stage,ano,equipe_casa,equipe_visitante,resultado,Pts_casa,3P_casa,2P_casa,LL_casa,RT_casa,RO_casa,RD_casa,AS_casa,ER_casa,IA%_casa,3PC_casa,3PT_casa,3P%_casa,2PC_casa,2PT_casa,2P%_casa,LLC_casa,LLT_casa,LL%_casa,EN_casa,BR_casa,B/E_casa,TO_casa,FC_casa,T/FC_casa,ET_casa,VI_casa,EF_casa,Pts_visitante,3P_visitante,2P_visitante,LL_visitante,RT_visitante,RO_visitante,RD_visitante,AS_visitante,ER_visitante,IA%_visitante,3PC_visitante,3PT_visitante,3P%_visitante,2PC_visitante,2PT_visitante,2P%_visitante,LLC_visitante,LLT_visitante,LL%_visitante,EN_visitante,BR_visitante,B/E_visitante,TO_visitante,FC_visitante,T/FC_visitante,ET_visitante,VI_visitante,EF_visitante
73,65,2010-04-04,14,2,2009-2010,Joinville,Espírito Santo,1,77.06666666666666,26.2,35.2,15.666666666666666,31.633333333333333,9.166666666666666,22.466666666666665,11.733333333333333,13.566666666666666,0.9066666666666666,8.733333333333333,25.233333333333334,34.812,17.6,36.56666666666667,48.354000000000006,15.666666666666666,22.933333333333334,66.18733333333333,1.3666666666666667,6.033333333333333,0.4926666666666667,1.9,19.166666666666668,0.10266666666666667,13.566666666666666,2.2666666666666666,72.06666666666666,74.06666666666666,21.2,37.06666666666667,15.8,30.8,10.666666666666666,20.133333333333333,9.6,13.6,0.7373333333333334,7.066666666666666,21.466666666666665,32.90266666666667,18.533333333333335,36.46666666666667,51.11533333333333,15.8,24.466666666666665,65.28933333333333,2.066666666666667,7.066666666666666,0.574,2.0,20.533333333333335,0.10066666666666667,13.6,4.0,68.93333333333334
