placar_casa,placar_visitante,data,round,stage,ano,equipe_casa,equipe_visitante,resultado,Pts_casa,3P_casa,2P_casa,LL_casa,RT_casa,RO_casa,RD_casa,AS_casa,ER_casa,IA%_casa,3PC_casa,3PT_casa,3P%_casa,2PC_casa,2PT_casa,2P%_casa,LLC_casa,LLT_casa,LL%_casa,EN_casa,BR_casa,B/E_casa,TO_casa,FC_casa,T/FC_casa,ET_casa,VI_casa,EF_casa,Pts_visitante,3P_visitante,2P_visitante,LL_visitante,RT_visitante,RO_visitante,RD_visitante,AS_visitante,ER_visitante,IA%_visitante,3PC_visitante,3PT_visitante,3P%_visitante,2PC_visitante,2PT_visitante,2P%_visitante,LLC_visitante,LLT_visitante,LL%_visitante,EN_visitante,BR_visitante,B/E_visitante,TO_visitante,FC_visitante,T/FC_visitante,ET_visitante,VI_visitante,EF_visitante
118,82,2013-03-09,10,2,2012-2013,Pinheiros,Mogi,1,83.73333333333333,58.6,39.06666666666667,12.866666666666667,26.2,5.533333333333333,20.666666666666668,15.4,12.0,1.34,10.6,27.066666666666666,39.532000000000004,19.533333333333335,32.2,60.516,12.866666666666667,17.4,73.32333333333334,1.6666666666666667,5.866666666666666,0.522,2.2,19.733333333333334,0.11800000000000004,12.0,2.2666666666666666,94.53333333333333,75.66666666666667,56.2,37.46666666666667,18.0,30.533333333333335,8.533333333333333,22.0,11.666666666666666,13.933333333333334,1.016,6.733333333333333,18.933333333333334,35.72866666666666,18.733333333333334,40.266666666666666,47.11133333333333,18.0,24.666666666666668,72.81400000000001,0.4,5.466666666666667,0.446,1.2,23.8,0.05466666666666667,13.933333333333334,2.6666666666666665,79.53333333333333
