placar_casa,placar_visitante,data,round,stage,ano,equipe_casa,equipe_visitante,resultado,Pts_casa,3P_casa,2P_casa,LL_casa,RT_casa,RO_casa,RD_casa,AS_casa,ER_casa,IA%_casa,3PC_casa,3PT_casa,3P%_casa,2PC_casa,2PT_casa,2P%_casa,LLC_casa,LLT_casa,LL%_casa,EN_casa,BR_casa,B/E_casa,TO_casa,FC_casa,T/FC_casa,ET_casa,VI_casa,EF_casa,Pts_visitante,3P_visitante,2P_visitante,LL_visitante,RT_visitante,RO_visitante,RD_visitante,AS_visitante,ER_visitante,IA%_visitante,3PC_visitante,3PT_visitante,3P%_visitante,2PC_visitante,2PT_visitante,2P%_visitante,LLC_visitante,LLT_visitante,LL%_visitante,EN_visitante,BR_visitante,B/E_visitante,TO_visitante,FC_visitante,T/FC_visitante,ET_visitante,VI_visitante,EF_visitante
79,90,2013-02-18,5,2,2012-2013,Bauru Basket,Brasília,0,83.8,64.4,42.93333333333333,13.866666666666667,31.333333333333332,8.866666666666667,22.466666666666665,16.8,12.4,1.4413333333333331,9.0,22.266666666666666,40.37533333333333,21.466666666666665,41.0,53.091333333333345,13.866666666666667,18.466666666666665,76.27799999999999,1.7333333333333334,8.6,0.7573333333333332,2.3333333333333335,19.266666666666666,0.126,12.4,3.066666666666667,100.73333333333333,90.0,63.0,42.0,16.6,34.666666666666664,11.0,23.666666666666668,17.4,11.866666666666667,1.6619999999999997,10.466666666666667,27.4,38.78666666666666,21.0,37.93333333333333,55.726,16.6,20.133333333333333,83.28066666666668,1.0666666666666667,8.866666666666667,0.8426666666666667,3.2666666666666666,21.4,0.158,11.866666666666667,2.2666666666666666,110.73333333333333
