placar_casa,placar_visitante,data,round,stage,ano,equipe_casa,equipe_visitante,resultado,Pts_casa,3P_casa,2P_casa,LL_casa,RT_casa,RO_casa,RD_casa,AS_casa,ER_casa,IA%_casa,3PC_casa,3PT_casa,3P%_casa,2PC_casa,2PT_casa,2P%_casa,LLC_casa,LLT_casa,LL%_casa,EN_casa,BR_casa,B/E_casa,TO_casa,FC_casa,T/FC_casa,ET_casa,VI_casa,EF_casa,Pts_visitante,3P_visitante,2P_visitante,LL_visitante,RT_visitante,RO_visitante,RD_visitante,AS_visitante,ER_visitante,IA%_visitante,3PC_visitante,3PT_visitante,3P%_visitante,2PC_visitante,2PT_visitante,2P%_visitante,LLC_visitante,LLT_visitante,LL%_visitante,EN_visitante,BR_visitante,B/E_visitante,TO_visitante,FC_visitante,T/FC_visitante,ET_visitante,VI_visitante,EF_visitante
81,92,2013-01-07,12,1,2012-2013,Suzano,Brasília,0,76.5,58.8,39.2,13.6,27.1,9.6,17.5,11.4,17.3,0.687,7.9,22.5,35.147,19.6,40.1,49.322,13.6,20.5,66.638,0.4,7.7,0.4879999999999999,2.4,19.8,0.128,17.3,3.1,75.8,86.42857142857143,55.714285714285715,37.142857142857146,18.428571428571427,31.714285714285715,9.285714285714286,22.428571428571427,16.0,11.857142857142858,1.6814285714285713,10.285714285714286,27.142857142857142,37.63285714285714,18.571428571428573,34.57142857142857,54.27428571428571,18.428571428571427,23.571428571428573,78.6942857142857,1.2857142857142858,7.0,0.7542857142857143,3.4285714285714284,22.428571428571427,0.1657142857142857,11.857142857142858,3.2857142857142856,103.14285714285714
