placar_casa,placar_visitante,data,round,stage,ano,equipe_casa,equipe_visitante,resultado,Pts_casa,3P_casa,2P_casa,LL_casa,RT_casa,RO_casa,RD_casa,AS_casa,ER_casa,IA%_casa,3PC_casa,3PT_casa,3P%_casa,2PC_casa,2PT_casa,2P%_casa,LLC_casa,LLT_casa,LL%_casa,EN_casa,BR_casa,B/E_casa,TO_casa,FC_casa,T/FC_casa,ET_casa,VI_casa,EF_casa,Pts_visitante,3P_visitante,2P_visitante,LL_visitante,RT_visitante,RO_visitante,RD_visitante,AS_visitante,ER_visitante,IA%_visitante,3PC_visitante,3PT_visitante,3P%_visitante,2PC_visitante,2PT_visitante,2P%_visitante,LLC_visitante,LLT_visitante,LL%_visitante,EN_visitante,BR_visitante,B/E_visitante,TO_visitante,FC_visitante,T/FC_visitante,ET_visitante,VI_visitante,EF_visitante
81,91,2025-02-14,7,2,2024-2025,Mogi Basquete,Sesi Franca,0,75.2,27.0,33.333333333333336,14.866666666666667,34.93333333333333,9.2,25.733333333333334,16.066666666666666,14.133333333333333,1.2033333333333334,9.0,25.666666666666668,35.02133333333333,16.666666666666668,34.46666666666667,48.46066666666666,14.866666666666667,21.266666666666666,68.62000000000002,1.6666666666666667,7.466666666666667,0.5660000000000002,2.1333333333333333,21.6,0.10066666666666668,14.133333333333333,2.8666666666666667,80.8,80.60066666666665,26.2,39.99933333333333,14.401333333333332,33.601333333333336,8.4,25.201333333333334,16.065333333333335,12.2,1.3679999999999999,8.734666666666666,26.99933333333333,32.33466666666666,20.000666666666667,34.39866666666667,58.016666666666666,14.401333333333332,19.132666666666662,74.64133333333335,1.932,7.399333333333333,0.6280000000000001,2.2666666666666666,17.866,0.12733333333333333,12.2,2.066666666666667,90.33333333333333
