placar_casa,placar_visitante,data,round,stage,ano,equipe_casa,equipe_visitante,resultado,Pts_casa,3P_casa,2P_casa,LL_casa,RT_casa,RO_casa,RD_casa,AS_casa,ER_casa,IA%_casa,3PC_casa,3PT_casa,3P%_casa,2PC_casa,2PT_casa,2P%_casa,LLC_casa,LLT_casa,LL%_casa,EN_casa,BR_casa,B/E_casa,TO_casa,FC_casa,T/FC_casa,ET_casa,VI_casa,EF_casa,Pts_visitante,3P_visitante,2P_visitante,LL_visitante,RT_visitante,RO_visitante,RD_visitante,AS_visitante,ER_visitante,IA%_visitante,3PC_visitante,3PT_visitante,3P%_visitante,2PC_visitante,2PT_visitante,2P%_visitante,LLC_visitante,LLT_visitante,LL%_visitante,EN_visitante,BR_visitante,B/E_visitante,TO_visitante,FC_visitante,T/FC_visitante,ET_visitante,VI_visitante,EF_visitante
89,78,2022-04-23,2,3,2021-2022,Pinheiros,Corinthians,1,83.866,30.4,41.6,11.866000000000003,39.866,13.0,26.865999999999996,17.732666666666663,13.6,1.3286666666666664,10.132666666666667,28.732666666666663,35.40200000000001,20.8,40.733333333333334,51.32266666666667,11.866000000000003,16.332666666666668,71.68066666666667,2.199333333333333,7.932666666666666,0.5786666666666667,2.533333333333333,17.067333333333337,0.14400000000000002,13.6,2.8673333333333337,95.33266666666665,76.33333333333333,29.8,36.53333333333333,10.0,39.93333333333333,13.0,26.933333333333334,16.2,14.266666666666667,1.2026666666666666,9.933333333333334,27.733333333333334,36.044666666666664,18.266666666666666,36.86666666666667,49.59533333333332,10.0,13.466666666666667,74.79466666666667,1.6,4.466666666666667,0.314,1.8,18.333333333333332,0.09600000000000003,14.266666666666667,3.466666666666667,84.6
