placar_casa,placar_visitante,data,round,stage,ano,equipe_casa,equipe_visitante,resultado,Pts_casa,3P_casa,2P_casa,LL_casa,RT_casa,RO_casa,RD_casa,AS_casa,ER_casa,IA%_casa,3PC_casa,3PT_casa,3P%_casa,2PC_casa,2PT_casa,2P%_casa,LLC_casa,LLT_casa,LL%_casa,EN_casa,BR_casa,B/E_casa,TO_casa,FC_casa,T/FC_casa,ET_casa,VI_casa,EF_casa,Pts_visitante,3P_visitante,2P_visitante,LL_visitante,RT_visitante,RO_visitante,RD_visitante,AS_visitante,ER_visitante,IA%_visitante,3PC_visitante,3PT_visitante,3P%_visitante,2PC_visitante,2PT_visitante,2P%_visitante,LLC_visitante,LLT_visitante,LL%_visitante,EN_visitante,BR_visitante,B/E_visitante,TO_visitante,FC_visitante,T/FC_visitante,ET_visitante,VI_visitante,EF_visitante
94,83,2010-01-29,13,1,2009-2010,Sesi Franca,Araraquara,1,81.875,31.5,35.5,14.875,26.5,7.125,19.375,12.25,11.125,1.625,10.5,26.125,38.603750000000005,17.75,35.25,51.16499999999999,14.875,20.5,71.565,0.0,6.125,0.6225,1.625,20.375,0.085,11.125,1.5,78.5,76.88888888888889,27.333333333333332,39.77777777777778,9.777777777777779,29.11111111111111,8.444444444444445,20.666666666666668,15.555555555555555,13.88888888888889,1.1766666666666667,9.11111111111111,27.444444444444443,32.714444444444446,19.88888888888889,37.888888888888886,52.85888888888889,9.777777777777779,12.555555555555555,78.37555555555555,1.5555555555555556,7.888888888888889,0.62,3.2222222222222223,19.666666666666668,0.17333333333333334,13.88888888888889,2.3333333333333335,79.66666666666667
