placar_casa,placar_visitante,data,round,stage,ano,equipe_casa,equipe_visitante,resultado,Pts_casa,3P_casa,2P_casa,LL_casa,RT_casa,RO_casa,RD_casa,AS_casa,ER_casa,IA%_casa,3PC_casa,3PT_casa,3P%_casa,2PC_casa,2PT_casa,2P%_casa,LLC_casa,LLT_casa,LL%_casa,EN_casa,BR_casa,B/E_casa,TO_casa,FC_casa,T/FC_casa,ET_casa,VI_casa,EF_casa,Pts_visitante,3P_visitante,2P_visitante,LL_visitante,RT_visitante,RO_visitante,RD_visitante,AS_visitante,ER_visitante,IA%_visitante,3PC_visitante,3PT_visitante,3P%_visitante,2PC_visitante,2PT_visitante,2P%_visitante,LLC_visitante,LLT_visitante,LL%_visitante,EN_visitante,BR_visitante,B/E_visitante,TO_visitante,FC_visitante,T/FC_visitante,ET_visitante,VI_visitante,EF_visitante
101,90,2020-03-09,8,2,2019-2020,UNIFACISA,Paulistano,1,80.966,31.0,36.333999999999996,13.633999999999999,36.8,9.432666666666668,27.36733333333333,17.834,13.432666666666668,1.396,10.332666666666666,27.86733333333333,36.90933333333333,18.166,35.23266666666667,51.67533333333333,13.633999999999999,17.499333333333333,75.97533333333332,2.1993333333333336,6.533333333333333,0.5253333333333334,2.8673333333333333,19.36733333333333,0.15133333333333338,13.432666666666668,2.166,93.03333333333333,79.73333333333333,31.4,35.99933333333333,12.334,38.867333333333335,11.900666666666666,26.966666666666665,17.166666666666668,12.466666666666667,1.5406666666666669,10.466666666666667,33.867333333333335,31.260666666666665,18.00066666666667,33.166,54.218,12.334,17.5,69.69133333333333,3.1340000000000003,5.333333333333333,0.44133333333333336,1.9333333333333333,20.3,0.09466666666666666,12.466666666666667,2.433333333333333,86.7
