placar_casa,placar_visitante,data,round,stage,ano,equipe_casa,equipe_visitante,resultado,Pts_casa,3P_casa,2P_casa,LL_casa,RT_casa,RO_casa,RD_casa,AS_casa,ER_casa,IA%_casa,3PC_casa,3PT_casa,3P%_casa,2PC_casa,2PT_casa,2P%_casa,LLC_casa,LLT_casa,LL%_casa,EN_casa,BR_casa,B/E_casa,TO_casa,FC_casa,T/FC_casa,ET_casa,VI_casa,EF_casa,Pts_visitante,3P_visitante,2P_visitante,LL_visitante,RT_visitante,RO_visitante,RD_visitante,AS_visitante,ER_visitante,IA%_visitante,3PC_visitante,3PT_visitante,3P%_visitante,2PC_visitante,2PT_visitante,2P%_visitante,LLC_visitante,LLT_visitante,LL%_visitante,EN_visitante,BR_visitante,B/E_visitante,TO_visitante,FC_visitante,T/FC_visitante,ET_visitante,VI_visitante,EF_visitante
82,71,2024-04-02,11,2,2023-2024,Paulistano,Cerrado,1,77.46666666666667,25.133333333333333,39.422000000000004,12.911333333333333,36.28866666666667,9.688666666666668,26.6,17.933333333333334,13.4,1.4966666666666668,8.378,25.178,32.55133333333334,19.711333333333336,37.48866666666667,52.45066666666667,12.911333333333333,18.15533333333333,71.57200000000002,1.7553333333333332,9.022,0.7293333333333332,1.9780000000000002,20.511333333333333,0.10466666666666669,13.4,3.1333333333333333,89.46666666666667,76.6,25.2,39.06666666666667,12.333333333333334,36.8,11.4,25.4,14.4,13.866666666666667,1.0746666666666667,8.4,24.4,34.50333333333333,19.533333333333335,38.733333333333334,50.736,12.333333333333334,17.933333333333334,67.11200000000001,1.2,8.0,0.5820000000000001,1.5333333333333334,17.666666666666668,0.09266666666666665,13.866666666666667,2.6666666666666665,82.66666666666667
