placar_casa,placar_visitante,data,round,stage,ano,equipe_casa,equipe_visitante,resultado,Pts_casa,3P_casa,2P_casa,LL_casa,RT_casa,RO_casa,RD_casa,AS_casa,ER_casa,IA%_casa,3PC_casa,3PT_casa,3P%_casa,2PC_casa,2PT_casa,2P%_casa,LLC_casa,LLT_casa,LL%_casa,EN_casa,BR_casa,B/E_casa,TO_casa,FC_casa,T/FC_casa,ET_casa,VI_casa,EF_casa,Pts_visitante,3P_visitante,2P_visitante,LL_visitante,RT_visitante,RO_visitante,RD_visitante,AS_visitante,ER_visitante,IA%_visitante,3PC_visitante,3PT_visitante,3P%_visitante,2PC_visitante,2PT_visitante,2P%_visitante,LLC_visitante,LLT_visitante,LL%_visitante,EN_visitante,BR_visitante,B/E_visitante,TO_visitante,FC_visitante,T/FC_visitante,ET_visitante,VI_visitante,EF_visitante
80,86,2022-02-20,4,2,2021-2022,União Corinthians,Fortaleza B. C. / CFO,0,76.3,24.1,38.06666666666667,14.133333333333333,37.766666666666666,11.133333333333333,26.633333333333333,15.133333333333333,12.966666666666667,1.2546666666666668,8.033333333333333,26.7,29.942,19.033333333333335,40.06666666666667,47.72266666666666,14.133333333333333,20.066666666666666,71.28666666666666,2.033333333333333,7.933333333333334,0.6393333333333332,2.3,20.533333333333335,0.12000000000000001,12.966666666666667,1.9333333333333333,80.83333333333333,75.7,22.5,39.534,13.666000000000002,38.43266666666667,10.200666666666667,28.234,13.433999999999997,13.9,1.0246666666666668,7.5,25.20066666666667,30.245333333333335,19.766,40.60066666666667,49.29466666666667,13.666000000000002,20.500666666666667,65.77733333333335,1.399333333333333,6.333333333333333,0.4693333333333334,2.1326666666666663,19.699333333333332,0.11266666666666665,13.9,2.799333333333333,76.76666666666667
