placar_casa,placar_visitante,data,round,stage,ano,equipe_casa,equipe_visitante,resultado,Pts_casa,3P_casa,2P_casa,LL_casa,RT_casa,RO_casa,RD_casa,AS_casa,ER_casa,IA%_casa,3PC_casa,3PT_casa,3P%_casa,2PC_casa,2PT_casa,2P%_casa,LLC_casa,LLT_casa,LL%_casa,EN_casa,BR_casa,B/E_casa,TO_casa,FC_casa,T/FC_casa,ET_casa,VI_casa,EF_casa,Pts_visitante,3P_visitante,2P_visitante,LL_visitante,RT_visitante,RO_visitante,RD_visitante,AS_visitante,ER_visitante,IA%_visitante,3PC_visitante,3PT_visitante,3P%_visitante,2PC_visitante,2PT_visitante,2P%_visitante,LLC_visitante,LLT_visitante,LL%_visitante,EN_visitante,BR_visitante,B/E_visitante,TO_visitante,FC_visitante,T/FC_visitante,ET_visitante,VI_visitante,EF_visitante
107,95,2016-03-29,15,2,2015-2016,Minas,Brasília,1,72.33333333333333,16.4,42.0,13.933333333333334,38.0,11.0,27.0,13.466666666666667,16.2,0.8926666666666667,5.466666666666667,17.0,32.63933333333333,21.0,42.2,50.26800000000001,13.933333333333334,20.2,68.44333333333334,1.6,8.333333333333334,0.5473333333333333,2.533333333333333,21.333333333333332,0.12000000000000001,16.2,4.0,79.4,83.93333333333334,29.6,40.8,13.533333333333333,35.86666666666667,10.666666666666666,25.2,18.133333333333333,14.066666666666666,1.5353333333333334,9.866666666666667,26.466666666666665,36.44533333333333,20.4,38.46666666666667,53.318666666666665,13.533333333333333,17.333333333333332,78.91266666666667,1.6666666666666667,11.0,0.8653333333333334,1.8666666666666667,21.933333333333334,0.08600000000000002,14.066666666666666,2.3333333333333335,98.26666666666667
