placar_casa,placar_visitante,data,round,stage,ano,equipe_casa,equipe_visitante,resultado,Pts_casa,3P_casa,2P_casa,LL_casa,RT_casa,RO_casa,RD_casa,AS_casa,ER_casa,IA%_casa,3PC_casa,3PT_casa,3P%_casa,2PC_casa,2PT_casa,2P%_casa,LLC_casa,LLT_casa,LL%_casa,EN_casa,BR_casa,B/E_casa,TO_casa,FC_casa,T/FC_casa,ET_casa,VI_casa,EF_casa,Pts_visitante,3P_visitante,2P_visitante,LL_visitante,RT_visitante,RO_visitante,RD_visitante,AS_visitante,ER_visitante,IA%_visitante,3PC_visitante,3PT_visitante,3P%_visitante,2PC_visitante,2PT_visitante,2P%_visitante,LLC_visitante,LLT_visitante,LL%_visitante,EN_visitante,BR_visitante,B/E_visitante,TO_visitante,FC_visitante,T/FC_visitante,ET_visitante,VI_visitante,EF_visitante
78,66,2016-03-11,12,2,2015-2016,L. Sorocabana,Coop/São José Basketball,1,66.93333333333334,16.4,38.4,12.133333333333333,34.0,12.933333333333334,21.066666666666666,11.866666666666667,14.8,0.8199999999999998,5.466666666666667,20.8,24.18,19.2,39.333333333333336,48.63866666666667,12.133333333333333,18.066666666666666,65.36866666666666,1.7333333333333334,11.066666666666666,0.7713333333333333,2.466666666666667,19.8,0.14666666666666667,14.8,3.933333333333333,70.13333333333334,72.46666666666667,24.0,34.666666666666664,13.8,29.866666666666667,7.6,22.266666666666666,14.8,14.2,1.2420000000000002,8.0,23.866666666666667,33.82933333333334,17.333333333333332,34.666666666666664,50.03133333333334,13.8,17.933333333333334,75.59333333333333,0.5333333333333333,9.066666666666666,0.6973333333333334,1.4666666666666666,21.066666666666666,0.07066666666666667,14.2,3.3333333333333335,76.13333333333334
