placar_casa,placar_visitante,data,round,stage,ano,equipe_casa,equipe_visitante,resultado,Pts_casa,3P_casa,2P_casa,LL_casa,RT_casa,RO_casa,RD_casa,AS_casa,ER_casa,IA%_casa,3PC_casa,3PT_casa,3P%_casa,2PC_casa,2PT_casa,2P%_casa,LLC_casa,LLT_casa,LL%_casa,EN_casa,BR_casa,B/E_casa,TO_casa,FC_casa,T/FC_casa,ET_casa,VI_casa,EF_casa,Pts_visitante,3P_visitante,2P_visitante,LL_visitante,RT_visitante,RO_visitante,RD_visitante,AS_visitante,ER_visitante,IA%_visitante,3PC_visitante,3PT_visitante,3P%_visitante,2PC_visitante,2PT_visitante,2P%_visitante,LLC_visitante,LLT_visitante,LL%_visitante,EN_visitante,BR_visitante,B/E_visitante,TO_visitante,FC_visitante,T/FC_visitante,ET_visitante,VI_visitante,EF_visitante
86,79,2020-02-28,6,2,2019-2020,Rio Claro,Fortaleza B. C. / CFO,1,85.20066666666666,25.2,41.53466666666667,18.465999999999998,34.09933333333333,8.434000000000001,25.66533333333333,18.732666666666667,13.200666666666667,1.4993333333333332,8.4,24.134000000000004,34.86133333333333,20.76533333333333,36.431999999999995,57.300666666666665,18.465999999999998,23.73466666666667,77.77400000000002,2.133333333333333,4.8,0.3746666666666666,1.0333333333333334,23.3,0.046000000000000006,13.200666666666667,2.8333333333333335,94.0,74.456,23.5,39.443999999999996,11.510666666666667,36.278000000000006,10.4,25.878,13.333333333333334,13.044,1.0253333333333332,7.833333333333333,25.065999999999995,31.531999999999996,19.72266666666667,38.39933333333333,51.50666666666667,11.510666666666667,16.723333333333333,69.25133333333332,1.6666666666666667,7.299333333333333,0.5566666666666665,2.522666666666667,21.49933333333333,0.11800000000000002,13.044,1.5993333333333335,79.478
