placar_casa,placar_visitante,data,round,stage,ano,equipe_casa,equipe_visitante,resultado,Pts_casa,3P_casa,2P_casa,LL_casa,RT_casa,RO_casa,RD_casa,AS_casa,ER_casa,IA%_casa,3PC_casa,3PT_casa,3P%_casa,2PC_casa,2PT_casa,2P%_casa,LLC_casa,LLT_casa,LL%_casa,EN_casa,BR_casa,B/E_casa,TO_casa,FC_casa,T/FC_casa,ET_casa,VI_casa,EF_casa,Pts_visitante,3P_visitante,2P_visitante,LL_visitante,RT_visitante,RO_visitante,RD_visitante,AS_visitante,ER_visitante,IA%_visitante,3PC_visitante,3PT_visitante,3P%_visitante,2PC_visitante,2PT_visitante,2P%_visitante,LLC_visitante,LLT_visitante,LL%_visitante,EN_visitante,BR_visitante,B/E_visitante,TO_visitante,FC_visitante,T/FC_visitante,ET_visitante,VI_visitante,EF_visitante
73,88,2024-03-21,9,2,2023-2024,Sesi Franca,Flamengo,0,88.11133333333333,36.0,36.712,15.39933333333333,39.244,10.622000000000002,28.62133333333333,19.554666666666662,12.066,1.688,12.0,29.17733333333333,40.57599999999999,18.354666666666663,35.443999999999996,51.45733333333333,15.39933333333333,18.845333333333336,81.588,2.600666666666667,5.734,0.4820000000000001,2.444,20.087999999999997,0.12399999999999999,12.066,2.6453333333333338,105.31200000000003,86.266,29.7,39.86666666666667,16.699333333333335,39.134,10.633999999999999,28.5,20.799333333333333,12.867333333333333,1.6520000000000001,9.900666666666666,26.967333333333336,36.69733333333333,19.933333333333334,36.29933333333334,54.860666666666674,16.699333333333335,22.266666666666666,75.48599999999998,1.4993333333333334,7.032666666666667,0.56,1.6993333333333334,17.799333333333333,0.09866666666666668,12.867333333333333,1.9,103.066
