placar_casa,placar_visitante,data,round,stage,ano,equipe_casa,equipe_visitante,resultado,Pts_casa,3P_casa,2P_casa,LL_casa,RT_casa,RO_casa,RD_casa,AS_casa,ER_casa,IA%_casa,3PC_casa,3PT_casa,3P%_casa,2PC_casa,2PT_casa,2P%_casa,LLC_casa,LLT_casa,LL%_casa,EN_casa,BR_casa,B/E_casa,TO_casa,FC_casa,T/FC_casa,ET_casa,VI_casa,EF_casa,Pts_visitante,3P_visitante,2P_visitante,LL_visitante,RT_visitante,RO_visitante,RD_visitante,AS_visitante,ER_visitante,IA%_visitante,3PC_visitante,3PT_visitante,3P%_visitante,2PC_visitante,2PT_visitante,2P%_visitante,LLC_visitante,LLT_visitante,LL%_visitante,EN_visitante,BR_visitante,B/E_visitante,TO_visitante,FC_visitante,T/FC_visitante,ET_visitante,VI_visitante,EF_visitante
84,77,2016-02-12,2,2,2015-2016,Mogi,Vitória,1,80.93333333333334,23.8,40.666666666666664,16.466666666666665,34.93333333333333,10.533333333333333,24.4,15.6,14.4,1.2433333333333334,7.933333333333334,25.133333333333333,31.763333333333332,20.333333333333332,37.06666666666667,55.606666666666676,16.466666666666665,22.8,73.13933333333333,1.4,11.2,0.906,2.1333333333333333,19.666666666666668,0.11133333333333334,14.4,2.8,90.13333333333334,73.6,18.6,40.13333333333333,14.866666666666667,33.13333333333333,11.0,22.133333333333333,12.333333333333334,14.2,0.9053333333333334,6.2,19.533333333333335,31.82533333333333,20.066666666666666,41.06666666666667,49.11733333333334,14.866666666666667,21.066666666666666,70.79733333333334,1.2,11.133333333333333,0.8166666666666665,1.5333333333333334,18.533333333333335,0.08800000000000002,14.2,3.6,76.93333333333334
