placar_casa,placar_visitante,data,round,stage,ano,equipe_casa,equipe_visitante,resultado,Pts_casa,3P_casa,2P_casa,LL_casa,RT_casa,RO_casa,RD_casa,AS_casa,ER_casa,IA%_casa,3PC_casa,3PT_casa,3P%_casa,2PC_casa,2PT_casa,2P%_casa,LLC_casa,LLT_casa,LL%_casa,EN_casa,BR_casa,B/E_casa,TO_casa,FC_casa,T/FC_casa,ET_casa,VI_casa,EF_casa,Pts_visitante,3P_visitante,2P_visitante,LL_visitante,RT_visitante,RO_visitante,RD_visitante,AS_visitante,ER_visitante,IA%_visitante,3PC_visitante,3PT_visitante,3P%_visitante,2PC_visitante,2PT_visitante,2P%_visitante,LLC_visitante,LLT_visitante,LL%_visitante,EN_visitante,BR_visitante,B/E_visitante,TO_visitante,FC_visitante,T/FC_visitante,ET_visitante,VI_visitante,EF_visitante
86,90,2022-01-25,1,2,2021-2022,BRB/Brasília,São Paulo,0,68.00066666666666,18.4,34.534,15.066666666666666,41.20066666666666,10.732666666666667,30.465999999999998,12.332666666666666,15.666666666666666,0.8439999999999999,6.132666666666666,23.0,26.644666666666662,17.266,37.2,46.492666666666665,15.066666666666666,21.332666666666665,70.03600000000002,0.9993333333333333,4.599333333333333,0.30733333333333335,2.8673333333333337,18.065999999999995,0.1606666666666667,15.666666666666666,2.5340000000000003,70.26666666666667,81.73333333333333,30.2,39.733333333333334,11.8,34.0,5.866666666666666,28.133333333333333,19.0,12.2,1.6640000000000001,10.066666666666666,28.0,35.81666666666667,19.866666666666667,33.13333333333333,59.95466666666665,11.8,16.266666666666666,72.23466666666667,2.0,7.266666666666667,0.612,2.4,17.2,0.14066666666666663,12.2,2.3333333333333335,96.53333333333333
