placar_casa,placar_visitante,data,round,stage,ano,equipe_casa,equipe_visitante,resultado,Pts_casa,3P_casa,2P_casa,LL_casa,RT_casa,RO_casa,RD_casa,AS_casa,ER_casa,IA%_casa,3PC_casa,3PT_casa,3P%_casa,2PC_casa,2PT_casa,2P%_casa,LLC_casa,LLT_casa,LL%_casa,EN_casa,BR_casa,B/E_casa,TO_casa,FC_casa,T/FC_casa,ET_casa,VI_casa,EF_casa,Pts_visitante,3P_visitante,2P_visitante,LL_visitante,RT_visitante,RO_visitante,RD_visitante,AS_visitante,ER_visitante,IA%_visitante,3PC_visitante,3PT_visitante,3P%_visitante,2PC_visitante,2PT_visitante,2P%_visitante,LLC_visitante,LLT_visitante,LL%_visitante,EN_visitante,BR_visitante,B/E_visitante,TO_visitante,FC_visitante,T/FC_visitante,ET_visitante,VI_visitante,EF_visitante
74,83,2017-04-04,1,3,2016-2017,R10 Score Vasco da Gama,Pinheiros,0,75.8,25.4,33.333333333333336,17.066666666666666,32.46666666666667,9.2,23.266666666666666,15.866666666666667,14.733333333333333,1.1573333333333335,8.466666666666667,23.0,37.367333333333335,16.666666666666668,34.13333333333333,49.222,17.066666666666666,22.533333333333335,76.64133333333334,0.5333333333333333,6.6,0.4653333333333333,0.8,21.733333333333334,0.038000000000000006,14.733333333333333,3.8,79.33333333333333,78.73333333333333,19.4,40.666666666666664,18.666666666666668,37.4,10.066666666666666,27.333333333333332,17.066666666666666,14.8,1.1993333333333338,6.466666666666667,18.866666666666667,34.949333333333335,20.333333333333332,40.86666666666667,49.692,18.666666666666668,27.0,69.74866666666667,1.5333333333333334,7.2,0.5133333333333334,2.1333333333333333,21.8,0.10333333333333333,14.8,3.2666666666666666,86.46666666666667
