placar_casa,placar_visitante,data,round,stage,ano,equipe_casa,equipe_visitante,resultado,Pts_casa,3P_casa,2P_casa,LL_casa,RT_casa,RO_casa,RD_casa,AS_casa,ER_casa,IA%_casa,3PC_casa,3PT_casa,3P%_casa,2PC_casa,2PT_casa,2P%_casa,LLC_casa,LLT_casa,LL%_casa,EN_casa,BR_casa,B/E_casa,TO_casa,FC_casa,T/FC_casa,ET_casa,VI_casa,EF_casa,Pts_visitante,3P_visitante,2P_visitante,LL_visitante,RT_visitante,RO_visitante,RD_visitante,AS_visitante,ER_visitante,IA%_visitante,3PC_visitante,3PT_visitante,3P%_visitante,2PC_visitante,2PT_visitante,2P%_visitante,LLC_visitante,LLT_visitante,LL%_visitante,EN_visitante,BR_visitante,B/E_visitante,TO_visitante,FC_visitante,T/FC_visitante,ET_visitante,VI_visitante,EF_visitante
109,65,2019-02-28,8,2,2018-2019,Paulistano,R10 Score Vasco da Gama,1,84.99933333333335,32.3,35.8,16.899333333333335,42.032666666666664,12.967333333333332,29.067333333333337,17.434000000000005,14.79933333333333,1.2113333333333332,10.766666666666667,30.70066666666667,35.45066666666666,17.9,34.16733333333333,52.16466666666667,16.899333333333335,22.7,74.44066666666664,2.900666666666667,5.366666666666666,0.36933333333333324,2.500666666666667,21.833333333333332,0.1193333333333333,14.79933333333333,2.2,95.16733333333333,76.43333333333334,23.1,38.8,14.533333333333333,37.4,11.433333333333334,25.966666666666665,16.833333333333332,14.433333333333334,1.2106666666666663,7.7,23.833333333333332,31.957333333333334,19.4,41.166666666666664,47.09000000000001,14.533333333333333,19.433333333333334,74.14466666666667,0.36666666666666664,7.466666666666667,0.5386666666666666,0.8666666666666667,19.3,0.048666666666666664,14.433333333333334,1.9,81.66666666666667
