placar_casa,placar_visitante,data,round,stage,ano,equipe_casa,equipe_visitante,resultado,Pts_casa,3P_casa,2P_casa,LL_casa,RT_casa,RO_casa,RD_casa,AS_casa,ER_casa,IA%_casa,3PC_casa,3PT_casa,3P%_casa,2PC_casa,2PT_casa,2P%_casa,LLC_casa,LLT_casa,LL%_casa,EN_casa,BR_casa,B/E_casa,TO_casa,FC_casa,T/FC_casa,ET_casa,VI_casa,EF_casa,Pts_visitante,3P_visitante,2P_visitante,LL_visitante,RT_visitante,RO_visitante,RD_visitante,AS_visitante,ER_visitante,IA%_visitante,3PC_visitante,3PT_visitante,3P%_visitante,2PC_visitante,2PT_visitante,2P%_visitante,LLC_visitante,LLT_visitante,LL%_visitante,EN_visitante,BR_visitante,B/E_visitante,TO_visitante,FC_visitante,T/FC_visitante,ET_visitante,VI_visitante,EF_visitante
84,85,2024-01-03,12,1,2023-2024,Caxias do Sul Basquete,Flamengo,0,71.9,22.3,35.86666666666667,13.733333333333333,35.166666666666664,11.333333333333334,23.833333333333332,16.3,15.0,1.1046666666666667,7.433333333333334,25.333333333333332,29.848000000000003,17.933333333333334,37.9,47.28066666666667,13.733333333333333,20.333333333333332,68.086,2.566666666666667,7.433333333333334,0.5033333333333333,1.7666666666666666,19.766666666666666,0.092,15.0,3.3666666666666667,73.1,85.33333333333333,29.3,39.86666666666667,16.166666666666668,37.93333333333333,12.2,25.733333333333334,19.966666666666665,11.766666666666667,1.7893333333333332,9.766666666666667,29.466666666666665,33.644,19.933333333333334,34.7,57.506666666666675,16.166666666666668,20.933333333333334,77.27333333333333,1.9666666666666666,8.1,0.7013333333333335,1.6333333333333333,17.4,0.09600000000000003,11.766666666666667,2.433333333333333,101.96666666666667
