placar_casa,placar_visitante,data,round,stage,ano,equipe_casa,equipe_visitante,resultado,Pts_casa,3P_casa,2P_casa,LL_casa,RT_casa,RO_casa,RD_casa,AS_casa,ER_casa,IA%_casa,3PC_casa,3PT_casa,3P%_casa,2PC_casa,2PT_casa,2P%_casa,LLC_casa,LLT_casa,LL%_casa,EN_casa,BR_casa,B/E_casa,TO_casa,FC_casa,T/FC_casa,ET_casa,VI_casa,EF_casa,Pts_visitante,3P_visitante,2P_visitante,LL_visitante,RT_visitante,RO_visitante,RD_visitante,AS_visitante,ER_visitante,IA%_visitante,3PC_visitante,3PT_visitante,3P%_visitante,2PC_visitante,2PT_visitante,2P%_visitante,LLC_visitante,LLT_visitante,LL%_visitante,EN_visitante,BR_visitante,B/E_visitante,TO_visitante,FC_visitante,T/FC_visitante,ET_visitante,VI_visitante,EF_visitante
87,88,2017-04-20,1,4,2016-2017,Bauru Basket,Brasília,0,83.6,27.2,36.8,19.6,38.666666666666664,9.466666666666667,29.2,18.333333333333332,14.0,1.3513333333333333,9.066666666666666,28.0,32.872,18.4,31.933333333333334,58.03933333333334,19.6,27.0,72.53,1.2,7.266666666666667,0.5399999999999999,2.466666666666667,20.4,0.12400000000000001,14.0,3.2666666666666666,96.46666666666667,80.33333333333333,23.2,41.86666666666667,15.266666666666667,35.266666666666666,10.4,24.866666666666667,21.133333333333333,14.4,1.7713333333333336,7.733333333333333,23.066666666666666,33.43533333333333,20.933333333333334,39.06666666666667,53.36733333333333,15.266666666666667,21.266666666666666,70.25399999999999,1.9333333333333333,7.533333333333333,0.552,2.1333333333333333,20.6,0.10933333333333335,14.4,2.2666666666666666,92.53333333333333
