placar_casa,placar_visitante,data,round,stage,ano,equipe_casa,equipe_visitante,resultado,Pts_casa,3P_casa,2P_casa,LL_casa,RT_casa,RO_casa,RD_casa,AS_casa,ER_casa,IA%_casa,3PC_casa,3PT_casa,3P%_casa,2PC_casa,2PT_casa,2P%_casa,LLC_casa,LLT_casa,LL%_casa,EN_casa,BR_casa,B/E_casa,TO_casa,FC_casa,T/FC_casa,ET_casa,VI_casa,EF_casa,Pts_visitante,3P_visitante,2P_visitante,LL_visitante,RT_visitante,RO_visitante,RD_visitante,AS_visitante,ER_visitante,IA%_visitante,3PC_visitante,3PT_visitante,3P%_visitante,2PC_visitante,2PT_visitante,2P%_visitante,LLC_visitante,LLT_visitante,LL%_visitante,EN_visitante,BR_visitante,B/E_visitante,TO_visitante,FC_visitante,T/FC_visitante,ET_visitante,VI_visitante,EF_visitante
92,80,2012-05-25,4,5,2011-2012,Flamengo,Coop/São José Basketball,1,85.4,21.0,46.53333333333333,17.866666666666667,30.533333333333335,8.066666666666666,22.466666666666665,13.466666666666667,10.133333333333333,1.4326666666666668,7.0,20.333333333333332,35.46266666666667,23.266666666666666,42.06666666666667,55.70266666666667,17.866666666666667,22.8,77.33533333333334,1.4666666666666666,6.066666666666666,0.6366666666666666,1.6666666666666667,20.333333333333332,0.07866666666666668,10.133333333333333,2.3333333333333335,97.2,88.46666666666667,27.8,43.2,17.466666666666665,31.466666666666665,9.0,22.466666666666665,18.0,13.2,1.6486666666666667,9.266666666666667,25.066666666666666,37.17666666666666,21.6,35.13333333333333,61.12933333333333,17.466666666666665,22.4,79.02866666666667,1.4,6.133333333333334,0.53,2.466666666666667,19.666666666666668,0.12466666666666666,13.2,2.0,106.0
