placar_casa,placar_visitante,data,round,stage,ano,equipe_casa,equipe_visitante,resultado,Pts_casa,3P_casa,2P_casa,LL_casa,RT_casa,RO_casa,RD_casa,AS_casa,ER_casa,IA%_casa,3PC_casa,3PT_casa,3P%_casa,2PC_casa,2PT_casa,2P%_casa,LLC_casa,LLT_casa,LL%_casa,EN_casa,BR_casa,B/E_casa,TO_casa,FC_casa,T/FC_casa,ET_casa,VI_casa,EF_casa,Pts_visitante,3P_visitante,2P_visitante,LL_visitante,RT_visitante,RO_visitante,RD_visitante,AS_visitante,ER_visitante,IA%_visitante,3PC_visitante,3PT_visitante,3P%_visitante,2PC_visitante,2PT_visitante,2P%_visitante,LLC_visitante,LLT_visitante,LL%_visitante,EN_visitante,BR_visitante,B/E_visitante,TO_visitante,FC_visitante,T/FC_visitante,ET_visitante,VI_visitante,EF_visitante
85,70,2023-02-04,2,2,2022-2023,São Paulo,Fortaleza B. C. / CFO,1,88.77733333333332,35.93333333333333,39.91066666666667,12.933333333333334,37.289333333333325,8.377333333333333,28.910666666666664,18.689333333333334,12.422666666666665,1.6486666666666667,11.977333333333336,29.756000000000004,39.966,19.956000000000003,35.156,56.948666666666675,12.933333333333334,17.043999999999997,75.84733333333334,1.4,7.333333333333333,0.6386666666666667,1.8,20.2,0.09000000000000002,12.422666666666665,1.8,104.37733333333333,73.844,22.133333333333333,40.62266666666666,11.089333333333332,42.2,13.244000000000002,28.956000000000003,14.333333333333334,14.866666666666667,1.0133333333333332,7.3773333333333335,24.956000000000003,30.27866666666667,20.310666666666666,42.333333333333336,47.322,11.089333333333332,18.310666666666666,60.49066666666666,1.422666666666667,6.756,0.494,2.0439999999999996,20.510666666666665,0.10400000000000001,14.866666666666667,3.0893333333333337,77.48933333333335
