placar_casa,placar_visitante,data,round,stage,ano,equipe_casa,equipe_visitante,resultado,Pts_casa,3P_casa,2P_casa,LL_casa,RT_casa,RO_casa,RD_casa,AS_casa,ER_casa,IA%_casa,3PC_casa,3PT_casa,3P%_casa,2PC_casa,2PT_casa,2P%_casa,LLC_casa,LLT_casa,LL%_casa,EN_casa,BR_casa,B/E_casa,TO_casa,FC_casa,T/FC_casa,ET_casa,VI_casa,EF_casa,Pts_visitante,3P_visitante,2P_visitante,LL_visitante,RT_visitante,RO_visitante,RD_visitante,AS_visitante,ER_visitante,IA%_visitante,3PC_visitante,3PT_visitante,3P%_visitante,2PC_visitante,2PT_visitante,2P%_visitante,LLC_visitante,LLT_visitante,LL%_visitante,EN_visitante,BR_visitante,B/E_visitante,TO_visitante,FC_visitante,T/FC_visitante,ET_visitante,VI_visitante,EF_visitante
68,85,2016-01-28,4,2,2015-2016,Vitória,Paulistano,0,72.4,18.2,38.4,15.8,33.666666666666664,10.933333333333334,22.733333333333334,11.6,14.666666666666666,0.8340000000000001,6.066666666666666,19.133333333333333,31.96466666666667,19.2,39.666666666666664,48.80066666666667,15.8,22.4,70.74399999999999,1.1333333333333333,10.533333333333333,0.7513333333333333,1.7333333333333334,18.533333333333335,0.1,14.666666666666666,3.6,75.06666666666666,81.33333333333333,27.8,40.93333333333333,12.6,37.266666666666666,11.533333333333333,25.733333333333334,16.333333333333332,14.6,1.2533333333333332,9.266666666666667,25.666666666666668,36.032666666666664,20.466666666666665,38.53333333333333,53.79133333333334,12.6,17.2,73.40599999999999,1.8,10.933333333333334,0.8240000000000001,1.6,20.066666666666666,0.08733333333333332,14.6,3.8666666666666667,93.8
