placar_casa,placar_visitante,data,round,stage,ano,equipe_casa,equipe_visitante,resultado,Pts_casa,3P_casa,2P_casa,LL_casa,RT_casa,RO_casa,RD_casa,AS_casa,ER_casa,IA%_casa,3PC_casa,3PT_casa,3P%_casa,2PC_casa,2PT_casa,2P%_casa,LLC_casa,LLT_casa,LL%_casa,EN_casa,BR_casa,B/E_casa,TO_casa,FC_casa,T/FC_casa,ET_casa,VI_casa,EF_casa,Pts_visitante,3P_visitante,2P_visitante,LL_visitante,RT_visitante,RO_visitante,RD_visitante,AS_visitante,ER_visitante,IA%_visitante,3PC_visitante,3PT_visitante,3P%_visitante,2PC_visitante,2PT_visitante,2P%_visitante,LLC_visitante,LLT_visitante,LL%_visitante,EN_visitante,BR_visitante,B/E_visitante,TO_visitante,FC_visitante,T/FC_visitante,ET_visitante,VI_visitante,EF_visitante
80,92,2025-04-30,3,3,2024-2025,União Corinthians,Corinthians,0,79.6,21.8,43.6,14.2,38.46666666666667,12.0,26.466666666666665,20.0,13.2,1.662666666666667,7.266666666666667,24.866666666666667,29.17733333333333,21.8,41.86666666666667,52.10799999999998,14.2,20.733333333333334,67.82533333333335,1.2666666666666666,6.866666666666666,0.544,1.8,21.6,0.08333333333333333,13.2,3.4,89.33333333333333,83.4,32.6,36.8,14.0,40.333333333333336,10.666666666666666,29.666666666666668,19.466666666666665,13.8,1.5413333333333332,10.866666666666667,29.8,35.88733333333332,18.4,34.733333333333334,52.844666666666654,14.0,19.4,71.24933333333334,1.1333333333333333,5.666666666666667,0.44133333333333336,2.066666666666667,19.2,0.10866666666666668,13.8,3.066666666666667,96.46666666666667
