placar_casa,placar_visitante,data,round,stage,ano,equipe_casa,equipe_visitante,resultado,Pts_casa,3P_casa,2P_casa,LL_casa,RT_casa,RO_casa,RD_casa,AS_casa,ER_casa,IA%_casa,3PC_casa,3PT_casa,3P%_casa,2PC_casa,2PT_casa,2P%_casa,LLC_casa,LLT_casa,LL%_casa,EN_casa,BR_casa,B/E_casa,TO_casa,FC_casa,T/FC_casa,ET_casa,VI_casa,EF_casa,Pts_visitante,3P_visitante,2P_visitante,LL_visitante,RT_visitante,RO_visitante,RD_visitante,AS_visitante,ER_visitante,IA%_visitante,3PC_visitante,3PT_visitante,3P%_visitante,2PC_visitante,2PT_visitante,2P%_visitante,LLC_visitante,LLT_visitante,LL%_visitante,EN_visitante,BR_visitante,B/E_visitante,TO_visitante,FC_visitante,T/FC_visitante,ET_visitante,VI_visitante,EF_visitante
90,78,2014-02-27,10,2,2013-2014,Pinheiros,Goiânia,1,83.66666666666667,28.0,38.4,17.266666666666666,34.0,7.933333333333334,26.066666666666666,16.133333333333333,12.8,1.353333333333333,9.333333333333334,24.8,37.294,19.2,33.6,56.92733333333332,17.266666666666666,22.133333333333333,77.778,2.2,10.0,0.8480000000000001,3.7333333333333334,19.6,0.1993333333333333,12.8,1.8,100.0,76.86666666666666,20.0,40.266666666666666,16.6,32.13333333333333,8.8,23.333333333333332,14.8,13.666666666666666,1.3066666666666669,6.666666666666667,19.066666666666666,35.76733333333333,20.133333333333333,39.0,52.411333333333324,16.6,22.2,75.63466666666667,1.0,9.333333333333334,0.7940000000000002,1.8,21.933333333333334,0.0826666666666667,13.666666666666666,2.7333333333333334,84.4
