placar_casa,placar_visitante,data,round,stage,ano,equipe_casa,equipe_visitante,resultado,Pts_casa,3P_casa,2P_casa,LL_casa,RT_casa,RO_casa,RD_casa,AS_casa,ER_casa,IA%_casa,3PC_casa,3PT_casa,3P%_casa,2PC_casa,2PT_casa,2P%_casa,LLC_casa,LLT_casa,LL%_casa,EN_casa,BR_casa,B/E_casa,TO_casa,FC_casa,T/FC_casa,ET_casa,VI_casa,EF_casa,Pts_visitante,3P_visitante,2P_visitante,LL_visitante,RT_visitante,RO_visitante,RD_visitante,AS_visitante,ER_visitante,IA%_visitante,3PC_visitante,3PT_visitante,3P%_visitante,2PC_visitante,2PT_visitante,2P%_visitante,LLC_visitante,LLT_visitante,LL%_visitante,EN_visitante,BR_visitante,B/E_visitante,TO_visitante,FC_visitante,T/FC_visitante,ET_visitante,VI_visitante,EF_visitante
70,62,2015-02-24,9,2,2014-2015,Sesi Franca,Uberlândia,1,76.06666666666666,20.6,40.4,15.066666666666666,33.0,10.133333333333333,22.866666666666667,13.733333333333333,15.0,1.0453333333333332,6.866666666666666,22.133333333333333,30.36933333333333,20.2,37.53333333333333,53.919999999999995,15.066666666666666,21.133333333333333,70.98066666666668,2.8666666666666667,10.666666666666666,0.8166666666666667,3.4,21.666666666666668,0.16066666666666665,15.0,4.066666666666666,83.2,75.66666666666667,20.6,39.86666666666667,15.2,31.066666666666666,7.466666666666667,23.6,14.266666666666667,15.0,1.0506666666666666,6.866666666666666,21.666666666666668,31.88866666666666,19.933333333333334,37.0,54.098,15.2,19.066666666666666,79.13933333333333,1.6,9.133333333333333,0.6966666666666668,2.7333333333333334,22.266666666666666,0.13200000000000003,15.0,2.8666666666666667,82.13333333333334
