placar_casa,placar_visitante,data,round,stage,ano,equipe_casa,equipe_visitante,resultado,Pts_casa,3P_casa,2P_casa,LL_casa,RT_casa,RO_casa,RD_casa,AS_casa,ER_casa,IA%_casa,3PC_casa,3PT_casa,3P%_casa,2PC_casa,2PT_casa,2P%_casa,LLC_casa,LLT_casa,LL%_casa,EN_casa,BR_casa,B/E_casa,TO_casa,FC_casa,T/FC_casa,ET_casa,VI_casa,EF_casa,Pts_visitante,3P_visitante,2P_visitante,LL_visitante,RT_visitante,RO_visitante,RD_visitante,AS_visitante,ER_visitante,IA%_visitante,3PC_visitante,3PT_visitante,3P%_visitante,2PC_visitante,2PT_visitante,2P%_visitante,LLC_visitante,LLT_visitante,LL%_visitante,EN_visitante,BR_visitante,B/E_visitante,TO_visitante,FC_visitante,T/FC_visitante,ET_visitante,VI_visitante,EF_visitante
84,58,2017-03-07,24,1,2016-2017,Mogi,Brasília,1,78.6,32.8,30.8,15.0,37.53333333333333,10.733333333333333,26.8,17.666666666666668,13.333333333333334,1.6506666666666667,10.933333333333334,30.266666666666666,36.41333333333333,15.4,32.6,47.676,15.0,21.333333333333332,70.148,1.2,7.666666666666667,0.6586666666666667,0.8666666666666667,20.333333333333332,0.042,13.333333333333334,3.466666666666667,86.13333333333334,81.66666666666667,25.0,41.733333333333334,14.933333333333334,37.666666666666664,10.4,27.266666666666666,20.333333333333332,14.2,1.6953333333333334,8.333333333333334,23.333333333333332,35.22933333333334,20.866666666666667,38.6,53.717333333333336,14.933333333333334,20.533333333333335,71.86733333333335,1.6666666666666667,5.933333333333334,0.44066666666666676,2.7333333333333334,20.2,0.14733333333333334,14.2,2.466666666666667,95.8
