placar_casa,placar_visitante,data,round,stage,ano,equipe_casa,equipe_visitante,resultado,Pts_casa,3P_casa,2P_casa,LL_casa,RT_casa,RO_casa,RD_casa,AS_casa,ER_casa,IA%_casa,3PC_casa,3PT_casa,3P%_casa,2PC_casa,2PT_casa,2P%_casa,LLC_casa,LLT_casa,LL%_casa,EN_casa,BR_casa,B/E_casa,TO_casa,FC_casa,T/FC_casa,ET_casa,VI_casa,EF_casa,Pts_visitante,3P_visitante,2P_visitante,LL_visitante,RT_visitante,RO_visitante,RD_visitante,AS_visitante,ER_visitante,IA%_visitante,3PC_visitante,3PT_visitante,3P%_visitante,2PC_visitante,2PT_visitante,2P%_visitante,LLC_visitante,LLT_visitante,LL%_visitante,EN_visitante,BR_visitante,B/E_visitante,TO_visitante,FC_visitante,T/FC_visitante,ET_visitante,VI_visitante,EF_visitante
83,69,2014-12-22,13,1,2014-2015,Paulistano,L. Sorocabana,1,80.83333333333333,21.0,42.666666666666664,17.166666666666668,38.25,13.833333333333334,24.416666666666668,11.166666666666666,12.083333333333334,1.0216666666666667,7.0,22.583333333333332,31.254166666666663,21.333333333333332,44.083333333333336,48.425833333333344,17.166666666666668,22.666666666666668,76.90500000000002,2.25,9.5,0.8433333333333333,1.25,24.583333333333332,0.049999999999999996,12.083333333333334,2.6666666666666665,85.08333333333333,78.08333333333333,20.25,43.166666666666664,14.666666666666666,30.75,11.333333333333334,19.416666666666668,13.416666666666666,14.833333333333334,0.9483333333333333,6.75,20.083333333333332,34.13999999999999,21.583333333333332,44.166666666666664,48.681666666666665,14.666666666666666,19.25,76.9625,2.1666666666666665,12.416666666666666,0.8991666666666668,2.1666666666666665,24.0,0.09166666666666667,14.833333333333334,2.4166666666666665,81.5
