placar_casa,placar_visitante,data,round,stage,ano,equipe_casa,equipe_visitante,resultado,Pts_casa,3P_casa,2P_casa,LL_casa,RT_casa,RO_casa,RD_casa,AS_casa,ER_casa,IA%_casa,3PC_casa,3PT_casa,3P%_casa,2PC_casa,2PT_casa,2P%_casa,LLC_casa,LLT_casa,LL%_casa,EN_casa,BR_casa,B/E_casa,TO_casa,FC_casa,T/FC_casa,ET_casa,VI_casa,EF_casa,Pts_visitante,3P_visitante,2P_visitante,LL_visitante,RT_visitante,RO_visitante,RD_visitante,AS_visitante,ER_visitante,IA%_visitante,3PC_visitante,3PT_visitante,3P%_visitante,2PC_visitante,2PT_visitante,2P%_visitante,LLC_visitante,LLT_visitante,LL%_visitante,EN_visitante,BR_visitante,B/E_visitante,TO_visitante,FC_visitante,T/FC_visitante,ET_visitante,VI_visitante,EF_visitante
90,66,2024-04-27,2,3,2023-2024,Fortaleza B. C. / CFO,Coop/São José Basketball,1,78.33333333333333,22.8,42.0,13.533333333333333,36.3,7.566666666666666,28.733333333333334,16.066666666666666,15.1,1.1726666666666667,7.6,22.733333333333334,32.56666666666667,21.0,36.0,58.26666666666666,13.533333333333333,18.066666666666666,75.69866666666665,1.7333333333333334,6.133333333333334,0.41999999999999993,1.8333333333333333,19.133333333333333,0.09666666666666669,15.1,2.8666666666666667,88.9,78.6,26.8,40.8,11.0,34.8,10.133333333333333,24.666666666666668,19.2,13.866666666666667,1.4533333333333334,8.933333333333334,26.466666666666665,33.1,20.4,37.333333333333336,54.69466666666667,11.0,17.0,62.33066666666665,2.6,7.733333333333333,0.5746666666666668,1.4,19.4,0.072,13.866666666666667,2.466666666666667,87.4
