placar_casa,placar_visitante,data,round,stage,ano,equipe_casa,equipe_visitante,resultado,Pts_casa,3P_casa,2P_casa,LL_casa,RT_casa,RO_casa,RD_casa,AS_casa,ER_casa,IA%_casa,3PC_casa,3PT_casa,3P%_casa,2PC_casa,2PT_casa,2P%_casa,LLC_casa,LLT_casa,LL%_casa,EN_casa,BR_casa,B/E_casa,TO_casa,FC_casa,T/FC_casa,ET_casa,VI_casa,EF_casa,Pts_visitante,3P_visitante,2P_visitante,LL_visitante,RT_visitante,RO_visitante,RD_visitante,AS_visitante,ER_visitante,IA%_visitante,3PC_visitante,3PT_visitante,3P%_visitante,2PC_visitante,2PT_visitante,2P%_visitante,LLC_visitante,LLT_visitante,LL%_visitante,EN_visitante,BR_visitante,B/E_visitante,TO_visitante,FC_visitante,T/FC_visitante,ET_visitante,VI_visitante,EF_visitante
84,90,2016-12-15,9,1,2016-2017,Vitória,Bauru Basket,0,74.5,19.5,39.666666666666664,15.333333333333334,36.666666666666664,8.666666666666666,28.0,16.5,14.666666666666666,1.2666666666666668,6.5,20.166666666666668,31.801666666666666,19.833333333333332,38.0,52.64666666666667,15.333333333333334,20.833333333333332,74.67833333333333,1.6666666666666667,6.5,0.4716666666666667,1.5,20.333333333333332,0.075,14.666666666666666,4.5,83.66666666666667,80.57142857142857,31.285714285714285,36.857142857142854,12.428571428571429,39.57142857142857,9.0,30.571428571428573,16.714285714285715,15.857142857142858,1.1157142857142859,10.428571428571429,28.428571428571427,37.17142857142857,18.428571428571427,34.42857142857143,53.24285714285715,12.428571428571429,17.571428571428573,71.67857142857143,0.8571428571428571,5.714285714285714,0.3985714285714286,1.4285714285714286,18.428571428571427,0.07571428571428572,15.857142857142858,5.142857142857143,89.0
