placar_casa,placar_visitante,data,round,stage,ano,equipe_casa,equipe_visitante,resultado,Pts_casa,3P_casa,2P_casa,LL_casa,RT_casa,RO_casa,RD_casa,AS_casa,ER_casa,IA%_casa,3PC_casa,3PT_casa,3P%_casa,2PC_casa,2PT_casa,2P%_casa,LLC_casa,LLT_casa,LL%_casa,EN_casa,BR_casa,B/E_casa,TO_casa,FC_casa,T/FC_casa,ET_casa,VI_casa,EF_casa,Pts_visitante,3P_visitante,2P_visitante,LL_visitante,RT_visitante,RO_visitante,RD_visitante,AS_visitante,ER_visitante,IA%_visitante,3PC_visitante,3PT_visitante,3P%_visitante,2PC_visitante,2PT_visitante,2P%_visitante,LLC_visitante,LLT_visitante,LL%_visitante,EN_visitante,BR_visitante,B/E_visitante,TO_visitante,FC_visitante,T/FC_visitante,ET_visitante,VI_visitante,EF_visitante
80,90,2012-12-15,8,1,2012-2013,Paulistano,Espírito Santo,0,88.66666666666667,72.0,48.0,18.666666666666668,37.833333333333336,12.666666666666666,25.166666666666668,18.0,17.666666666666668,1.045,7.333333333333333,17.5,43.26499999999999,24.0,45.333333333333336,53.65,18.666666666666668,27.833333333333332,66.79666666666667,4.0,9.0,0.5366666666666666,2.0,23.833333333333332,0.09000000000000001,17.666666666666668,3.0,109.33333333333333,75.71428571428571,53.142857142857146,35.42857142857143,13.714285714285714,28.285714285714285,8.857142857142858,19.428571428571427,11.285714285714286,13.428571428571429,0.9114285714285714,8.857142857142858,22.857142857142858,38.019999999999996,17.714285714285715,37.142857142857146,47.862857142857145,13.714285714285714,18.857142857142858,71.67999999999999,1.2857142857142858,7.285714285714286,0.5871428571428571,1.7142857142857142,19.428571428571427,0.09428571428571429,13.428571428571429,3.7142857142857144,81.14285714285714
