placar_casa,placar_visitante,data,round,stage,ano,equipe_casa,equipe_visitante,resultado,Pts_casa,3P_casa,2P_casa,LL_casa,RT_casa,RO_casa,RD_casa,AS_casa,ER_casa,IA%_casa,3PC_casa,3PT_casa,3P%_casa,2PC_casa,2PT_casa,2P%_casa,LLC_casa,LLT_casa,LL%_casa,EN_casa,BR_casa,B/E_casa,TO_casa,FC_casa,T/FC_casa,ET_casa,VI_casa,EF_casa,Pts_visitante,3P_visitante,2P_visitante,LL_visitante,RT_visitante,RO_visitante,RD_visitante,AS_visitante,ER_visitante,IA%_visitante,3PC_visitante,3PT_visitante,3P%_visitante,2PC_visitante,2PT_visitante,2P%_visitante,LLC_visitante,LLT_visitante,LL%_visitante,EN_visitante,BR_visitante,B/E_visitante,TO_visitante,FC_visitante,T/FC_visitante,ET_visitante,VI_visitante,EF_visitante
73,89,2021-03-14,6,2,2020-2021,VipTech CMB,Caxias do Sul Basquete,0,77.75600000000001,27.033333333333335,41.15666666666667,9.568000000000001,37.66533333333333,12.443333333333332,25.221999999999998,17.999999999999996,12.122666666666667,1.522,9.011333333333335,27.567333333333337,32.51466666666667,20.576666666666664,42.156,48.70733333333333,9.568000000000001,16.166666666666664,58.379333333333335,1.1333333333333333,6.978,0.6,1.1893333333333334,19.922666666666668,0.05933333333333333,12.122666666666667,1.8013333333333335,82.73333333333333,79.89933333333333,27.6,37.66733333333333,14.633999999999997,37.132666666666665,10.233333333333333,26.89933333333333,17.333333333333332,13.300666666666665,1.318,9.199333333333334,25.000000000000004,37.023333333333326,18.832666666666668,36.86800000000001,51.14399999999999,14.633999999999997,20.934000000000005,69.99666666666667,1.1993333333333334,5.5680000000000005,0.4193333333333333,1.0993333333333335,20.832666666666668,0.054000000000000006,13.300666666666665,2.700666666666667,87.6
