placar_casa,placar_visitante,data,round,stage,ano,equipe_casa,equipe_visitante,resultado,Pts_casa,3P_casa,2P_casa,LL_casa,RT_casa,RO_casa,RD_casa,AS_casa,ER_casa,IA%_casa,3PC_casa,3PT_casa,3P%_casa,2PC_casa,2PT_casa,2P%_casa,LLC_casa,LLT_casa,LL%_casa,EN_casa,BR_casa,B/E_casa,TO_casa,FC_casa,T/FC_casa,ET_casa,VI_casa,EF_casa,Pts_visitante,3P_visitante,2P_visitante,LL_visitante,RT_visitante,RO_visitante,RD_visitante,AS_visitante,ER_visitante,IA%_visitante,3PC_visitante,3PT_visitante,3P%_visitante,2PC_visitante,2PT_visitante,2P%_visitante,LLC_visitante,LLT_visitante,LL%_visitante,EN_visitante,BR_visitante,B/E_visitante,TO_visitante,FC_visitante,T/FC_visitante,ET_visitante,VI_visitante,EF_visitante
86,63,2014-02-25,9,2,2013-2014,Palmeiras,Goiânia,1,81.13333333333334,19.6,48.53333333333333,13.0,34.0,10.4,23.6,13.666666666666666,14.266666666666667,1.0893333333333333,6.533333333333333,19.2,34.49466666666667,24.266666666666666,44.4,55.141333333333336,13.0,18.533333333333335,69.49000000000001,2.066666666666667,9.933333333333334,0.7586666666666667,1.9333333333333333,20.666666666666668,0.10133333333333334,14.266666666666667,3.3333333333333335,88.06666666666666,77.6,20.4,40.8,16.4,32.4,8.733333333333333,23.666666666666668,15.266666666666667,13.066666666666666,1.4226666666666667,6.8,19.666666666666668,35.73533333333333,20.4,38.93333333333333,53.193999999999996,16.4,21.666666666666668,77.19,1.1333333333333333,8.733333333333333,0.7853333333333334,1.8,22.066666666666666,0.08200000000000003,13.066666666666666,2.8,86.06666666666666
