placar_casa,placar_visitante,data,round,stage,ano,equipe_casa,equipe_visitante,resultado,Pts_casa,3P_casa,2P_casa,LL_casa,RT_casa,RO_casa,RD_casa,AS_casa,ER_casa,IA%_casa,3PC_casa,3PT_casa,3P%_casa,2PC_casa,2PT_casa,2P%_casa,LLC_casa,LLT_casa,LL%_casa,EN_casa,BR_casa,B/E_casa,TO_casa,FC_casa,T/FC_casa,ET_casa,VI_casa,EF_casa,Pts_visitante,3P_visitante,2P_visitante,LL_visitante,RT_visitante,RO_visitante,RD_visitante,AS_visitante,ER_visitante,IA%_visitante,3PC_visitante,3PT_visitante,3P%_visitante,2PC_visitante,2PT_visitante,2P%_visitante,LLC_visitante,LLT_visitante,LL%_visitante,EN_visitante,BR_visitante,B/E_visitante,TO_visitante,FC_visitante,T/FC_visitante,ET_visitante,VI_visitante,EF_visitante
93,67,2023-12-02,7,1,2023-2024,Flamengo,Sesi Franca,1,82.77777777777777,27.333333333333332,40.22222222222222,15.222222222222221,38.44444444444444,12.38888888888889,26.055555555555557,19.333333333333332,11.833333333333334,1.6844444444444446,9.11111111111111,30.555555555555557,30.063333333333333,20.11111111111111,34.388888888888886,58.663333333333334,15.222222222222221,20.0,76.19,2.1666666666666665,8.333333333333334,0.7022222222222223,1.5555555555555556,16.38888888888889,0.09555555555555556,11.833333333333334,2.3333333333333335,98.11111111111111,89.66666666666667,29.0,45.11222222222223,15.554444444444446,40.89000000000001,12.0,28.890000000000004,20.776666666666667,13.66777777777778,1.5522222222222222,9.666666666666666,27.221111111111107,35.90888888888889,22.554444444444446,38.55666666666667,58.26111111111111,15.554444444444446,20.221111111111114,76.81555555555556,2.4444444444444446,7.666666666666667,0.5700000000000001,2.5566666666666666,17.88888888888889,0.16333333333333333,13.66777777777778,2.7788888888888894,109.66555555555557
