placar_casa,placar_visitante,data,round,stage,ano,equipe_casa,equipe_visitante,resultado,Pts_casa,3P_casa,2P_casa,LL_casa,RT_casa,RO_casa,RD_casa,AS_casa,ER_casa,IA%_casa,3PC_casa,3PT_casa,3P%_casa,2PC_casa,2PT_casa,2P%_casa,LLC_casa,LLT_casa,LL%_casa,EN_casa,BR_casa,B/E_casa,TO_casa,FC_casa,T/FC_casa,ET_casa,VI_casa,EF_casa,Pts_visitante,3P_visitante,2P_visitante,LL_visitante,RT_visitante,RO_visitante,RD_visitante,AS_visitante,ER_visitante,IA%_visitante,3PC_visitante,3PT_visitante,3P%_visitante,2PC_visitante,2PT_visitante,2P%_visitante,LLC_visitante,LLT_visitante,LL%_visitante,EN_visitante,BR_visitante,B/E_visitante,TO_visitante,FC_visitante,T/FC_visitante,ET_visitante,VI_visitante,EF_visitante
78,84,2019-01-17,2,2,2018-2019,R10 Score Vasco da Gama,Sesi Franca,0,73.2,22.8,37.2,13.2,38.266666666666666,10.833333333333334,27.433333333333334,16.533333333333335,14.1,1.2020000000000002,7.6,24.333333333333332,31.08,18.6,40.46666666666667,45.870666666666665,13.2,19.133333333333333,69.132,0.7333333333333333,7.1,0.5166666666666667,1.4,19.133333333333333,0.07600000000000001,14.1,2.1,77.83333333333333,87.28571428571429,31.714285714285715,40.0,15.571428571428571,34.42857142857143,7.857142857142857,26.571428571428573,17.428571428571427,11.642857142857142,1.5164285714285712,10.571428571428571,28.857142857142858,36.325714285714284,20.0,32.0,62.61714285714286,15.571428571428571,18.642857142857142,83.07214285714284,2.2142857142857144,5.714285714285714,0.5057142857142858,1.5714285714285714,17.571428571428573,0.09214285714285717,11.642857142857142,1.7857142857142858,101.28571428571429
