placar_casa,placar_visitante,data,round,stage,ano,equipe_casa,equipe_visitante,resultado,Pts_casa,3P_casa,2P_casa,LL_casa,RT_casa,RO_casa,RD_casa,AS_casa,ER_casa,IA%_casa,3PC_casa,3PT_casa,3P%_casa,2PC_casa,2PT_casa,2P%_casa,LLC_casa,LLT_casa,LL%_casa,EN_casa,BR_casa,B/E_casa,TO_casa,FC_casa,T/FC_casa,ET_casa,VI_casa,EF_casa,Pts_visitante,3P_visitante,2P_visitante,LL_visitante,RT_visitante,RO_visitante,RD_visitante,AS_visitante,ER_visitante,IA%_visitante,3PC_visitante,3PT_visitante,3P%_visitante,2PC_visitante,2PT_visitante,2P%_visitante,LLC_visitante,LLT_visitante,LL%_visitante,EN_visitante,BR_visitante,B/E_visitante,TO_visitante,FC_visitante,T/FC_visitante,ET_visitante,VI_visitante,EF_visitante
93,82,2017-04-17,5,3,2016-2017,Pinheiros,R10 Score Vasco da Gama,1,78.8,19.4,41.06666666666667,18.333333333333332,35.6,9.266666666666667,26.333333333333332,17.133333333333333,15.066666666666666,1.1853333333333333,6.466666666666667,18.533333333333335,35.821333333333335,20.533333333333335,40.266666666666666,50.77200000000001,18.333333333333332,25.8,71.61866666666667,1.8,7.2,0.5000000000000001,2.4,22.066666666666666,0.11333333333333333,15.066666666666666,3.0,86.8,76.13333333333334,26.8,32.0,17.333333333333332,31.533333333333335,8.2,23.333333333333332,15.666666666666666,15.0,1.1026666666666667,8.933333333333334,24.0,37.68333333333333,16.0,32.733333333333334,49.13133333333334,17.333333333333332,22.333333333333332,78.20466666666667,0.4,6.466666666666667,0.42866666666666664,0.6666666666666666,22.333333333333332,0.030666666666666665,15.0,4.0,78.66666666666667
