placar_casa,placar_visitante,data,round,stage,ano,equipe_casa,equipe_visitante,resultado,Pts_casa,3P_casa,2P_casa,LL_casa,RT_casa,RO_casa,RD_casa,AS_casa,ER_casa,IA%_casa,3PC_casa,3PT_casa,3P%_casa,2PC_casa,2PT_casa,2P%_casa,LLC_casa,LLT_casa,LL%_casa,EN_casa,BR_casa,B/E_casa,TO_casa,FC_casa,T/FC_casa,ET_casa,VI_casa,EF_casa,Pts_visitante,3P_visitante,2P_visitante,LL_visitante,RT_visitante,RO_visitante,RD_visitante,AS_visitante,ER_visitante,IA%_visitante,3PC_visitante,3PT_visitante,3P%_visitante,2PC_visitante,2PT_visitante,2P%_visitante,LLC_visitante,LLT_visitante,LL%_visitante,EN_visitante,BR_visitante,B/E_visitante,TO_visitante,FC_visitante,T/FC_visitante,ET_visitante,VI_visitante,EF_visitante
70,67,2016-04-09,3,3,2015-2016,Pinheiros,Minas,1,81.4,22.6,42.666666666666664,16.133333333333333,38.333333333333336,11.2,27.133333333333333,15.466666666666667,15.4,1.0526666666666666,7.533333333333333,21.266666666666666,35.830000000000005,21.333333333333332,44.13333333333333,48.576666666666675,16.133333333333333,21.4,74.41799999999999,1.5333333333333334,11.333333333333334,0.7686666666666665,2.466666666666667,20.733333333333334,0.13066666666666665,15.4,3.2666666666666666,91.8,76.4,16.8,44.4,15.2,38.8,11.0,27.8,15.066666666666666,16.4,0.9893333333333334,5.6,16.933333333333334,33.34933333333333,22.2,42.46666666666667,52.496666666666655,15.2,21.2,70.29266666666668,1.4666666666666666,7.6,0.48666666666666664,2.3333333333333335,21.866666666666667,0.10733333333333335,16.4,4.6,86.13333333333334
