placar_casa,placar_visitante,data,round,stage,ano,equipe_casa,equipe_visitante,resultado,Pts_casa,3P_casa,2P_casa,LL_casa,RT_casa,RO_casa,RD_casa,AS_casa,ER_casa,IA%_casa,3PC_casa,3PT_casa,3P%_casa,2PC_casa,2PT_casa,2P%_casa,LLC_casa,LLT_casa,LL%_casa,EN_casa,BR_casa,B/E_casa,TO_casa,FC_casa,T/FC_casa,ET_casa,VI_casa,EF_casa,Pts_visitante,3P_visitante,2P_visitante,LL_visitante,RT_visitante,RO_visitante,RD_visitante,AS_visitante,ER_visitante,IA%_visitante,3PC_visitante,3PT_visitante,3P%_visitante,2PC_visitante,2PT_visitante,2P%_visitante,LLC_visitante,LLT_visitante,LL%_visitante,EN_visitante,BR_visitante,B/E_visitante,TO_visitante,FC_visitante,T/FC_visitante,ET_visitante,VI_visitante,EF_visitante
81,84,2014-05-05,4,4,2013-2014,Bauru Basket,Flamengo,0,82.0,28.0,38.93333333333333,15.066666666666666,36.0,11.0,25.0,15.266666666666667,11.4,1.4253333333333333,9.333333333333334,24.4,37.864000000000004,19.466666666666665,38.2,51.27333333333333,15.066666666666666,19.8,76.57866666666669,1.6666666666666667,9.2,0.864,2.0,18.133333333333333,0.10666666666666667,11.4,2.3333333333333335,94.53333333333333,87.46666666666667,32.4,39.6,15.466666666666667,37.06666666666667,10.0,27.066666666666666,18.333333333333332,12.133333333333333,1.700666666666667,10.8,27.866666666666667,39.01266666666666,19.8,34.53333333333333,57.62266666666665,15.466666666666667,20.2,74.16266666666667,2.3333333333333335,9.2,0.8599999999999999,1.4666666666666666,18.666666666666668,0.084,12.133333333333333,1.6,104.86666666666666
