placar_casa,placar_visitante,data,round,stage,ano,equipe_casa,equipe_visitante,resultado,Pts_casa,3P_casa,2P_casa,LL_casa,RT_casa,RO_casa,RD_casa,AS_casa,ER_casa,IA%_casa,3PC_casa,3PT_casa,3P%_casa,2PC_casa,2PT_casa,2P%_casa,LLC_casa,LLT_casa,LL%_casa,EN_casa,BR_casa,B/E_casa,TO_casa,FC_casa,T/FC_casa,ET_casa,VI_casa,EF_casa,Pts_visitante,3P_visitante,2P_visitante,LL_visitante,RT_visitante,RO_visitante,RD_visitante,AS_visitante,ER_visitante,IA%_visitante,3PC_visitante,3PT_visitante,3P%_visitante,2PC_visitante,2PT_visitante,2P%_visitante,LLC_visitante,LLT_visitante,LL%_visitante,EN_visitante,BR_visitante,B/E_visitante,TO_visitante,FC_visitante,T/FC_visitante,ET_visitante,VI_visitante,EF_visitante
80,84,2015-02-10,7,2,2014-2015,Mogi,Fortaleza B. C. / CFO,0,86.0,24.0,43.733333333333334,18.266666666666666,38.0,13.733333333333333,24.266666666666666,15.8,14.066666666666666,1.1939999999999997,8.0,20.933333333333334,37.727999999999994,21.866666666666667,42.2,52.06066666666666,18.266666666666666,23.6,76.60666666666667,2.466666666666667,10.133333333333333,0.7319999999999999,2.3333333333333335,23.133333333333333,0.10200000000000001,14.066666666666666,2.533333333333333,99.6,74.6,26.6,34.4,13.6,33.733333333333334,9.933333333333334,23.8,13.466666666666667,11.733333333333333,1.2306666666666668,8.866666666666667,30.466666666666665,29.278666666666666,17.2,34.4,50.226666666666674,13.6,18.0,76.77066666666666,0.4666666666666667,9.666666666666666,0.9333333333333333,1.8666666666666667,18.066666666666666,0.11133333333333335,11.733333333333333,2.1333333333333333,78.4
