placar_casa,placar_visitante,data,round,stage,ano,equipe_casa,equipe_visitante,resultado,Pts_casa,3P_casa,2P_casa,LL_casa,RT_casa,RO_casa,RD_casa,AS_casa,ER_casa,IA%_casa,3PC_casa,3PT_casa,3P%_casa,2PC_casa,2PT_casa,2P%_casa,LLC_casa,LLT_casa,LL%_casa,EN_casa,BR_casa,B/E_casa,TO_casa,FC_casa,T/FC_casa,ET_casa,VI_casa,EF_casa,Pts_visitante,3P_visitante,2P_visitante,LL_visitante,RT_visitante,RO_visitante,RD_visitante,AS_visitante,ER_visitante,IA%_visitante,3PC_visitante,3PT_visitante,3P%_visitante,2PC_visitante,2PT_visitante,2P%_visitante,LLC_visitante,LLT_visitante,LL%_visitante,EN_visitante,BR_visitante,B/E_visitante,TO_visitante,FC_visitante,T/FC_visitante,ET_visitante,VI_visitante,EF_visitante
75,74,2025-01-18,4,2,2024-2025,Vasco da Gama,Fortaleza Basquete Cearense,1,77.766,26.566666666666666,35.821999999999996,15.377333333333333,38.25666666666667,10.543333333333331,27.709999999999997,18.733999999999998,13.056000000000001,1.4993333333333332,8.856,31.088666666666665,28.715333333333326,17.911333333333335,32.00066666666667,56.464666666666666,15.377333333333333,21.565999999999995,72.29400000000001,1.344,6.576666666666666,0.5193333333333333,2.5439999999999996,21.022,0.12000000000000001,13.056000000000001,2.377333333333333,88.31,71.24533333333332,21.033333333333335,37.022666666666666,13.188666666666666,37.344,10.566,26.778000000000002,14.500666666666666,13.911999999999999,1.1446666666666667,7.011333333333334,23.645333333333337,29.750666666666667,18.510666666666665,36.64533333333334,50.81000000000001,13.188666666666666,18.812000000000005,69.91666666666667,1.6333333333333333,6.822,0.5219999999999999,2.655333333333333,21.187999999999995,0.12733333333333335,13.911999999999999,2.934,78.26600000000002
