placar_casa,placar_visitante,data,round,stage,ano,equipe_casa,equipe_visitante,resultado,Pts_casa,3P_casa,2P_casa,LL_casa,RT_casa,RO_casa,RD_casa,AS_casa,ER_casa,IA%_casa,3PC_casa,3PT_casa,3P%_casa,2PC_casa,2PT_casa,2P%_casa,LLC_casa,LLT_casa,LL%_casa,EN_casa,BR_casa,B/E_casa,TO_casa,FC_casa,T/FC_casa,ET_casa,VI_casa,EF_casa,Pts_visitante,3P_visitante,2P_visitante,LL_visitante,RT_visitante,RO_visitante,RD_visitante,AS_visitante,ER_visitante,IA%_visitante,3PC_visitante,3PT_visitante,3P%_visitante,2PC_visitante,2PT_visitante,2P%_visitante,LLC_visitante,LLT_visitante,LL%_visitante,EN_visitante,BR_visitante,B/E_visitante,TO_visitante,FC_visitante,T/FC_visitante,ET_visitante,VI_visitante,EF_visitante
92,57,2017-03-13,26,1,2016-2017,Paulistano,L. Sorocabana,1,81.26666666666667,30.2,35.86666666666667,15.2,35.4,11.333333333333334,24.066666666666666,18.6,13.266666666666667,1.5066666666666666,10.066666666666666,29.266666666666666,35.230000000000004,17.933333333333334,35.333333333333336,51.48000000000001,15.2,19.533333333333335,77.49333333333333,1.4666666666666666,7.333333333333333,0.5633333333333334,2.066666666666667,22.066666666666666,0.1,13.266666666666667,2.466666666666667,90.46666666666667,68.33333333333333,21.0,34.666666666666664,12.666666666666666,34.06666666666667,12.066666666666666,22.0,14.0,16.266666666666666,0.896,7.0,24.0,30.221999999999998,17.333333333333332,36.86666666666667,47.29933333333334,12.666666666666666,18.2,70.29866666666666,1.5333333333333334,7.933333333333334,0.5126666666666668,1.2666666666666666,24.133333333333333,0.05666666666666668,16.266666666666666,6.333333333333333,67.26666666666667
