placar_casa,placar_visitante,data,round,stage,ano,equipe_casa,equipe_visitante,resultado,Pts_casa,3P_casa,2P_casa,LL_casa,RT_casa,RO_casa,RD_casa,AS_casa,ER_casa,IA%_casa,3PC_casa,3PT_casa,3P%_casa,2PC_casa,2PT_casa,2P%_casa,LLC_casa,LLT_casa,LL%_casa,EN_casa,BR_casa,B/E_casa,TO_casa,FC_casa,T/FC_casa,ET_casa,VI_casa,EF_casa,Pts_visitante,3P_visitante,2P_visitante,LL_visitante,RT_visitante,RO_visitante,RD_visitante,AS_visitante,ER_visitante,IA%_visitante,3PC_visitante,3PT_visitante,3P%_visitante,2PC_visitante,2PT_visitante,2P%_visitante,LLC_visitante,LLT_visitante,LL%_visitante,EN_visitante,BR_visitante,B/E_visitante,TO_visitante,FC_visitante,T/FC_visitante,ET_visitante,VI_visitante,EF_visitante
87,66,2015-01-07,14,1,2014-2015,Limeira,Macaé Basquete,1,84.0,28.384615384615383,41.69230769230769,13.923076923076923,31.076923076923077,8.692307692307692,22.384615384615383,18.923076923076923,12.692307692307692,1.5646153846153845,9.461538461538462,23.846153846153847,40.28923076923078,20.846153846153847,36.61538461538461,56.92076923076923,13.923076923076923,17.384615384615383,80.07153846153847,2.1538461538461537,10.153846153846153,0.8369230769230769,2.3076923076923075,20.384615384615383,0.11076923076923074,12.692307692307692,2.8461538461538463,100.15384615384616,76.91666666666667,25.25,36.5,15.166666666666666,30.916666666666668,9.5,21.416666666666668,12.5,11.416666666666666,1.3483333333333334,8.416666666666666,22.75,37.251666666666665,18.25,37.25,48.91499999999999,15.166666666666666,18.916666666666668,80.61749999999999,0.75,8.666666666666666,0.8566666666666668,1.25,21.916666666666668,0.056666666666666664,11.416666666666666,3.25,81.75
