placar_casa,placar_visitante,data,round,stage,ano,equipe_casa,equipe_visitante,resultado,Pts_casa,3P_casa,2P_casa,LL_casa,RT_casa,RO_casa,RD_casa,AS_casa,ER_casa,IA%_casa,3PC_casa,3PT_casa,3P%_casa,2PC_casa,2PT_casa,2P%_casa,LLC_casa,LLT_casa,LL%_casa,EN_casa,BR_casa,B/E_casa,TO_casa,FC_casa,T/FC_casa,ET_casa,VI_casa,EF_casa,Pts_visitante,3P_visitante,2P_visitante,LL_visitante,RT_visitante,RO_visitante,RD_visitante,AS_visitante,ER_visitante,IA%_visitante,3PC_visitante,3PT_visitante,3P%_visitante,2PC_visitante,2PT_visitante,2P%_visitante,LLC_visitante,LLT_visitante,LL%_visitante,EN_visitante,BR_visitante,B/E_visitante,TO_visitante,FC_visitante,T/FC_visitante,ET_visitante,VI_visitante,EF_visitante
82,94,2014-02-27,10,2,2013-2014,Palmeiras,Brasília,0,81.73333333333333,20.2,47.86666666666667,13.666666666666666,33.666666666666664,10.2,23.466666666666665,14.2,14.6,1.106,6.733333333333333,19.866666666666667,34.218666666666664,23.933333333333334,43.0,56.15066666666666,13.666666666666666,18.933333333333334,71.64866666666667,2.2666666666666666,10.2,0.7586666666666666,1.8666666666666667,21.133333333333333,0.09266666666666667,14.6,3.066666666666667,89.6,86.86666666666666,36.4,37.06666666666667,13.4,37.6,9.133333333333333,28.466666666666665,17.6,11.066666666666666,1.837333333333333,12.133333333333333,31.733333333333334,38.02733333333334,18.533333333333335,34.2,55.45733333333333,13.4,16.333333333333332,81.60600000000001,1.6666666666666667,8.466666666666667,0.8486666666666666,4.066666666666666,17.733333333333334,0.238,11.066666666666666,1.2666666666666666,105.33333333333333
