placar_casa,placar_visitante,data,round,stage,ano,equipe_casa,equipe_visitante,resultado,Pts_casa,3P_casa,2P_casa,LL_casa,RT_casa,RO_casa,RD_casa,AS_casa,ER_casa,IA%_casa,3PC_casa,3PT_casa,3P%_casa,2PC_casa,2PT_casa,2P%_casa,LLC_casa,LLT_casa,LL%_casa,EN_casa,BR_casa,B/E_casa,TO_casa,FC_casa,T/FC_casa,ET_casa,VI_casa,EF_casa,Pts_visitante,3P_visitante,2P_visitante,LL_visitante,RT_visitante,RO_visitante,RD_visitante,AS_visitante,ER_visitante,IA%_visitante,3PC_visitante,3PT_visitante,3P%_visitante,2PC_visitante,2PT_visitante,2P%_visitante,LLC_visitante,LLT_visitante,LL%_visitante,EN_visitante,BR_visitante,B/E_visitante,TO_visitante,FC_visitante,T/FC_visitante,ET_visitante,VI_visitante,EF_visitante
66,79,2019-12-05,8,1,2019-2020,Bauru Basket,Flamengo,0,82.27272727272727,22.636363636363637,44.18181818181818,15.454545454545455,34.45454545454545,9.181818181818182,25.272727272727273,16.09090909090909,13.909090909090908,1.1654545454545455,7.545454545454546,25.181818181818183,30.08727272727273,22.09090909090909,38.54545454545455,57.57272727272727,15.454545454545455,22.636363636363637,68.57818181818183,1.2727272727272727,9.545454545454545,0.6963636363636365,1.9090909090909092,19.272727272727273,0.10363636363636365,13.909090909090908,1.7272727272727273,89.0909090909091,82.6,27.6,39.6,15.4,39.2,11.5,27.7,18.2,11.7,1.6780000000000002,9.2,26.8,33.998999999999995,19.8,37.9,52.625,15.4,22.3,69.018,0.9,6.8,0.561,1.1,19.4,0.05900000000000001,11.7,1.1,93.5
