placar_casa,placar_visitante,data,round,stage,ano,equipe_casa,equipe_visitante,resultado,Pts_casa,3P_casa,2P_casa,LL_casa,RT_casa,RO_casa,RD_casa,AS_casa,ER_casa,IA%_casa,3PC_casa,3PT_casa,3P%_casa,2PC_casa,2PT_casa,2P%_casa,LLC_casa,LLT_casa,LL%_casa,EN_casa,BR_casa,B/E_casa,TO_casa,FC_casa,T/FC_casa,ET_casa,VI_casa,EF_casa,Pts_visitante,3P_visitante,2P_visitante,LL_visitante,RT_visitante,RO_visitante,RD_visitante,AS_visitante,ER_visitante,IA%_visitante,3PC_visitante,3PT_visitante,3P%_visitante,2PC_visitante,2PT_visitante,2P%_visitante,LLC_visitante,LLT_visitante,LL%_visitante,EN_visitante,BR_visitante,B/E_visitante,TO_visitante,FC_visitante,T/FC_visitante,ET_visitante,VI_visitante,EF_visitante
96,72,2021-01-27,1,2,2020-2021,São Paulo,Mogi,1,89.93466666666667,33.6,41.06666666666667,15.266,37.0,9.266666666666667,27.73333333333333,17.733333333333334,10.933333333333334,1.6913333333333336,11.2,28.966666666666672,38.77266666666666,20.533333333333335,36.532666666666664,56.066,15.266,18.932,80.94000000000001,2.9,8.065333333333333,0.76,2.9000000000000004,16.300666666666665,0.18133333333333337,10.933333333333334,2.1346666666666665,107.266,80.53333333333333,29.8,36.8,13.933333333333334,37.86666666666667,9.866666666666667,28.0,19.6,14.533333333333333,1.4766666666666668,9.933333333333334,28.0,35.507333333333335,18.4,35.93333333333333,51.348,13.933333333333334,18.266666666666666,77.71599999999998,1.0,6.533333333333333,0.4746666666666666,2.7333333333333334,20.6,0.13799999999999998,14.533333333333333,2.3333333333333335,92.8
