placar_casa,placar_visitante,data,round,stage,ano,equipe_casa,equipe_visitante,resultado,Pts_casa,3P_casa,2P_casa,LL_casa,RT_casa,RO_casa,RD_casa,AS_casa,ER_casa,IA%_casa,3PC_casa,3PT_casa,3P%_casa,2PC_casa,2PT_casa,2P%_casa,LLC_casa,LLT_casa,LL%_casa,EN_casa,BR_casa,B/E_casa,TO_casa,FC_casa,T/FC_casa,ET_casa,VI_casa,EF_casa,Pts_visitante,3P_visitante,2P_visitante,LL_visitante,RT_visitante,RO_visitante,RD_visitante,AS_visitante,ER_visitante,IA%_visitante,3PC_visitante,3PT_visitante,3P%_visitante,2PC_visitante,2PT_visitante,2P%_visitante,LLC_visitante,LLT_visitante,LL%_visitante,EN_visitante,BR_visitante,B/E_visitante,TO_visitante,FC_visitante,T/FC_visitante,ET_visitante,VI_visitante,EF_visitante
53,100,2023-04-08,9,2,2022-2023,Rio Claro,Flamengo,0,79.06666666666666,24.4,41.266666666666666,13.4,33.5,9.3,24.2,17.7,13.033333333333333,1.3733333333333335,8.133333333333333,24.8,33.06733333333333,20.633333333333333,39.93333333333333,51.92400000000001,13.4,18.1,73.05133333333333,1.0,6.266666666666667,0.49199999999999994,0.8666666666666667,22.633333333333333,0.04266666666666667,13.033333333333333,2.7,83.7,86.26733333333333,35.0,39.93333333333333,11.334,41.865333333333325,11.933333333333334,29.934000000000005,20.933333333333334,12.334,1.8433333333333333,11.666666666666666,32.0,36.422,19.966666666666665,34.00000000000001,58.38466666666667,11.334,15.500666666666666,73.17933333333333,1.2333333333333334,6.401333333333334,0.5560000000000002,2.232666666666667,16.498666666666665,0.13866666666666666,12.334,2.2666666666666666,106.83266666666668
