placar_casa,placar_visitante,data,round,stage,ano,equipe_casa,equipe_visitante,resultado,Pts_casa,3P_casa,2P_casa,LL_casa,RT_casa,RO_casa,RD_casa,AS_casa,ER_casa,IA%_casa,3PC_casa,3PT_casa,3P%_casa,2PC_casa,2PT_casa,2P%_casa,LLC_casa,LLT_casa,LL%_casa,EN_casa,BR_casa,B/E_casa,TO_casa,FC_casa,T/FC_casa,ET_casa,VI_casa,EF_casa,Pts_visitante,3P_visitante,2P_visitante,LL_visitante,RT_visitante,RO_visitante,RD_visitante,AS_visitante,ER_visitante,IA%_visitante,3PC_visitante,3PT_visitante,3P%_visitante,2PC_visitante,2PT_visitante,2P%_visitante,LLC_visitante,LLT_visitante,LL%_visitante,EN_visitante,BR_visitante,B/E_visitante,TO_visitante,FC_visitante,T/FC_visitante,ET_visitante,VI_visitante,EF_visitante
92,46,2021-03-10,6,2,2020-2021,São Paulo,BRB/Brasília,1,85.40066666666667,32.0,38.266,15.132666666666669,37.867333333333335,9.399333333333335,28.465999999999998,17.467333333333336,12.266,1.4400000000000002,10.667333333333334,28.133333333333333,38.358666666666664,19.134000000000004,34.73266666666667,55.06533333333334,15.132666666666669,18.666666666666668,81.34400000000001,2.1340000000000003,6.3340000000000005,0.5086666666666667,2.7333333333333334,15.733999999999998,0.18133333333333332,12.266,1.8659999999999997,100.934,79.70133333333334,29.4,36.265333333333324,14.032000000000004,37.199333333333335,10.267333333333333,26.934000000000005,16.933999999999997,15.1,1.1493333333333333,9.799333333333335,29.49933333333333,33.03666666666666,18.134666666666668,36.00133333333334,50.35,14.032000000000004,19.5,71.88666666666667,0.4673333333333333,6.399333333333333,0.4320000000000001,1.165333333333333,18.467333333333332,0.06400000000000002,15.1,2.1999999999999997,83.26666666666668
