placar_casa,placar_visitante,data,round,stage,ano,equipe_casa,equipe_visitante,resultado,Pts_casa,3P_casa,2P_casa,LL_casa,RT_casa,RO_casa,RD_casa,AS_casa,ER_casa,IA%_casa,3PC_casa,3PT_casa,3P%_casa,2PC_casa,2PT_casa,2P%_casa,LLC_casa,LLT_casa,LL%_casa,EN_casa,BR_casa,B/E_casa,TO_casa,FC_casa,T/FC_casa,ET_casa,VI_casa,EF_casa,Pts_visitante,3P_visitante,2P_visitante,LL_visitante,RT_visitante,RO_visitante,RD_visitante,AS_visitante,ER_visitante,IA%_visitante,3PC_visitante,3PT_visitante,3P%_visitante,2PC_visitante,2PT_visitante,2P%_visitante,LLC_visitante,LLT_visitante,LL%_visitante,EN_visitante,BR_visitante,B/E_visitante,TO_visitante,FC_visitante,T/FC_visitante,ET_visitante,VI_visitante,EF_visitante
85,93,2015-04-24,2,4,2014-2015,Limeira,Brasília,0,82.0,26.8,39.86666666666667,15.333333333333334,31.466666666666665,8.866666666666667,22.6,18.0,11.333333333333334,1.7386666666666668,8.933333333333334,22.133333333333333,40.523999999999994,19.933333333333334,37.333333333333336,53.28733333333332,15.333333333333334,19.533333333333335,77.59333333333333,2.066666666666667,9.666666666666666,0.896,2.6666666666666665,19.533333333333335,0.14333333333333334,11.333333333333334,2.4,97.66666666666667,86.8,28.4,42.13333333333333,16.266666666666666,32.0,7.466666666666667,24.533333333333335,17.2,14.666666666666666,1.306,9.466666666666667,22.733333333333334,40.99066666666668,21.066666666666666,37.06666666666667,57.38,16.266666666666666,20.133333333333333,79.626,2.0,7.666666666666667,0.5973333333333333,3.466666666666667,22.2,0.16,14.666666666666666,2.1333333333333333,99.33333333333333
