placar_casa,placar_visitante,data,round,stage,ano,equipe_casa,equipe_visitante,resultado,Pts_casa,3P_casa,2P_casa,LL_casa,RT_casa,RO_casa,RD_casa,AS_casa,ER_casa,IA%_casa,3PC_casa,3PT_casa,3P%_casa,2PC_casa,2PT_casa,2P%_casa,LLC_casa,LLT_casa,LL%_casa,EN_casa,BR_casa,B/E_casa,TO_casa,FC_casa,T/FC_casa,ET_casa,VI_casa,EF_casa,Pts_visitante,3P_visitante,2P_visitante,LL_visitante,RT_visitante,RO_visitante,RD_visitante,AS_visitante,ER_visitante,IA%_visitante,3PC_visitante,3PT_visitante,3P%_visitante,2PC_visitante,2PT_visitante,2P%_visitante,LLC_visitante,LLT_visitante,LL%_visitante,EN_visitante,BR_visitante,B/E_visitante,TO_visitante,FC_visitante,T/FC_visitante,ET_visitante,VI_visitante,EF_visitante
78,99,2009-03-20,15,1,2008-2009,Paulistano,Limeira,0,74.6923076923077,21.23076923076923,39.69230769230769,13.76923076923077,32.15384615384615,11.615384615384615,20.53846153846154,15.0,16.307692307692307,1.0192307692307692,7.076923076923077,23.307692307692307,30.536923076923078,19.846153846153847,37.0,53.61076923076923,13.76923076923077,20.076923076923077,67.96846153846154,0.9230769230769231,8.384615384615385,0.533076923076923,2.8461538461538463,22.153846153846153,0.13307692307692306,16.307692307692307,0.0,77.07692307692308,84.0,27.692307692307693,37.23076923076923,19.076923076923077,29.615384615384617,7.3076923076923075,22.307692307692307,16.0,16.153846153846153,1.1715384615384616,9.23076923076923,24.846153846153847,37.582307692307694,18.615384615384617,35.84615384615385,52.41307692307692,19.076923076923077,24.692307692307693,77.03153846153845,2.3846153846153846,8.307692307692308,0.5723076923076923,4.923076923076923,21.307692307692307,0.23846153846153847,16.153846153846153,0.0,88.23076923076923
