placar_casa,placar_visitante,data,round,stage,ano,equipe_casa,equipe_visitante,resultado,Pts_casa,3P_casa,2P_casa,LL_casa,RT_casa,RO_casa,RD_casa,AS_casa,ER_casa,IA%_casa,3PC_casa,3PT_casa,3P%_casa,2PC_casa,2PT_casa,2P%_casa,LLC_casa,LLT_casa,LL%_casa,EN_casa,BR_casa,B/E_casa,TO_casa,FC_casa,T/FC_casa,ET_casa,VI_casa,EF_casa,Pts_visitante,3P_visitante,2P_visitante,LL_visitante,RT_visitante,RO_visitante,RD_visitante,AS_visitante,ER_visitante,IA%_visitante,3PC_visitante,3PT_visitante,3P%_visitante,2PC_visitante,2PT_visitante,2P%_visitante,LLC_visitante,LLT_visitante,LL%_visitante,EN_visitante,BR_visitante,B/E_visitante,TO_visitante,FC_visitante,T/FC_visitante,ET_visitante,VI_visitante,EF_visitante
89,72,2019-03-15,10,2,2018-2019,Mogi,Botafogo,1,82.93333333333334,24.533333333333335,44.266666666666666,14.133333333333333,38.956,11.110666666666667,27.843999999999998,19.756000000000004,12.377333333333333,1.6673333333333331,8.177333333333333,23.689333333333334,34.85333333333333,22.133333333333333,41.4,53.89,14.133333333333333,19.756000000000004,71.94333333333333,1.3106666666666666,6.510666666666666,0.5433333333333333,3.3560000000000003,19.17733333333333,0.1753333333333333,12.377333333333333,1.5106666666666666,98.55600000000001,75.33333333333333,24.4,39.333333333333336,11.6,34.2,11.8,22.4,16.733333333333334,13.066666666666666,1.3539999999999996,8.133333333333333,24.2,34.367333333333335,19.666666666666668,38.4,51.16133333333334,11.6,16.733333333333334,70.28333333333333,1.3333333333333333,6.866666666666666,0.5740000000000001,1.6666666666666667,22.6,0.074,13.066666666666666,2.6,81.66666666666667
