placar_casa,placar_visitante,data,round,stage,ano,equipe_casa,equipe_visitante,resultado,Pts_casa,3P_casa,2P_casa,LL_casa,RT_casa,RO_casa,RD_casa,AS_casa,ER_casa,IA%_casa,3PC_casa,3PT_casa,3P%_casa,2PC_casa,2PT_casa,2P%_casa,LLC_casa,LLT_casa,LL%_casa,EN_casa,BR_casa,B/E_casa,TO_casa,FC_casa,T/FC_casa,ET_casa,VI_casa,EF_casa,Pts_visitante,3P_visitante,2P_visitante,LL_visitante,RT_visitante,RO_visitante,RD_visitante,AS_visitante,ER_visitante,IA%_visitante,3PC_visitante,3PT_visitante,3P%_visitante,2PC_visitante,2PT_visitante,2P%_visitante,LLC_visitante,LLT_visitante,LL%_visitante,EN_visitante,BR_visitante,B/E_visitante,TO_visitante,FC_visitante,T/FC_visitante,ET_visitante,VI_visitante,EF_visitante
114,113,2010-03-07,6,2,2009-2010,Minas,Bauru Basket,1,89.8,26.4,48.0,15.4,34.733333333333334,10.866666666666667,23.866666666666667,19.6,15.2,1.3373333333333335,8.8,22.133333333333333,39.74466666666667,24.0,43.8,54.696,15.4,19.666666666666668,75.962,0.8,7.333333333333333,0.5033333333333333,2.3333333333333335,20.6,0.11800000000000001,15.2,2.3333333333333335,101.2,80.42857142857143,27.428571428571427,39.714285714285715,13.285714285714286,29.714285714285715,9.357142857142858,20.357142857142858,13.214285714285714,10.071428571428571,1.5021428571428572,9.142857142857142,21.857142857142858,42.600714285714275,19.857142857142858,38.57142857142857,52.09428571428571,13.285714285714286,19.857142857142858,67.07499999999999,1.5,6.571428571428571,0.735,1.9285714285714286,15.571428571428571,0.13999999999999999,10.071428571428571,2.142857142857143,83.78571428571429
