placar_casa,placar_visitante,data,round,stage,ano,equipe_casa,equipe_visitante,resultado,Pts_casa,3P_casa,2P_casa,LL_casa,RT_casa,RO_casa,RD_casa,AS_casa,ER_casa,IA%_casa,3PC_casa,3PT_casa,3P%_casa,2PC_casa,2PT_casa,2P%_casa,LLC_casa,LLT_casa,LL%_casa,EN_casa,BR_casa,B/E_casa,TO_casa,FC_casa,T/FC_casa,ET_casa,VI_casa,EF_casa,Pts_visitante,3P_visitante,2P_visitante,LL_visitante,RT_visitante,RO_visitante,RD_visitante,AS_visitante,ER_visitante,IA%_visitante,3PC_visitante,3PT_visitante,3P%_visitante,2PC_visitante,2PT_visitante,2P%_visitante,LLC_visitante,LLT_visitante,LL%_visitante,EN_visitante,BR_visitante,B/E_visitante,TO_visitante,FC_visitante,T/FC_visitante,ET_visitante,VI_visitante,EF_visitante
79,78,2021-02-10,3,2,2020-2021,Caxias do Sul Basquete,Corinthians,1,76.44466666666668,24.4,37.68933333333334,14.356666666666664,34.2,9.600666666666665,24.59933333333333,14.890000000000004,14.222666666666665,1.0486666666666669,8.133999999999999,24.39933333333333,33.440000000000005,18.843999999999998,36.13466666666667,52.11399999999999,14.356666666666664,20.31066666666667,70.89333333333335,1.288666666666667,5.5793333333333335,0.38999999999999996,0.9333333333333333,22.48733333333333,0.04533333333333333,14.222666666666665,3.044,78.31066666666668,80.66600000000001,30.1,36.134,14.434,38.166000000000004,10.132666666666667,28.033333333333335,16.166,13.133333333333333,1.2773333333333337,10.033333333333333,28.665999999999997,34.864,18.066,36.00066666666667,50.505333333333326,14.434,18.466666666666665,78.05933333333334,1.1006666666666665,6.266,0.5046666666666667,2.2,20.334000000000003,0.11066666666666668,13.133333333333333,1.6660000000000001,89.73266666666669
