placar_casa,placar_visitante,data,round,stage,ano,equipe_casa,equipe_visitante,resultado,Pts_casa,3P_casa,2P_casa,LL_casa,RT_casa,RO_casa,RD_casa,AS_casa,ER_casa,IA%_casa,3PC_casa,3PT_casa,3P%_casa,2PC_casa,2PT_casa,2P%_casa,LLC_casa,LLT_casa,LL%_casa,EN_casa,BR_casa,B/E_casa,TO_casa,FC_casa,T/FC_casa,ET_casa,VI_casa,EF_casa,Pts_visitante,3P_visitante,2P_visitante,LL_visitante,RT_visitante,RO_visitante,RD_visitante,AS_visitante,ER_visitante,IA%_visitante,3PC_visitante,3PT_visitante,3P%_visitante,2PC_visitante,2PT_visitante,2P%_visitante,LLC_visitante,LLT_visitante,LL%_visitante,EN_visitante,BR_visitante,B/E_visitante,TO_visitante,FC_visitante,T/FC_visitante,ET_visitante,VI_visitante,EF_visitante
0,20,2015-12-20,13,1,2015-2016,L. Sorocabana,Sesi Franca,0,71.3,14.4,44.6,12.3,36.6,15.5,21.1,11.4,14.4,0.8290000000000001,4.8,19.6,23.706999999999997,22.3,47.2,46.995999999999995,12.3,16.5,73.62199999999999,0.7,12.2,0.8690000000000001,1.5,22.0,0.074,14.4,4.1,74.7,79.72727272727273,23.181818181818183,38.90909090909091,17.636363636363637,32.81818181818182,9.0,23.818181818181817,15.272727272727273,16.363636363636363,1.0345454545454544,7.7272727272727275,22.181818181818183,33.38272727272727,19.454545454545453,36.45454545454545,54.185454545454554,17.636363636363637,24.727272727272727,72.22272727272727,2.8181818181818183,8.181818181818182,0.5390909090909092,3.1818181818181817,22.272727272727273,0.14636363636363636,16.363636363636363,2.6363636363636362,84.27272727272727
