placar_casa,placar_visitante,data,round,stage,ano,equipe_casa,equipe_visitante,resultado,Pts_casa,3P_casa,2P_casa,LL_casa,RT_casa,RO_casa,RD_casa,AS_casa,ER_casa,IA%_casa,3PC_casa,3PT_casa,3P%_casa,2PC_casa,2PT_casa,2P%_casa,LLC_casa,LLT_casa,LL%_casa,EN_casa,BR_casa,B/E_casa,TO_casa,FC_casa,T/FC_casa,ET_casa,VI_casa,EF_casa,Pts_visitante,3P_visitante,2P_visitante,LL_visitante,RT_visitante,RO_visitante,RD_visitante,AS_visitante,ER_visitante,IA%_visitante,3PC_visitante,3PT_visitante,3P%_visitante,2PC_visitante,2PT_visitante,2P%_visitante,LLC_visitante,LLT_visitante,LL%_visitante,EN_visitante,BR_visitante,B/E_visitante,TO_visitante,FC_visitante,T/FC_visitante,ET_visitante,VI_visitante,EF_visitante
77,89,2024-01-05,12,1,2023-2024,Corinthians,Coop/São José Basketball,0,81.26666666666667,27.2,39.86666666666667,14.2,38.13333333333333,10.4,27.733333333333334,17.733333333333334,11.333333333333334,1.6966666666666665,9.066666666666666,27.8,32.38133333333333,19.933333333333334,36.93333333333333,53.96933333333333,14.2,19.533333333333335,72.74466666666667,1.6,4.8,0.442,1.8666666666666667,18.666666666666668,0.10333333333333335,11.333333333333334,1.8666666666666667,91.4,80.73333333333333,25.8,40.93333333333333,14.0,40.2,11.2,29.0,18.4,15.0,1.252,8.6,25.4,33.523999999999994,20.466666666666665,39.0,52.782666666666664,14.0,19.266666666666666,72.71266666666666,1.4,8.066666666666666,0.5493333333333333,2.0,19.466666666666665,0.10666666666666667,15.0,3.2666666666666666,93.8
