placar_casa,placar_visitante,data,round,stage,ano,equipe_casa,equipe_visitante,resultado,Pts_casa,3P_casa,2P_casa,LL_casa,RT_casa,RO_casa,RD_casa,AS_casa,ER_casa,IA%_casa,3PC_casa,3PT_casa,3P%_casa,2PC_casa,2PT_casa,2P%_casa,LLC_casa,LLT_casa,LL%_casa,EN_casa,BR_casa,B/E_casa,TO_casa,FC_casa,T/FC_casa,ET_casa,VI_casa,EF_casa,Pts_visitante,3P_visitante,2P_visitante,LL_visitante,RT_visitante,RO_visitante,RD_visitante,AS_visitante,ER_visitante,IA%_visitante,3PC_visitante,3PT_visitante,3P%_visitante,2PC_visitante,2PT_visitante,2P%_visitante,LLC_visitante,LLT_visitante,LL%_visitante,EN_visitante,BR_visitante,B/E_visitante,TO_visitante,FC_visitante,T/FC_visitante,ET_visitante,VI_visitante,EF_visitante
83,77,2019-04-22,2,4,2018-2019,Sesi Franca,Bauru Basket,1,87.13333333333334,32.2,40.4,14.533333333333333,35.666666666666664,8.4,27.266666666666666,17.933333333333334,12.133333333333333,1.5213333333333334,10.733333333333333,27.933333333333334,38.61000000000001,20.2,34.86666666666667,58.442,14.533333333333333,18.933333333333334,76.91199999999999,1.6666666666666667,8.133333333333333,0.7146666666666666,1.9333333333333333,17.866666666666667,0.10533333333333335,12.133333333333333,2.0,102.26666666666667,78.46666666666667,28.6,37.06666666666667,12.8,32.53333333333333,8.066666666666666,24.466666666666665,17.4,12.666666666666666,1.398,9.533333333333333,28.2,34.306666666666665,18.533333333333335,33.53333333333333,54.958666666666666,12.8,16.6,78.42133333333332,0.8,7.533333333333333,0.594,1.8,20.4,0.08466666666666667,12.666666666666666,1.4666666666666666,87.46666666666667
