placar_casa,placar_visitante,data,round,stage,ano,equipe_casa,equipe_visitante,resultado,Pts_casa,3P_casa,2P_casa,LL_casa,RT_casa,RO_casa,RD_casa,AS_casa,ER_casa,IA%_casa,3PC_casa,3PT_casa,3P%_casa,2PC_casa,2PT_casa,2P%_casa,LLC_casa,LLT_casa,LL%_casa,EN_casa,BR_casa,B/E_casa,TO_casa,FC_casa,T/FC_casa,ET_casa,VI_casa,EF_casa,Pts_visitante,3P_visitante,2P_visitante,LL_visitante,RT_visitante,RO_visitante,RD_visitante,AS_visitante,ER_visitante,IA%_visitante,3PC_visitante,3PT_visitante,3P%_visitante,2PC_visitante,2PT_visitante,2P%_visitante,LLC_visitante,LLT_visitante,LL%_visitante,EN_visitante,BR_visitante,B/E_visitante,TO_visitante,FC_visitante,T/FC_visitante,ET_visitante,VI_visitante,EF_visitante
77,67,2024-12-29,2,2,2024-2025,Brasília Basquete,Bauru Basket,1,85.666,36.0,32.134,17.534,36.466,10.334,26.134000000000004,16.667333333333335,9.932666666666668,1.7799999999999998,12.0,32.534000000000006,36.717333333333336,16.065999999999995,31.733333333333334,50.94533333333333,17.534,21.734,80.27199999999999,1.600666666666667,5.933333333333334,0.6353333333333334,1.8673333333333337,19.333333333333332,0.09733333333333336,9.932666666666668,1.799333333333333,96.26599999999999,78.39933333333333,27.8,37.6,12.999333333333334,36.8,11.799333333333333,25.000666666666667,16.666,14.0,1.2280000000000002,9.266666666666667,27.600666666666665,33.63666666666666,18.8,37.06733333333333,51.378,12.999333333333334,19.733333333333334,66.756,1.8006666666666666,7.200666666666666,0.51,1.5993333333333335,21.932666666666666,0.07133333333333333,14.0,1.8006666666666666,83.334
