placar_casa,placar_visitante,data,round,stage,ano,equipe_casa,equipe_visitante,resultado,Pts_casa,3P_casa,2P_casa,LL_casa,RT_casa,RO_casa,RD_casa,AS_casa,ER_casa,IA%_casa,3PC_casa,3PT_casa,3P%_casa,2PC_casa,2PT_casa,2P%_casa,LLC_casa,LLT_casa,LL%_casa,EN_casa,BR_casa,B/E_casa,TO_casa,FC_casa,T/FC_casa,ET_casa,VI_casa,EF_casa,Pts_visitante,3P_visitante,2P_visitante,LL_visitante,RT_visitante,RO_visitante,RD_visitante,AS_visitante,ER_visitante,IA%_visitante,3PC_visitante,3PT_visitante,3P%_visitante,2PC_visitante,2PT_visitante,2P%_visitante,LLC_visitante,LLT_visitante,LL%_visitante,EN_visitante,BR_visitante,B/E_visitante,TO_visitante,FC_visitante,T/FC_visitante,ET_visitante,VI_visitante,EF_visitante
74,75,2019-11-15,5,1,2019-2020,Flamengo,Mogi,0,85.0,29.357142857142858,40.857142857142854,14.785714285714286,36.857142857142854,9.857142857142858,27.0,19.214285714285715,10.928571428571429,1.8971428571428572,9.785714285714286,27.5,35.15,20.428571428571427,36.142857142857146,56.44428571428572,14.785714285714286,21.0,69.81714285714285,1.2142857142857142,5.857142857142857,0.5157142857142857,1.1428571428571428,17.928571428571427,0.06285714285714286,10.928571428571429,0.7142857142857143,97.5,83.08333333333333,30.5,33.0,19.583333333333332,34.5,7.75,26.75,16.083333333333332,12.5,1.3433333333333335,10.166666666666666,27.416666666666668,37.0,16.5,33.833333333333336,48.975,19.583333333333332,23.583333333333332,82.78500000000001,0.8333333333333334,8.416666666666666,0.6833333333333335,2.6666666666666665,20.083333333333332,0.13833333333333334,12.5,2.3333333333333335,93.66666666666667
