placar_casa,placar_visitante,data,round,stage,ano,equipe_casa,equipe_visitante,resultado,Pts_casa,3P_casa,2P_casa,LL_casa,RT_casa,RO_casa,RD_casa,AS_casa,ER_casa,IA%_casa,3PC_casa,3PT_casa,3P%_casa,2PC_casa,2PT_casa,2P%_casa,LLC_casa,LLT_casa,LL%_casa,EN_casa,BR_casa,B/E_casa,TO_casa,FC_casa,T/FC_casa,ET_casa,VI_casa,EF_casa,Pts_visitante,3P_visitante,2P_visitante,LL_visitante,RT_visitante,RO_visitante,RD_visitante,AS_visitante,ER_visitante,IA%_visitante,3PC_visitante,3PT_visitante,3P%_visitante,2PC_visitante,2PT_visitante,2P%_visitante,LLC_visitante,LLT_visitante,LL%_visitante,EN_visitante,BR_visitante,B/E_visitante,TO_visitante,FC_visitante,T/FC_visitante,ET_visitante,VI_visitante,EF_visitante
75,68,2020-12-12,5,1,2020-2021,Paulistano,Pato Basquete,1,73.85857142857142,25.857142857142858,36.47571428571429,11.52142857142857,40.57285714285714,12.047142857142857,28.52142857142857,16.715714285714288,12.237142857142857,1.412857142857143,8.621428571428572,26.0,33.010000000000005,18.23857142857143,38.715714285714284,47.230000000000004,11.52142857142857,14.237142857142857,80.89142857142858,1.7142857142857142,6.807142857142857,0.58,1.9057142857142857,17.807142857142857,0.11285714285714286,12.237142857142857,2.0,87.04714285714284,71.66666666666667,18.666666666666668,38.888888888888886,14.11111111111111,36.74111111111111,12.26,24.483333333333334,13.294444444444444,12.738888888888887,1.0444444444444445,6.223333333333334,22.22222222222222,27.646666666666672,19.444444444444443,43.778888888888886,43.87444444444444,14.11111111111111,20.444444444444443,68.67444444444445,0.8511111111111112,7.518888888888889,0.6044444444444443,1.8522222222222224,21.593333333333337,0.09444444444444446,12.738888888888887,2.6677777777777774,71.66666666666667
