placar_casa,placar_visitante,data,round,stage,ano,equipe_casa,equipe_visitante,resultado,Pts_casa,3P_casa,2P_casa,LL_casa,RT_casa,RO_casa,RD_casa,AS_casa,ER_casa,IA%_casa,3PC_casa,3PT_casa,3P%_casa,2PC_casa,2PT_casa,2P%_casa,LLC_casa,LLT_casa,LL%_casa,EN_casa,BR_casa,B/E_casa,TO_casa,FC_casa,T/FC_casa,ET_casa,VI_casa,EF_casa,Pts_visitante,3P_visitante,2P_visitante,LL_visitante,RT_visitante,RO_visitante,RD_visitante,AS_visitante,ER_visitante,IA%_visitante,3PC_visitante,3PT_visitante,3P%_visitante,2PC_visitante,2PT_visitante,2P%_visitante,LLC_visitante,LLT_visitante,LL%_visitante,EN_visitante,BR_visitante,B/E_visitante,TO_visitante,FC_visitante,T/FC_visitante,ET_visitante,VI_visitante,EF_visitante
61,60,2013-04-19,2,3,2012-2013,Coop/São José Basketball,Minas,1,80.73333333333333,50.2,40.4,15.733333333333333,30.0,7.066666666666666,22.933333333333334,18.733333333333334,14.133333333333333,1.422666666666667,8.2,22.0,36.98800000000001,20.2,36.8,55.10200000000001,15.733333333333333,20.2,77.52333333333334,0.4666666666666667,5.666666666666667,0.4126666666666666,2.933333333333333,17.733333333333334,0.1766666666666667,14.133333333333333,2.2,93.6,80.26666666666667,44.6,41.46666666666667,18.0,31.733333333333334,9.866666666666667,21.866666666666667,15.333333333333334,14.466666666666667,1.2079999999999997,6.933333333333334,19.666666666666668,35.04333333333334,20.733333333333334,40.53333333333333,50.92399999999999,18.0,22.466666666666665,80.02466666666668,1.0,7.266666666666667,0.5613333333333332,2.7333333333333334,20.4,0.14133333333333334,14.466666666666667,2.8666666666666667,89.86666666666666
