placar_casa,placar_visitante,data,round,stage,ano,equipe_casa,equipe_visitante,resultado,Pts_casa,3P_casa,2P_casa,LL_casa,RT_casa,RO_casa,RD_casa,AS_casa,ER_casa,IA%_casa,3PC_casa,3PT_casa,3P%_casa,2PC_casa,2PT_casa,2P%_casa,LLC_casa,LLT_casa,LL%_casa,EN_casa,BR_casa,B/E_casa,TO_casa,FC_casa,T/FC_casa,ET_casa,VI_casa,EF_casa,Pts_visitante,3P_visitante,2P_visitante,LL_visitante,RT_visitante,RO_visitante,RD_visitante,AS_visitante,ER_visitante,IA%_visitante,3PC_visitante,3PT_visitante,3P%_visitante,2PC_visitante,2PT_visitante,2P%_visitante,LLC_visitante,LLT_visitante,LL%_visitante,EN_visitante,BR_visitante,B/E_visitante,TO_visitante,FC_visitante,T/FC_visitante,ET_visitante,VI_visitante,EF_visitante
77,57,2020-03-04,7,2,2019-2020,Rio Claro,Pato Basquete,1,85.634,25.6,41.668,18.365999999999996,35.23266666666667,8.734,26.498666666666665,19.066,13.067333333333332,1.5533333333333332,8.533333333333333,23.667333333333335,36.04999999999999,20.831999999999997,37.165333333333336,56.41466666666667,18.365999999999996,23.468000000000004,78.38466666666666,1.9666666666666666,4.366666666666666,0.35333333333333333,1.0,23.466666666666665,0.044666666666666674,13.067333333333332,2.7,95.66666666666667,74.46666666666667,21.8,38.666666666666664,14.0,35.2,10.266666666666667,24.933333333333334,18.366666666666667,15.033333333333333,1.3046666666666666,7.266666666666667,21.466666666666665,34.064,19.333333333333332,40.8,47.03333333333333,14.0,19.3,72.15200000000002,1.3,7.466666666666667,0.5173333333333333,1.9,22.4,0.08333333333333334,15.033333333333333,3.1666666666666665,81.4
