placar_casa,placar_visitante,data,round,stage,ano,equipe_casa,equipe_visitante,resultado,Pts_casa,3P_casa,2P_casa,LL_casa,RT_casa,RO_casa,RD_casa,AS_casa,ER_casa,IA%_casa,3PC_casa,3PT_casa,3P%_casa,2PC_casa,2PT_casa,2P%_casa,LLC_casa,LLT_casa,LL%_casa,EN_casa,BR_casa,B/E_casa,TO_casa,FC_casa,T/FC_casa,ET_casa,VI_casa,EF_casa,Pts_visitante,3P_visitante,2P_visitante,LL_visitante,RT_visitante,RO_visitante,RD_visitante,AS_visitante,ER_visitante,IA%_visitante,3PC_visitante,3PT_visitante,3P%_visitante,2PC_visitante,2PT_visitante,2P%_visitante,LLC_visitante,LLT_visitante,LL%_visitante,EN_visitante,BR_visitante,B/E_visitante,TO_visitante,FC_visitante,T/FC_visitante,ET_visitante,VI_visitante,EF_visitante
70,84,2009-04-15,7,2,2008-2009,Lajeado,Minas,0,74.46666666666667,18.4,39.86666666666667,16.2,27.733333333333334,8.466666666666667,19.266666666666666,10.8,13.8,0.7926666666666667,6.133333333333334,19.666666666666668,30.473333333333336,19.933333333333334,39.13333333333333,51.60666666666667,16.2,22.733333333333334,70.84266666666667,0.13333333333333333,7.8,0.6186666666666666,1.2,22.666666666666668,0.05866666666666668,13.8,0.0,68.93333333333334,89.33333333333333,24.0,48.53333333333333,16.8,35.06666666666667,10.266666666666667,24.8,15.933333333333334,15.666666666666666,1.0620000000000003,8.0,20.4,39.23266666666667,24.266666666666666,40.733333333333334,60.01333333333332,16.8,23.066666666666666,73.35999999999999,1.4,7.133333333333334,0.46733333333333327,3.933333333333333,18.333333333333332,0.2213333333333333,15.666666666666666,0.0,100.6
