placar_casa,placar_visitante,data,round,stage,ano,equipe_casa,equipe_visitante,resultado,Pts_casa,3P_casa,2P_casa,LL_casa,RT_casa,RO_casa,RD_casa,AS_casa,ER_casa,IA%_casa,3PC_casa,3PT_casa,3P%_casa,2PC_casa,2PT_casa,2P%_casa,LLC_casa,LLT_casa,LL%_casa,EN_casa,BR_casa,B/E_casa,TO_casa,FC_casa,T/FC_casa,ET_casa,VI_casa,EF_casa,Pts_visitante,3P_visitante,2P_visitante,LL_visitante,RT_visitante,RO_visitante,RD_visitante,AS_visitante,ER_visitante,IA%_visitante,3PC_visitante,3PT_visitante,3P%_visitante,2PC_visitante,2PT_visitante,2P%_visitante,LLC_visitante,LLT_visitante,LL%_visitante,EN_visitante,BR_visitante,B/E_visitante,TO_visitante,FC_visitante,T/FC_visitante,ET_visitante,VI_visitante,EF_visitante
82,74,2014-02-27,10,2,2013-2014,Espírito Santo,Fortaleza B. C. / CFO,1,71.4,20.8,37.86666666666667,12.733333333333333,30.666666666666668,9.4,21.266666666666666,11.0,14.4,0.9086666666666666,6.933333333333334,23.6,28.961333333333336,18.933333333333334,36.06666666666667,52.702666666666666,12.733333333333333,17.066666666666666,74.55133333333333,0.9333333333333333,8.2,0.6693333333333332,1.3333333333333333,21.6,0.06000000000000001,14.4,3.3333333333333335,70.06666666666666,77.4,20.4,42.93333333333333,14.066666666666666,38.46666666666667,10.933333333333334,27.533333333333335,13.533333333333333,13.066666666666666,1.1193333333333333,6.8,18.733333333333334,37.568,21.466666666666665,44.13333333333333,48.89466666666667,14.066666666666666,20.2,69.14066666666668,2.6666666666666665,10.666666666666666,0.872,2.4,20.333333333333332,0.12200000000000001,13.066666666666666,2.6666666666666665,88.66666666666667
