placar_casa,placar_visitante,data,round,stage,ano,equipe_casa,equipe_visitante,resultado,Pts_casa,3P_casa,2P_casa,LL_casa,RT_casa,RO_casa,RD_casa,AS_casa,ER_casa,IA%_casa,3PC_casa,3PT_casa,3P%_casa,2PC_casa,2PT_casa,2P%_casa,LLC_casa,LLT_casa,LL%_casa,EN_casa,BR_casa,B/E_casa,TO_casa,FC_casa,T/FC_casa,ET_casa,VI_casa,EF_casa,Pts_visitante,3P_visitante,2P_visitante,LL_visitante,RT_visitante,RO_visitante,RD_visitante,AS_visitante,ER_visitante,IA%_visitante,3PC_visitante,3PT_visitante,3P%_visitante,2PC_visitante,2PT_visitante,2P%_visitante,LLC_visitante,LLT_visitante,LL%_visitante,EN_visitante,BR_visitante,B/E_visitante,TO_visitante,FC_visitante,T/FC_visitante,ET_visitante,VI_visitante,EF_visitante
83,82,2013-03-16,12,2,2012-2013,Bauru Basket,Limeira,1,84.2,65.6,43.733333333333334,13.266666666666667,31.066666666666666,8.8,22.266666666666666,16.2,11.2,1.5179999999999998,9.066666666666666,23.333333333333332,38.690666666666665,21.866666666666667,40.46666666666667,54.498000000000005,13.266666666666667,17.4,76.31266666666667,2.0,7.6,0.7006666666666668,1.8666666666666667,18.6,0.10066666666666668,11.2,2.3333333333333335,99.2,77.6,55.4,36.93333333333333,12.866666666666667,27.4,7.933333333333334,19.466666666666665,14.533333333333333,10.866666666666667,1.378666666666667,9.266666666666667,22.6,40.734666666666676,18.466666666666665,37.333333333333336,49.629333333333335,12.866666666666667,17.8,71.52,1.6,6.466666666666667,0.6439999999999999,2.066666666666667,21.533333333333335,0.09866666666666668,10.866666666666667,2.6666666666666665,87.86666666666666
