placar_casa,placar_visitante,data,round,stage,ano,equipe_casa,equipe_visitante,resultado,Pts_casa,3P_casa,2P_casa,LL_casa,RT_casa,RO_casa,RD_casa,AS_casa,ER_casa,IA%_casa,3PC_casa,3PT_casa,3P%_casa,2PC_casa,2PT_casa,2P%_casa,LLC_casa,LLT_casa,LL%_casa,EN_casa,BR_casa,B/E_casa,TO_casa,FC_casa,T/FC_casa,ET_casa,VI_casa,EF_casa,Pts_visitante,3P_visitante,2P_visitante,LL_visitante,RT_visitante,RO_visitante,RD_visitante,AS_visitante,ER_visitante,IA%_visitante,3PC_visitante,3PT_visitante,3P%_visitante,2PC_visitante,2PT_visitante,2P%_visitante,LLC_visitante,LLT_visitante,LL%_visitante,EN_visitante,BR_visitante,B/E_visitante,TO_visitante,FC_visitante,T/FC_visitante,ET_visitante,VI_visitante,EF_visitante
77,82,2025-03-03,10,2,2024-2025,União Corinthians,Flamengo,0,78.66666666666667,20.8,43.733333333333334,14.133333333333333,39.2,14.066666666666666,25.133333333333333,17.6,13.6,1.398,6.933333333333334,24.666666666666668,28.137999999999998,21.866666666666667,42.06666666666667,52.308,14.133333333333333,20.333333333333332,70.02533333333334,1.4,6.6,0.4926666666666667,1.8666666666666667,23.2,0.08800000000000001,13.6,3.3333333333333335,86.2,88.19933333333333,29.6,42.4,16.199333333333335,40.00066666666667,11.266666666666667,28.733999999999998,19.733333333333334,11.932666666666668,1.7339999999999995,9.866000000000001,28.200666666666667,35.242,21.2,36.73266666666667,58.05200000000001,16.199333333333335,20.932666666666666,77.52466666666666,2.666,8.066666666666666,0.6886666666666668,2.2666666666666666,18.934,0.12133333333333335,11.932666666666668,1.7993333333333335,107.73333333333333
