placar_casa,placar_visitante,data,round,stage,ano,equipe_casa,equipe_visitante,resultado,Pts_casa,3P_casa,2P_casa,LL_casa,RT_casa,RO_casa,RD_casa,AS_casa,ER_casa,IA%_casa,3PC_casa,3PT_casa,3P%_casa,2PC_casa,2PT_casa,2P%_casa,LLC_casa,LLT_casa,LL%_casa,EN_casa,BR_casa,B/E_casa,TO_casa,FC_casa,T/FC_casa,ET_casa,VI_casa,EF_casa,Pts_visitante,3P_visitante,2P_visitante,LL_visitante,RT_visitante,RO_visitante,RD_visitante,AS_visitante,ER_visitante,IA%_visitante,3PC_visitante,3PT_visitante,3P%_visitante,2PC_visitante,2PT_visitante,2P%_visitante,LLC_visitante,LLT_visitante,LL%_visitante,EN_visitante,BR_visitante,B/E_visitante,TO_visitante,FC_visitante,T/FC_visitante,ET_visitante,VI_visitante,EF_visitante
85,83,2013-03-16,12,2,2012-2013,Fortaleza B. C. / CFO,Palmeiras,1,80.46666666666667,62.6,41.733333333333334,17.533333333333335,31.666666666666668,9.4,22.266666666666666,12.333333333333334,11.4,1.4826666666666666,7.066666666666666,21.2,33.769999999999996,20.866666666666667,41.2,51.356,17.533333333333335,22.533333333333335,77.704,0.9333333333333333,5.733333333333333,0.7193333333333334,2.933333333333333,20.533333333333335,0.15200000000000002,11.4,3.1333333333333333,90.4,80.0,59.8,39.86666666666667,17.733333333333334,32.6,10.866666666666667,21.733333333333334,13.066666666666666,14.333333333333334,1.098666666666667,7.466666666666667,22.933333333333334,32.668,19.933333333333334,41.53333333333333,47.94066666666666,17.733333333333334,25.666666666666668,68.89133333333334,2.1333333333333333,8.0,0.6266666666666667,1.6666666666666667,22.333333333333332,0.07600000000000001,14.333333333333334,3.2,87.13333333333334
