placar_casa,placar_visitante,data,round,stage,ano,equipe_casa,equipe_visitante,resultado,Pts_casa,3P_casa,2P_casa,LL_casa,RT_casa,RO_casa,RD_casa,AS_casa,ER_casa,IA%_casa,3PC_casa,3PT_casa,3P%_casa,2PC_casa,2PT_casa,2P%_casa,LLC_casa,LLT_casa,LL%_casa,EN_casa,BR_casa,B/E_casa,TO_casa,FC_casa,T/FC_casa,ET_casa,VI_casa,EF_casa,Pts_visitante,3P_visitante,2P_visitante,LL_visitante,RT_visitante,RO_visitante,RD_visitante,AS_visitante,ER_visitante,IA%_visitante,3PC_visitante,3PT_visitante,3P%_visitante,2PC_visitante,2PT_visitante,2P%_visitante,LLC_visitante,LLT_visitante,LL%_visitante,EN_visitante,BR_visitante,B/E_visitante,TO_visitante,FC_visitante,T/FC_visitante,ET_visitante,VI_visitante,EF_visitante
84,75,2021-11-05,3,1,2021-2022,Sesi Franca,Caxias do Sul Basquete,1,91.83333333333333,29.0,45.666666666666664,17.166666666666668,43.833333333333336,10.0,33.833333333333336,21.333333333333332,11.833333333333334,1.8066666666666666,9.666666666666666,26.666666666666668,36.22,22.833333333333332,38.833333333333336,58.806666666666665,17.166666666666668,22.333333333333332,77.91333333333334,3.1666666666666665,6.5,0.5533333333333333,3.1666666666666665,17.0,0.19000000000000003,11.833333333333334,1.5,116.66666666666667,72.66666666666667,24.5,40.0,8.166666666666666,29.833333333333332,7.0,22.833333333333332,15.166666666666666,13.166666666666666,1.1466666666666665,8.166666666666666,22.5,35.99333333333333,20.0,36.0,55.14333333333334,8.166666666666666,13.666666666666666,60.846666666666664,0.5,6.833333333333333,0.5366666666666666,1.6666666666666667,23.0,0.07,13.166666666666666,2.1666666666666665,77.16666666666667
