placar_casa,placar_visitante,data,round,stage,ano,equipe_casa,equipe_visitante,resultado,Pts_casa,3P_casa,2P_casa,LL_casa,RT_casa,RO_casa,RD_casa,AS_casa,ER_casa,IA%_casa,3PC_casa,3PT_casa,3P%_casa,2PC_casa,2PT_casa,2P%_casa,LLC_casa,LLT_casa,LL%_casa,EN_casa,BR_casa,B/E_casa,TO_casa,FC_casa,T/FC_casa,ET_casa,VI_casa,EF_casa,Pts_visitante,3P_visitante,2P_visitante,LL_visitante,RT_visitante,RO_visitante,RD_visitante,AS_visitante,ER_visitante,IA%_visitante,3PC_visitante,3PT_visitante,3P%_visitante,2PC_visitante,2PT_visitante,2P%_visitante,LLC_visitante,LLT_visitante,LL%_visitante,EN_visitante,BR_visitante,B/E_visitante,TO_visitante,FC_visitante,T/FC_visitante,ET_visitante,VI_visitante,EF_visitante
73,95,2024-03-01,6,2,2023-2024,BRB/Brasília,Cerrado,0,70.0,24.6,34.79933333333334,10.600666666666665,31.334,9.066,22.266000000000002,12.267333333333333,13.066666666666666,1.0286666666666666,8.2,26.334,31.15800000000001,17.400666666666666,38.333333333333336,45.671333333333344,10.600666666666665,15.734,66.41333333333331,1.0666666666666667,7.199333333333334,0.5706666666666667,1.5333333333333334,19.0,0.07933333333333333,13.066666666666666,2.134,65.06733333333334,75.66666666666667,26.7,37.06666666666667,11.9,34.96666666666667,10.166666666666666,24.8,15.033333333333333,13.433333333333334,1.1413333333333333,8.9,23.633333333333333,38.03866666666668,18.533333333333335,38.03333333333333,49.051333333333325,11.9,16.966666666666665,67.98666666666666,0.9333333333333333,7.566666666666666,0.5700000000000001,1.4333333333333333,16.966666666666665,0.08733333333333335,13.433333333333334,2.933333333333333,81.93333333333334
