placar_casa,placar_visitante,data,round,stage,ano,equipe_casa,equipe_visitante,resultado,Pts_casa,3P_casa,2P_casa,LL_casa,RT_casa,RO_casa,RD_casa,AS_casa,ER_casa,IA%_casa,3PC_casa,3PT_casa,3P%_casa,2PC_casa,2PT_casa,2P%_casa,LLC_casa,LLT_casa,LL%_casa,EN_casa,BR_casa,B/E_casa,TO_casa,FC_casa,T/FC_casa,ET_casa,VI_casa,EF_casa,Pts_visitante,3P_visitante,2P_visitante,LL_visitante,RT_visitante,RO_visitante,RD_visitante,AS_visitante,ER_visitante,IA%_visitante,3PC_visitante,3PT_visitante,3P%_visitante,2PC_visitante,2PT_visitante,2P%_visitante,LLC_visitante,LLT_visitante,LL%_visitante,EN_visitante,BR_visitante,B/E_visitante,TO_visitante,FC_visitante,T/FC_visitante,ET_visitante,VI_visitante,EF_visitante
66,68,2023-03-02,5,2,2022-2023,Corinthians,UNIFACISA,0,83.76666666666667,29.5,40.8,13.466666666666667,39.766,9.633333333333333,30.132666666666662,17.132666666666662,15.633999999999997,1.1686666666666667,9.834,27.5,35.67133333333334,20.4,36.199333333333335,56.93866666666668,13.466666666666667,17.899333333333335,74.63533333333334,4.733333333333333,5.066666666666666,0.33399999999999996,2.6,17.966666666666665,0.14933333333333335,15.633999999999997,3.467333333333334,94.8,80.46666666666667,31.2,36.0,13.266666666666667,39.333333333333336,11.0,28.333333333333332,15.133333333333333,12.933333333333334,1.224666666666667,10.4,30.933333333333334,33.64200000000001,18.0,35.666666666666664,50.14000000000001,13.266666666666667,17.266666666666666,77.622,0.8666666666666667,6.266666666666667,0.5,1.6,19.933333333333334,0.08133333333333334,12.933333333333334,2.6,87.66666666666667
