placar_casa,placar_visitante,data,round,stage,ano,equipe_casa,equipe_visitante,resultado,Pts_casa,3P_casa,2P_casa,LL_casa,RT_casa,RO_casa,RD_casa,AS_casa,ER_casa,IA%_casa,3PC_casa,3PT_casa,3P%_casa,2PC_casa,2PT_casa,2P%_casa,LLC_casa,LLT_casa,LL%_casa,EN_casa,BR_casa,B/E_casa,TO_casa,FC_casa,T/FC_casa,ET_casa,VI_casa,EF_casa,Pts_visitante,3P_visitante,2P_visitante,LL_visitante,RT_visitante,RO_visitante,RD_visitante,AS_visitante,ER_visitante,IA%_visitante,3PC_visitante,3PT_visitante,3P%_visitante,2PC_visitante,2PT_visitante,2P%_visitante,LLC_visitante,LLT_visitante,LL%_visitante,EN_visitante,BR_visitante,B/E_visitante,TO_visitante,FC_visitante,T/FC_visitante,ET_visitante,VI_visitante,EF_visitante
109,94,2009-05-30,3,5,2008-2009,Flamengo,Joinville,1,90.46666666666667,27.2,42.8,20.466666666666665,34.4,7.333333333333333,27.066666666666666,17.533333333333335,13.8,1.372,9.066666666666666,25.0,36.12266666666667,21.4,35.06666666666667,61.628000000000014,20.466666666666665,26.466666666666665,78.59933333333332,2.2666666666666666,8.733333333333333,0.6626666666666668,1.9333333333333333,19.066666666666666,0.10066666666666665,13.8,0.0,103.66666666666667,84.4,32.8,37.333333333333336,14.266666666666667,33.06666666666667,9.133333333333333,23.933333333333334,16.866666666666667,14.133333333333333,1.29,10.933333333333334,27.066666666666666,40.59799999999999,18.666666666666668,36.733333333333334,50.758,14.266666666666667,18.866666666666667,73.34733333333334,1.5333333333333334,8.333333333333334,0.6013333333333333,2.8666666666666667,19.8,0.15200000000000002,14.133333333333333,0.0,92.6
