placar_casa,placar_visitante,data,round,stage,ano,equipe_casa,equipe_visitante,resultado,Pts_casa,3P_casa,2P_casa,LL_casa,RT_casa,RO_casa,RD_casa,AS_casa,ER_casa,IA%_casa,3PC_casa,3PT_casa,3P%_casa,2PC_casa,2PT_casa,2P%_casa,LLC_casa,LLT_casa,LL%_casa,EN_casa,BR_casa,B/E_casa,TO_casa,FC_casa,T/FC_casa,ET_casa,VI_casa,EF_casa,Pts_visitante,3P_visitante,2P_visitante,LL_visitante,RT_visitante,RO_visitante,RD_visitante,AS_visitante,ER_visitante,IA%_visitante,3PC_visitante,3PT_visitante,3P%_visitante,2PC_visitante,2PT_visitante,2P%_visitante,LLC_visitante,LLT_visitante,LL%_visitante,EN_visitante,BR_visitante,B/E_visitante,TO_visitante,FC_visitante,T/FC_visitante,ET_visitante,VI_visitante,EF_visitante
98,95,2010-01-24,12,1,2009-2010,Pinheiros,Sesi Franca,1,86.57142857142857,31.285714285714285,37.142857142857146,18.142857142857142,30.428571428571427,7.714285714285714,22.714285714285715,12.714285714285714,14.571428571428571,0.9242857142857143,10.428571428571429,24.857142857142858,43.215714285714284,18.571428571428573,34.42857142857143,53.25285714285714,18.142857142857142,23.857142857142858,76.84142857142857,2.5714285714285716,7.142857142857143,0.49714285714285705,2.0,17.714285714285715,0.1542857142857143,14.571428571428571,2.5714285714285716,88.28571428571429,82.83333333333333,34.0,34.333333333333336,14.5,25.666666666666668,6.333333333333333,19.333333333333332,12.666666666666666,10.833333333333334,1.8766666666666667,11.333333333333334,26.166666666666668,41.29833333333334,17.166666666666668,34.0,51.62,14.5,20.0,71.77166666666666,0.0,5.5,0.5850000000000001,1.6666666666666667,19.166666666666668,0.09333333333333334,10.833333333333334,1.3333333333333333,80.33333333333333
