placar_casa,placar_visitante,data,round,stage,ano,equipe_casa,equipe_visitante,resultado,Pts_casa,3P_casa,2P_casa,LL_casa,RT_casa,RO_casa,RD_casa,AS_casa,ER_casa,IA%_casa,3PC_casa,3PT_casa,3P%_casa,2PC_casa,2PT_casa,2P%_casa,LLC_casa,LLT_casa,LL%_casa,EN_casa,BR_casa,B/E_casa,TO_casa,FC_casa,T/FC_casa,ET_casa,VI_casa,EF_casa,Pts_visitante,3P_visitante,2P_visitante,LL_visitante,RT_visitante,RO_visitante,RD_visitante,AS_visitante,ER_visitante,IA%_visitante,3PC_visitante,3PT_visitante,3P%_visitante,2PC_visitante,2PT_visitante,2P%_visitante,LLC_visitante,LLT_visitante,LL%_visitante,EN_visitante,BR_visitante,B/E_visitante,TO_visitante,FC_visitante,T/FC_visitante,ET_visitante,VI_visitante,EF_visitante
80,67,2021-12-28,10,1,2021-2022,Caxias do Sul Basquete,Pato Basquete,1,75.75,26.0,39.166666666666664,10.583333333333334,33.916666666666664,8.333333333333334,25.583333333333332,17.666666666666668,12.333333333333334,1.458333333333333,8.666666666666666,24.666666666666668,35.615,19.583333333333332,37.083333333333336,52.64916666666667,10.583333333333334,15.0,70.40583333333333,1.1666666666666667,8.5,0.7283333333333334,2.5,21.416666666666668,0.12083333333333335,12.333333333333334,2.5,88.08333333333333,71.16666666666667,27.5,33.5,10.166666666666666,37.166666666666664,9.583333333333334,27.583333333333332,13.333333333333334,13.75,1.015,9.166666666666666,27.333333333333332,33.416666666666664,16.75,36.166666666666664,46.916666666666664,10.166666666666666,17.666666666666668,57.866666666666674,1.5,7.583333333333333,0.5883333333333334,1.4166666666666667,20.166666666666668,0.07166666666666666,13.75,2.1666666666666665,71.83333333333333
