placar_casa,placar_visitante,data,round,stage,ano,equipe_casa,equipe_visitante,resultado,Pts_casa,3P_casa,2P_casa,LL_casa,RT_casa,RO_casa,RD_casa,AS_casa,ER_casa,IA%_casa,3PC_casa,3PT_casa,3P%_casa,2PC_casa,2PT_casa,2P%_casa,LLC_casa,LLT_casa,LL%_casa,EN_casa,BR_casa,B/E_casa,TO_casa,FC_casa,T/FC_casa,ET_casa,VI_casa,EF_casa,Pts_visitante,3P_visitante,2P_visitante,LL_visitante,RT_visitante,RO_visitante,RD_visitante,AS_visitante,ER_visitante,IA%_visitante,3PC_visitante,3PT_visitante,3P%_visitante,2PC_visitante,2PT_visitante,2P%_visitante,LLC_visitante,LLT_visitante,LL%_visitante,EN_visitante,BR_visitante,B/E_visitante,TO_visitante,FC_visitante,T/FC_visitante,ET_visitante,VI_visitante,EF_visitante
51,63,2023-11-28,7,1,2023-2024,União Corinthians,Paulistano,0,73.22222222222223,26.0,32.0,15.222222222222221,34.888888888888886,8.0,26.88888888888889,13.555555555555555,14.555555555555555,0.9499999999999998,8.666666666666666,24.555555555555557,35.67444444444444,16.0,35.111111111111114,45.5611111111111,15.222222222222221,19.22222222222222,76.92333333333335,0.4444444444444444,5.444444444444445,0.36777777777777776,1.7777777777777777,21.77777777777778,0.0811111111111111,14.555555555555555,2.0,75.33333333333333,71.11111111111111,19.666666666666668,39.55555555555556,11.88888888888889,40.77777777777778,14.11111111111111,26.666666666666668,15.0,14.555555555555555,1.108888888888889,6.555555555555555,22.0,29.164444444444445,19.77777777777778,41.77777777777778,47.31777777777778,11.88888888888889,17.333333333333332,69.16333333333334,1.1111111111111112,8.444444444444445,0.6133333333333333,2.4444444444444446,19.444444444444443,0.12333333333333335,14.555555555555555,2.5555555555555554,80.33333333333333
