placar_casa,placar_visitante,data,round,stage,ano,equipe_casa,equipe_visitante,resultado,Pts_casa,3P_casa,2P_casa,LL_casa,RT_casa,RO_casa,RD_casa,AS_casa,ER_casa,IA%_casa,3PC_casa,3PT_casa,3P%_casa,2PC_casa,2PT_casa,2P%_casa,LLC_casa,LLT_casa,LL%_casa,EN_casa,BR_casa,B/E_casa,TO_casa,FC_casa,T/FC_casa,ET_casa,VI_casa,EF_casa,Pts_visitante,3P_visitante,2P_visitante,LL_visitante,RT_visitante,RO_visitante,RD_visitante,AS_visitante,ER_visitante,IA%_visitante,3PC_visitante,3PT_visitante,3P%_visitante,2PC_visitante,2PT_visitante,2P%_visitante,LLC_visitante,LLT_visitante,LL%_visitante,EN_visitante,BR_visitante,B/E_visitante,TO_visitante,FC_visitante,T/FC_visitante,ET_visitante,VI_visitante,EF_visitante
88,99,2024-04-10,12,2,2023-2024,Caxias do Sul Basquete,Minas,0,72.13333333333334,18.2,38.0,15.933333333333334,33.53333333333333,11.2,22.333333333333332,17.6,13.4,1.384666666666667,6.066666666666666,24.2,25.258666666666667,19.0,38.0,50.31666666666667,15.933333333333334,20.666666666666668,77.08866666666667,1.1333333333333333,7.533333333333333,0.5873333333333333,1.6666666666666667,20.733333333333334,0.08066666666666669,13.4,2.2,77.2,86.93333333333335,34.0,38.665333333333336,14.266000000000002,38.466,10.466666666666667,28.001333333333335,18.933333333333337,12.46733333333333,1.587333333333333,11.334,29.934,37.90133333333333,19.33466666666667,32.065999999999995,60.32866666666666,14.266000000000002,20.201333333333334,70.16866666666667,1.799333333333333,6.867333333333333,0.5640000000000001,1.6013333333333335,18.267999999999997,0.08800000000000002,12.46733333333333,2.6659999999999995,103.06733333333335
