placar_casa,placar_visitante,data,round,stage,ano,equipe_casa,equipe_visitante,resultado,Pts_casa,3P_casa,2P_casa,LL_casa,RT_casa,RO_casa,RD_casa,AS_casa,ER_casa,IA%_casa,3PC_casa,3PT_casa,3P%_casa,2PC_casa,2PT_casa,2P%_casa,LLC_casa,LLT_casa,LL%_casa,EN_casa,BR_casa,B/E_casa,TO_casa,FC_casa,T/FC_casa,ET_casa,VI_casa,EF_casa,Pts_visitante,3P_visitante,2P_visitante,LL_visitante,RT_visitante,RO_visitante,RD_visitante,AS_visitante,ER_visitante,IA%_visitante,3PC_visitante,3PT_visitante,3P%_visitante,2PC_visitante,2PT_visitante,2P%_visitante,LLC_visitante,LLT_visitante,LL%_visitante,EN_visitante,BR_visitante,B/E_visitante,TO_visitante,FC_visitante,T/FC_visitante,ET_visitante,VI_visitante,EF_visitante
59,74,2025-05-23,1,5,2024-2025,Bauru Basket,Minas,0,80.4,26.4,40.06733333333333,13.932666666666668,37.134,10.334,26.8,18.834,14.332666666666666,1.3866666666666667,8.799333333333333,27.300666666666668,32.24733333333334,20.032666666666668,35.86666666666667,56.35933333333333,13.932666666666668,18.267333333333333,76.63066666666667,1.7666666666666666,8.433333333333334,0.6213333333333332,2.3673333333333333,21.199333333333335,0.11200000000000003,14.332666666666666,2.067333333333333,94.166,82.4,28.6,39.73266666666667,14.067333333333332,42.79933333333334,12.400666666666666,30.40066666666667,17.666,14.332666666666666,1.3286666666666667,9.533333333333333,26.99933333333333,35.092,19.86733333333333,38.0,52.062,14.067333333333332,19.4,74.04333333333334,2.0660000000000003,7.200666666666667,0.5046666666666667,2.4673333333333334,17.999333333333333,0.14400000000000002,14.332666666666666,3.4659999999999997,97.26733333333331
