placar_casa,placar_visitante,data,round,stage,ano,equipe_casa,equipe_visitante,resultado,Pts_casa,3P_casa,2P_casa,LL_casa,RT_casa,RO_casa,RD_casa,AS_casa,ER_casa,IA%_casa,3PC_casa,3PT_casa,3P%_casa,2PC_casa,2PT_casa,2P%_casa,LLC_casa,LLT_casa,LL%_casa,EN_casa,BR_casa,B/E_casa,TO_casa,FC_casa,T/FC_casa,ET_casa,VI_casa,EF_casa,Pts_visitante,3P_visitante,2P_visitante,LL_visitante,RT_visitante,RO_visitante,RD_visitante,AS_visitante,ER_visitante,IA%_visitante,3PC_visitante,3PT_visitante,3P%_visitante,2PC_visitante,2PT_visitante,2P%_visitante,LLC_visitante,LLT_visitante,LL%_visitante,EN_visitante,BR_visitante,B/E_visitante,TO_visitante,FC_visitante,T/FC_visitante,ET_visitante,VI_visitante,EF_visitante
77,74,2023-12-21,10,1,2023-2024,Flamengo,Fortaleza B. C. / CFO,1,83.0,28.0,39.5,15.5,38.75,12.666666666666666,26.083333333333332,19.5,12.166666666666666,1.701666666666667,9.333333333333334,30.583333333333332,30.703333333333333,19.75,34.0,58.18666666666667,15.5,20.083333333333332,77.255,2.25,8.0,0.67,1.8333333333333333,17.25,0.10666666666666667,12.166666666666666,2.6666666666666665,98.83333333333333,77.41,24.153846153846153,40.871538461538464,12.384615384615385,36.30769230769231,7.923076923076923,28.384615384615383,16.820769230769233,13.640769230769232,1.306923076923077,8.051538461538462,22.41,35.45153846153847,20.436153846153847,36.53846153846154,55.7423076923077,12.384615384615385,19.153846153846153,63.58769230769231,1.41,5.563846153846153,0.44384615384615383,2.333076923076923,18.10230769230769,0.13615384615384615,13.640769230769232,2.8461538461538463,87.56384615384614
