placar_casa,placar_visitante,data,round,stage,ano,equipe_casa,equipe_visitante,resultado,Pts_casa,3P_casa,2P_casa,LL_casa,RT_casa,RO_casa,RD_casa,AS_casa,ER_casa,IA%_casa,3PC_casa,3PT_casa,3P%_casa,2PC_casa,2PT_casa,2P%_casa,LLC_casa,LLT_casa,LL%_casa,EN_casa,BR_casa,B/E_casa,TO_casa,FC_casa,T/FC_casa,ET_casa,VI_casa,EF_casa,Pts_visitante,3P_visitante,2P_visitante,LL_visitante,RT_visitante,RO_visitante,RD_visitante,AS_visitante,ER_visitante,IA%_visitante,3PC_visitante,3PT_visitante,3P%_visitante,2PC_visitante,2PT_visitante,2P%_visitante,LLC_visitante,LLT_visitante,LL%_visitante,EN_visitante,BR_visitante,B/E_visitante,TO_visitante,FC_visitante,T/FC_visitante,ET_visitante,VI_visitante,EF_visitante
81,79,2021-04-06,7,2,2020-2021,Minas,Bauru Basket,1,86.76533333333333,31.3,41.39866666666667,14.066666666666666,40.666666666666664,11.1,29.566666666666666,19.366666666666667,12.9,1.537333333333333,10.433333333333334,25.168000000000003,41.248666666666665,20.701333333333334,39.09866666666667,52.87466666666666,14.066666666666666,19.49866666666667,72.10333333333332,0.9666666666666667,5.266666666666667,0.422,2.667333333333333,20.232666666666667,0.13399999999999998,12.9,2.033333333333333,103.26666666666667,80.60066666666667,29.2,38.75533333333333,12.645333333333333,36.79933333333334,9.978,26.823333333333334,17.378666666666668,11.444666666666667,1.5339999999999998,9.732666666666667,27.755999999999997,34.400666666666666,19.378,37.15533333333334,52.235333333333344,12.645333333333333,18.71066666666667,67.22266666666665,1.2233333333333334,8.332666666666666,0.7313333333333335,1.8880000000000001,19.777333333333335,0.09733333333333336,11.444666666666667,1.3346666666666667,91.688
