placar_casa,placar_visitante,data,round,stage,ano,equipe_casa,equipe_visitante,resultado,Pts_casa,3P_casa,2P_casa,LL_casa,RT_casa,RO_casa,RD_casa,AS_casa,ER_casa,IA%_casa,3PC_casa,3PT_casa,3P%_casa,2PC_casa,2PT_casa,2P%_casa,LLC_casa,LLT_casa,LL%_casa,EN_casa,BR_casa,B/E_casa,TO_casa,FC_casa,T/FC_casa,ET_casa,VI_casa,EF_casa,Pts_visitante,3P_visitante,2P_visitante,LL_visitante,RT_visitante,RO_visitante,RD_visitante,AS_visitante,ER_visitante,IA%_visitante,3PC_visitante,3PT_visitante,3P%_visitante,2PC_visitante,2PT_visitante,2P%_visitante,LLC_visitante,LLT_visitante,LL%_visitante,EN_visitante,BR_visitante,B/E_visitante,TO_visitante,FC_visitante,T/FC_visitante,ET_visitante,VI_visitante,EF_visitante
70,76,2009-05-01,12,2,2008-2009,Paulistano,Sesi Franca,0,78.6,22.0,40.8,15.8,31.333333333333332,10.666666666666666,20.666666666666668,14.0,16.866666666666667,0.9173333333333334,7.333333333333333,22.2,34.106,20.4,39.8,51.001999999999995,15.8,22.2,71.55,0.9333333333333333,8.6,0.5553333333333333,2.933333333333333,23.4,0.132,16.866666666666667,0.0,77.93333333333334,85.93333333333334,22.0,46.13333333333333,17.8,29.666666666666668,8.866666666666667,20.8,17.4,13.533333333333333,1.4166666666666667,7.333333333333333,20.133333333333333,38.10666666666667,23.066666666666666,43.53333333333333,52.86266666666666,17.8,22.733333333333334,78.19933333333333,1.0666666666666667,8.866666666666667,0.6980000000000002,2.0,23.4,0.08600000000000001,13.533333333333333,0.0,92.13333333333334
