placar_casa,placar_visitante,data,round,stage,ano,equipe_casa,equipe_visitante,resultado,Pts_casa,3P_casa,2P_casa,LL_casa,RT_casa,RO_casa,RD_casa,AS_casa,ER_casa,IA%_casa,3PC_casa,3PT_casa,3P%_casa,2PC_casa,2PT_casa,2P%_casa,LLC_casa,LLT_casa,LL%_casa,EN_casa,BR_casa,B/E_casa,TO_casa,FC_casa,T/FC_casa,ET_casa,VI_casa,EF_casa,Pts_visitante,3P_visitante,2P_visitante,LL_visitante,RT_visitante,RO_visitante,RD_visitante,AS_visitante,ER_visitante,IA%_visitante,3PC_visitante,3PT_visitante,3P%_visitante,2PC_visitante,2PT_visitante,2P%_visitante,LLC_visitante,LLT_visitante,LL%_visitante,EN_visitante,BR_visitante,B/E_visitante,TO_visitante,FC_visitante,T/FC_visitante,ET_visitante,VI_visitante,EF_visitante
83,66,2018-11-06,4,1,2018-2019,Sesi Franca,Minas,1,86.66666666666667,35.5,36.333333333333336,14.833333333333334,36.0,9.0,27.0,18.666666666666668,11.666666666666666,1.5999999999999999,11.833333333333334,31.0,38.29333333333333,18.166666666666668,31.0,58.556666666666665,14.833333333333334,17.833333333333332,81.95,2.5,5.666666666666667,0.48666666666666664,1.6666666666666667,18.333333333333332,0.09666666666666668,11.666666666666666,1.1666666666666667,102.0,81.6,30.0,35.602,15.998,38.402,8.597999999999999,29.798000000000002,18.8,14.6,1.348,10.002,27.0,36.766000000000005,17.798,33.001999999999995,53.928,15.998,21.398,74.80999999999999,1.802,7.002000000000001,0.5,2.8,20.0,0.14400000000000002,14.6,2.198,96.40200000000002
