placar_casa,placar_visitante,data,round,stage,ano,equipe_casa,equipe_visitante,resultado,Pts_casa,3P_casa,2P_casa,LL_casa,RT_casa,RO_casa,RD_casa,AS_casa,ER_casa,IA%_casa,3PC_casa,3PT_casa,3P%_casa,2PC_casa,2PT_casa,2P%_casa,LLC_casa,LLT_casa,LL%_casa,EN_casa,BR_casa,B/E_casa,TO_casa,FC_casa,T/FC_casa,ET_casa,VI_casa,EF_casa,Pts_visitante,3P_visitante,2P_visitante,LL_visitante,RT_visitante,RO_visitante,RD_visitante,AS_visitante,ER_visitante,IA%_visitante,3PC_visitante,3PT_visitante,3P%_visitante,2PC_visitante,2PT_visitante,2P%_visitante,LLC_visitante,LLT_visitante,LL%_visitante,EN_visitante,BR_visitante,B/E_visitante,TO_visitante,FC_visitante,T/FC_visitante,ET_visitante,VI_visitante,EF_visitante
77,96,2010-03-12,7,2,2009-2010,Brasília,Minas,0,95.0,24.8,52.93333333333333,17.266666666666666,35.53333333333333,10.733333333333333,24.8,19.133333333333333,13.133333333333333,1.5599999999999998,8.266666666666667,24.133333333333333,34.30533333333333,26.466666666666665,43.13333333333333,62.02333333333333,17.266666666666666,22.2,76.57733333333336,2.466666666666667,7.933333333333334,0.6166666666666667,3.2666666666666666,17.533333333333335,0.21866666666666665,13.133333333333333,2.466666666666667,110.26666666666667,91.53333333333333,25.4,50.13333333333333,16.0,35.06666666666667,10.866666666666667,24.2,20.4,15.133333333333333,1.3886666666666667,8.466666666666667,22.2,38.21133333333332,25.066666666666666,44.53333333333333,56.03999999999999,16.0,20.2,76.93666666666667,0.8,7.4,0.508,2.466666666666667,21.266666666666666,0.12333333333333334,15.133333333333333,2.2666666666666666,104.33333333333333
