placar_casa,placar_visitante,data,round,stage,ano,equipe_casa,equipe_visitante,resultado,Pts_casa,3P_casa,2P_casa,LL_casa,RT_casa,RO_casa,RD_casa,AS_casa,ER_casa,IA%_casa,3PC_casa,3PT_casa,3P%_casa,2PC_casa,2PT_casa,2P%_casa,LLC_casa,LLT_casa,LL%_casa,EN_casa,BR_casa,B/E_casa,TO_casa,FC_casa,T/FC_casa,ET_casa,VI_casa,EF_casa,Pts_visitante,3P_visitante,2P_visitante,LL_visitante,RT_visitante,RO_visitante,RD_visitante,AS_visitante,ER_visitante,IA%_visitante,3PC_visitante,3PT_visitante,3P%_visitante,2PC_visitante,2PT_visitante,2P%_visitante,LLC_visitante,LLT_visitante,LL%_visitante,EN_visitante,BR_visitante,B/E_visitante,TO_visitante,FC_visitante,T/FC_visitante,ET_visitante,VI_visitante,EF_visitante
90,78,2015-04-10,1,3,2014-2015,Minas,Macaé Basquete,1,75.53333333333333,23.0,38.0,14.533333333333333,33.6,9.466666666666667,24.133333333333333,16.733333333333334,12.933333333333334,1.3873333333333335,7.666666666666667,24.066666666666666,31.324666666666666,19.0,36.4,52.025333333333336,14.533333333333333,20.0,71.77,2.4,9.2,0.7806666666666665,1.4,23.2,0.06200000000000001,12.933333333333334,2.533333333333333,84.26666666666667,79.4,21.0,40.666666666666664,17.733333333333334,33.6,10.4,23.2,13.6,14.6,1.052,7.0,19.6,34.95333333333333,20.333333333333332,40.266666666666666,50.29666666666667,17.733333333333334,22.0,80.62866666666666,1.4666666666666666,7.733333333333333,0.5666666666666667,1.4,22.066666666666666,0.07066666666666667,14.6,4.2,84.33333333333333
