placar_casa,placar_visitante,data,round,stage,ano,equipe_casa,equipe_visitante,resultado,Pts_casa,3P_casa,2P_casa,LL_casa,RT_casa,RO_casa,RD_casa,AS_casa,ER_casa,IA%_casa,3PC_casa,3PT_casa,3P%_casa,2PC_casa,2PT_casa,2P%_casa,LLC_casa,LLT_casa,LL%_casa,EN_casa,BR_casa,B/E_casa,TO_casa,FC_casa,T/FC_casa,ET_casa,VI_casa,EF_casa,Pts_visitante,3P_visitante,2P_visitante,LL_visitante,RT_visitante,RO_visitante,RD_visitante,AS_visitante,ER_visitante,IA%_visitante,3PC_visitante,3PT_visitante,3P%_visitante,2PC_visitante,2PT_visitante,2P%_visitante,LLC_visitante,LLT_visitante,LL%_visitante,EN_visitante,BR_visitante,B/E_visitante,TO_visitante,FC_visitante,T/FC_visitante,ET_visitante,VI_visitante,EF_visitante
86,94,2015-01-09,15,1,2014-2015,Brasília,Paulistano,0,79.46153846153847,21.692307692307693,43.07692307692308,14.692307692307692,37.38461538461539,11.307692307692308,26.076923076923077,17.0,13.0,1.353846153846154,7.230769230769231,21.076923076923077,34.707692307692305,21.53846153846154,42.0,51.384615384615394,14.692307692307692,18.615384615384617,78.01153846153846,3.4615384615384617,8.076923076923077,0.6353846153846153,2.8461538461538463,21.76923076923077,0.13153846153846155,13.0,2.8461538461538463,93.53846153846153,80.71428571428571,21.642857142857142,41.57142857142857,17.5,39.785714285714285,14.142857142857142,25.642857142857142,11.357142857142858,12.785714285714286,0.9835714285714287,7.214285714285714,22.571428571428573,32.20928571428571,20.785714285714285,43.5,47.85357142857144,17.5,23.428571428571427,76.0657142857143,1.9285714285714286,8.857142857142858,0.7614285714285715,1.2857142857142858,24.5,0.052142857142857144,12.785714285714286,2.5714285714285716,85.21428571428571
