placar_casa,placar_visitante,data,round,stage,ano,equipe_casa,equipe_visitante,resultado,Pts_casa,3P_casa,2P_casa,LL_casa,RT_casa,RO_casa,RD_casa,AS_casa,ER_casa,IA%_casa,3PC_casa,3PT_casa,3P%_casa,2PC_casa,2PT_casa,2P%_casa,LLC_casa,LLT_casa,LL%_casa,EN_casa,BR_casa,B/E_casa,TO_casa,FC_casa,T/FC_casa,ET_casa,VI_casa,EF_casa,Pts_visitante,3P_visitante,2P_visitante,LL_visitante,RT_visitante,RO_visitante,RD_visitante,AS_visitante,ER_visitante,IA%_visitante,3PC_visitante,3PT_visitante,3P%_visitante,2PC_visitante,2PT_visitante,2P%_visitante,LLC_visitante,LLT_visitante,LL%_visitante,EN_visitante,BR_visitante,B/E_visitante,TO_visitante,FC_visitante,T/FC_visitante,ET_visitante,VI_visitante,EF_visitante
85,67,2014-02-13,7,2,2013-2014,Macaé Basquete,Espírito Santo,1,78.0,24.8,36.4,16.8,29.0,6.066666666666666,22.933333333333334,14.733333333333333,12.733333333333333,1.6493333333333333,8.266666666666667,21.666666666666668,38.366666666666674,18.2,34.8,52.56733333333333,16.8,21.133333333333333,79.81466666666667,1.2,8.666666666666666,1.0399999999999998,1.9333333333333333,22.0,0.08866666666666669,12.733333333333333,3.0,85.26666666666667,71.33333333333333,22.0,37.06666666666667,12.266666666666667,30.4,9.933333333333334,20.466666666666665,11.533333333333333,13.866666666666667,0.9653333333333334,7.333333333333333,24.4,29.604666666666663,18.533333333333335,36.13333333333333,51.38933333333332,12.266666666666667,16.933333333333334,73.45933333333333,1.0,7.733333333333333,0.6653333333333333,1.2666666666666666,20.733333333333334,0.05733333333333334,13.866666666666667,3.466666666666667,69.06666666666666
