placar_casa,placar_visitante,data,round,stage,ano,equipe_casa,equipe_visitante,resultado,Pts_casa,3P_casa,2P_casa,LL_casa,RT_casa,RO_casa,RD_casa,AS_casa,ER_casa,IA%_casa,3PC_casa,3PT_casa,3P%_casa,2PC_casa,2PT_casa,2P%_casa,LLC_casa,LLT_casa,LL%_casa,EN_casa,BR_casa,B/E_casa,TO_casa,FC_casa,T/FC_casa,ET_casa,VI_casa,EF_casa,Pts_visitante,3P_visitante,2P_visitante,LL_visitante,RT_visitante,RO_visitante,RD_visitante,AS_visitante,ER_visitante,IA%_visitante,3PC_visitante,3PT_visitante,3P%_visitante,2PC_visitante,2PT_visitante,2P%_visitante,LLC_visitante,LLT_visitante,LL%_visitante,EN_visitante,BR_visitante,B/E_visitante,TO_visitante,FC_visitante,T/FC_visitante,ET_visitante,VI_visitante,EF_visitante
103,96,2017-02-23,23,1,2016-2017,Paulistano,Flamengo,1,80.86666666666666,31.4,35.46666666666667,14.0,36.333333333333336,11.933333333333334,24.4,18.666666666666668,12.466666666666667,1.5686666666666667,10.466666666666667,30.8,34.550666666666665,17.733333333333334,34.93333333333333,51.49466666666667,14.0,17.933333333333334,77.66266666666667,1.2666666666666666,6.866666666666666,0.5633333333333332,2.066666666666667,21.133333333333333,0.10600000000000001,12.466666666666667,2.466666666666667,90.86666666666666,86.2,25.6,43.6,17.0,40.8,10.8,30.0,20.6,13.866666666666667,1.5473333333333334,8.533333333333333,24.466666666666665,34.657333333333334,21.8,38.93333333333333,56.55066666666666,17.0,23.2,73.798,1.3333333333333333,6.733333333333333,0.48733333333333334,2.4,19.066666666666666,0.12933333333333333,13.866666666666667,2.8,103.6
