placar_casa,placar_visitante,data,round,stage,ano,equipe_casa,equipe_visitante,resultado,Pts_casa,3P_casa,2P_casa,LL_casa,RT_casa,RO_casa,RD_casa,AS_casa,ER_casa,IA%_casa,3PC_casa,3PT_casa,3P%_casa,2PC_casa,2PT_casa,2P%_casa,LLC_casa,LLT_casa,LL%_casa,EN_casa,BR_casa,B/E_casa,TO_casa,FC_casa,T/FC_casa,ET_casa,VI_casa,EF_casa,Pts_visitante,3P_visitante,2P_visitante,LL_visitante,RT_visitante,RO_visitante,RD_visitante,AS_visitante,ER_visitante,IA%_visitante,3PC_visitante,3PT_visitante,3P%_visitante,2PC_visitante,2PT_visitante,2P%_visitante,LLC_visitante,LLT_visitante,LL%_visitante,EN_visitante,BR_visitante,B/E_visitante,TO_visitante,FC_visitante,T/FC_visitante,ET_visitante,VI_visitante,EF_visitante
70,76,2024-12-04,11,1,2024-2025,Paulistano,Vasco da Gama,0,75.63727272727273,26.181818181818183,35.81818181818182,13.637272727272727,35.089999999999996,10.546363636363637,24.546363636363637,14.909999999999998,14.546363636363635,1.0218181818181817,8.728181818181818,24.363636363636363,35.69636363636364,17.90909090909091,35.0009090909091,51.059999999999995,13.637272727272727,18.546363636363637,73.88000000000001,1.8190909090909089,7.909090909090909,0.5445454545454546,2.3645454545454543,18.362727272727273,0.1263636363636364,14.546363636363635,2.0,83.72818181818182,72.27272727272727,26.727272727272727,28.728181818181824,16.817272727272726,39.0009090909091,11.271818181818182,27.726363636363633,16.454545454545453,13.182727272727272,1.4699999999999998,8.91,32.18272727272728,27.66909090909091,14.362727272727273,28.545454545454547,50.31454545454546,16.817272727272726,23.09090909090909,73.03727272727272,1.4536363636363636,6.999090909090909,0.64,1.9990909090909093,21.546363636363637,0.08727272727272728,13.182727272727272,2.4536363636363636,79.81727272727272
