placar_casa,placar_visitante,data,round,stage,ano,equipe_casa,equipe_visitante,resultado,Pts_casa,3P_casa,2P_casa,LL_casa,RT_casa,RO_casa,RD_casa,AS_casa,ER_casa,IA%_casa,3PC_casa,3PT_casa,3P%_casa,2PC_casa,2PT_casa,2P%_casa,LLC_casa,LLT_casa,LL%_casa,EN_casa,BR_casa,B/E_casa,TO_casa,FC_casa,T/FC_casa,ET_casa,VI_casa,EF_casa,Pts_visitante,3P_visitante,2P_visitante,LL_visitante,RT_visitante,RO_visitante,RD_visitante,AS_visitante,ER_visitante,IA%_visitante,3PC_visitante,3PT_visitante,3P%_visitante,2PC_visitante,2PT_visitante,2P%_visitante,LLC_visitante,LLT_visitante,LL%_visitante,EN_visitante,BR_visitante,B/E_visitante,TO_visitante,FC_visitante,T/FC_visitante,ET_visitante,VI_visitante,EF_visitante
88,77,2015-03-19,13,2,2014-2015,Mogi,Paulistano,1,87.86666666666666,25.0,42.4,20.466666666666665,37.86666666666667,13.6,24.266666666666666,15.933333333333334,12.266666666666667,1.3593333333333333,8.333333333333334,21.733333333333334,38.37666666666667,21.2,41.266666666666666,51.818,20.466666666666665,26.333333333333332,76.54999999999998,1.5333333333333334,9.733333333333333,0.8226666666666665,2.1333333333333333,23.533333333333335,0.09333333333333334,12.266666666666667,2.4,101.93333333333334,82.8,22.8,42.0,18.0,39.333333333333336,13.066666666666666,26.266666666666666,12.866666666666667,11.866666666666667,1.2633333333333334,7.6,22.733333333333334,33.25666666666667,21.0,43.6,48.647333333333336,18.0,23.733333333333334,76.67400000000002,0.9333333333333333,9.2,0.8853333333333334,1.2,22.266666666666666,0.05666666666666667,11.866666666666667,2.3333333333333335,90.06666666666666
