placar_casa,placar_visitante,data,round,stage,ano,equipe_casa,equipe_visitante,resultado,Pts_casa,3P_casa,2P_casa,LL_casa,RT_casa,RO_casa,RD_casa,AS_casa,ER_casa,IA%_casa,3PC_casa,3PT_casa,3P%_casa,2PC_casa,2PT_casa,2P%_casa,LLC_casa,LLT_casa,LL%_casa,EN_casa,BR_casa,B/E_casa,TO_casa,FC_casa,T/FC_casa,ET_casa,VI_casa,EF_casa,Pts_visitante,3P_visitante,2P_visitante,LL_visitante,RT_visitante,RO_visitante,RD_visitante,AS_visitante,ER_visitante,IA%_visitante,3PC_visitante,3PT_visitante,3P%_visitante,2PC_visitante,2PT_visitante,2P%_visitante,LLC_visitante,LLT_visitante,LL%_visitante,EN_visitante,BR_visitante,B/E_visitante,TO_visitante,FC_visitante,T/FC_visitante,ET_visitante,VI_visitante,EF_visitante
73,78,2021-12-30,10,1,2021-2022,Caxias do Sul Basquete,Mogi,0,75.8076923076923,25.846153846153847,39.46153846153846,10.5,34.07692307692308,8.23076923076923,25.846153846153847,17.884615384615383,12.576923076923077,1.4476923076923074,8.615384615384615,24.692307692307693,35.33692307692308,19.73076923076923,37.03846153846154,53.13,10.5,14.923076923076923,70.21000000000001,1.3076923076923077,8.5,0.7146153846153847,2.6923076923076925,21.423076923076923,0.12923076923076923,12.576923076923077,2.5384615384615383,88.57692307692308,76.21428571428571,26.357142857142858,36.92857142857143,12.928571428571429,39.107142857142854,10.571428571428571,28.535714285714285,18.0,15.071428571428571,1.2264285714285712,8.785714285714286,27.714285714285715,32.05642857142857,18.464285714285715,36.25,51.17499999999999,12.928571428571429,16.892857142857142,76.40285714285714,2.8214285714285716,7.071428571428571,0.48714285714285716,2.2857142857142856,19.464285714285715,0.11500000000000002,15.071428571428571,2.75,86.92857142857143
