placar_casa,placar_visitante,data,round,stage,ano,equipe_casa,equipe_visitante,resultado,Pts_casa,3P_casa,2P_casa,LL_casa,RT_casa,RO_casa,RD_casa,AS_casa,ER_casa,IA%_casa,3PC_casa,3PT_casa,3P%_casa,2PC_casa,2PT_casa,2P%_casa,LLC_casa,LLT_casa,LL%_casa,EN_casa,BR_casa,B/E_casa,TO_casa,FC_casa,T/FC_casa,ET_casa,VI_casa,EF_casa,Pts_visitante,3P_visitante,2P_visitante,LL_visitante,RT_visitante,RO_visitante,RD_visitante,AS_visitante,ER_visitante,IA%_visitante,3PC_visitante,3PT_visitante,3P%_visitante,2PC_visitante,2PT_visitante,2P%_visitante,LLC_visitante,LLT_visitante,LL%_visitante,EN_visitante,BR_visitante,B/E_visitante,TO_visitante,FC_visitante,T/FC_visitante,ET_visitante,VI_visitante,EF_visitante
90,77,2025-02-08,6,2,2024-2025,União Corinthians,Botafogo,1,78.08933333333334,21.4,41.93333333333333,14.756,39.022666666666666,14.177333333333333,24.843999999999998,17.422666666666668,13.733333333333333,1.354,7.133333333333334,24.47733333333333,29.18066666666667,20.966666666666665,41.63333333333333,50.67000000000001,14.756,20.97733333333333,70.60666666666665,1.4106666666666667,6.9,0.5093333333333333,1.7666666666666666,23.343999999999998,0.08333333333333333,13.733333333333333,3.3,85.23333333333333,73.86666666666666,22.0,38.6,13.266666666666667,35.333333333333336,9.7,25.633333333333333,16.366666666666667,14.566666666666666,1.166666666666667,7.333333333333333,23.833333333333332,30.516666666666666,19.3,39.733333333333334,48.81133333333333,13.266666666666667,19.566666666666666,68.06066666666666,1.3666666666666667,8.166666666666666,0.5893333333333334,2.7,18.866666666666667,0.14533333333333334,14.566666666666666,2.9,78.63333333333334
