placar_casa,placar_visitante,data,round,stage,ano,equipe_casa,equipe_visitante,resultado,Pts_casa,3P_casa,2P_casa,LL_casa,RT_casa,RO_casa,RD_casa,AS_casa,ER_casa,IA%_casa,3PC_casa,3PT_casa,3P%_casa,2PC_casa,2PT_casa,2P%_casa,LLC_casa,LLT_casa,LL%_casa,EN_casa,BR_casa,B/E_casa,TO_casa,FC_casa,T/FC_casa,ET_casa,VI_casa,EF_casa,Pts_visitante,3P_visitante,2P_visitante,LL_visitante,RT_visitante,RO_visitante,RD_visitante,AS_visitante,ER_visitante,IA%_visitante,3PC_visitante,3PT_visitante,3P%_visitante,2PC_visitante,2PT_visitante,2P%_visitante,LLC_visitante,LLT_visitante,LL%_visitante,EN_visitante,BR_visitante,B/E_visitante,TO_visitante,FC_visitante,T/FC_visitante,ET_visitante,VI_visitante,EF_visitante
97,81,2015-01-15,1,2,2014-2015,Flamengo,Paulistano,1,88.14285714285714,28.5,43.57142857142857,16.071428571428573,35.357142857142854,9.642857142857142,25.714285714285715,17.285714285714285,12.0,1.7450000000000003,9.5,24.0,38.809285714285714,21.785714285714285,38.857142857142854,56.26285714285715,16.071428571428573,21.428571428571427,76.01785714285714,2.2142857142857144,8.928571428571429,0.8678571428571428,2.2857142857142856,19.714285714285715,0.1207142857142857,12.0,2.142857142857143,103.07142857142857,80.86666666666666,23.0,39.2,18.666666666666668,40.2,14.6,25.6,11.333333333333334,12.866666666666667,0.9600000000000001,7.666666666666667,23.2,33.058,19.6,42.666666666666664,46.30533333333334,18.666666666666668,24.333333333333332,77.85466666666666,1.4666666666666666,8.733333333333333,0.7246666666666667,1.3333333333333333,24.4,0.056000000000000015,12.866666666666667,2.7333333333333334,85.33333333333333
