placar_casa,placar_visitante,data,round,stage,ano,equipe_casa,equipe_visitante,resultado,Pts_casa,3P_casa,2P_casa,LL_casa,RT_casa,RO_casa,RD_casa,AS_casa,ER_casa,IA%_casa,3PC_casa,3PT_casa,3P%_casa,2PC_casa,2PT_casa,2P%_casa,LLC_casa,LLT_casa,LL%_casa,EN_casa,BR_casa,B/E_casa,TO_casa,FC_casa,T/FC_casa,ET_casa,VI_casa,EF_casa,Pts_visitante,3P_visitante,2P_visitante,LL_visitante,RT_visitante,RO_visitante,RD_visitante,AS_visitante,ER_visitante,IA%_visitante,3PC_visitante,3PT_visitante,3P%_visitante,2PC_visitante,2PT_visitante,2P%_visitante,LLC_visitante,LLT_visitante,LL%_visitante,EN_visitante,BR_visitante,B/E_visitante,TO_visitante,FC_visitante,T/FC_visitante,ET_visitante,VI_visitante,EF_visitante
76,73,2021-02-13,3,2,2020-2021,Caxias do Sul Basquete,Pinheiros,1,76.97800000000002,24.066666666666666,38.178000000000004,14.733999999999996,34.6,9.533999999999999,25.065999999999995,15.267333333333337,14.177999999999999,1.0793333333333335,8.022666666666668,24.332666666666665,33.074,19.088666666666665,36.15666666666667,52.80399999999999,14.733999999999996,20.8,71.05533333333332,1.3553333333333333,5.712666666666667,0.4013333333333334,1.022,22.220666666666663,0.04933333333333333,14.177999999999999,3.066666666666667,79.95533333333334,75.04266666666668,27.333333333333332,36.31066666666666,11.398666666666667,37.92333333333333,10.988,26.93333333333333,17.965999999999998,15.011333333333335,1.2393333333333334,9.111333333333334,26.911333333333335,33.79733333333333,18.156000000000002,39.754666666666665,45.436,11.398666666666667,16.810666666666666,67.19133333333335,0.722,7.833333333333334,0.5379999999999999,2.433333333333334,19.856666666666673,0.12266666666666669,15.011333333333335,1.9340000000000004,81.37733333333333
