placar_casa,placar_visitante,data,round,stage,ano,equipe_casa,equipe_visitante,resultado,Pts_casa,3P_casa,2P_casa,LL_casa,RT_casa,RO_casa,RD_casa,AS_casa,ER_casa,IA%_casa,3PC_casa,3PT_casa,3P%_casa,2PC_casa,2PT_casa,2P%_casa,LLC_casa,LLT_casa,LL%_casa,EN_casa,BR_casa,B/E_casa,TO_casa,FC_casa,T/FC_casa,ET_casa,VI_casa,EF_casa,Pts_visitante,3P_visitante,2P_visitante,LL_visitante,RT_visitante,RO_visitante,RD_visitante,AS_visitante,ER_visitante,IA%_visitante,3PC_visitante,3PT_visitante,3P%_visitante,2PC_visitante,2PT_visitante,2P%_visitante,LLC_visitante,LLT_visitante,LL%_visitante,EN_visitante,BR_visitante,B/E_visitante,TO_visitante,FC_visitante,T/FC_visitante,ET_visitante,VI_visitante,EF_visitante
63,89,2015-03-19,13,2,2014-2015,Fortaleza B. C. / CFO,Flamengo,0,79.86666666666666,27.2,37.733333333333334,14.933333333333334,34.333333333333336,10.933333333333334,23.4,14.4,12.666666666666666,1.1606666666666667,9.066666666666666,28.266666666666666,32.464666666666666,18.866666666666667,35.2,53.46333333333334,14.933333333333334,20.8,72.28399999999998,0.9333333333333333,10.2,0.8186666666666668,2.8666666666666667,19.4,0.15866666666666665,12.666666666666666,2.6,87.6,87.8,29.0,42.0,16.8,37.13333333333333,10.6,26.533333333333335,17.266666666666666,12.333333333333334,1.5473333333333334,9.666666666666666,23.8,40.190000000000005,21.0,38.0,54.87,16.8,21.6,78.22600000000001,1.9333333333333333,8.8,0.7613333333333334,1.8,18.2,0.10200000000000002,12.333333333333334,1.5333333333333334,104.53333333333333
