placar_casa,placar_visitante,data,round,stage,ano,equipe_casa,equipe_visitante,resultado,Pts_casa,3P_casa,2P_casa,LL_casa,RT_casa,RO_casa,RD_casa,AS_casa,ER_casa,IA%_casa,3PC_casa,3PT_casa,3P%_casa,2PC_casa,2PT_casa,2P%_casa,LLC_casa,LLT_casa,LL%_casa,EN_casa,BR_casa,B/E_casa,TO_casa,FC_casa,T/FC_casa,ET_casa,VI_casa,EF_casa,Pts_visitante,3P_visitante,2P_visitante,LL_visitante,RT_visitante,RO_visitante,RD_visitante,AS_visitante,ER_visitante,IA%_visitante,3PC_visitante,3PT_visitante,3P%_visitante,2PC_visitante,2PT_visitante,2P%_visitante,LLC_visitante,LLT_visitante,LL%_visitante,EN_visitante,BR_visitante,B/E_visitante,TO_visitante,FC_visitante,T/FC_visitante,ET_visitante,VI_visitante,EF_visitante
75,67,2014-01-16,17,1,2013-2014,L. Sorocabana,Espírito Santo,1,75.07142857142857,20.571428571428573,39.285714285714285,15.214285714285714,30.571428571428573,10.285714285714286,20.285714285714285,11.428571428571429,11.857142857142858,1.1035714285714284,6.857142857142857,19.785714285714285,34.32071428571428,19.642857142857142,39.57142857142857,50.221428571428575,15.214285714285714,20.357142857142858,73.9057142857143,1.4285714285714286,11.0,1.0364285714285715,2.0,22.857142857142858,0.09142857142857143,11.857142857142858,1.9285714285714286,80.21428571428571,69.45454545454545,26.181818181818183,30.545454545454547,12.727272727272727,28.818181818181817,9.363636363636363,19.454545454545453,11.272727272727273,12.090909090909092,1.0736363636363637,8.727272727272727,25.272727272727273,34.515454545454546,15.272727272727273,33.81818181818182,45.25181818181818,12.727272727272727,17.454545454545453,74.54454545454546,1.2727272727272727,7.7272727272727275,0.7054545454545454,0.8181818181818182,18.727272727272727,0.04363636363636363,12.090909090909092,2.6363636363636362,66.18181818181819
