placar_casa,placar_visitante,data,round,stage,ano,equipe_casa,equipe_visitante,resultado,Pts_casa,3P_casa,2P_casa,LL_casa,RT_casa,RO_casa,RD_casa,AS_casa,ER_casa,IA%_casa,3PC_casa,3PT_casa,3P%_casa,2PC_casa,2PT_casa,2P%_casa,LLC_casa,LLT_casa,LL%_casa,EN_casa,BR_casa,B/E_casa,TO_casa,FC_casa,T/FC_casa,ET_casa,VI_casa,EF_casa,Pts_visitante,3P_visitante,2P_visitante,LL_visitante,RT_visitante,RO_visitante,RD_visitante,AS_visitante,ER_visitante,IA%_visitante,3PC_visitante,3PT_visitante,3P%_visitante,2PC_visitante,2PT_visitante,2P%_visitante,LLC_visitante,LLT_visitante,LL%_visitante,EN_visitante,BR_visitante,B/E_visitante,TO_visitante,FC_visitante,T/FC_visitante,ET_visitante,VI_visitante,EF_visitante
100,80,2016-05-07,2,5,2015-2016,Bauru Basket,Brasília,1,88.53333333333333,36.0,37.6,14.933333333333334,37.53333333333333,10.533333333333333,27.0,18.466666666666665,14.733333333333333,1.3006666666666669,12.0,30.866666666666667,38.75266666666667,18.8,32.86666666666667,57.23533333333334,14.933333333333334,19.6,76.19266666666667,0.8666666666666667,11.2,0.7706666666666667,1.7333333333333334,20.466666666666665,0.08666666666666668,14.733333333333333,3.2666666666666666,105.13333333333334,84.26666666666667,26.4,43.2,14.666666666666666,33.13333333333333,9.733333333333333,23.4,18.533333333333335,13.8,1.4246666666666667,8.8,24.0,36.81333333333334,21.6,39.8,54.42999999999999,14.666666666666666,19.866666666666667,75.09066666666666,2.0,10.133333333333333,0.7933333333333333,2.066666666666667,24.266666666666666,0.08733333333333333,13.8,2.466666666666667,95.73333333333333
