placar_casa,placar_visitante,data,round,stage,ano,equipe_casa,equipe_visitante,resultado,Pts_casa,3P_casa,2P_casa,LL_casa,RT_casa,RO_casa,RD_casa,AS_casa,ER_casa,IA%_casa,3PC_casa,3PT_casa,3P%_casa,2PC_casa,2PT_casa,2P%_casa,LLC_casa,LLT_casa,LL%_casa,EN_casa,BR_casa,B/E_casa,TO_casa,FC_casa,T/FC_casa,ET_casa,VI_casa,EF_casa,Pts_visitante,3P_visitante,2P_visitante,LL_visitante,RT_visitante,RO_visitante,RD_visitante,AS_visitante,ER_visitante,IA%_visitante,3PC_visitante,3PT_visitante,3P%_visitante,2PC_visitante,2PT_visitante,2P%_visitante,LLC_visitante,LLT_visitante,LL%_visitante,EN_visitante,BR_visitante,B/E_visitante,TO_visitante,FC_visitante,T/FC_visitante,ET_visitante,VI_visitante,EF_visitante
75,85,2021-01-05,9,1,2020-2021,Bauru Basket,Minas,0,82.81818181818181,30.272727272727273,38.72636363636363,13.816363636363635,35.54363636363636,9.274545454545455,26.274545454545457,17.271818181818183,11.910909090909092,1.4936363636363639,10.092727272727274,27.45363636363636,36.75,19.364545454545453,34.99909090909091,55.53727272727272,13.816363636363635,17.72727272727273,77.76272727272728,1.3636363636363635,8.81909090909091,0.7518181818181818,1.0909090909090908,20.180909090909086,0.05545454545454545,11.910909090909092,2.5454545454545454,96.72636363636366,89.08416666666665,31.5,40.166666666666664,17.415,39.75,11.165833333333333,28.584166666666665,20.249166666666667,14.081666666666669,1.4666666666666668,10.5,26.50166666666667,39.7675,20.083333333333332,37.583333333333336,53.16333333333333,17.415,21.583333333333332,79.44416666666667,1.4991666666666668,7.166666666666667,0.5125000000000001,2.3325,21.668333333333337,0.10999999999999999,14.081666666666669,2.8324999999999996,106.83333333333333
