placar_casa,placar_visitante,data,round,stage,ano,equipe_casa,equipe_visitante,resultado,Pts_casa,3P_casa,2P_casa,LL_casa,RT_casa,RO_casa,RD_casa,AS_casa,ER_casa,IA%_casa,3PC_casa,3PT_casa,3P%_casa,2PC_casa,2PT_casa,2P%_casa,LLC_casa,LLT_casa,LL%_casa,EN_casa,BR_casa,B/E_casa,TO_casa,FC_casa,T/FC_casa,ET_casa,VI_casa,EF_casa,Pts_visitante,3P_visitante,2P_visitante,LL_visitante,RT_visitante,RO_visitante,RD_visitante,AS_visitante,ER_visitante,IA%_visitante,3PC_visitante,3PT_visitante,3P%_visitante,2PC_visitante,2PT_visitante,2P%_visitante,LLC_visitante,LLT_visitante,LL%_visitante,EN_visitante,BR_visitante,B/E_visitante,TO_visitante,FC_visitante,T/FC_visitante,ET_visitante,VI_visitante,EF_visitante
81,61,2013-03-28,16,2,2012-2013,Flamengo,Palmeiras,1,88.66666666666667,63.0,47.333333333333336,16.133333333333333,34.266666666666666,9.4,24.866666666666667,14.266666666666667,11.466666666666667,1.5620000000000003,8.4,22.666666666666668,36.994666666666674,23.666666666666668,42.266666666666666,56.45133333333333,16.133333333333333,21.4,75.87866666666667,1.5333333333333334,6.733333333333333,0.6506666666666667,1.4666666666666666,18.266666666666666,0.084,11.466666666666667,2.8,103.26666666666667,82.26666666666667,53.6,40.8,18.266666666666666,32.266666666666666,10.0,22.266666666666666,12.933333333333334,13.8,1.1380000000000001,7.733333333333333,23.133333333333333,33.62533333333333,20.4,40.46666666666667,50.33133333333333,18.266666666666666,26.733333333333334,68.45533333333333,2.466666666666667,8.2,0.7100000000000001,2.066666666666667,20.8,0.09666666666666666,13.8,2.8666666666666667,89.8
