placar_casa,placar_visitante,data,round,stage,ano,equipe_casa,equipe_visitante,resultado,Pts_casa,3P_casa,2P_casa,LL_casa,RT_casa,RO_casa,RD_casa,AS_casa,ER_casa,IA%_casa,3PC_casa,3PT_casa,3P%_casa,2PC_casa,2PT_casa,2P%_casa,LLC_casa,LLT_casa,LL%_casa,EN_casa,BR_casa,B/E_casa,TO_casa,FC_casa,T/FC_casa,ET_casa,VI_casa,EF_casa,Pts_visitante,3P_visitante,2P_visitante,LL_visitante,RT_visitante,RO_visitante,RD_visitante,AS_visitante,ER_visitante,IA%_visitante,3PC_visitante,3PT_visitante,3P%_visitante,2PC_visitante,2PT_visitante,2P%_visitante,LLC_visitante,LLT_visitante,LL%_visitante,EN_visitante,BR_visitante,B/E_visitante,TO_visitante,FC_visitante,T/FC_visitante,ET_visitante,VI_visitante,EF_visitante
71,88,2022-05-03,3,4,2021-2022,Bauru Basket,São Paulo,0,78.6,33.0,33.6,12.0,33.46666666666667,7.0,26.466666666666665,15.933333333333334,11.466666666666667,1.4500000000000002,11.0,30.066666666666666,36.10866666666667,16.8,32.0,52.43666666666668,12.0,15.066666666666666,79.76666666666667,0.6,7.133333333333334,0.6293333333333333,1.5333333333333334,18.666666666666668,0.08333333333333333,11.466666666666667,2.7333333333333334,87.86666666666666,85.73333333333333,29.8,40.666666666666664,15.266666666666667,38.06666666666667,7.733333333333333,30.333333333333332,18.333333333333332,11.066666666666666,1.7553333333333332,9.933333333333334,27.8,35.658,20.333333333333332,33.733333333333334,59.96333333333333,15.266666666666667,20.266666666666666,75.62933333333332,2.466666666666667,6.133333333333334,0.578,3.2,18.266666666666666,0.18666666666666665,11.066666666666666,1.0,104.13333333333334
