placar_casa,placar_visitante,data,round,stage,ano,equipe_casa,equipe_visitante,resultado,Pts_casa,3P_casa,2P_casa,LL_casa,RT_casa,RO_casa,RD_casa,AS_casa,ER_casa,IA%_casa,3PC_casa,3PT_casa,3P%_casa,2PC_casa,2PT_casa,2P%_casa,LLC_casa,LLT_casa,LL%_casa,EN_casa,BR_casa,B/E_casa,TO_casa,FC_casa,T/FC_casa,ET_casa,VI_casa,EF_casa,Pts_visitante,3P_visitante,2P_visitante,LL_visitante,RT_visitante,RO_visitante,RD_visitante,AS_visitante,ER_visitante,IA%_visitante,3PC_visitante,3PT_visitante,3P%_visitante,2PC_visitante,2PT_visitante,2P%_visitante,LLC_visitante,LLT_visitante,LL%_visitante,EN_visitante,BR_visitante,B/E_visitante,TO_visitante,FC_visitante,T/FC_visitante,ET_visitante,VI_visitante,EF_visitante
96,68,2014-05-20,4,5,2013-2014,Coop/São José Basketball,Paulistano,1,78.06666666666666,24.2,37.333333333333336,16.533333333333335,39.6,11.6,28.0,15.6,14.466666666666667,1.1053333333333335,8.066666666666666,23.933333333333334,33.69933333333333,18.666666666666668,38.06666666666667,48.99466666666665,16.533333333333335,21.533333333333335,75.15266666666666,0.6666666666666666,8.266666666666667,0.5746666666666667,2.7333333333333334,18.733333333333334,0.15400000000000003,14.466666666666667,3.066666666666667,89.53333333333333,81.6,27.0,37.6,17.0,34.333333333333336,9.8,24.533333333333335,12.733333333333333,12.866666666666667,1.064,9.0,25.333333333333332,35.80533333333334,18.8,36.666666666666664,51.25266666666666,17.0,21.2,79.48533333333334,0.7333333333333333,10.6,0.8653333333333335,1.1333333333333333,22.133333333333333,0.05400000000000001,12.866666666666667,2.7333333333333334,89.13333333333334
