placar_casa,placar_visitante,data,round,stage,ano,equipe_casa,equipe_visitante,resultado,Pts_casa,3P_casa,2P_casa,LL_casa,RT_casa,RO_casa,RD_casa,AS_casa,ER_casa,IA%_casa,3PC_casa,3PT_casa,3P%_casa,2PC_casa,2PT_casa,2P%_casa,LLC_casa,LLT_casa,LL%_casa,EN_casa,BR_casa,B/E_casa,TO_casa,FC_casa,T/FC_casa,ET_casa,VI_casa,EF_casa,Pts_visitante,3P_visitante,2P_visitante,LL_visitante,RT_visitante,RO_visitante,RD_visitante,AS_visitante,ER_visitante,IA%_visitante,3PC_visitante,3PT_visitante,3P%_visitante,2PC_visitante,2PT_visitante,2P%_visitante,LLC_visitante,LLT_visitante,LL%_visitante,EN_visitante,BR_visitante,B/E_visitante,TO_visitante,FC_visitante,T/FC_visitante,ET_visitante,VI_visitante,EF_visitante
107,104,2024-04-23,2,3,2023-2024,UNIFACISA,São Paulo,1,85.96666666666667,31.7,38.93333333333333,15.333333333333334,36.13333333333333,9.933333333333334,26.2,17.433333333333334,11.1,1.7413333333333334,10.566666666666666,32.3,32.75599999999999,19.466666666666665,34.333333333333336,56.652,15.333333333333334,19.933333333333334,76.70533333333333,0.7,6.733333333333333,0.6793333333333333,1.6666666666666667,18.133333333333333,0.09000000000000001,11.1,2.3333333333333335,95.63333333333334,81.33333333333333,30.8,35.20066666666666,15.332666666666666,37.33266666666667,7.733333333333333,29.59933333333333,16.733999999999998,14.466000000000001,1.1726666666666667,10.266666666666667,26.60066666666667,38.91066666666667,17.599333333333334,30.732666666666663,57.31799999999999,15.332666666666666,19.0,80.88733333333336,0.9993333333333333,5.267333333333334,0.35866666666666663,1.8666666666666667,18.732666666666663,0.10200000000000004,14.466000000000001,1.6,94.93333333333334
