placar_casa,placar_visitante,data,round,stage,ano,equipe_casa,equipe_visitante,resultado,Pts_casa,3P_casa,2P_casa,LL_casa,RT_casa,RO_casa,RD_casa,AS_casa,ER_casa,IA%_casa,3PC_casa,3PT_casa,3P%_casa,2PC_casa,2PT_casa,2P%_casa,LLC_casa,LLT_casa,LL%_casa,EN_casa,BR_casa,B/E_casa,TO_casa,FC_casa,T/FC_casa,ET_casa,VI_casa,EF_casa,Pts_visitante,3P_visitante,2P_visitante,LL_visitante,RT_visitante,RO_visitante,RD_visitante,AS_visitante,ER_visitante,IA%_visitante,3PC_visitante,3PT_visitante,3P%_visitante,2PC_visitante,2PT_visitante,2P%_visitante,LLC_visitante,LLT_visitante,LL%_visitante,EN_visitante,BR_visitante,B/E_visitante,TO_visitante,FC_visitante,T/FC_visitante,ET_visitante,VI_visitante,EF_visitante
93,109,2019-12-06,8,1,2019-2020,Coop/São José Basketball,Minas,0,82.0,24.545454545454547,43.45454545454545,14.0,37.0,11.181818181818182,25.818181818181817,19.363636363636363,15.272727272727273,1.32,8.181818181818182,23.90909090909091,34.32181818181819,21.727272727272727,43.0,50.940000000000005,14.0,19.181818181818183,72.69636363636363,1.6363636363636365,7.636363636363637,0.5154545454545455,1.7272727272727273,22.545454545454547,0.07272727272727274,15.272727272727273,2.090909090909091,90.18181818181819,85.05555555555556,28.833333333333332,41.333333333333336,14.88888888888889,40.77777777777778,13.722222222222221,27.055555555555557,18.5,11.38888888888889,1.6955555555555553,9.61111111111111,30.944444444444443,30.813333333333333,20.666666666666668,37.5,55.61777777777778,14.88888888888889,19.444444444444443,76.94,1.5555555555555556,7.111111111111111,0.6322222222222222,1.7222222222222223,24.444444444444443,0.0688888888888889,11.38888888888889,1.8888888888888888,98.94444444444444
