placar_casa,placar_visitante,data,round,stage,ano,equipe_casa,equipe_visitante,resultado,Pts_casa,3P_casa,2P_casa,LL_casa,RT_casa,RO_casa,RD_casa,AS_casa,ER_casa,IA%_casa,3PC_casa,3PT_casa,3P%_casa,2PC_casa,2PT_casa,2P%_casa,LLC_casa,LLT_casa,LL%_casa,EN_casa,BR_casa,B/E_casa,TO_casa,FC_casa,T/FC_casa,ET_casa,VI_casa,EF_casa,Pts_visitante,3P_visitante,2P_visitante,LL_visitante,RT_visitante,RO_visitante,RD_visitante,AS_visitante,ER_visitante,IA%_visitante,3PC_visitante,3PT_visitante,3P%_visitante,2PC_visitante,2PT_visitante,2P%_visitante,LLC_visitante,LLT_visitante,LL%_visitante,EN_visitante,BR_visitante,B/E_visitante,TO_visitante,FC_visitante,T/FC_visitante,ET_visitante,VI_visitante,EF_visitante
82,95,2014-04-28,2,4,2013-2014,Brasília,Coop/São José Basketball,0,89.53333333333333,36.6,36.8,16.133333333333333,37.266666666666666,8.866666666666667,28.4,17.466666666666665,10.2,1.9200000000000004,12.2,32.8,37.08466666666666,18.4,31.933333333333334,58.45933333333334,16.133333333333333,19.866666666666667,81.78466666666667,1.4,8.333333333333334,0.9299999999999999,3.7333333333333334,19.133333333333333,0.2133333333333333,10.2,1.6,108.26666666666667,79.4,25.2,39.06666666666667,15.133333333333333,37.93333333333333,10.4,27.533333333333335,17.8,14.533333333333333,1.2660000000000002,8.4,24.333333333333332,34.466666666666676,19.533333333333335,38.53333333333333,50.455999999999996,15.133333333333333,19.4,75.068,0.7333333333333333,9.0,0.6346666666666666,2.466666666666667,18.333333333333332,0.14066666666666666,14.533333333333333,2.6666666666666665,92.86666666666666
