placar_casa,placar_visitante,data,round,stage,ano,equipe_casa,equipe_visitante,resultado,Pts_casa,3P_casa,2P_casa,LL_casa,RT_casa,RO_casa,RD_casa,AS_casa,ER_casa,IA%_casa,3PC_casa,3PT_casa,3P%_casa,2PC_casa,2PT_casa,2P%_casa,LLC_casa,LLT_casa,LL%_casa,EN_casa,BR_casa,B/E_casa,TO_casa,FC_casa,T/FC_casa,ET_casa,VI_casa,EF_casa,Pts_visitante,3P_visitante,2P_visitante,LL_visitante,RT_visitante,RO_visitante,RD_visitante,AS_visitante,ER_visitante,IA%_visitante,3PC_visitante,3PT_visitante,3P%_visitante,2PC_visitante,2PT_visitante,2P%_visitante,LLC_visitante,LLT_visitante,LL%_visitante,EN_visitante,BR_visitante,B/E_visitante,TO_visitante,FC_visitante,T/FC_visitante,ET_visitante,VI_visitante,EF_visitante
78,70,2020-03-10,8,2,2019-2020,Corinthians,Mogi,1,81.62266666666667,26.2,40.666666666666664,14.756,35.77733333333333,11.066666666666666,24.710666666666665,17.444,11.933333333333334,1.498,8.733333333333333,24.689333333333334,35.48266666666667,20.333333333333332,40.0,50.91133333333333,14.756,20.089333333333336,73.458,1.4226666666666667,8.110666666666667,0.7126666666666667,1.9106666666666667,22.866666666666667,0.08600000000000001,11.933333333333334,1.5773333333333333,91.86666666666666,84.20066666666665,30.6,36.934,16.666666666666668,36.733333333333334,10.132666666666667,26.60066666666667,16.6,14.733333333333333,1.1993333333333331,10.2,27.59933333333333,37.110666666666674,18.465999999999998,35.400666666666666,52.06933333333333,16.666666666666668,21.667333333333332,76.87933333333332,1.1993333333333334,7.199333333333333,0.5073333333333335,2.066666666666667,19.2,0.11133333333333333,14.733333333333333,1.8673333333333337,92.60066666666667
