placar_casa,placar_visitante,data,round,stage,ano,equipe_casa,equipe_visitante,resultado,Pts_casa,3P_casa,2P_casa,LL_casa,RT_casa,RO_casa,RD_casa,AS_casa,ER_casa,IA%_casa,3PC_casa,3PT_casa,3P%_casa,2PC_casa,2PT_casa,2P%_casa,LLC_casa,LLT_casa,LL%_casa,EN_casa,BR_casa,B/E_casa,TO_casa,FC_casa,T/FC_casa,ET_casa,VI_casa,EF_casa,Pts_visitante,3P_visitante,2P_visitante,LL_visitante,RT_visitante,RO_visitante,RD_visitante,AS_visitante,ER_visitante,IA%_visitante,3PC_visitante,3PT_visitante,3P%_visitante,2PC_visitante,2PT_visitante,2P%_visitante,LLC_visitante,LLT_visitante,LL%_visitante,EN_visitante,BR_visitante,B/E_visitante,TO_visitante,FC_visitante,T/FC_visitante,ET_visitante,VI_visitante,EF_visitante
84,71,2025-03-31,14,2,2024-2025,São José Basketball,Fortaleza Basquete Cearense,1,81.6,30.4,34.53333333333333,16.666666666666668,41.0,13.2,27.8,17.2,14.2,1.3239999999999996,10.133333333333333,30.133333333333333,33.37866666666666,17.266666666666666,36.2,48.11400000000001,16.666666666666668,22.2,74.99333333333334,1.4666666666666666,7.733333333333333,0.5873333333333333,2.4,19.333333333333332,0.12533333333333335,14.2,2.4,91.26666666666667,75.28933333333335,26.4,36.22266666666667,12.666666666666666,38.31066666666666,11.510666666666667,26.8,16.556,14.022666666666668,1.2773333333333334,8.8,26.22266666666667,34.11666666666667,18.110666666666663,36.28933333333334,50.20333333333334,12.666666666666666,18.489333333333335,68.604,1.6666666666666667,6.866666666666666,0.5266666666666667,2.1333333333333333,21.310666666666666,0.10200000000000004,14.022666666666668,3.222666666666667,83.71066666666665
