placar_casa,placar_visitante,data,round,stage,ano,equipe_casa,equipe_visitante,resultado,Pts_casa,3P_casa,2P_casa,LL_casa,RT_casa,RO_casa,RD_casa,AS_casa,ER_casa,IA%_casa,3PC_casa,3PT_casa,3P%_casa,2PC_casa,2PT_casa,2P%_casa,LLC_casa,LLT_casa,LL%_casa,EN_casa,BR_casa,B/E_casa,TO_casa,FC_casa,T/FC_casa,ET_casa,VI_casa,EF_casa,Pts_visitante,3P_visitante,2P_visitante,LL_visitante,RT_visitante,RO_visitante,RD_visitante,AS_visitante,ER_visitante,IA%_visitante,3PC_visitante,3PT_visitante,3P%_visitante,2PC_visitante,2PT_visitante,2P%_visitante,LLC_visitante,LLT_visitante,LL%_visitante,EN_visitante,BR_visitante,B/E_visitante,TO_visitante,FC_visitante,T/FC_visitante,ET_visitante,VI_visitante,EF_visitante
72,69,2016-01-26,3,2,2015-2016,Fortaleza B. C. / CFO,Paulistano,1,79.06666666666666,28.6,35.333333333333336,15.133333333333333,37.0,10.333333333333334,26.666666666666668,11.8,14.066666666666666,1.0086666666666668,9.533333333333333,27.0,36.05533333333334,17.666666666666668,35.733333333333334,49.435333333333325,15.133333333333333,20.6,73.33933333333334,1.7333333333333334,9.533333333333333,0.7520000000000001,2.2,21.333333333333332,0.09866666666666667,14.066666666666666,2.533333333333333,84.53333333333333,81.66666666666667,28.6,40.93333333333333,12.133333333333333,37.4,11.533333333333333,25.866666666666667,16.4,14.2,1.2846666666666666,9.533333333333333,26.2,36.41333333333333,20.466666666666665,38.46666666666667,53.876000000000005,12.133333333333333,16.8,72.45399999999998,1.8,10.666666666666666,0.8233333333333335,1.6,19.533333333333335,0.08866666666666667,14.2,3.933333333333333,94.2
