placar_casa,placar_visitante,data,round,stage,ano,equipe_casa,equipe_visitante,resultado,Pts_casa,3P_casa,2P_casa,LL_casa,RT_casa,RO_casa,RD_casa,AS_casa,ER_casa,IA%_casa,3PC_casa,3PT_casa,3P%_casa,2PC_casa,2PT_casa,2P%_casa,LLC_casa,LLT_casa,LL%_casa,EN_casa,BR_casa,B/E_casa,TO_casa,FC_casa,T/FC_casa,ET_casa,VI_casa,EF_casa,Pts_visitante,3P_visitante,2P_visitante,LL_visitante,RT_visitante,RO_visitante,RD_visitante,AS_visitante,ER_visitante,IA%_visitante,3PC_visitante,3PT_visitante,3P%_visitante,2PC_visitante,2PT_visitante,2P%_visitante,LLC_visitante,LLT_visitante,LL%_visitante,EN_visitante,BR_visitante,B/E_visitante,TO_visitante,FC_visitante,T/FC_visitante,ET_visitante,VI_visitante,EF_visitante
71,73,2012-03-28,13,2,2011-2012,Espírito Santo,Uberlândia,0,65.13333333333334,21.6,30.266666666666666,13.266666666666667,26.266666666666666,7.666666666666667,18.6,9.4,15.933333333333334,0.7106666666666664,7.2,21.533333333333335,32.6,15.133333333333333,35.666666666666664,43.019999999999996,13.266666666666667,17.266666666666666,76.91733333333333,0.6,7.066666666666666,0.4686666666666667,1.8666666666666667,21.666666666666668,0.08933333333333335,15.933333333333334,3.4,57.266666666666666,85.13333333333334,26.8,42.8,15.533333333333333,29.066666666666666,7.2,21.866666666666667,15.666666666666666,11.6,1.4460000000000004,8.933333333333334,23.333333333333332,37.74333333333333,21.4,39.733333333333334,53.943999999999996,15.533333333333333,19.533333333333335,79.37066666666666,3.466666666666667,6.866666666666666,0.6433333333333331,3.2666666666666666,18.8,0.18466666666666667,11.6,1.9333333333333333,94.33333333333333
