placar_casa,placar_visitante,data,round,stage,ano,equipe_casa,equipe_visitante,resultado,Pts_casa,3P_casa,2P_casa,LL_casa,RT_casa,RO_casa,RD_casa,AS_casa,ER_casa,IA%_casa,3PC_casa,3PT_casa,3P%_casa,2PC_casa,2PT_casa,2P%_casa,LLC_casa,LLT_casa,LL%_casa,EN_casa,BR_casa,B/E_casa,TO_casa,FC_casa,T/FC_casa,ET_casa,VI_casa,EF_casa,Pts_visitante,3P_visitante,2P_visitante,LL_visitante,RT_visitante,RO_visitante,RD_visitante,AS_visitante,ER_visitante,IA%_visitante,3PC_visitante,3PT_visitante,3P%_visitante,2PC_visitante,2PT_visitante,2P%_visitante,LLC_visitante,LLT_visitante,LL%_visitante,EN_visitante,BR_visitante,B/E_visitante,TO_visitante,FC_visitante,T/FC_visitante,ET_visitante,VI_visitante,EF_visitante
104,109,2010-02-12,11,1,2009-2010,Paulistano,Sesi Franca,0,72.18181818181819,18.0,42.72727272727273,11.454545454545455,28.181818181818183,8.909090909090908,19.272727272727273,13.0,12.727272727272727,1.1172727272727274,6.0,23.09090909090909,25.971818181818183,21.363636363636363,40.0,53.92545454545454,11.454545454545455,18.818181818181817,61.31818181818182,1.1818181818181819,7.454545454545454,0.6554545454545454,2.3636363636363638,20.90909090909091,0.11636363636363636,12.727272727272727,2.4545454545454546,67.36363636363636,84.08333333333333,28.5,38.333333333333336,17.25,27.166666666666668,7.5,19.666666666666668,12.333333333333334,11.0,1.4675,9.5,23.666666666666668,39.2625,19.166666666666668,37.0,52.33833333333332,17.25,22.666666666666668,75.06416666666667,0.25,6.416666666666667,0.6316666666666667,1.9166666666666667,21.0,0.09666666666666668,11.0,1.9166666666666667,83.5
