placar_casa,placar_visitante,data,round,stage,ano,equipe_casa,equipe_visitante,resultado,Pts_casa,3P_casa,2P_casa,LL_casa,RT_casa,RO_casa,RD_casa,AS_casa,ER_casa,IA%_casa,3PC_casa,3PT_casa,3P%_casa,2PC_casa,2PT_casa,2P%_casa,LLC_casa,LLT_casa,LL%_casa,EN_casa,BR_casa,B/E_casa,TO_casa,FC_casa,T/FC_casa,ET_casa,VI_casa,EF_casa,Pts_visitante,3P_visitante,2P_visitante,LL_visitante,RT_visitante,RO_visitante,RD_visitante,AS_visitante,ER_visitante,IA%_visitante,3PC_visitante,3PT_visitante,3P%_visitante,2PC_visitante,2PT_visitante,2P%_visitante,LLC_visitante,LLT_visitante,LL%_visitante,EN_visitante,BR_visitante,B/E_visitante,TO_visitante,FC_visitante,T/FC_visitante,ET_visitante,VI_visitante,EF_visitante
93,75,2024-01-24,3,2,2023-2024,Fortaleza B. C. / CFO,Mogi,1,79.566,22.7,41.79933333333334,15.066666666666666,37.63333333333333,8.866666666666667,28.766666666666666,16.334,13.866000000000001,1.212,7.567333333333334,23.49933333333333,32.17533333333333,20.900666666666666,36.266666666666666,57.41466666666667,15.066666666666666,21.933333333333334,67.532,1.8326666666666669,5.799333333333333,0.44133333333333336,1.9326666666666668,19.466,0.10533333333333332,13.866000000000001,2.3333333333333335,89.23266666666669,74.70066666666666,31.3,31.400666666666666,12.0,32.60066666666667,8.600666666666665,24.0,17.433333333333334,13.266,1.3579999999999999,10.434,28.566,36.315333333333335,15.699333333333334,30.733333333333334,51.37000000000001,12.0,16.36733333333333,74.72399999999999,0.366,6.000666666666666,0.47933333333333333,1.3,20.7,0.06533333333333333,13.266,2.6993333333333336,81.234
