placar_casa,placar_visitante,data,round,stage,ano,equipe_casa,equipe_visitante,resultado,Pts_casa,3P_casa,2P_casa,LL_casa,RT_casa,RO_casa,RD_casa,AS_casa,ER_casa,IA%_casa,3PC_casa,3PT_casa,3P%_casa,2PC_casa,2PT_casa,2P%_casa,LLC_casa,LLT_casa,LL%_casa,EN_casa,BR_casa,B/E_casa,TO_casa,FC_casa,T/FC_casa,ET_casa,VI_casa,EF_casa,Pts_visitante,3P_visitante,2P_visitante,LL_visitante,RT_visitante,RO_visitante,RD_visitante,AS_visitante,ER_visitante,IA%_visitante,3PC_visitante,3PT_visitante,3P%_visitante,2PC_visitante,2PT_visitante,2P%_visitante,LLC_visitante,LLT_visitante,LL%_visitante,EN_visitante,BR_visitante,B/E_visitante,TO_visitante,FC_visitante,T/FC_visitante,ET_visitante,VI_visitante,EF_visitante
67,65,2022-01-06,11,1,2021-2022,Pinheiros,Corinthians,1,78.53846153846153,27.923076923076923,37.23076923076923,13.384615384615385,43.84615384615385,15.23076923076923,28.615384615384617,15.692307692307692,13.846153846153847,1.1638461538461538,9.307692307692308,28.692307692307693,32.94307692307692,18.615384615384617,40.53846153846154,46.106153846153845,13.384615384615385,19.384615384615383,68.85461538461537,1.6153846153846154,7.384615384615385,0.5461538461538461,3.230769230769231,17.76923076923077,0.18230769230769228,13.846153846153847,2.5384615384615383,87.53846153846153,73.38461538461539,32.76923076923077,29.692307692307693,10.923076923076923,36.23076923076923,11.538461538461538,24.692307692307693,14.923076923076923,12.76923076923077,1.2276923076923079,10.923076923076923,34.07692307692308,32.36923076923077,14.846153846153847,29.53846153846154,50.27538461538461,10.923076923076923,14.23076923076923,78.27923076923076,0.9230769230769231,5.615384615384615,0.44615384615384623,2.3846153846153846,17.615384615384617,0.13307692307692306,12.76923076923077,2.8461538461538463,78.61538461538461
