placar_casa,placar_visitante,data,round,stage,ano,equipe_casa,equipe_visitante,resultado,Pts_casa,3P_casa,2P_casa,LL_casa,RT_casa,RO_casa,RD_casa,AS_casa,ER_casa,IA%_casa,3PC_casa,3PT_casa,3P%_casa,2PC_casa,2PT_casa,2P%_casa,LLC_casa,LLT_casa,LL%_casa,EN_casa,BR_casa,B/E_casa,TO_casa,FC_casa,T/FC_casa,ET_casa,VI_casa,EF_casa,Pts_visitante,3P_visitante,2P_visitante,LL_visitante,RT_visitante,RO_visitante,RD_visitante,AS_visitante,ER_visitante,IA%_visitante,3PC_visitante,3PT_visitante,3P%_visitante,2PC_visitante,2PT_visitante,2P%_visitante,LLC_visitante,LLT_visitante,LL%_visitante,EN_visitante,BR_visitante,B/E_visitante,TO_visitante,FC_visitante,T/FC_visitante,ET_visitante,VI_visitante,EF_visitante
75,96,2021-12-02,6,1,2021-2022,Minas,Sesi Franca,0,84.14285714285714,32.142857142857146,38.285714285714285,13.714285714285714,40.142857142857146,11.714285714285714,28.428571428571427,17.142857142857142,12.714285714285714,1.4842857142857144,10.714285714285714,28.428571428571427,37.29571428571428,19.142857142857142,35.714285714285715,53.62571428571429,13.714285714285714,18.571428571428573,74.64714285714285,2.2857142857142856,7.428571428571429,0.6371428571428571,2.142857142857143,14.571428571428571,0.16428571428571428,12.714285714285714,2.4285714285714284,99.14285714285714,91.625,31.125,45.0,15.5,40.75,8.75,32.0,19.625,12.625,1.5749999999999997,10.375,27.125,38.127500000000005,22.5,37.0,60.9575,15.5,20.875,74.80250000000001,3.5,6.375,0.5125000000000001,2.875,16.125,0.1825,12.625,1.625,112.0
