placar_casa,placar_visitante,data,round,stage,ano,equipe_casa,equipe_visitante,resultado,Pts_casa,3P_casa,2P_casa,LL_casa,RT_casa,RO_casa,RD_casa,AS_casa,ER_casa,IA%_casa,3PC_casa,3PT_casa,3P%_casa,2PC_casa,2PT_casa,2P%_casa,LLC_casa,LLT_casa,LL%_casa,EN_casa,BR_casa,B/E_casa,TO_casa,FC_casa,T/FC_casa,ET_casa,VI_casa,EF_casa,Pts_visitante,3P_visitante,2P_visitante,LL_visitante,RT_visitante,RO_visitante,RD_visitante,AS_visitante,ER_visitante,IA%_visitante,3PC_visitante,3PT_visitante,3P%_visitante,2PC_visitante,2PT_visitante,2P%_visitante,LLC_visitante,LLT_visitante,LL%_visitante,EN_visitante,BR_visitante,B/E_visitante,TO_visitante,FC_visitante,T/FC_visitante,ET_visitante,VI_visitante,EF_visitante
89,72,2021-12-16,8,1,2021-2022,São Paulo,Mogi,1,76.77777777777777,23.666666666666668,44.0,9.11111111111111,33.22222222222222,6.0,27.22222222222222,17.666666666666668,13.11111111111111,1.41,7.888888888888889,25.444444444444443,31.03111111111111,22.0,36.0,61.50444444444443,9.11111111111111,13.88888888888889,65.91000000000001,1.5555555555555556,7.888888888888889,0.5988888888888888,2.5555555555555554,16.333333333333332,0.15555555555555553,13.11111111111111,2.2222222222222223,88.66666666666667,77.5,27.0,36.0,14.5,39.9,11.0,28.9,18.6,14.6,1.2879999999999998,9.0,27.9,32.733999999999995,18.0,37.0,48.745999999999995,14.5,18.3,79.444,2.8,7.3,0.508,2.6,20.0,0.128,14.6,2.4,89.6
