placar_casa,placar_visitante,data,round,stage,ano,equipe_casa,equipe_visitante,resultado,Pts_casa,3P_casa,2P_casa,LL_casa,RT_casa,RO_casa,RD_casa,AS_casa,ER_casa,IA%_casa,3PC_casa,3PT_casa,3P%_casa,2PC_casa,2PT_casa,2P%_casa,LLC_casa,LLT_casa,LL%_casa,EN_casa,BR_casa,B/E_casa,TO_casa,FC_casa,T/FC_casa,ET_casa,VI_casa,EF_casa,Pts_visitante,3P_visitante,2P_visitante,LL_visitante,RT_visitante,RO_visitante,RD_visitante,AS_visitante,ER_visitante,IA%_visitante,3PC_visitante,3PT_visitante,3P%_visitante,2PC_visitante,2PT_visitante,2P%_visitante,LLC_visitante,LLT_visitante,LL%_visitante,EN_visitante,BR_visitante,B/E_visitante,TO_visitante,FC_visitante,T/FC_visitante,ET_visitante,VI_visitante,EF_visitante
90,66,2022-04-07,10,2,2021-2022,Sesi Franca,Fortaleza B. C. / CFO,1,90.44466666666668,32.1,43.31133333333334,15.033333333333333,37.922,10.133333333333333,27.788666666666664,16.85533333333333,10.021999999999998,1.9053333333333333,10.7,30.011333333333333,35.006,21.65533333333333,35.711333333333336,61.59733333333333,15.033333333333333,18.911333333333335,79.866,3.1113333333333335,5.333333333333333,0.6006666666666667,2.255333333333333,16.833333333333332,0.14133333333333337,10.021999999999998,1.4113333333333336,105.54466666666667,75.73333333333333,23.4,39.467333333333336,12.866000000000001,36.766,10.800666666666666,25.967333333333332,13.500666666666666,13.166666666666666,1.0346666666666666,7.8,26.434,29.888000000000012,19.732666666666667,39.60066666666667,50.355333333333334,12.866000000000001,20.500666666666667,62.906666666666666,1.4993333333333334,7.433333333333334,0.5826666666666668,2.0993333333333335,19.666,0.11,13.166666666666666,3.0660000000000003,76.23333333333333
