placar_casa,placar_visitante,data,round,stage,ano,equipe_casa,equipe_visitante,resultado,Pts_casa,3P_casa,2P_casa,LL_casa,RT_casa,RO_casa,RD_casa,AS_casa,ER_casa,IA%_casa,3PC_casa,3PT_casa,3P%_casa,2PC_casa,2PT_casa,2P%_casa,LLC_casa,LLT_casa,LL%_casa,EN_casa,BR_casa,B/E_casa,TO_casa,FC_casa,T/FC_casa,ET_casa,VI_casa,EF_casa,Pts_visitante,3P_visitante,2P_visitante,LL_visitante,RT_visitante,RO_visitante,RD_visitante,AS_visitante,ER_visitante,IA%_visitante,3PC_visitante,3PT_visitante,3P%_visitante,2PC_visitante,2PT_visitante,2P%_visitante,LLC_visitante,LLT_visitante,LL%_visitante,EN_visitante,BR_visitante,B/E_visitante,TO_visitante,FC_visitante,T/FC_visitante,ET_visitante,VI_visitante,EF_visitante
74,83,2019-03-14,10,2,2018-2019,Coop/São José Basketball,Bauru Basket,0,81.38866666666667,22.933333333333334,41.48866666666667,16.966666666666665,35.522000000000006,9.411333333333333,26.111333333333334,19.888666666666666,15.322,1.3373333333333333,7.644666666666667,24.522,31.247333333333337,20.744666666666667,35.65533333333334,58.322,16.966666666666665,22.178,76.066,1.1113333333333335,7.144666666666667,0.4740000000000001,1.3446666666666667,24.14466666666667,0.061333333333333344,15.322,2.0446666666666666,92.86666666666666,76.05600000000001,25.5,35.333333333333336,15.222666666666667,34.744,8.422666666666666,26.32266666666667,16.077333333333332,13.443999999999999,1.2673333333333334,8.5,26.043999999999997,32.68866666666667,17.666666666666668,33.88933333333333,51.72733333333333,15.222666666666667,20.644,74.41,0.9893333333333333,7.222666666666667,0.5666666666666667,2.3,21.944,0.10333333333333335,13.443999999999999,2.3,83.56666666666666
