placar_casa,placar_visitante,data,round,stage,ano,equipe_casa,equipe_visitante,resultado,Pts_casa,3P_casa,2P_casa,LL_casa,RT_casa,RO_casa,RD_casa,AS_casa,ER_casa,IA%_casa,3PC_casa,3PT_casa,3P%_casa,2PC_casa,2PT_casa,2P%_casa,LLC_casa,LLT_casa,LL%_casa,EN_casa,BR_casa,B/E_casa,TO_casa,FC_casa,T/FC_casa,ET_casa,VI_casa,EF_casa,Pts_visitante,3P_visitante,2P_visitante,LL_visitante,RT_visitante,RO_visitante,RD_visitante,AS_visitante,ER_visitante,IA%_visitante,3PC_visitante,3PT_visitante,3P%_visitante,2PC_visitante,2PT_visitante,2P%_visitante,LLC_visitante,LLT_visitante,LL%_visitante,EN_visitante,BR_visitante,B/E_visitante,TO_visitante,FC_visitante,T/FC_visitante,ET_visitante,VI_visitante,EF_visitante
89,86,2009-04-29,11,2,2008-2009,Bauru Basket,Joinville,1,82.0,27.8,38.266666666666666,15.933333333333334,29.133333333333333,9.466666666666667,19.666666666666668,13.8,10.8,1.544,9.266666666666667,23.8,38.744666666666674,19.133333333333333,35.733333333333334,53.73666666666667,15.933333333333334,21.8,73.70733333333332,1.0,6.6,0.7453333333333333,1.6666666666666667,19.0,0.08866666666666667,10.8,0.0,85.4,82.73333333333333,28.4,37.86666666666667,16.466666666666665,33.333333333333336,10.0,23.333333333333332,15.666666666666666,14.0,1.2146666666666668,9.466666666666667,27.333333333333332,34.81133333333334,18.933333333333334,36.266666666666666,52.102000000000004,16.466666666666665,24.133333333333333,68.49133333333333,2.0,9.666666666666666,0.748,2.8666666666666667,21.0,0.1406666666666667,14.0,0.0,87.4
