placar_casa,placar_visitante,data,round,stage,ano,equipe_casa,equipe_visitante,resultado,Pts_casa,3P_casa,2P_casa,LL_casa,RT_casa,RO_casa,RD_casa,AS_casa,ER_casa,IA%_casa,3PC_casa,3PT_casa,3P%_casa,2PC_casa,2PT_casa,2P%_casa,LLC_casa,LLT_casa,LL%_casa,EN_casa,BR_casa,B/E_casa,TO_casa,FC_casa,T/FC_casa,ET_casa,VI_casa,EF_casa,Pts_visitante,3P_visitante,2P_visitante,LL_visitante,RT_visitante,RO_visitante,RD_visitante,AS_visitante,ER_visitante,IA%_visitante,3PC_visitante,3PT_visitante,3P%_visitante,2PC_visitante,2PT_visitante,2P%_visitante,LLC_visitante,LLT_visitante,LL%_visitante,EN_visitante,BR_visitante,B/E_visitante,TO_visitante,FC_visitante,T/FC_visitante,ET_visitante,VI_visitante,EF_visitante
80,68,2013-03-09,10,2,2012-2013,Paulistano,Coop/São José Basketball,1,82.33333333333333,65.0,43.333333333333336,16.6,34.06666666666667,13.0,21.066666666666666,12.2,12.6,1.0493333333333335,7.466666666666667,21.4,36.16733333333333,21.666666666666668,43.8,49.46333333333334,16.6,26.333333333333332,63.08066666666666,2.2666666666666666,6.2,0.5246666666666667,1.8,21.866666666666667,0.08733333333333333,12.6,2.6666666666666665,90.6,80.06666666666666,60.8,40.53333333333333,14.733333333333333,30.6,6.333333333333333,24.266666666666666,18.8,12.666666666666666,1.5646666666666664,8.266666666666667,22.933333333333334,36.080666666666666,20.266666666666666,35.86666666666667,56.528666666666666,14.733333333333333,19.266666666666666,75.13133333333333,0.4,5.733333333333333,0.4666666666666667,2.4,19.733333333333334,0.12333333333333335,12.666666666666666,2.3333333333333335,97.0
