placar_casa,placar_visitante,data,round,stage,ano,equipe_casa,equipe_visitante,resultado,Pts_casa,3P_casa,2P_casa,LL_casa,RT_casa,RO_casa,RD_casa,AS_casa,ER_casa,IA%_casa,3PC_casa,3PT_casa,3P%_casa,2PC_casa,2PT_casa,2P%_casa,LLC_casa,LLT_casa,LL%_casa,EN_casa,BR_casa,B/E_casa,TO_casa,FC_casa,T/FC_casa,ET_casa,VI_casa,EF_casa,Pts_visitante,3P_visitante,2P_visitante,LL_visitante,RT_visitante,RO_visitante,RD_visitante,AS_visitante,ER_visitante,IA%_visitante,3PC_visitante,3PT_visitante,3P%_visitante,2PC_visitante,2PT_visitante,2P%_visitante,LLC_visitante,LLT_visitante,LL%_visitante,EN_visitante,BR_visitante,B/E_visitante,TO_visitante,FC_visitante,T/FC_visitante,ET_visitante,VI_visitante,EF_visitante
79,63,2015-12-22,14,1,2015-2016,Macaé Basquete,Coop/São José Basketball,1,78.33333333333333,22.5,35.0,20.833333333333332,32.083333333333336,8.833333333333334,23.25,11.416666666666666,13.583333333333334,0.9433333333333332,7.5,22.5,33.45833333333333,17.5,36.083333333333336,48.89000000000001,20.833333333333332,25.333333333333332,82.03916666666666,0.8333333333333334,9.75,0.7575,1.0833333333333333,22.75,0.05166666666666667,13.583333333333334,3.4166666666666665,81.0,79.72727272727273,28.09090909090909,34.72727272727273,16.90909090909091,32.09090909090909,8.181818181818182,23.90909090909091,15.0,14.272727272727273,1.1454545454545455,9.363636363636363,23.545454545454547,40.038181818181826,17.363636363636363,35.63636363636363,49.05,16.90909090909091,21.636363636363637,78.07,0.9090909090909091,6.636363636363637,0.5018181818181818,1.6363636363636365,23.454545454545453,0.06999999999999999,14.272727272727273,3.727272727272727,83.63636363636364
