placar_casa,placar_visitante,data,round,stage,ano,equipe_casa,equipe_visitante,resultado,Pts_casa,3P_casa,2P_casa,LL_casa,RT_casa,RO_casa,RD_casa,AS_casa,ER_casa,IA%_casa,3PC_casa,3PT_casa,3P%_casa,2PC_casa,2PT_casa,2P%_casa,LLC_casa,LLT_casa,LL%_casa,EN_casa,BR_casa,B/E_casa,TO_casa,FC_casa,T/FC_casa,ET_casa,VI_casa,EF_casa,Pts_visitante,3P_visitante,2P_visitante,LL_visitante,RT_visitante,RO_visitante,RD_visitante,AS_visitante,ER_visitante,IA%_visitante,3PC_visitante,3PT_visitante,3P%_visitante,2PC_visitante,2PT_visitante,2P%_visitante,LLC_visitante,LLT_visitante,LL%_visitante,EN_visitante,BR_visitante,B/E_visitante,TO_visitante,FC_visitante,T/FC_visitante,ET_visitante,VI_visitante,EF_visitante
76,78,2019-11-22,6,1,2019-2020,Paulistano,Fortaleza B. C. / CFO,0,84.0,35.333333333333336,36.666666666666664,12.0,38.888888888888886,11.61111111111111,27.27777777777778,18.944444444444443,12.666666666666666,1.5733333333333333,11.777777777777779,31.333333333333332,38.42888888888889,18.333333333333332,33.166666666666664,55.34888888888889,12.0,16.166666666666668,75.39,4.333333333333333,7.0,0.5588888888888889,1.7777777777777777,21.944444444444443,0.08,12.666666666666666,2.0555555555555554,99.16666666666667,77.85714285714286,24.428571428571427,37.142857142857146,16.285714285714285,37.42857142857143,11.571428571428571,25.857142857142858,12.428571428571429,11.857142857142858,1.0742857142857143,8.142857142857142,25.285714285714285,32.089999999999996,18.571428571428573,38.42857142857143,48.441428571428574,16.285714285714285,22.428571428571427,73.4357142857143,0.8571428571428571,6.857142857142857,0.5842857142857143,2.2857142857142856,24.714285714285715,0.09428571428571429,11.857142857142858,2.5714285714285716,81.71428571428571
