placar_casa,placar_visitante,data,round,stage,ano,equipe_casa,equipe_visitante,resultado,Pts_casa,3P_casa,2P_casa,LL_casa,RT_casa,RO_casa,RD_casa,AS_casa,ER_casa,IA%_casa,3PC_casa,3PT_casa,3P%_casa,2PC_casa,2PT_casa,2P%_casa,LLC_casa,LLT_casa,LL%_casa,EN_casa,BR_casa,B/E_casa,TO_casa,FC_casa,T/FC_casa,ET_casa,VI_casa,EF_casa,Pts_visitante,3P_visitante,2P_visitante,LL_visitante,RT_visitante,RO_visitante,RD_visitante,AS_visitante,ER_visitante,IA%_visitante,3PC_visitante,3PT_visitante,3P%_visitante,2PC_visitante,2PT_visitante,2P%_visitante,LLC_visitante,LLT_visitante,LL%_visitante,EN_visitante,BR_visitante,B/E_visitante,TO_visitante,FC_visitante,T/FC_visitante,ET_visitante,VI_visitante,EF_visitante
73,60,2017-04-18,5,3,2016-2017,Vitória,VipTech CMB,1,75.53333333333333,22.6,38.266666666666666,14.666666666666666,35.266666666666666,9.333333333333334,25.933333333333334,15.2,15.0,1.0966666666666667,7.533333333333333,24.066666666666666,31.749333333333333,19.133333333333333,38.4,50.27599999999999,14.666666666666666,21.533333333333335,67.59599999999999,1.4,9.466666666666667,0.6793333333333333,1.6,22.666666666666668,0.07400000000000001,15.0,4.066666666666666,79.4,75.4,26.8,31.466666666666665,17.133333333333333,37.46666666666667,11.733333333333333,25.733333333333334,14.266666666666667,14.866666666666667,1.0799999999999998,8.933333333333334,26.066666666666666,34.53933333333334,15.733333333333333,36.333333333333336,43.48266666666667,17.133333333333333,23.666666666666668,72.10466666666667,0.8666666666666667,7.933333333333334,0.5753333333333333,1.5333333333333334,21.066666666666666,0.07400000000000002,14.866666666666667,2.533333333333333,77.46666666666667
