placar_casa,placar_visitante,data,round,stage,ano,equipe_casa,equipe_visitante,resultado,Pts_casa,3P_casa,2P_casa,LL_casa,RT_casa,RO_casa,RD_casa,AS_casa,ER_casa,IA%_casa,3PC_casa,3PT_casa,3P%_casa,2PC_casa,2PT_casa,2P%_casa,LLC_casa,LLT_casa,LL%_casa,EN_casa,BR_casa,B/E_casa,TO_casa,FC_casa,T/FC_casa,ET_casa,VI_casa,EF_casa,Pts_visitante,3P_visitante,2P_visitante,LL_visitante,RT_visitante,RO_visitante,RD_visitante,AS_visitante,ER_visitante,IA%_visitante,3PC_visitante,3PT_visitante,3P%_visitante,2PC_visitante,2PT_visitante,2P%_visitante,LLC_visitante,LLT_visitante,LL%_visitante,EN_visitante,BR_visitante,B/E_visitante,TO_visitante,FC_visitante,T/FC_visitante,ET_visitante,VI_visitante,EF_visitante
113,83,2022-04-18,7,2,2021-2022,Flamengo,BRB/Brasília,1,87.46600000000002,42.0,31.99933333333333,13.466666666666667,41.13333333333333,11.599333333333334,29.534000000000002,19.066666666666666,12.133333333333333,1.5906666666666667,14.000666666666664,38.199333333333335,36.88,16.000666666666664,28.534000000000002,55.81266666666667,13.466666666666667,17.4,76.08866666666668,1.4673333333333332,5.533333333333333,0.46333333333333343,2.800666666666667,16.934000000000005,0.1673333333333333,12.133333333333333,1.8673333333333337,103.19933333333333,81.53333333333333,29.0,39.333333333333336,13.2,40.06666666666667,11.533333333333333,28.533333333333335,15.6,14.666666666666666,1.122,9.666666666666666,27.133333333333333,35.492,19.666666666666668,37.666666666666664,52.62733333333335,13.2,19.533333333333335,67.03733333333332,0.6666666666666666,6.066666666666666,0.43266666666666664,1.6666666666666667,19.666666666666668,0.08600000000000001,14.666666666666666,3.066666666666667,88.46666666666667
