placar_casa,placar_visitante,data,round,stage,ano,equipe_casa,equipe_visitante,resultado,Pts_casa,3P_casa,2P_casa,LL_casa,RT_casa,RO_casa,RD_casa,AS_casa,ER_casa,IA%_casa,3PC_casa,3PT_casa,3P%_casa,2PC_casa,2PT_casa,2P%_casa,LLC_casa,LLT_casa,LL%_casa,EN_casa,BR_casa,B/E_casa,TO_casa,FC_casa,T/FC_casa,ET_casa,VI_casa,EF_casa,Pts_visitante,3P_visitante,2P_visitante,LL_visitante,RT_visitante,RO_visitante,RD_visitante,AS_visitante,ER_visitante,IA%_visitante,3PC_visitante,3PT_visitante,3P%_visitante,2PC_visitante,2PT_visitante,2P%_visitante,LLC_visitante,LLT_visitante,LL%_visitante,EN_visitante,BR_visitante,B/E_visitante,TO_visitante,FC_visitante,T/FC_visitante,ET_visitante,VI_visitante,EF_visitante
67,86,2013-04-29,1,4,2012-2013,Pinheiros,Uberlândia,0,85.73333333333333,36.0,37.6,15.333333333333334,28.466666666666665,6.666666666666667,21.8,17.0,11.8,1.4966666666666666,10.933333333333334,26.666666666666668,40.83866666666667,18.8,32.266666666666666,59.78333333333334,15.333333333333334,20.133333333333333,75.34400000000001,1.8,5.066666666666666,0.42999999999999994,2.0,20.4,0.09666666666666668,11.8,1.9333333333333333,93.2,86.26666666666667,54.2,44.0,14.466666666666667,30.333333333333332,7.066666666666666,23.266666666666666,18.6,11.933333333333334,1.8266666666666667,9.266666666666667,23.2,40.84066666666668,22.0,38.06666666666667,57.788000000000004,14.466666666666667,17.466666666666665,82.34133333333332,3.1333333333333333,6.733333333333333,0.6053333333333334,3.066666666666667,20.733333333333334,0.15333333333333332,11.933333333333334,2.4,103.73333333333333
