placar_casa,placar_visitante,data,round,stage,ano,equipe_casa,equipe_visitante,resultado,Pts_casa,3P_casa,2P_casa,LL_casa,RT_casa,RO_casa,RD_casa,AS_casa,ER_casa,IA%_casa,3PC_casa,3PT_casa,3P%_casa,2PC_casa,2PT_casa,2P%_casa,LLC_casa,LLT_casa,LL%_casa,EN_casa,BR_casa,B/E_casa,TO_casa,FC_casa,T/FC_casa,ET_casa,VI_casa,EF_casa,Pts_visitante,3P_visitante,2P_visitante,LL_visitante,RT_visitante,RO_visitante,RD_visitante,AS_visitante,ER_visitante,IA%_visitante,3PC_visitante,3PT_visitante,3P%_visitante,2PC_visitante,2PT_visitante,2P%_visitante,LLC_visitante,LLT_visitante,LL%_visitante,EN_visitante,BR_visitante,B/E_visitante,TO_visitante,FC_visitante,T/FC_visitante,ET_visitante,VI_visitante,EF_visitante
96,94,2016-03-03,11,2,2015-2016,Vitória,Bauru Basket,1,71.26666666666667,17.8,38.13333333333333,15.333333333333334,34.13333333333333,11.6,22.533333333333335,12.4,15.866666666666667,0.8233333333333334,5.933333333333334,19.866666666666667,30.374666666666666,19.066666666666666,41.666666666666664,46.251999999999995,15.333333333333334,21.933333333333334,69.95,1.1333333333333333,12.066666666666666,0.8013333333333333,2.066666666666667,20.133333333333333,0.106,15.866666666666667,3.1333333333333333,72.8,86.13333333333334,33.4,35.86666666666667,16.866666666666667,38.46666666666667,10.0,28.466666666666665,16.733333333333334,13.533333333333333,1.4013333333333333,11.133333333333333,27.733333333333334,40.48066666666667,17.933333333333334,33.4,54.139999999999986,16.866666666666667,22.0,76.75000000000001,1.0,8.666666666666666,0.644,1.8666666666666667,18.8,0.10066666666666668,13.533333333333333,2.533333333333333,101.13333333333334
