placar_casa,placar_visitante,data,round,stage,ano,equipe_casa,equipe_visitante,resultado,Pts_casa,3P_casa,2P_casa,LL_casa,RT_casa,RO_casa,RD_casa,AS_casa,ER_casa,IA%_casa,3PC_casa,3PT_casa,3P%_casa,2PC_casa,2PT_casa,2P%_casa,LLC_casa,LLT_casa,LL%_casa,EN_casa,BR_casa,B/E_casa,TO_casa,FC_casa,T/FC_casa,ET_casa,VI_casa,EF_casa,Pts_visitante,3P_visitante,2P_visitante,LL_visitante,RT_visitante,RO_visitante,RD_visitante,AS_visitante,ER_visitante,IA%_visitante,3PC_visitante,3PT_visitante,3P%_visitante,2PC_visitante,2PT_visitante,2P%_visitante,LLC_visitante,LLT_visitante,LL%_visitante,EN_visitante,BR_visitante,B/E_visitante,TO_visitante,FC_visitante,T/FC_visitante,ET_visitante,VI_visitante,EF_visitante
76,95,2012-12-22,10,1,2012-2013,Mogi,Pinheiros,0,71.88888888888889,57.0,38.0,15.88888888888889,34.666666666666664,10.11111111111111,24.555555555555557,12.333333333333334,16.22222222222222,0.8288888888888888,6.0,18.555555555555557,32.07222222222222,19.0,40.111111111111114,47.68555555555555,15.88888888888889,21.666666666666668,72.79222222222224,0.5555555555555556,5.333333333333333,0.33333333333333337,1.2222222222222223,22.77777777777778,0.05777777777777778,16.22222222222222,3.0,78.55555555555556,89.85714285714286,58.714285714285715,39.142857142857146,21.571428571428573,32.57142857142857,7.0,25.571428571428573,14.714285714285714,15.571428571428571,1.092857142857143,9.714285714285714,27.0,37.56714285714286,19.571428571428573,33.857142857142854,58.38999999999999,21.571428571428573,28.0,76.22857142857143,1.7142857142857142,7.285714285714286,0.5571428571428572,2.7142857142857144,22.285714285714285,0.13285714285714287,15.571428571428571,1.4285714285714286,101.42857142857143
