placar_casa,placar_visitante,data,round,stage,ano,equipe_casa,equipe_visitante,resultado,Pts_casa,3P_casa,2P_casa,LL_casa,RT_casa,RO_casa,RD_casa,AS_casa,ER_casa,IA%_casa,3PC_casa,3PT_casa,3P%_casa,2PC_casa,2PT_casa,2P%_casa,LLC_casa,LLT_casa,LL%_casa,EN_casa,BR_casa,B/E_casa,TO_casa,FC_casa,T/FC_casa,ET_casa,VI_casa,EF_casa,Pts_visitante,3P_visitante,2P_visitante,LL_visitante,RT_visitante,RO_visitante,RD_visitante,AS_visitante,ER_visitante,IA%_visitante,3PC_visitante,3PT_visitante,3P%_visitante,2PC_visitante,2PT_visitante,2P%_visitante,LLC_visitante,LLT_visitante,LL%_visitante,EN_visitante,BR_visitante,B/E_visitante,TO_visitante,FC_visitante,T/FC_visitante,ET_visitante,VI_visitante,EF_visitante
92,73,2009-03-25,1,2,2008-2009,Sesi Franca,Saldanha,1,86.0,21.2,47.333333333333336,17.466666666666665,32.6,10.133333333333333,22.466666666666665,17.133333333333333,12.8,1.406,7.066666666666666,20.733333333333334,35.699333333333335,23.666666666666668,45.46666666666667,52.702,17.466666666666665,23.666666666666668,73.44466666666668,1.1333333333333333,9.066666666666666,0.7333333333333333,2.2666666666666666,21.266666666666666,0.12200000000000001,12.8,0.0,92.6,73.71428571428571,21.642857142857142,39.42857142857143,12.642857142857142,29.428571428571427,9.928571428571429,19.5,9.5,17.357142857142858,0.6078571428571428,7.214285714285714,21.0,34.19,19.714285714285715,39.357142857142854,51.205,12.642857142857142,20.642857142857142,61.894999999999996,3.4285714285714284,10.0,0.5764285714285713,1.7142857142857142,22.428571428571427,0.08,17.357142857142858,0.0,65.57142857142857
