placar_casa,placar_visitante,data,round,stage,ano,equipe_casa,equipe_visitante,resultado,Pts_casa,3P_casa,2P_casa,LL_casa,RT_casa,RO_casa,RD_casa,AS_casa,ER_casa,IA%_casa,3PC_casa,3PT_casa,3P%_casa,2PC_casa,2PT_casa,2P%_casa,LLC_casa,LLT_casa,LL%_casa,EN_casa,BR_casa,B/E_casa,TO_casa,FC_casa,T/FC_casa,ET_casa,VI_casa,EF_casa,Pts_visitante,3P_visitante,2P_visitante,LL_visitante,RT_visitante,RO_visitante,RD_visitante,AS_visitante,ER_visitante,IA%_visitante,3PC_visitante,3PT_visitante,3P%_visitante,2PC_visitante,2PT_visitante,2P%_visitante,LLC_visitante,LLT_visitante,LL%_visitante,EN_visitante,BR_visitante,B/E_visitante,TO_visitante,FC_visitante,T/FC_visitante,ET_visitante,VI_visitante,EF_visitante
81,87,2016-02-18,7,2,2015-2016,Coop/São José Basketball,Brasília,0,76.53333333333333,26.8,33.46666666666667,16.266666666666666,30.666666666666668,7.466666666666667,23.2,15.066666666666666,15.2,1.1133333333333333,8.933333333333334,23.466666666666665,38.36133333333333,16.733333333333334,33.93333333333333,49.68533333333333,16.266666666666666,21.266666666666666,75.07533333333335,0.7333333333333333,8.4,0.5926666666666667,1.6666666666666667,22.533333333333335,0.07600000000000001,15.2,3.7333333333333334,80.4,87.06666666666666,32.6,40.53333333333333,13.933333333333334,35.46666666666667,10.533333333333333,24.933333333333334,18.6,14.2,1.6246666666666665,10.866666666666667,26.133333333333333,41.21133333333333,20.266666666666666,38.733333333333334,52.63,13.933333333333334,16.866666666666667,83.26533333333333,1.8,9.733333333333333,0.7373333333333333,2.466666666666667,23.066666666666666,0.11133333333333335,14.2,2.8666666666666667,102.46666666666667
