placar_casa,placar_visitante,data,round,stage,ano,equipe_casa,equipe_visitante,resultado,Pts_casa,3P_casa,2P_casa,LL_casa,RT_casa,RO_casa,RD_casa,AS_casa,ER_casa,IA%_casa,3PC_casa,3PT_casa,3P%_casa,2PC_casa,2PT_casa,2P%_casa,LLC_casa,LLT_casa,LL%_casa,EN_casa,BR_casa,B/E_casa,TO_casa,FC_casa,T/FC_casa,ET_casa,VI_casa,EF_casa,Pts_visitante,3P_visitante,2P_visitante,LL_visitante,RT_visitante,RO_visitante,RD_visitante,AS_visitante,ER_visitante,IA%_visitante,3PC_visitante,3PT_visitante,3P%_visitante,2PC_visitante,2PT_visitante,2P%_visitante,LLC_visitante,LLT_visitante,LL%_visitante,EN_visitante,BR_visitante,B/E_visitante,TO_visitante,FC_visitante,T/FC_visitante,ET_visitante,VI_visitante,EF_visitante
67,78,2015-02-10,7,2,2014-2015,Coop/São José Basketball,Brasília,0,78.2,19.0,46.266666666666666,12.933333333333334,35.53333333333333,9.4,26.133333333333333,18.0,14.2,1.3893333333333333,6.333333333333333,19.533333333333335,32.494,23.133333333333333,43.13333333333333,53.76733333333333,12.933333333333334,17.0,74.61933333333333,1.3333333333333333,7.8,0.6006666666666667,2.1333333333333333,19.133333333333333,0.11266666666666668,14.2,2.8666666666666667,90.2,82.13333333333334,25.4,41.06666666666667,15.666666666666666,36.93333333333333,10.0,26.933333333333334,16.933333333333334,12.533333333333333,1.4266666666666667,8.466666666666667,24.333333333333332,35.599333333333334,20.533333333333335,38.4,53.613333333333344,15.666666666666666,20.4,75.81666666666666,2.933333333333333,7.466666666666667,0.6193333333333334,2.933333333333333,21.133333333333333,0.138,12.533333333333333,2.533333333333333,95.4
