placar_casa,placar_visitante,data,round,stage,ano,equipe_casa,equipe_visitante,resultado,Pts_casa,3P_casa,2P_casa,LL_casa,RT_casa,RO_casa,RD_casa,AS_casa,ER_casa,IA%_casa,3PC_casa,3PT_casa,3P%_casa,2PC_casa,2PT_casa,2P%_casa,LLC_casa,LLT_casa,LL%_casa,EN_casa,BR_casa,B/E_casa,TO_casa,FC_casa,T/FC_casa,ET_casa,VI_casa,EF_casa,Pts_visitante,3P_visitante,2P_visitante,LL_visitante,RT_visitante,RO_visitante,RD_visitante,AS_visitante,ER_visitante,IA%_visitante,3PC_visitante,3PT_visitante,3P%_visitante,2PC_visitante,2PT_visitante,2P%_visitante,LLC_visitante,LLT_visitante,LL%_visitante,EN_visitante,BR_visitante,B/E_visitante,TO_visitante,FC_visitante,T/FC_visitante,ET_visitante,VI_visitante,EF_visitante
85,96,2017-02-16,21,1,2016-2017,Minas,Paulistano,0,75.4,27.0,34.93333333333333,13.466666666666667,35.53333333333333,10.733333333333333,24.8,16.8,16.6,1.0526666666666666,9.0,26.066666666666666,35.41133333333333,17.466666666666665,34.8,50.18066666666667,13.466666666666667,18.2,75.16666666666667,1.7333333333333334,7.333333333333333,0.45333333333333337,2.3333333333333335,22.333333333333332,0.11000000000000001,16.6,4.2,81.66666666666667,81.73333333333333,31.2,35.333333333333336,15.2,37.6,12.666666666666666,24.933333333333334,17.866666666666667,12.0,1.562,10.4,30.933333333333334,33.96933333333333,17.666666666666668,35.86666666666667,49.49399999999999,15.2,19.533333333333335,76.914,1.5333333333333334,6.8,0.5806666666666668,1.8,21.4,0.08933333333333335,12.0,2.7333333333333334,90.73333333333333
