placar_casa,placar_visitante,data,round,stage,ano,equipe_casa,equipe_visitante,resultado,Pts_casa,3P_casa,2P_casa,LL_casa,RT_casa,RO_casa,RD_casa,AS_casa,ER_casa,IA%_casa,3PC_casa,3PT_casa,3P%_casa,2PC_casa,2PT_casa,2P%_casa,LLC_casa,LLT_casa,LL%_casa,EN_casa,BR_casa,B/E_casa,TO_casa,FC_casa,T/FC_casa,ET_casa,VI_casa,EF_casa,Pts_visitante,3P_visitante,2P_visitante,LL_visitante,RT_visitante,RO_visitante,RD_visitante,AS_visitante,ER_visitante,IA%_visitante,3PC_visitante,3PT_visitante,3P%_visitante,2PC_visitante,2PT_visitante,2P%_visitante,LLC_visitante,LLT_visitante,LL%_visitante,EN_visitante,BR_visitante,B/E_visitante,TO_visitante,FC_visitante,T/FC_visitante,ET_visitante,VI_visitante,EF_visitante
77,75,2013-04-13,15,2,2012-2013,Fortaleza B. C. / CFO,Espírito Santo,1,84.73333333333333,50.4,45.733333333333334,15.0,28.866666666666667,8.333333333333334,20.533333333333335,15.8,10.666666666666666,1.9133333333333336,8.0,21.133333333333333,37.721999999999994,22.866666666666667,42.46666666666667,53.926666666666655,15.0,19.0,79.44866666666667,1.0666666666666667,7.733333333333333,0.8713333333333334,2.6,21.266666666666666,0.13533333333333336,10.666666666666666,2.7333333333333334,96.53333333333333,78.93333333333334,51.2,42.93333333333333,17.4,32.0,9.333333333333334,22.666666666666668,10.8,12.933333333333334,1.0379999999999998,6.2,21.733333333333334,28.537999999999997,21.466666666666665,41.93333333333333,51.27133333333333,17.4,22.466666666666665,77.54799999999999,1.6,6.866666666666666,0.6626666666666666,1.4,19.266666666666666,0.07866666666666668,12.933333333333334,2.7333333333333334,82.2
