placar_casa,placar_visitante,data,round,stage,ano,equipe_casa,equipe_visitante,resultado,Pts_casa,3P_casa,2P_casa,LL_casa,RT_casa,RO_casa,RD_casa,AS_casa,ER_casa,IA%_casa,3PC_casa,3PT_casa,3P%_casa,2PC_casa,2PT_casa,2P%_casa,LLC_casa,LLT_casa,LL%_casa,EN_casa,BR_casa,B/E_casa,TO_casa,FC_casa,T/FC_casa,ET_casa,VI_casa,EF_casa,Pts_visitante,3P_visitante,2P_visitante,LL_visitante,RT_visitante,RO_visitante,RD_visitante,AS_visitante,ER_visitante,IA%_visitante,3PC_visitante,3PT_visitante,3P%_visitante,2PC_visitante,2PT_visitante,2P%_visitante,LLC_visitante,LLT_visitante,LL%_visitante,EN_visitante,BR_visitante,B/E_visitante,TO_visitante,FC_visitante,T/FC_visitante,ET_visitante,VI_visitante,EF_visitante
85,67,2012-02-23,7,2,2011-2012,Pinheiros,Espírito Santo,1,89.9,25.8,46.8,17.3,28.7,7.6,21.1,16.9,12.3,1.4280000000000002,8.6,21.2,39.452000000000005,23.4,39.9,58.491,17.3,22.7,74.804,3.4,10.4,0.89,3.3,18.4,0.177,12.3,3.0,103.3,62.111111111111114,21.666666666666668,27.77777777777778,12.666666666666666,25.22222222222222,7.777777777777778,17.444444444444443,7.888888888888889,17.11111111111111,0.5288888888888889,7.222222222222222,21.444444444444443,32.053333333333335,13.88888888888889,33.55555555555556,42.586666666666666,12.666666666666666,17.0,74.34777777777776,0.4444444444444444,7.222222222222222,0.4444444444444444,2.0,21.333333333333332,0.09111111111111111,17.11111111111111,4.111111111111111,49.111111111111114
