placar_casa,placar_visitante,data,round,stage,ano,equipe_casa,equipe_visitante,resultado,Pts_casa,3P_casa,2P_casa,LL_casa,RT_casa,RO_casa,RD_casa,AS_casa,ER_casa,IA%_casa,3PC_casa,3PT_casa,3P%_casa,2PC_casa,2PT_casa,2P%_casa,LLC_casa,LLT_casa,LL%_casa,EN_casa,BR_casa,B/E_casa,TO_casa,FC_casa,T/FC_casa,ET_casa,VI_casa,EF_casa,Pts_visitante,3P_visitante,2P_visitante,LL_visitante,RT_visitante,RO_visitante,RD_visitante,AS_visitante,ER_visitante,IA%_visitante,3PC_visitante,3PT_visitante,3P%_visitante,2PC_visitante,2PT_visitante,2P%_visitante,LLC_visitante,LLT_visitante,LL%_visitante,EN_visitante,BR_visitante,B/E_visitante,TO_visitante,FC_visitante,T/FC_visitante,ET_visitante,VI_visitante,EF_visitante
74,67,2024-03-20,9,2,2023-2024,São Paulo,Caxias do Sul Basquete,1,79.55600000000001,28.6,36.443999999999996,14.510666666666667,35.644,8.8,26.843999999999998,16.910666666666668,12.956,1.315333333333333,9.533333333333333,28.043999999999997,33.99133333333333,18.22266666666667,32.31066666666666,56.035333333333334,14.510666666666667,18.910666666666664,77.11133333333332,0.9333333333333333,5.822666666666667,0.4606666666666667,2.6439999999999997,19.110666666666663,0.14200000000000002,12.956,1.756,90.62266666666667,72.13333333333334,19.6,36.06666666666667,16.466666666666665,34.06666666666667,10.966666666666667,23.1,15.333333333333334,14.4,1.1593333333333333,6.533333333333333,24.666666666666668,26.258666666666667,18.033333333333335,35.766666666666666,50.577999999999996,16.466666666666665,22.366666666666667,73.51999999999998,1.5666666666666667,6.933333333333334,0.5146666666666666,2.2666666666666666,21.833333333333332,0.10533333333333333,14.4,3.2,74.56666666666666
