placar_casa,placar_visitante,data,round,stage,ano,equipe_casa,equipe_visitante,resultado,Pts_casa,3P_casa,2P_casa,LL_casa,RT_casa,RO_casa,RD_casa,AS_casa,ER_casa,IA%_casa,3PC_casa,3PT_casa,3P%_casa,2PC_casa,2PT_casa,2P%_casa,LLC_casa,LLT_casa,LL%_casa,EN_casa,BR_casa,B/E_casa,TO_casa,FC_casa,T/FC_casa,ET_casa,VI_casa,EF_casa,Pts_visitante,3P_visitante,2P_visitante,LL_visitante,RT_visitante,RO_visitante,RD_visitante,AS_visitante,ER_visitante,IA%_visitante,3PC_visitante,3PT_visitante,3P%_visitante,2PC_visitante,2PT_visitante,2P%_visitante,LLC_visitante,LLT_visitante,LL%_visitante,EN_visitante,BR_visitante,B/E_visitante,TO_visitante,FC_visitante,T/FC_visitante,ET_visitante,VI_visitante,EF_visitante
81,73,2025-04-17,16,2,2024-2025,Fortaleza Basquete Cearense,UNIFACISA,1,74.86666666666666,28.2,34.4,12.266666666666667,37.333333333333336,11.4,25.933333333333334,16.2,13.0,1.3346666666666664,9.4,27.533333333333335,34.47933333333334,17.2,35.93333333333333,47.970000000000006,12.266666666666667,17.933333333333334,68.15733333333333,1.6,7.133333333333334,0.5873333333333334,1.2666666666666666,20.733333333333334,0.062000000000000006,13.0,2.7333333333333334,81.26666666666667,76.86666666666666,31.4,34.8,10.666666666666666,37.13333333333333,10.333333333333334,26.8,16.533333333333335,12.933333333333334,1.336666666666667,10.466666666666667,28.0,37.64066666666667,17.4,35.13333333333333,49.728,10.666666666666666,17.066666666666666,62.49666666666667,1.5333333333333334,7.466666666666667,0.5886666666666668,2.4,20.266666666666666,0.11933333333333335,12.933333333333334,2.8,85.8
