placar_casa,placar_visitante,data,round,stage,ano,equipe_casa,equipe_visitante,resultado,Pts_casa,3P_casa,2P_casa,LL_casa,RT_casa,RO_casa,RD_casa,AS_casa,ER_casa,IA%_casa,3PC_casa,3PT_casa,3P%_casa,2PC_casa,2PT_casa,2P%_casa,LLC_casa,LLT_casa,LL%_casa,EN_casa,BR_casa,B/E_casa,TO_casa,FC_casa,T/FC_casa,ET_casa,VI_casa,EF_casa,Pts_visitante,3P_visitante,2P_visitante,LL_visitante,RT_visitante,RO_visitante,RD_visitante,AS_visitante,ER_visitante,IA%_visitante,3PC_visitante,3PT_visitante,3P%_visitante,2PC_visitante,2PT_visitante,2P%_visitante,LLC_visitante,LLT_visitante,LL%_visitante,EN_visitante,BR_visitante,B/E_visitante,TO_visitante,FC_visitante,T/FC_visitante,ET_visitante,VI_visitante,EF_visitante
82,72,2017-05-12,2,5,2016-2017,Paulistano,Vitória,1,81.33333333333333,29.2,33.2,18.933333333333334,37.666666666666664,11.6,26.066666666666666,15.6,12.866666666666667,1.353333333333333,9.733333333333333,27.933333333333334,34.989333333333335,16.6,34.266666666666666,49.13066666666666,18.933333333333334,24.6,77.244,1.4,6.4,0.5326666666666667,2.466666666666667,21.466666666666665,0.12000000000000001,12.866666666666667,2.3333333333333335,89.06666666666666,78.93333333333334,26.0,37.86666666666667,15.066666666666666,36.333333333333336,10.2,26.133333333333333,16.2,14.933333333333334,1.1746666666666665,8.666666666666666,24.466666666666665,35.96666666666667,18.933333333333334,37.6,50.38666666666667,15.066666666666666,20.733333333333334,72.26599999999999,1.4,8.2,0.5866666666666667,1.6666666666666667,23.4,0.07400000000000001,14.933333333333334,3.933333333333333,86.26666666666667
