placar_casa,placar_visitante,data,round,stage,ano,equipe_casa,equipe_visitante,resultado,Pts_casa,3P_casa,2P_casa,LL_casa,RT_casa,RO_casa,RD_casa,AS_casa,ER_casa,IA%_casa,3PC_casa,3PT_casa,3P%_casa,2PC_casa,2PT_casa,2P%_casa,LLC_casa,LLT_casa,LL%_casa,EN_casa,BR_casa,B/E_casa,TO_casa,FC_casa,T/FC_casa,ET_casa,VI_casa,EF_casa,Pts_visitante,3P_visitante,2P_visitante,LL_visitante,RT_visitante,RO_visitante,RD_visitante,AS_visitante,ER_visitante,IA%_visitante,3PC_visitante,3PT_visitante,3P%_visitante,2PC_visitante,2PT_visitante,2P%_visitante,LLC_visitante,LLT_visitante,LL%_visitante,EN_visitante,BR_visitante,B/E_visitante,TO_visitante,FC_visitante,T/FC_visitante,ET_visitante,VI_visitante,EF_visitante
83,70,2023-04-05,9,2,2022-2023,Flamengo,Paulistano,1,85.80066666666667,36.2,38.53333333333333,11.067333333333332,41.931999999999995,12.0,29.934000000000005,21.2,11.867333333333333,1.93,12.066666666666666,32.8,36.69866666666667,19.266666666666666,33.333333333333336,57.477999999999994,11.067333333333332,15.067333333333332,73.36533333333334,1.2666666666666666,6.334666666666667,0.5746666666666668,2.2659999999999996,15.998666666666663,0.14666666666666667,11.867333333333333,2.066666666666667,106.86600000000001,78.39933333333335,23.9,41.266,13.233333333333333,40.199333333333335,13.966666666666667,26.232666666666663,14.299333333333333,12.066,1.2033333333333336,7.967333333333333,24.933333333333334,32.11666666666667,20.634000000000004,43.766,47.381999999999984,13.233333333333333,18.166666666666668,72.34266666666667,1.9660000000000002,7.965999999999999,0.6686666666666667,1.800666666666667,19.800666666666665,0.09733333333333337,12.066,2.3993333333333333,85.56733333333332
