placar_casa,placar_visitante,data,round,stage,ano,equipe_casa,equipe_visitante,resultado,Pts_casa,3P_casa,2P_casa,LL_casa,RT_casa,RO_casa,RD_casa,AS_casa,ER_casa,IA%_casa,3PC_casa,3PT_casa,3P%_casa,2PC_casa,2PT_casa,2P%_casa,LLC_casa,LLT_casa,LL%_casa,EN_casa,BR_casa,B/E_casa,TO_casa,FC_casa,T/FC_casa,ET_casa,VI_casa,EF_casa,Pts_visitante,3P_visitante,2P_visitante,LL_visitante,RT_visitante,RO_visitante,RD_visitante,AS_visitante,ER_visitante,IA%_visitante,3PC_visitante,3PT_visitante,3P%_visitante,2PC_visitante,2PT_visitante,2P%_visitante,LLC_visitante,LLT_visitante,LL%_visitante,EN_visitante,BR_visitante,B/E_visitante,TO_visitante,FC_visitante,T/FC_visitante,ET_visitante,VI_visitante,EF_visitante
82,70,2023-04-18,1,3,2022-2023,Pato Basquete,Paulistano,1,79.39933333333333,23.733333333333334,43.733333333333334,11.932666666666668,37.24333333333333,12.177333333333333,25.066,14.999333333333334,13.176666666666668,1.2640000000000002,7.91,26.422,29.55133333333334,21.866666666666667,40.288666666666664,54.36000000000001,11.932666666666668,17.356,68.26866666666668,0.5326666666666667,8.088666666666667,0.654,1.6,20.2,0.07999999999999999,13.176666666666668,2.89,85.8,82.13266666666667,25.4,42.466,14.266666666666667,40.066,13.166666666666666,26.899333333333335,15.032666666666668,12.732666666666667,1.1900000000000002,8.467333333333334,24.433333333333334,34.790000000000006,21.233999999999998,42.132666666666665,50.69733333333333,14.266666666666667,19.433333333333334,72.66133333333333,2.332666666666667,7.199333333333333,0.5706666666666665,1.7673333333333332,20.733999999999998,0.082,12.732666666666667,2.766,91.434
