placar_casa,placar_visitante,data,round,stage,ano,equipe_casa,equipe_visitante,resultado,Pts_casa,3P_casa,2P_casa,LL_casa,RT_casa,RO_casa,RD_casa,AS_casa,ER_casa,IA%_casa,3PC_casa,3PT_casa,3P%_casa,2PC_casa,2PT_casa,2P%_casa,LLC_casa,LLT_casa,LL%_casa,EN_casa,BR_casa,B/E_casa,TO_casa,FC_casa,T/FC_casa,ET_casa,VI_casa,EF_casa,Pts_visitante,3P_visitante,2P_visitante,LL_visitante,RT_visitante,RO_visitante,RD_visitante,AS_visitante,ER_visitante,IA%_visitante,3PC_visitante,3PT_visitante,3P%_visitante,2PC_visitante,2PT_visitante,2P%_visitante,LLC_visitante,LLT_visitante,LL%_visitante,EN_visitante,BR_visitante,B/E_visitante,TO_visitante,FC_visitante,T/FC_visitante,ET_visitante,VI_visitante,EF_visitante
99,80,2021-04-10,8,2,2020-2021,UNIFACISA,Pato Basquete,1,82.37866666666666,29.266666666666666,41.24400000000001,11.868,35.11,10.021333333333333,25.090000000000007,18.622,14.400666666666666,1.4119999999999997,9.755999999999998,25.28933333333334,38.76466666666667,20.622666666666667,40.289333333333325,51.18666666666666,11.868,16.089999999999996,73.91799999999999,1.0,8.268,0.6393333333333332,2.6,20.888666666666666,0.12933333333333336,14.400666666666666,2.6226666666666665,93.15733333333334,75.28866666666666,25.2,36.0,14.089999999999998,36.220666666666666,10.444,25.77866666666667,15.156666666666668,13.646000000000004,1.3780000000000001,8.399333333333333,24.753999999999998,34.16466666666667,18.0,39.42266666666667,45.64533333333334,14.089999999999998,20.290000000000003,69.12333333333332,1.4680000000000002,7.445333333333334,0.5726666666666667,1.5340000000000003,21.865333333333332,0.07066666666666668,13.646000000000004,2.755333333333333,78.02199999999999
