placar_casa,placar_visitante,data,round,stage,ano,equipe_casa,equipe_visitante,resultado,Pts_casa,3P_casa,2P_casa,LL_casa,RT_casa,RO_casa,RD_casa,AS_casa,ER_casa,IA%_casa,3PC_casa,3PT_casa,3P%_casa,2PC_casa,2PT_casa,2P%_casa,LLC_casa,LLT_casa,LL%_casa,EN_casa,BR_casa,B/E_casa,TO_casa,FC_casa,T/FC_casa,ET_casa,VI_casa,EF_casa,Pts_visitante,3P_visitante,2P_visitante,LL_visitante,RT_visitante,RO_visitante,RD_visitante,AS_visitante,ER_visitante,IA%_visitante,3PC_visitante,3PT_visitante,3P%_visitante,2PC_visitante,2PT_visitante,2P%_visitante,LLC_visitante,LLT_visitante,LL%_visitante,EN_visitante,BR_visitante,B/E_visitante,TO_visitante,FC_visitante,T/FC_visitante,ET_visitante,VI_visitante,EF_visitante
72,70,2025-02-26,9,2,2024-2025,Brasília Basquete,Pinheiros,1,83.33266666666667,34.8,34.534,14.000666666666666,36.33266666666667,7.800666666666667,28.534,16.86733333333333,9.932666666666668,1.8086666666666669,11.6,32.66733333333334,35.666666666666664,17.266000000000002,32.2,53.903999999999996,14.000666666666666,17.934,77.00066666666665,1.3339999999999999,5.666666666666667,0.6066666666666668,1.6673333333333331,20.0,0.08933333333333335,9.932666666666668,2.1993333333333336,93.99933333333334,77.56666666666666,26.6,37.2,13.766666666666667,39.7,13.3,26.4,15.1,12.833333333333334,1.299333333333333,8.866666666666667,27.7,31.48,18.6,37.266666666666666,49.742,13.766666666666667,20.233333333333334,67.26666666666667,1.7333333333333334,7.033333333333333,0.5640000000000001,1.8333333333333333,21.5,0.08666666666666667,12.833333333333334,1.8333333333333333,84.43333333333334
