placar_casa,placar_visitante,data,round,stage,ano,equipe_casa,equipe_visitante,resultado,Pts_casa,3P_casa,2P_casa,LL_casa,RT_casa,RO_casa,RD_casa,AS_casa,ER_casa,IA%_casa,3PC_casa,3PT_casa,3P%_casa,2PC_casa,2PT_casa,2P%_casa,LLC_casa,LLT_casa,LL%_casa,EN_casa,BR_casa,B/E_casa,TO_casa,FC_casa,T/FC_casa,ET_casa,VI_casa,EF_casa,Pts_visitante,3P_visitante,2P_visitante,LL_visitante,RT_visitante,RO_visitante,RD_visitante,AS_visitante,ER_visitante,IA%_visitante,3PC_visitante,3PT_visitante,3P%_visitante,2PC_visitante,2PT_visitante,2P%_visitante,LLC_visitante,LLT_visitante,LL%_visitante,EN_visitante,BR_visitante,B/E_visitante,TO_visitante,FC_visitante,T/FC_visitante,ET_visitante,VI_visitante,EF_visitante
79,78,2023-03-01,5,2,2022-2023,Flamengo,Minas,1,83.334,37.8,35.06666666666667,10.467333333333332,43.06533333333334,12.333333333333332,30.734,19.666666666666668,12.267333333333333,1.6826666666666668,12.6,34.46666666666667,36.309333333333335,17.533333333333335,31.266666666666666,56.24399999999999,10.467333333333332,14.733999999999998,70.76199999999997,0.7333333333333333,6.334666666666667,0.5426666666666667,1.999333333333333,14.732000000000001,0.14066666666666666,12.267333333333333,2.4,102.26599999999999,85.73333333333333,29.8,43.46733333333332,12.466000000000003,42.06666666666667,11.266666666666667,30.8,21.933333333333334,13.266000000000002,1.7633333333333334,9.932666666666668,26.199333333333332,37.58066666666668,21.732666666666663,38.86666666666667,55.38933333333335,12.466000000000003,17.332666666666665,71.19133333333333,3.1333333333333333,6.134,0.5239999999999999,1.999333333333333,16.20066666666667,0.12533333333333338,13.266000000000002,3.200666666666667,106.33333333333333
