placar_casa,placar_visitante,data,round,stage,ano,equipe_casa,equipe_visitante,resultado,Pts_casa,3P_casa,2P_casa,LL_casa,RT_casa,RO_casa,RD_casa,AS_casa,ER_casa,IA%_casa,3PC_casa,3PT_casa,3P%_casa,2PC_casa,2PT_casa,2P%_casa,LLC_casa,LLT_casa,LL%_casa,EN_casa,BR_casa,B/E_casa,TO_casa,FC_casa,T/FC_casa,ET_casa,VI_casa,EF_casa,Pts_visitante,3P_visitante,2P_visitante,LL_visitante,RT_visitante,RO_visitante,RD_visitante,AS_visitante,ER_visitante,IA%_visitante,3PC_visitante,3PT_visitante,3P%_visitante,2PC_visitante,2PT_visitante,2P%_visitante,LLC_visitante,LLT_visitante,LL%_visitante,EN_visitante,BR_visitante,B/E_visitante,TO_visitante,FC_visitante,T/FC_visitante,ET_visitante,VI_visitante,EF_visitante
69,71,2019-01-19,2,2,2018-2019,Botafogo,Sesi Franca,0,75.28571428571429,23.357142857142858,40.42857142857143,11.5,34.57142857142857,10.0,24.571428571428573,17.214285714285715,15.071428571428571,1.225714285714286,7.785714285714286,21.285714285714285,36.725,20.214285714285715,39.07142857142857,51.864999999999995,11.5,16.785714285714285,68.815,2.0,7.714285714285714,0.5157142857142858,1.9285714285714286,23.428571428571427,0.085,15.071428571428571,2.9285714285714284,83.78571428571429,86.63333333333334,31.8,39.333333333333336,15.5,34.4,7.8,26.6,17.366666666666667,11.633333333333333,1.5106666666666664,10.6,28.933333333333334,36.34866666666666,19.666666666666668,31.733333333333334,62.014,15.5,18.733333333333334,82.36733333333332,2.1333333333333333,5.733333333333333,0.5066666666666667,1.5666666666666667,17.533333333333335,0.09200000000000003,11.633333333333333,1.7,100.26666666666667
