placar_casa,placar_visitante,data,round,stage,ano,equipe_casa,equipe_visitante,resultado,Pts_casa,3P_casa,2P_casa,LL_casa,RT_casa,RO_casa,RD_casa,AS_casa,ER_casa,IA%_casa,3PC_casa,3PT_casa,3P%_casa,2PC_casa,2PT_casa,2P%_casa,LLC_casa,LLT_casa,LL%_casa,EN_casa,BR_casa,B/E_casa,TO_casa,FC_casa,T/FC_casa,ET_casa,VI_casa,EF_casa,Pts_visitante,3P_visitante,2P_visitante,LL_visitante,RT_visitante,RO_visitante,RD_visitante,AS_visitante,ER_visitante,IA%_visitante,3PC_visitante,3PT_visitante,3P%_visitante,2PC_visitante,2PT_visitante,2P%_visitante,LLC_visitante,LLT_visitante,LL%_visitante,EN_visitante,BR_visitante,B/E_visitante,TO_visitante,FC_visitante,T/FC_visitante,ET_visitante,VI_visitante,EF_visitante
63,57,2014-04-03,16,2,2013-2014,Palmeiras,Minas,1,82.26666666666667,22.6,46.13333333333333,13.533333333333333,33.8,10.0,23.8,15.533333333333333,14.666666666666666,1.1786666666666668,7.533333333333333,19.066666666666666,39.40133333333333,23.066666666666666,44.333333333333336,52.55333333333333,13.533333333333333,18.933333333333334,70.50533333333333,2.2,11.066666666666666,0.8106666666666666,2.0,21.933333333333334,0.09333333333333334,14.666666666666666,2.0,91.8,71.46666666666667,18.0,40.4,13.066666666666666,30.066666666666666,10.133333333333333,19.933333333333334,13.866666666666667,11.933333333333334,1.208,6.0,18.133333333333333,32.68333333333333,20.2,41.333333333333336,49.00266666666667,13.066666666666666,18.133333333333333,72.98666666666666,1.3333333333333333,9.266666666666667,0.8253333333333331,3.533333333333333,22.266666666666666,0.16400000000000003,11.933333333333334,3.0,77.93333333333334
