placar_casa,placar_visitante,data,round,stage,ano,equipe_casa,equipe_visitante,resultado,Pts_casa,3P_casa,2P_casa,LL_casa,RT_casa,RO_casa,RD_casa,AS_casa,ER_casa,IA%_casa,3PC_casa,3PT_casa,3P%_casa,2PC_casa,2PT_casa,2P%_casa,LLC_casa,LLT_casa,LL%_casa,EN_casa,BR_casa,B/E_casa,TO_casa,FC_casa,T/FC_casa,ET_casa,VI_casa,EF_casa,Pts_visitante,3P_visitante,2P_visitante,LL_visitante,RT_visitante,RO_visitante,RD_visitante,AS_visitante,ER_visitante,IA%_visitante,3PC_visitante,3PT_visitante,3P%_visitante,2PC_visitante,2PT_visitante,2P%_visitante,LLC_visitante,LLT_visitante,LL%_visitante,EN_visitante,BR_visitante,B/E_visitante,TO_visitante,FC_visitante,T/FC_visitante,ET_visitante,VI_visitante,EF_visitante
80,77,2025-04-29,3,3,2024-2025,Flamengo,Caxias do Sul Basquete,1,85.23333333333333,30.9,41.333333333333336,13.0,37.56666666666667,11.733333333333333,25.833333333333332,18.566666666666666,13.866666666666667,1.436,10.3,28.333333333333332,36.167333333333325,20.666666666666668,35.86666666666667,58.13133333333333,13.0,17.3,74.65333333333334,1.9,8.366666666666667,0.656,2.3666666666666667,19.533333333333335,0.128,13.866666666666667,3.1,100.7,76.93333333333334,22.8,39.2,14.933333333333334,36.13333333333333,10.866666666666667,25.266666666666666,16.333333333333332,13.4,1.339333333333333,7.6,25.066666666666666,30.371333333333332,19.6,38.8,50.32266666666667,14.933333333333334,20.066666666666666,73.06733333333334,1.5333333333333334,7.533333333333333,0.6146666666666667,1.9333333333333333,20.0,0.09866666666666668,13.4,3.3333333333333335,83.66666666666667
