placar_casa,placar_visitante,data,round,stage,ano,equipe_casa,equipe_visitante,resultado,Pts_casa,3P_casa,2P_casa,LL_casa,RT_casa,RO_casa,RD_casa,AS_casa,ER_casa,IA%_casa,3PC_casa,3PT_casa,3P%_casa,2PC_casa,2PT_casa,2P%_casa,LLC_casa,LLT_casa,LL%_casa,EN_casa,BR_casa,B/E_casa,TO_casa,FC_casa,T/FC_casa,ET_casa,VI_casa,EF_casa,Pts_visitante,3P_visitante,2P_visitante,LL_visitante,RT_visitante,RO_visitante,RD_visitante,AS_visitante,ER_visitante,IA%_visitante,3PC_visitante,3PT_visitante,3P%_visitante,2PC_visitante,2PT_visitante,2P%_visitante,LLC_visitante,LLT_visitante,LL%_visitante,EN_visitante,BR_visitante,B/E_visitante,TO_visitante,FC_visitante,T/FC_visitante,ET_visitante,VI_visitante,EF_visitante
87,88,2019-12-10,9,1,2019-2020,Sesi Franca,São Paulo,0,87.66666666666667,32.25,36.833333333333336,18.583333333333332,38.5,9.0,29.5,19.166666666666668,12.416666666666666,1.5825000000000002,10.75,27.0,39.52916666666667,18.416666666666668,34.0,54.137499999999996,18.583333333333332,23.833333333333332,77.75666666666665,1.75,5.166666666666667,0.4341666666666666,2.5,19.416666666666668,0.13249999999999998,12.416666666666666,1.6666666666666667,103.41666666666667,85.30272727272728,33.54545454545455,38.54545454545455,13.211818181818181,43.24272727272727,11.272727272727273,31.970000000000002,20.12090909090909,13.15181818181818,1.6518181818181816,11.181818181818182,32.302727272727275,34.76,19.272727272727273,34.24272727272727,56.60999999999999,13.211818181818181,19.029999999999998,70.01818181818182,2.4845454545454544,5.515454545454546,0.42181818181818187,3.3936363636363636,17.636363636363637,0.19727272727272727,13.15181818181818,1.5454545454545454,102.51545454545455
