placar_casa,placar_visitante,data,round,stage,ano,equipe_casa,equipe_visitante,resultado,Pts_casa,3P_casa,2P_casa,LL_casa,RT_casa,RO_casa,RD_casa,AS_casa,ER_casa,IA%_casa,3PC_casa,3PT_casa,3P%_casa,2PC_casa,2PT_casa,2P%_casa,LLC_casa,LLT_casa,LL%_casa,EN_casa,BR_casa,B/E_casa,TO_casa,FC_casa,T/FC_casa,ET_casa,VI_casa,EF_casa,Pts_visitante,3P_visitante,2P_visitante,LL_visitante,RT_visitante,RO_visitante,RD_visitante,AS_visitante,ER_visitante,IA%_visitante,3PC_visitante,3PT_visitante,3P%_visitante,2PC_visitante,2PT_visitante,2P%_visitante,LLC_visitante,LLT_visitante,LL%_visitante,EN_visitante,BR_visitante,B/E_visitante,TO_visitante,FC_visitante,T/FC_visitante,ET_visitante,VI_visitante,EF_visitante
71,76,2024-11-14,6,1,2024-2025,Caxias do Sul Basquete,Brasília Basquete,0,71.71428571428571,25.714285714285715,31.430000000000007,14.569999999999999,38.28428571428571,13.572857142857144,24.715714285714284,15.715714285714286,13.712857142857143,1.2228571428571426,8.571428571428571,26.569999999999993,32.46285714285714,15.712857142857143,35.71571428571429,43.887142857142855,14.569999999999999,19.857142857142858,72.43285714285715,1.4285714285714286,4.857142857142857,0.38,1.4285714285714286,22.00142857142857,0.06571428571428571,13.712857142857143,3.4271428571428566,74.99857142857142,82.44444444444444,36.0,27.77777777777778,18.666666666666668,38.111111111111114,12.555555555555555,25.555555555555557,16.22222222222222,11.222222222222221,1.48,12.0,34.55555555555556,34.42666666666667,13.88888888888889,30.555555555555557,45.83777777777778,18.666666666666668,23.22222222222222,79.54666666666667,1.0,6.777777777777778,0.6411111111111112,1.4444444444444444,19.88888888888889,0.07555555555555556,11.222222222222221,2.111111111111111,90.0
