placar_casa,placar_visitante,data,round,stage,ano,equipe_casa,equipe_visitante,resultado,Pts_casa,3P_casa,2P_casa,LL_casa,RT_casa,RO_casa,RD_casa,AS_casa,ER_casa,IA%_casa,3PC_casa,3PT_casa,3P%_casa,2PC_casa,2PT_casa,2P%_casa,LLC_casa,LLT_casa,LL%_casa,EN_casa,BR_casa,B/E_casa,TO_casa,FC_casa,T/FC_casa,ET_casa,VI_casa,EF_casa,Pts_visitante,3P_visitante,2P_visitante,LL_visitante,RT_visitante,RO_visitante,RD_visitante,AS_visitante,ER_visitante,IA%_visitante,3PC_visitante,3PT_visitante,3P%_visitante,2PC_visitante,2PT_visitante,2P%_visitante,LLC_visitante,LLT_visitante,LL%_visitante,EN_visitante,BR_visitante,B/E_visitante,TO_visitante,FC_visitante,T/FC_visitante,ET_visitante,VI_visitante,EF_visitante
87,77,2009-02-13,5,1,2008-2009,Assis,Pinheiros,1,73.66666666666667,19.0,33.333333333333336,21.333333333333332,30.333333333333332,10.333333333333334,20.0,12.0,11.333333333333334,1.2933333333333332,6.333333333333333,21.666666666666668,29.150000000000002,16.666666666666668,32.666666666666664,50.883333333333326,21.333333333333332,30.333333333333332,71.07666666666667,1.3333333333333333,6.666666666666667,0.6466666666666666,3.6666666666666665,18.666666666666668,0.19666666666666668,11.333333333333334,0.0,74.66666666666667,83.25,27.75,36.0,19.5,34.5,9.25,25.25,15.75,14.0,1.155,9.25,23.75,38.692499999999995,18.0,33.75,53.69,19.5,26.0,75.215,2.5,5.0,0.35750000000000004,1.75,17.5,0.10250000000000001,14.0,0.0,89.5
