placar_casa,placar_visitante,data,round,stage,ano,equipe_casa,equipe_visitante,resultado,Pts_casa,3P_casa,2P_casa,LL_casa,RT_casa,RO_casa,RD_casa,AS_casa,ER_casa,IA%_casa,3PC_casa,3PT_casa,3P%_casa,2PC_casa,2PT_casa,2P%_casa,LLC_casa,LLT_casa,LL%_casa,EN_casa,BR_casa,B/E_casa,TO_casa,FC_casa,T/FC_casa,ET_casa,VI_casa,EF_casa,Pts_visitante,3P_visitante,2P_visitante,LL_visitante,RT_visitante,RO_visitante,RD_visitante,AS_visitante,ER_visitante,IA%_visitante,3PC_visitante,3PT_visitante,3P%_visitante,2PC_visitante,2PT_visitante,2P%_visitante,LLC_visitante,LLT_visitante,LL%_visitante,EN_visitante,BR_visitante,B/E_visitante,TO_visitante,FC_visitante,T/FC_visitante,ET_visitante,VI_visitante,EF_visitante
61,74,2016-02-18,8,2,2015-2016,L. Sorocabana,Caxias do Sul Basquete,0,65.73333333333333,15.2,39.46666666666667,11.066666666666666,33.6,12.933333333333334,20.666666666666668,11.533333333333333,14.8,0.8079999999999998,5.066666666666666,19.666666666666668,23.550666666666668,19.733333333333334,40.333333333333336,49.02266666666667,11.066666666666666,16.266666666666666,66.06133333333332,1.4,10.666666666666666,0.7446666666666667,2.066666666666667,19.266666666666666,0.13066666666666665,14.8,4.0,68.4,70.46666666666667,25.8,30.8,13.866666666666667,30.8,8.466666666666667,22.333333333333332,13.666666666666666,14.4,0.9893333333333333,8.6,25.333333333333332,34.88466666666667,15.4,33.733333333333334,46.27733333333333,13.866666666666667,19.4,70.57266666666668,1.6666666666666667,11.466666666666667,0.8106666666666666,1.3333333333333333,21.6,0.06266666666666666,14.4,3.2,72.73333333333333
