placar_casa,placar_visitante,data,round,stage,ano,equipe_casa,equipe_visitante,resultado,Pts_casa,3P_casa,2P_casa,LL_casa,RT_casa,RO_casa,RD_casa,AS_casa,ER_casa,IA%_casa,3PC_casa,3PT_casa,3P%_casa,2PC_casa,2PT_casa,2P%_casa,LLC_casa,LLT_casa,LL%_casa,EN_casa,BR_casa,B/E_casa,TO_casa,FC_casa,T/FC_casa,ET_casa,VI_casa,EF_casa,Pts_visitante,3P_visitante,2P_visitante,LL_visitante,RT_visitante,RO_visitante,RD_visitante,AS_visitante,ER_visitante,IA%_visitante,3PC_visitante,3PT_visitante,3P%_visitante,2PC_visitante,2PT_visitante,2P%_visitante,LLC_visitante,LLT_visitante,LL%_visitante,EN_visitante,BR_visitante,B/E_visitante,TO_visitante,FC_visitante,T/FC_visitante,ET_visitante,VI_visitante,EF_visitante
63,64,2016-04-21,3,4,2015-2016,Fortaleza B. C. / CFO,Mogi,0,78.93333333333334,30.2,32.266666666666666,16.466666666666665,38.13333333333333,11.2,26.933333333333334,15.066666666666666,12.866666666666667,1.2486666666666666,10.066666666666666,29.133333333333333,34.37866666666666,16.133333333333333,32.8,49.48866666666667,16.466666666666665,22.8,72.96466666666669,1.6,10.666666666666666,0.8560000000000001,2.933333333333333,21.066666666666666,0.13866666666666666,12.866666666666667,2.8666666666666667,90.8,79.53333333333333,21.2,43.2,15.133333333333333,38.333333333333336,12.266666666666667,26.066666666666666,16.066666666666666,11.866666666666667,1.4386666666666665,7.066666666666666,22.866666666666667,32.13399999999999,21.6,41.46666666666667,52.138000000000005,15.133333333333333,20.6,73.64266666666667,2.066666666666667,10.666666666666666,0.9693333333333333,2.066666666666667,20.133333333333333,0.10600000000000002,11.866666666666667,3.3333333333333335,93.66666666666667
