placar_casa,placar_visitante,data,round,stage,ano,equipe_casa,equipe_visitante,resultado,Pts_casa,3P_casa,2P_casa,LL_casa,RT_casa,RO_casa,RD_casa,AS_casa,ER_casa,IA%_casa,3PC_casa,3PT_casa,3P%_casa,2PC_casa,2PT_casa,2P%_casa,LLC_casa,LLT_casa,LL%_casa,EN_casa,BR_casa,B/E_casa,TO_casa,FC_casa,T/FC_casa,ET_casa,VI_casa,EF_casa,Pts_visitante,3P_visitante,2P_visitante,LL_visitante,RT_visitante,RO_visitante,RD_visitante,AS_visitante,ER_visitante,IA%_visitante,3PC_visitante,3PT_visitante,3P%_visitante,2PC_visitante,2PT_visitante,2P%_visitante,LLC_visitante,LLT_visitante,LL%_visitante,EN_visitante,BR_visitante,B/E_visitante,TO_visitante,FC_visitante,T/FC_visitante,ET_visitante,VI_visitante,EF_visitante
78,83,2021-12-18,8,1,2021-2022,Corinthians,São Paulo,0,72.77272727272727,32.86363636363637,28.818181818181817,11.090909090909092,36.27272727272727,11.727272727272727,24.545454545454547,14.636363636363637,12.863636363636363,1.2027272727272729,10.954545454545455,34.90909090909091,31.54363636363636,14.409090909090908,28.59090909090909,50.3890909090909,11.090909090909092,14.5,78.45454545454545,0.9545454545454546,5.545454545454546,0.43636363636363645,2.3636363636363638,17.181818181818183,0.13636363636363635,12.863636363636363,2.772727272727273,77.18181818181819,77.7,24.9,43.4,9.4,32.7,5.75,26.95,18.2,12.75,1.511,8.3,26.1,31.677999999999997,21.7,35.45,61.58399999999998,9.4,13.95,67.595,1.75,7.75,0.6069999999999999,2.45,16.2,0.14999999999999997,12.75,2.1,89.95
