placar_casa,placar_visitante,data,round,stage,ano,equipe_casa,equipe_visitante,resultado,Pts_casa,3P_casa,2P_casa,LL_casa,RT_casa,RO_casa,RD_casa,AS_casa,ER_casa,IA%_casa,3PC_casa,3PT_casa,3P%_casa,2PC_casa,2PT_casa,2P%_casa,LLC_casa,LLT_casa,LL%_casa,EN_casa,BR_casa,B/E_casa,TO_casa,FC_casa,T/FC_casa,ET_casa,VI_casa,EF_casa,Pts_visitante,3P_visitante,2P_visitante,LL_visitante,RT_visitante,RO_visitante,RD_visitante,AS_visitante,ER_visitante,IA%_visitante,3PC_visitante,3PT_visitante,3P%_visitante,2PC_visitante,2PT_visitante,2P%_visitante,LLC_visitante,LLT_visitante,LL%_visitante,EN_visitante,BR_visitante,B/E_visitante,TO_visitante,FC_visitante,T/FC_visitante,ET_visitante,VI_visitante,EF_visitante
73,71,2023-12-09,8,1,2023-2024,Pinheiros,Coop/São José Basketball,1,77.4,30.15,36.5,10.75,37.25,10.8,26.45,17.55,15.0,1.256,10.05,27.3,36.919,18.25,34.7,52.68299999999999,10.75,17.0,62.93999999999998,1.25,5.15,0.36,1.45,17.8,0.08200000000000002,15.0,2.65,83.85,81.4090909090909,27.272727272727273,40.72727272727273,13.409090909090908,40.09090909090909,10.409090909090908,29.681818181818183,18.272727272727273,15.363636363636363,1.2,9.090909090909092,26.727272727272727,33.855454545454535,20.363636363636363,37.36363636363637,54.68727272727272,13.409090909090908,18.545454545454547,72.48,1.0909090909090908,8.636363636363637,0.5754545454545453,1.9090909090909092,19.636363636363637,0.10181818181818182,15.363636363636363,3.3636363636363638,95.18181818181819
