placar_casa,placar_visitante,data,round,stage,ano,equipe_casa,equipe_visitante,resultado,Pts_casa,3P_casa,2P_casa,LL_casa,RT_casa,RO_casa,RD_casa,AS_casa,ER_casa,IA%_casa,3PC_casa,3PT_casa,3P%_casa,2PC_casa,2PT_casa,2P%_casa,LLC_casa,LLT_casa,LL%_casa,EN_casa,BR_casa,B/E_casa,TO_casa,FC_casa,T/FC_casa,ET_casa,VI_casa,EF_casa,Pts_visitante,3P_visitante,2P_visitante,LL_visitante,RT_visitante,RO_visitante,RD_visitante,AS_visitante,ER_visitante,IA%_visitante,3PC_visitante,3PT_visitante,3P%_visitante,2PC_visitante,2PT_visitante,2P%_visitante,LLC_visitante,LLT_visitante,LL%_visitante,EN_visitante,BR_visitante,B/E_visitante,TO_visitante,FC_visitante,T/FC_visitante,ET_visitante,VI_visitante,EF_visitante
80,81,2015-04-12,2,3,2014-2015,Minas,Macaé Basquete,0,75.46666666666667,22.2,38.0,15.266666666666667,33.13333333333333,9.066666666666666,24.066666666666666,16.933333333333334,12.733333333333333,1.4393333333333336,7.4,23.266666666666666,31.444,19.0,36.2,52.30266666666667,15.266666666666667,21.466666666666665,70.60600000000001,2.3333333333333335,9.066666666666666,0.7859999999999999,1.4666666666666666,23.533333333333335,0.06400000000000002,12.733333333333333,2.3333333333333335,84.06666666666666,79.26666666666667,21.6,39.46666666666667,18.2,33.0,10.4,22.6,13.466666666666667,14.533333333333333,1.048,7.2,19.933333333333334,35.63666666666667,19.733333333333334,39.53333333333333,49.748666666666665,18.2,22.466666666666665,80.97866666666665,1.4,8.133333333333333,0.6013333333333333,1.2666666666666666,22.733333333333334,0.06266666666666668,14.533333333333333,4.133333333333334,83.8
