placar_casa,placar_visitante,data,round,stage,ano,equipe_casa,equipe_visitante,resultado,Pts_casa,3P_casa,2P_casa,LL_casa,RT_casa,RO_casa,RD_casa,AS_casa,ER_casa,IA%_casa,3PC_casa,3PT_casa,3P%_casa,2PC_casa,2PT_casa,2P%_casa,LLC_casa,LLT_casa,LL%_casa,EN_casa,BR_casa,B/E_casa,TO_casa,FC_casa,T/FC_casa,ET_casa,VI_casa,EF_casa,Pts_visitante,3P_visitante,2P_visitante,LL_visitante,RT_visitante,RO_visitante,RD_visitante,AS_visitante,ER_visitante,IA%_visitante,3PC_visitante,3PT_visitante,3P%_visitante,2PC_visitante,2PT_visitante,2P%_visitante,LLC_visitante,LLT_visitante,LL%_visitante,EN_visitante,BR_visitante,B/E_visitante,TO_visitante,FC_visitante,T/FC_visitante,ET_visitante,VI_visitante,EF_visitante
83,94,2022-12-19,10,1,2022-2023,Fortaleza B. C. / CFO,União Corinthians,0,69.0,18.46153846153846,39.69230769230769,10.846153846153847,43.07692307692308,13.0,30.076923076923077,13.461538461538462,14.692307692307692,0.9915384615384616,6.153846153846154,23.846153846153847,26.447692307692307,19.846153846153847,43.30769230769231,45.06384615384615,10.846153846153847,19.307692307692307,57.43846153846153,1.3846153846153846,6.923076923076923,0.5307692307692308,2.3076923076923075,20.53846153846154,0.11538461538461539,14.692307692307692,2.923076923076923,70.46153846153847,76.835,36.0,31.000000000000004,9.832500000000001,33.41583333333333,9.668333333333333,23.750000000000004,18.750833333333336,12.749166666666667,1.5466666666666669,11.998333333333333,34.00166666666667,35.89083333333333,15.500000000000002,32.75000000000001,47.379999999999995,9.832500000000001,12.333333333333334,78.90416666666668,1.8325000000000002,6.7491666666666665,0.5366666666666667,2.0,19.749166666666664,0.10083333333333334,12.749166666666667,2.4166666666666665,83.25000000000001
