placar_casa,placar_visitante,data,round,stage,ano,equipe_casa,equipe_visitante,resultado,Pts_casa,3P_casa,2P_casa,LL_casa,RT_casa,RO_casa,RD_casa,AS_casa,ER_casa,IA%_casa,3PC_casa,3PT_casa,3P%_casa,2PC_casa,2PT_casa,2P%_casa,LLC_casa,LLT_casa,LL%_casa,EN_casa,BR_casa,B/E_casa,TO_casa,FC_casa,T/FC_casa,ET_casa,VI_casa,EF_casa,Pts_visitante,3P_visitante,2P_visitante,LL_visitante,RT_visitante,RO_visitante,RD_visitante,AS_visitante,ER_visitante,IA%_visitante,3PC_visitante,3PT_visitante,3P%_visitante,2PC_visitante,2PT_visitante,2P%_visitante,LLC_visitante,LLT_visitante,LL%_visitante,EN_visitante,BR_visitante,B/E_visitante,TO_visitante,FC_visitante,T/FC_visitante,ET_visitante,VI_visitante,EF_visitante
74,86,2021-11-21,5,1,2021-2022,Cerrado,Mogi,0,78.75,27.0,40.333333333333336,11.416666666666666,44.166666666666664,13.25,30.916666666666668,13.916666666666666,16.333333333333332,0.9066666666666666,9.0,31.916666666666668,28.25833333333333,20.166666666666668,38.666666666666664,51.93166666666667,11.416666666666666,17.416666666666668,65.40166666666666,1.75,7.166666666666667,0.46166666666666667,2.1666666666666665,18.916666666666668,0.115,16.333333333333332,2.8333333333333335,82.41666666666667,76.35714285714286,27.428571428571427,36.142857142857146,12.785714285714286,39.785714285714285,12.0,27.785714285714285,18.714285714285715,15.357142857142858,1.2285714285714284,9.142857142857142,27.5,33.872857142857136,18.071428571428573,37.92857142857143,47.708571428571425,12.785714285714286,16.5,78.27428571428572,2.642857142857143,7.142857142857143,0.4714285714285714,2.2857142857142856,19.5,0.11428571428571431,15.357142857142858,2.642857142857143,87.0
