placar_casa,placar_visitante,data,round,stage,ano,equipe_casa,equipe_visitante,resultado,Pts_casa,3P_casa,2P_casa,LL_casa,RT_casa,RO_casa,RD_casa,AS_casa,ER_casa,IA%_casa,3PC_casa,3PT_casa,3P%_casa,2PC_casa,2PT_casa,2P%_casa,LLC_casa,LLT_casa,LL%_casa,EN_casa,BR_casa,B/E_casa,TO_casa,FC_casa,T/FC_casa,ET_casa,VI_casa,EF_casa,Pts_visitante,3P_visitante,2P_visitante,LL_visitante,RT_visitante,RO_visitante,RD_visitante,AS_visitante,ER_visitante,IA%_visitante,3PC_visitante,3PT_visitante,3P%_visitante,2PC_visitante,2PT_visitante,2P%_visitante,LLC_visitante,LLT_visitante,LL%_visitante,EN_visitante,BR_visitante,B/E_visitante,TO_visitante,FC_visitante,T/FC_visitante,ET_visitante,VI_visitante,EF_visitante
82,78,2017-05-27,1,6,2016-2017,Paulistano,Bauru Basket,1,80.53333333333333,29.4,32.666666666666664,18.466666666666665,37.8,10.933333333333334,26.866666666666667,14.6,13.333333333333334,1.2386666666666666,9.8,29.133333333333333,33.76,16.333333333333332,33.06666666666667,50.34266666666667,18.466666666666665,23.533333333333335,79.25399999999999,1.4666666666666666,6.6,0.5346666666666666,2.2,21.333333333333332,0.10733333333333334,13.333333333333334,2.3333333333333335,87.26666666666667,83.33333333333333,26.8,39.06666666666667,17.466666666666665,37.93333333333333,10.266666666666667,27.666666666666668,17.8,14.8,1.2553333333333334,8.933333333333334,25.2,35.85533333333333,19.533333333333335,35.2,56.104,17.466666666666665,23.933333333333334,73.64266666666666,1.3333333333333333,7.133333333333334,0.4953333333333333,2.6666666666666665,23.0,0.11333333333333333,14.8,2.933333333333333,95.66666666666667
