placar_casa,placar_visitante,data,round,stage,ano,equipe_casa,equipe_visitante,resultado,Pts_casa,3P_casa,2P_casa,LL_casa,RT_casa,RO_casa,RD_casa,AS_casa,ER_casa,IA%_casa,3PC_casa,3PT_casa,3P%_casa,2PC_casa,2PT_casa,2P%_casa,LLC_casa,LLT_casa,LL%_casa,EN_casa,BR_casa,B/E_casa,TO_casa,FC_casa,T/FC_casa,ET_casa,VI_casa,EF_casa,Pts_visitante,3P_visitante,2P_visitante,LL_visitante,RT_visitante,RO_visitante,RD_visitante,AS_visitante,ER_visitante,IA%_visitante,3PC_visitante,3PT_visitante,3P%_visitante,2PC_visitante,2PT_visitante,2P%_visitante,LLC_visitante,LLT_visitante,LL%_visitante,EN_visitante,BR_visitante,B/E_visitante,TO_visitante,FC_visitante,T/FC_visitante,ET_visitante,VI_visitante,EF_visitante
67,87,2017-01-26,17,1,2016-2017,Macaé Basquete,Bauru Basket,0,73.0,23.0,37.733333333333334,12.266666666666667,34.4,11.466666666666667,22.933333333333334,16.466666666666665,13.466666666666667,1.278,7.666666666666667,23.266666666666666,32.37,18.866666666666667,40.6,46.739333333333335,12.266666666666667,15.6,79.60999999999999,0.4666666666666667,5.866666666666666,0.4633333333333333,1.6,21.933333333333334,0.07933333333333334,13.466666666666667,3.2,77.2,78.6,32.0,33.46666666666667,13.133333333333333,38.8,9.2,29.6,16.933333333333334,14.266666666666667,1.264,10.666666666666666,29.6,36.48133333333333,16.733333333333334,33.46666666666667,50.266,13.133333333333333,18.8,70.64933333333333,0.8,6.533333333333333,0.49200000000000005,1.6,17.8,0.09266666666666667,14.266666666666667,3.7333333333333334,86.86666666666666
