placar_casa,placar_visitante,data,round,stage,ano,equipe_casa,equipe_visitante,resultado,Pts_casa,3P_casa,2P_casa,LL_casa,RT_casa,RO_casa,RD_casa,AS_casa,ER_casa,IA%_casa,3PC_casa,3PT_casa,3P%_casa,2PC_casa,2PT_casa,2P%_casa,LLC_casa,LLT_casa,LL%_casa,EN_casa,BR_casa,B/E_casa,TO_casa,FC_casa,T/FC_casa,ET_casa,VI_casa,EF_casa,Pts_visitante,3P_visitante,2P_visitante,LL_visitante,RT_visitante,RO_visitante,RD_visitante,AS_visitante,ER_visitante,IA%_visitante,3PC_visitante,3PT_visitante,3P%_visitante,2PC_visitante,2PT_visitante,2P%_visitante,LLC_visitante,LLT_visitante,LL%_visitante,EN_visitante,BR_visitante,B/E_visitante,TO_visitante,FC_visitante,T/FC_visitante,ET_visitante,VI_visitante,EF_visitante
104,65,2016-01-27,3,2,2015-2016,Pinheiros,Coop/São José Basketball,1,81.13333333333334,17.0,46.13333333333333,18.0,39.46666666666667,12.333333333333334,27.133333333333333,13.133333333333333,14.733333333333333,0.9073333333333333,5.666666666666667,16.933333333333334,34.05466666666667,23.066666666666666,46.333333333333336,50.105333333333334,18.0,23.266666666666666,77.86933333333333,1.6666666666666667,9.466666666666667,0.662,4.133333333333334,20.666666666666668,0.20799999999999993,14.733333333333333,2.8,92.8,78.86666666666666,26.8,35.6,16.466666666666665,31.933333333333334,8.533333333333333,23.4,14.933333333333334,14.266666666666667,1.1673333333333333,8.933333333333334,23.733333333333334,37.962,17.8,36.266666666666666,49.35333333333333,16.466666666666665,21.866666666666667,74.29466666666667,0.8,7.933333333333334,0.6006666666666668,1.6,22.666666666666668,0.07200000000000001,14.266666666666667,3.533333333333333,82.33333333333333
