placar_casa,placar_visitante,data,round,stage,ano,equipe_casa,equipe_visitante,resultado,Pts_casa,3P_casa,2P_casa,LL_casa,RT_casa,RO_casa,RD_casa,AS_casa,ER_casa,IA%_casa,3PC_casa,3PT_casa,3P%_casa,2PC_casa,2PT_casa,2P%_casa,LLC_casa,LLT_casa,LL%_casa,EN_casa,BR_casa,B/E_casa,TO_casa,FC_casa,T/FC_casa,ET_casa,VI_casa,EF_casa,Pts_visitante,3P_visitante,2P_visitante,LL_visitante,RT_visitante,RO_visitante,RD_visitante,AS_visitante,ER_visitante,IA%_visitante,3PC_visitante,3PT_visitante,3P%_visitante,2PC_visitante,2PT_visitante,2P%_visitante,LLC_visitante,LLT_visitante,LL%_visitante,EN_visitante,BR_visitante,B/E_visitante,TO_visitante,FC_visitante,T/FC_visitante,ET_visitante,VI_visitante,EF_visitante
78,73,2021-01-05,9,1,2020-2021,Paulistano,Fortaleza B. C. / CFO,1,76.54636363636364,29.727272727272727,36.00000000000001,10.816363636363635,41.00090909090909,13.0,27.998181818181816,16.819090909090907,12.726363636363637,1.3790909090909091,9.910909090909092,29.818181818181817,33.154545454545456,18.0,38.45545454545454,46.74636363636364,10.816363636363635,14.180909090909092,76.63272727272728,1.6363636363636365,6.8163636363636355,0.5554545454545453,1.8190909090909089,18.08909090909091,0.10363636363636365,12.726363636363637,2.1818181818181817,86.54545454545453,76.75,23.5,39.99916666666666,13.250833333333333,36.33166666666666,8.834999999999999,27.50166666666667,14.999166666666667,12.75,1.1775,7.834166666666667,24.166666666666668,32.232499999999995,20.000833333333333,39.832499999999996,50.10833333333333,13.250833333333333,18.333333333333332,71.87499999999999,1.5008333333333332,8.0,0.6266666666666666,3.1649999999999996,20.165833333333335,0.155,12.75,2.5850000000000004,85.24916666666667
