placar_casa,placar_visitante,data,round,stage,ano,equipe_casa,equipe_visitante,resultado,Pts_casa,3P_casa,2P_casa,LL_casa,RT_casa,RO_casa,RD_casa,AS_casa,ER_casa,IA%_casa,3PC_casa,3PT_casa,3P%_casa,2PC_casa,2PT_casa,2P%_casa,LLC_casa,LLT_casa,LL%_casa,EN_casa,BR_casa,B/E_casa,TO_casa,FC_casa,T/FC_casa,ET_casa,VI_casa,EF_casa,Pts_visitante,3P_visitante,2P_visitante,LL_visitante,RT_visitante,RO_visitante,RD_visitante,AS_visitante,ER_visitante,IA%_visitante,3PC_visitante,3PT_visitante,3P%_visitante,2PC_visitante,2PT_visitante,2P%_visitante,LLC_visitante,LLT_visitante,LL%_visitante,EN_visitante,BR_visitante,B/E_visitante,TO_visitante,FC_visitante,T/FC_visitante,ET_visitante,VI_visitante,EF_visitante
74,81,2012-04-23,4,3,2011-2012,Tijuca,Uberlândia,0,78.86666666666666,16.2,45.06666666666667,17.6,28.2,8.0,20.2,10.866666666666667,12.2,0.9133333333333333,5.4,17.666666666666668,29.898666666666667,22.533333333333335,42.266666666666666,54.04,17.6,23.466666666666665,74.70133333333334,1.0,7.533333333333333,0.6466666666666667,1.5333333333333334,21.933333333333334,0.07466666666666667,12.2,2.2666666666666666,83.26666666666667,82.33333333333333,24.8,41.86666666666667,15.666666666666666,30.066666666666666,7.866666666666666,22.2,13.933333333333334,11.333333333333334,1.3733333333333333,8.266666666666667,22.266666666666666,36.136,20.933333333333334,38.8,53.84866666666666,15.666666666666666,20.333333333333332,77.35133333333333,2.8,6.2,0.6073333333333334,3.533333333333333,19.466666666666665,0.19466666666666665,11.333333333333334,2.3333333333333335,93.4
