placar_casa,placar_visitante,data,round,stage,ano,equipe_casa,equipe_visitante,resultado,Pts_casa,3P_casa,2P_casa,LL_casa,RT_casa,RO_casa,RD_casa,AS_casa,ER_casa,IA%_casa,3PC_casa,3PT_casa,3P%_casa,2PC_casa,2PT_casa,2P%_casa,LLC_casa,LLT_casa,LL%_casa,EN_casa,BR_casa,B/E_casa,TO_casa,FC_casa,T/FC_casa,ET_casa,VI_casa,EF_casa,Pts_visitante,3P_visitante,2P_visitante,LL_visitante,RT_visitante,RO_visitante,RD_visitante,AS_visitante,ER_visitante,IA%_visitante,3PC_visitante,3PT_visitante,3P%_visitante,2PC_visitante,2PT_visitante,2P%_visitante,LLC_visitante,LLT_visitante,LL%_visitante,EN_visitante,BR_visitante,B/E_visitante,TO_visitante,FC_visitante,T/FC_visitante,ET_visitante,VI_visitante,EF_visitante
68,90,2016-01-08,15,1,2015-2016,Sesi Franca,Bauru Basket,0,75.61538461538461,21.923076923076923,37.53846153846154,16.153846153846153,31.0,8.307692307692308,22.692307692307693,14.538461538461538,15.538461538461538,1.01,7.3076923076923075,20.615384615384617,33.42923076923077,18.76923076923077,34.53846153846154,56.45615384615385,16.153846153846153,22.615384615384617,72.43615384615384,2.5384615384615383,7.615384615384615,0.5246153846153846,2.923076923076923,20.615384615384617,0.14461538461538462,15.538461538461538,2.6923076923076925,80.61538461538461,85.38461538461539,30.692307692307693,37.38461538461539,17.307692307692307,37.53846153846154,9.0,28.53846153846154,17.846153846153847,12.153846153846153,1.6215384615384614,10.23076923076923,27.76923076923077,37.15384615384615,18.692307692307693,32.61538461538461,58.15307692307693,17.307692307692307,21.76923076923077,78.55923076923077,1.6153846153846154,8.076923076923077,0.7169230769230767,0.8461538461538461,18.46153846153846,0.04538461538461539,12.153846153846153,1.7692307692307692,101.61538461538461
