placar_casa,placar_visitante,data,round,stage,ano,equipe_casa,equipe_visitante,resultado,Pts_casa,3P_casa,2P_casa,LL_casa,RT_casa,RO_casa,RD_casa,AS_casa,ER_casa,IA%_casa,3PC_casa,3PT_casa,3P%_casa,2PC_casa,2PT_casa,2P%_casa,LLC_casa,LLT_casa,LL%_casa,EN_casa,BR_casa,B/E_casa,TO_casa,FC_casa,T/FC_casa,ET_casa,VI_casa,EF_casa,Pts_visitante,3P_visitante,2P_visitante,LL_visitante,RT_visitante,RO_visitante,RD_visitante,AS_visitante,ER_visitante,IA%_visitante,3PC_visitante,3PT_visitante,3P%_visitante,2PC_visitante,2PT_visitante,2P%_visitante,LLC_visitante,LLT_visitante,LL%_visitante,EN_visitante,BR_visitante,B/E_visitante,TO_visitante,FC_visitante,T/FC_visitante,ET_visitante,VI_visitante,EF_visitante
83,65,2015-02-06,6,2,2014-2015,Fortaleza B. C. / CFO,Palmeiras,1,73.73333333333333,25.6,35.2,12.933333333333334,33.13333333333333,10.0,23.133333333333333,13.533333333333333,11.666666666666666,1.2420000000000002,8.533333333333333,30.066666666666666,28.489333333333335,17.6,35.13333333333333,50.248666666666665,12.933333333333334,17.666666666666668,74.516,0.4666666666666667,9.933333333333334,0.9573333333333333,1.8666666666666667,17.666666666666668,0.1146666666666667,11.666666666666666,2.1333333333333333,76.73333333333333,78.86666666666666,26.8,39.6,12.466666666666667,35.0,10.4,24.6,15.6,14.733333333333333,1.1446666666666667,8.933333333333334,23.8,38.482,19.8,37.4,52.82066666666666,12.466666666666667,17.0,71.316,2.3333333333333335,8.733333333333333,0.626,1.6,17.066666666666666,0.09866666666666667,14.733333333333333,3.6666666666666665,88.06666666666666
