placar_casa,placar_visitante,data,round,stage,ano,equipe_casa,equipe_visitante,resultado,Pts_casa,3P_casa,2P_casa,LL_casa,RT_casa,RO_casa,RD_casa,AS_casa,ER_casa,IA%_casa,3PC_casa,3PT_casa,3P%_casa,2PC_casa,2PT_casa,2P%_casa,LLC_casa,LLT_casa,LL%_casa,EN_casa,BR_casa,B/E_casa,TO_casa,FC_casa,T/FC_casa,ET_casa,VI_casa,EF_casa,Pts_visitante,3P_visitante,2P_visitante,LL_visitante,RT_visitante,RO_visitante,RD_visitante,AS_visitante,ER_visitante,IA%_visitante,3PC_visitante,3PT_visitante,3P%_visitante,2PC_visitante,2PT_visitante,2P%_visitante,LLC_visitante,LLT_visitante,LL%_visitante,EN_visitante,BR_visitante,B/E_visitante,TO_visitante,FC_visitante,T/FC_visitante,ET_visitante,VI_visitante,EF_visitante
80,66,2014-01-16,17,1,2013-2014,Paulistano,Minas,1,82.42857142857143,26.142857142857142,39.0,17.285714285714285,33.92857142857143,10.571428571428571,23.357142857142858,11.642857142857142,12.285714285714286,1.0571428571428572,8.714285714285714,24.357142857142858,36.17785714285715,19.5,37.142857142857146,52.371428571428574,17.285714285714285,21.357142857142858,78.75571428571429,0.35714285714285715,9.428571428571429,0.8135714285714286,1.2857142857142858,21.785714285714285,0.06571428571428571,12.285714285714286,2.0714285714285716,89.07142857142857,70.07692307692308,15.23076923076923,39.69230769230769,15.153846153846153,31.923076923076923,8.076923076923077,23.846153846153847,14.384615384615385,13.23076923076923,1.1500000000000001,5.076923076923077,16.384615384615383,31.138461538461534,19.846153846153847,40.07692307692308,49.831538461538464,15.153846153846153,21.384615384615383,70.78384615384616,1.8461538461538463,9.307692307692308,0.7307692307692307,2.3076923076923075,23.153846153846153,0.10384615384615385,13.23076923076923,2.769230769230769,77.0
