placar_casa,placar_visitante,data,round,stage,ano,equipe_casa,equipe_visitante,resultado,Pts_casa,3P_casa,2P_casa,LL_casa,RT_casa,RO_casa,RD_casa,AS_casa,ER_casa,IA%_casa,3PC_casa,3PT_casa,3P%_casa,2PC_casa,2PT_casa,2P%_casa,LLC_casa,LLT_casa,LL%_casa,EN_casa,BR_casa,B/E_casa,TO_casa,FC_casa,T/FC_casa,ET_casa,VI_casa,EF_casa,Pts_visitante,3P_visitante,2P_visitante,LL_visitante,RT_visitante,RO_visitante,RD_visitante,AS_visitante,ER_visitante,IA%_visitante,3PC_visitante,3PT_visitante,3P%_visitante,2PC_visitante,2PT_visitante,2P%_visitante,LLC_visitante,LLT_visitante,LL%_visitante,EN_visitante,BR_visitante,B/E_visitante,TO_visitante,FC_visitante,T/FC_visitante,ET_visitante,VI_visitante,EF_visitante
64,80,2014-01-11,15,1,2013-2014,Limeira,Sesi Franca,0,78.16666666666667,25.0,40.5,12.666666666666666,34.333333333333336,8.5,25.833333333333332,16.416666666666668,11.916666666666666,1.4616666666666667,8.333333333333334,19.583333333333332,42.88166666666666,20.25,38.416666666666664,53.15416666666666,12.666666666666666,17.25,74.52499999999999,1.0833333333333333,8.833333333333334,0.7808333333333333,2.4166666666666665,20.666666666666668,0.1166666666666667,11.916666666666666,2.25,94.25,75.9090909090909,16.90909090909091,42.36363636363637,16.636363636363637,34.45454545454545,10.727272727272727,23.727272727272727,14.909090909090908,16.545454545454547,1.0754545454545452,5.636363636363637,18.09090909090909,29.39818181818182,21.181818181818183,40.09090909090909,52.95363636363636,16.636363636363637,22.727272727272727,73.12727272727274,1.5454545454545454,10.181818181818182,0.67,2.727272727272727,17.636363636363637,0.18000000000000005,16.545454545454547,2.5454545454545454,84.18181818181819
