placar_casa,placar_visitante,data,round,stage,ano,equipe_casa,equipe_visitante,resultado,Pts_casa,3P_casa,2P_casa,LL_casa,RT_casa,RO_casa,RD_casa,AS_casa,ER_casa,IA%_casa,3PC_casa,3PT_casa,3P%_casa,2PC_casa,2PT_casa,2P%_casa,LLC_casa,LLT_casa,LL%_casa,EN_casa,BR_casa,B/E_casa,TO_casa,FC_casa,T/FC_casa,ET_casa,VI_casa,EF_casa,Pts_visitante,3P_visitante,2P_visitante,LL_visitante,RT_visitante,RO_visitante,RD_visitante,AS_visitante,ER_visitante,IA%_visitante,3PC_visitante,3PT_visitante,3P%_visitante,2PC_visitante,2PT_visitante,2P%_visitante,LLC_visitante,LLT_visitante,LL%_visitante,EN_visitante,BR_visitante,B/E_visitante,TO_visitante,FC_visitante,T/FC_visitante,ET_visitante,VI_visitante,EF_visitante
87,88,2023-12-18,10,1,2023-2024,Mogi,Bauru Basket,0,73.28642857142857,31.071428571428573,29.715000000000003,12.5,30.857857142857146,7.929285714285714,22.928571428571427,17.357142857142858,14.642142857142858,1.1907142857142858,10.357857142857142,27.999285714285712,37.08714285714286,14.856428571428571,27.928571428571427,53.207142857142856,12.5,16.929285714285715,74.30142857142856,0.28500000000000003,5.429285714285714,0.3692857142857143,1.4285714285714286,21.785714285714285,0.06571428571428573,14.642142857142858,2.9278571428571425,78.57214285714284,78.19933333333334,29.6,38.0,10.599333333333334,33.532666666666664,9.2,24.332666666666665,18.0,12.6,1.4626666666666668,9.867333333333333,28.134000000000004,34.504,19.0,36.199333333333335,52.736666666666665,10.599333333333334,14.0,74.82266666666665,1.7333333333333334,7.467333333333333,0.6066666666666667,1.4,17.934000000000005,0.07933333333333333,12.6,2.9326666666666665,87.13266666666667
