placar_casa,placar_visitante,data,round,stage,ano,equipe_casa,equipe_visitante,resultado,Pts_casa,3P_casa,2P_casa,LL_casa,RT_casa,RO_casa,RD_casa,AS_casa,ER_casa,IA%_casa,3PC_casa,3PT_casa,3P%_casa,2PC_casa,2PT_casa,2P%_casa,LLC_casa,LLT_casa,LL%_casa,EN_casa,BR_casa,B/E_casa,TO_casa,FC_casa,T/FC_casa,ET_casa,VI_casa,EF_casa,Pts_visitante,3P_visitante,2P_visitante,LL_visitante,RT_visitante,RO_visitante,RD_visitante,AS_visitante,ER_visitante,IA%_visitante,3PC_visitante,3PT_visitante,3P%_visitante,2PC_visitante,2PT_visitante,2P%_visitante,LLC_visitante,LLT_visitante,LL%_visitante,EN_visitante,BR_visitante,B/E_visitante,TO_visitante,FC_visitante,T/FC_visitante,ET_visitante,VI_visitante,EF_visitante
89,95,2018-11-19,5,1,2018-2019,Mogi,Sesi Franca,0,87.55444444444444,28.555555555555557,42.66777777777778,16.334444444444443,38.81666666666667,10.85222222222222,27.96222222222222,20.371111111111116,13.738888888888889,1.5366666666666666,9.518888888888888,23.483333333333334,40.5111111111111,21.332222222222224,39.99888888888889,53.71333333333333,16.334444444444443,21.92555555555556,74.60555555555554,1.4055555555555557,7.407777777777778,0.5588888888888888,3.1500000000000004,19.628888888888884,0.15666666666666662,13.738888888888889,2.6299999999999994,105.25888888888888,85.875,33.375,37.5,15.0,35.75,8.0,27.75,18.75,11.375,1.6525,11.125,30.0,37.052499999999995,18.75,31.25,59.9325,15.0,18.125,81.8575,2.5,5.75,0.5075,2.125,17.875,0.125,11.375,1.375,102.375
