placar_casa,placar_visitante,data,round,stage,ano,equipe_casa,equipe_visitante,resultado,Pts_casa,3P_casa,2P_casa,LL_casa,RT_casa,RO_casa,RD_casa,AS_casa,ER_casa,IA%_casa,3PC_casa,3PT_casa,3P%_casa,2PC_casa,2PT_casa,2P%_casa,LLC_casa,LLT_casa,LL%_casa,EN_casa,BR_casa,B/E_casa,TO_casa,FC_casa,T/FC_casa,ET_casa,VI_casa,EF_casa,Pts_visitante,3P_visitante,2P_visitante,LL_visitante,RT_visitante,RO_visitante,RD_visitante,AS_visitante,ER_visitante,IA%_visitante,3PC_visitante,3PT_visitante,3P%_visitante,2PC_visitante,2PT_visitante,2P%_visitante,LLC_visitante,LLT_visitante,LL%_visitante,EN_visitante,BR_visitante,B/E_visitante,TO_visitante,FC_visitante,T/FC_visitante,ET_visitante,VI_visitante,EF_visitante
91,80,2022-04-30,2,4,2021-2022,UNIFACISA,Minas,1,74.13333333333334,29.6,34.0,10.533333333333333,37.266666666666666,10.866666666666667,26.4,13.933333333333334,13.333333333333334,1.1246666666666667,9.866666666666667,28.8,33.896,17.0,35.0,48.754000000000005,10.533333333333333,14.0,76.10533333333333,1.3333333333333333,7.8,0.6186666666666667,1.6,18.2,0.08800000000000002,13.333333333333334,2.066666666666667,81.0,83.0,29.0,40.53333333333333,13.466666666666667,36.6,9.6,27.0,16.133333333333333,13.0,1.322,9.666666666666666,27.266666666666666,35.10466666666667,20.266666666666666,34.333333333333336,58.89666666666667,13.466666666666667,16.866666666666667,79.346,3.066666666666667,5.933333333333334,0.47866666666666663,2.1333333333333333,17.466666666666665,0.12666666666666668,13.0,2.8666666666666667,95.73333333333333
