placar_casa,placar_visitante,data,round,stage,ano,equipe_casa,equipe_visitante,resultado,Pts_casa,3P_casa,2P_casa,LL_casa,RT_casa,RO_casa,RD_casa,AS_casa,ER_casa,IA%_casa,3PC_casa,3PT_casa,3P%_casa,2PC_casa,2PT_casa,2P%_casa,LLC_casa,LLT_casa,LL%_casa,EN_casa,BR_casa,B/E_casa,TO_casa,FC_casa,T/FC_casa,ET_casa,VI_casa,EF_casa,Pts_visitante,3P_visitante,2P_visitante,LL_visitante,RT_visitante,RO_visitante,RD_visitante,AS_visitante,ER_visitante,IA%_visitante,3PC_visitante,3PT_visitante,3P%_visitante,2PC_visitante,2PT_visitante,2P%_visitante,LLC_visitante,LLT_visitante,LL%_visitante,EN_visitante,BR_visitante,B/E_visitante,TO_visitante,FC_visitante,T/FC_visitante,ET_visitante,VI_visitante,EF_visitante
61,72,2019-03-19,11,2,2018-2019,Coop/São José Basketball,Corinthians,0,81.09933333333332,23.5,40.66600000000001,16.933333333333334,35.89933333333333,9.234,26.667333333333335,19.99933333333333,15.532666666666664,1.3293333333333335,7.8340000000000005,24.365999999999996,32.144666666666666,20.334000000000003,35.599333333333334,57.22466666666667,16.933333333333334,22.300666666666668,75.232,1.0673333333333335,7.167333333333334,0.47000000000000003,1.1340000000000001,24.10066666666667,0.052000000000000005,15.532666666666664,2.0673333333333335,92.56666666666666,80.23333333333333,22.2,40.132666666666665,17.900666666666666,37.1,10.799333333333333,26.300666666666668,17.299333333333333,14.432666666666668,1.276,7.400666666666667,23.09933333333333,32.232,20.067333333333334,39.666000000000004,51.035999999999994,17.900666666666666,22.79933333333333,78.74866666666667,1.9666666666666666,7.166666666666667,0.5139999999999999,1.934,23.534000000000002,0.08266666666666665,14.432666666666668,1.8666666666666667,88.96733333333331
