placar_casa,placar_visitante,data,round,stage,ano,equipe_casa,equipe_visitante,resultado,Pts_casa,3P_casa,2P_casa,LL_casa,RT_casa,RO_casa,RD_casa,AS_casa,ER_casa,IA%_casa,3PC_casa,3PT_casa,3P%_casa,2PC_casa,2PT_casa,2P%_casa,LLC_casa,LLT_casa,LL%_casa,EN_casa,BR_casa,B/E_casa,TO_casa,FC_casa,T/FC_casa,ET_casa,VI_casa,EF_casa,Pts_visitante,3P_visitante,2P_visitante,LL_visitante,RT_visitante,RO_visitante,RD_visitante,AS_visitante,ER_visitante,IA%_visitante,3PC_visitante,3PT_visitante,3P%_visitante,2PC_visitante,2PT_visitante,2P%_visitante,LLC_visitante,LLT_visitante,LL%_visitante,EN_visitante,BR_visitante,B/E_visitante,TO_visitante,FC_visitante,T/FC_visitante,ET_visitante,VI_visitante,EF_visitante
101,73,2023-12-23,10,1,2023-2024,Flamengo,UNIFACISA,1,83.46153846153847,27.692307692307693,40.0,15.76923076923077,38.80769230769231,12.692307692307692,26.115384615384617,19.53846153846154,12.0,1.724615384615385,9.23076923076923,30.307692307692307,30.62076923076923,20.0,34.26923076923077,58.42846153846154,15.76923076923077,20.346153846153847,77.53153846153846,2.1538461538461537,7.846153846153846,0.6646153846153846,1.7307692307692308,17.46153846153846,0.10076923076923078,12.0,2.6153846153846154,99.46153846153847,78.66714285714285,27.142857142857142,36.57142857142857,14.952857142857145,37.81,10.809999999999999,27.0,16.404285714285713,13.095714285714283,1.2550000000000001,9.047142857142857,29.5,30.755714285714287,18.285714285714285,32.90428571428571,55.059999999999995,14.952857142857145,19.095714285714287,78.09142857142857,1.1428571428571428,7.047142857142857,0.5364285714285714,2.2142857142857144,18.618571428571425,0.11928571428571431,13.095714285714283,2.404285714285714,89.83285714285714
