placar_casa,placar_visitante,data,round,stage,ano,equipe_casa,equipe_visitante,resultado,Pts_casa,3P_casa,2P_casa,LL_casa,RT_casa,RO_casa,RD_casa,AS_casa,ER_casa,IA%_casa,3PC_casa,3PT_casa,3P%_casa,2PC_casa,2PT_casa,2P%_casa,LLC_casa,LLT_casa,LL%_casa,EN_casa,BR_casa,B/E_casa,TO_casa,FC_casa,T/FC_casa,ET_casa,VI_casa,EF_casa,Pts_visitante,3P_visitante,2P_visitante,LL_visitante,RT_visitante,RO_visitante,RD_visitante,AS_visitante,ER_visitante,IA%_visitante,3PC_visitante,3PT_visitante,3P%_visitante,2PC_visitante,2PT_visitante,2P%_visitante,LLC_visitante,LLT_visitante,LL%_visitante,EN_visitante,BR_visitante,B/E_visitante,TO_visitante,FC_visitante,T/FC_visitante,ET_visitante,VI_visitante,EF_visitante
86,70,2015-04-03,15,2,2014-2015,Flamengo,Limeira,1,90.6,30.0,43.06666666666667,17.533333333333335,38.0,10.533333333333333,27.466666666666665,18.266666666666666,12.2,1.672,10.0,24.8,40.822,21.533333333333335,38.0,56.40466666666667,17.533333333333335,23.2,76.41,1.8666666666666667,8.6,0.7493333333333333,1.6666666666666667,18.2,0.09800000000000002,12.2,1.6,108.0,82.26666666666667,28.0,38.266666666666666,16.0,30.8,8.133333333333333,22.666666666666668,17.933333333333334,11.333333333333334,1.7346666666666666,9.333333333333334,22.666666666666668,41.300666666666665,19.133333333333333,36.4,52.44066666666667,16.0,20.4,77.05,2.0,9.666666666666666,0.8973333333333334,3.0,19.666666666666668,0.15866666666666668,11.333333333333334,2.466666666666667,97.33333333333333
