placar_casa,placar_visitante,data,round,stage,ano,equipe_casa,equipe_visitante,resultado,Pts_casa,3P_casa,2P_casa,LL_casa,RT_casa,RO_casa,RD_casa,AS_casa,ER_casa,IA%_casa,3PC_casa,3PT_casa,3P%_casa,2PC_casa,2PT_casa,2P%_casa,LLC_casa,LLT_casa,LL%_casa,EN_casa,BR_casa,B/E_casa,TO_casa,FC_casa,T/FC_casa,ET_casa,VI_casa,EF_casa,Pts_visitante,3P_visitante,2P_visitante,LL_visitante,RT_visitante,RO_visitante,RD_visitante,AS_visitante,ER_visitante,IA%_visitante,3PC_visitante,3PT_visitante,3P%_visitante,2PC_visitante,2PT_visitante,2P%_visitante,LLC_visitante,LLT_visitante,LL%_visitante,EN_visitante,BR_visitante,B/E_visitante,TO_visitante,FC_visitante,T/FC_visitante,ET_visitante,VI_visitante,EF_visitante
70,65,2009-02-11,4,1,2008-2009,Joinville,Espírito Santo,1,91.66666666666667,35.0,42.666666666666664,14.0,31.0,9.0,22.0,20.333333333333332,17.666666666666668,1.17,11.666666666666666,27.333333333333332,42.406666666666666,21.333333333333332,37.666666666666664,57.29333333333333,14.0,19.0,72.08,0.6666666666666666,6.333333333333333,0.37666666666666665,1.6666666666666667,22.666666666666668,0.06666666666666667,17.666666666666668,0.0,96.33333333333333,75.0,17.0,46.666666666666664,11.333333333333334,28.333333333333332,7.333333333333333,21.0,11.333333333333334,12.666666666666666,1.0066666666666666,5.666666666666667,20.666666666666668,27.343333333333334,23.333333333333332,39.333333333333336,59.866666666666674,11.333333333333334,17.666666666666668,62.96333333333333,0.3333333333333333,11.0,0.87,1.3333333333333333,21.333333333333332,0.06333333333333334,12.666666666666666,0.0,77.0
