placar_casa,placar_visitante,data,round,stage,ano,equipe_casa,equipe_visitante,resultado,Pts_casa,3P_casa,2P_casa,LL_casa,RT_casa,RO_casa,RD_casa,AS_casa,ER_casa,IA%_casa,3PC_casa,3PT_casa,3P%_casa,2PC_casa,2PT_casa,2P%_casa,LLC_casa,LLT_casa,LL%_casa,EN_casa,BR_casa,B/E_casa,TO_casa,FC_casa,T/FC_casa,ET_casa,VI_casa,EF_casa,Pts_visitante,3P_visitante,2P_visitante,LL_visitante,RT_visitante,RO_visitante,RD_visitante,AS_visitante,ER_visitante,IA%_visitante,3PC_visitante,3PT_visitante,3P%_visitante,2PC_visitante,2PT_visitante,2P%_visitante,LLC_visitante,LLT_visitante,LL%_visitante,EN_visitante,BR_visitante,B/E_visitante,TO_visitante,FC_visitante,T/FC_visitante,ET_visitante,VI_visitante,EF_visitante
95,92,2017-02-24,23,1,2016-2017,Pinheiros,Minas,1,80.06666666666666,17.8,44.666666666666664,17.6,37.733333333333334,11.133333333333333,26.6,17.333333333333332,14.0,1.2953333333333334,5.933333333333334,20.8,28.647333333333332,22.333333333333332,41.86666666666667,53.237333333333346,17.6,25.066666666666666,70.32333333333332,2.2,7.866666666666666,0.5933333333333334,2.8666666666666667,21.466666666666665,0.14400000000000004,14.0,2.6,90.0,76.46666666666667,27.4,36.0,13.066666666666666,35.333333333333336,11.266666666666667,24.066666666666666,17.0,16.533333333333335,1.0666666666666667,9.133333333333333,26.2,35.77466666666667,18.0,35.53333333333333,50.565999999999995,13.066666666666666,17.733333333333334,74.69066666666666,1.6,7.466666666666667,0.4626666666666666,2.3333333333333335,22.6,0.10933333333333334,16.533333333333335,3.6,82.8
