placar_casa,placar_visitante,data,round,stage,ano,equipe_casa,equipe_visitante,resultado,Pts_casa,3P_casa,2P_casa,LL_casa,RT_casa,RO_casa,RD_casa,AS_casa,ER_casa,IA%_casa,3PC_casa,3PT_casa,3P%_casa,2PC_casa,2PT_casa,2P%_casa,LLC_casa,LLT_casa,LL%_casa,EN_casa,BR_casa,B/E_casa,TO_casa,FC_casa,T/FC_casa,ET_casa,VI_casa,EF_casa,Pts_visitante,3P_visitante,2P_visitante,LL_visitante,RT_visitante,RO_visitante,RD_visitante,AS_visitante,ER_visitante,IA%_visitante,3PC_visitante,3PT_visitante,3P%_visitante,2PC_visitante,2PT_visitante,2P%_visitante,LLC_visitante,LLT_visitante,LL%_visitante,EN_visitante,BR_visitante,B/E_visitante,TO_visitante,FC_visitante,T/FC_visitante,ET_visitante,VI_visitante,EF_visitante
79,86,2013-03-21,13,2,2012-2013,Paulistano,Fortaleza B. C. / CFO,0,82.33333333333333,64.6,43.06666666666667,15.866666666666667,32.6,11.133333333333333,21.466666666666665,12.866666666666667,13.266666666666667,1.0959999999999999,7.8,21.533333333333335,37.526666666666664,21.533333333333335,42.733333333333334,50.02733333333334,15.866666666666667,24.8,64.64399999999999,2.3333333333333335,7.2,0.5866666666666666,1.9333333333333333,22.066666666666666,0.09266666666666666,13.266666666666667,2.466666666666667,91.2,80.53333333333333,63.8,42.53333333333333,17.6,31.0,8.8,22.2,12.933333333333334,11.933333333333334,1.4866666666666666,6.8,20.666666666666668,33.25066666666666,21.266666666666666,41.53333333333333,51.818666666666665,17.6,22.466666666666665,78.30066666666667,1.0,6.0,0.7146666666666667,3.2666666666666666,20.733333333333334,0.16533333333333336,11.933333333333334,2.8666666666666667,90.53333333333333
