placar_casa,placar_visitante,data,round,stage,ano,equipe_casa,equipe_visitante,resultado,Pts_casa,3P_casa,2P_casa,LL_casa,RT_casa,RO_casa,RD_casa,AS_casa,ER_casa,IA%_casa,3PC_casa,3PT_casa,3P%_casa,2PC_casa,2PT_casa,2P%_casa,LLC_casa,LLT_casa,LL%_casa,EN_casa,BR_casa,B/E_casa,TO_casa,FC_casa,T/FC_casa,ET_casa,VI_casa,EF_casa,Pts_visitante,3P_visitante,2P_visitante,LL_visitante,RT_visitante,RO_visitante,RD_visitante,AS_visitante,ER_visitante,IA%_visitante,3PC_visitante,3PT_visitante,3P%_visitante,2PC_visitante,2PT_visitante,2P%_visitante,LLC_visitante,LLT_visitante,LL%_visitante,EN_visitante,BR_visitante,B/E_visitante,TO_visitante,FC_visitante,T/FC_visitante,ET_visitante,VI_visitante,EF_visitante
84,82,2019-01-31,4,2,2018-2019,Brasília,Corinthians,1,77.96733333333331,28.0,35.26733333333333,14.7,32.96666666666667,8.632666666666667,24.334000000000003,16.2,13.233333333333333,1.295333333333333,9.333333333333334,27.432666666666663,34.16733333333333,17.632666666666662,34.26733333333333,51.64266666666666,14.7,20.767333333333337,70.816,0.6,6.0,0.48266666666666674,2.533333333333333,22.533333333333335,0.11466666666666668,13.233333333333333,1.8340000000000003,81.49933333333335,78.53333333333333,21.5,39.93266666666667,17.10066666666667,36.666666666666664,10.966000000000001,25.70066666666667,17.266,14.33266666666667,1.274,7.167333333333334,22.565999999999995,31.88133333333333,19.967333333333336,40.566,49.726666666666674,17.10066666666667,21.79933333333333,78.58,2.066666666666667,7.466666666666667,0.5233333333333333,1.800666666666667,24.300666666666668,0.07200000000000002,14.33266666666667,1.9666666666666666,86.56733333333334
