placar_casa,placar_visitante,data,round,stage,ano,equipe_casa,equipe_visitante,resultado,Pts_casa,3P_casa,2P_casa,LL_casa,RT_casa,RO_casa,RD_casa,AS_casa,ER_casa,IA%_casa,3PC_casa,3PT_casa,3P%_casa,2PC_casa,2PT_casa,2P%_casa,LLC_casa,LLT_casa,LL%_casa,EN_casa,BR_casa,B/E_casa,TO_casa,FC_casa,T/FC_casa,ET_casa,VI_casa,EF_casa,Pts_visitante,3P_visitante,2P_visitante,LL_visitante,RT_visitante,RO_visitante,RD_visitante,AS_visitante,ER_visitante,IA%_visitante,3PC_visitante,3PT_visitante,3P%_visitante,2PC_visitante,2PT_visitante,2P%_visitante,LLC_visitante,LLT_visitante,LL%_visitante,EN_visitante,BR_visitante,B/E_visitante,TO_visitante,FC_visitante,T/FC_visitante,ET_visitante,VI_visitante,EF_visitante
72,80,2015-02-08,3,2,2014-2015,Sesi Franca,Flamengo,0,75.73333333333333,19.4,41.2,15.133333333333333,34.13333333333333,10.333333333333334,23.8,13.333333333333334,13.466666666666667,1.0919999999999999,6.466666666666667,22.666666666666668,27.884666666666664,20.6,39.0,53.042666666666676,15.133333333333333,21.0,71.81866666666669,2.466666666666667,10.133333333333333,0.8320000000000001,3.1333333333333333,21.133333333333333,0.15,13.466666666666667,3.2,82.53333333333333,88.46666666666667,28.8,44.0,15.666666666666666,37.2,10.466666666666667,26.733333333333334,17.466666666666665,11.466666666666667,1.7346666666666666,9.6,24.466666666666665,38.797999999999995,22.0,39.733333333333334,55.329333333333345,15.666666666666666,20.266666666666666,77.85600000000001,2.066666666666667,8.666666666666666,0.8360000000000001,1.9333333333333333,17.933333333333334,0.11066666666666668,11.466666666666667,1.7333333333333334,105.06666666666666
