placar_casa,placar_visitante,data,round,stage,ano,equipe_casa,equipe_visitante,resultado,Pts_casa,3P_casa,2P_casa,LL_casa,RT_casa,RO_casa,RD_casa,AS_casa,ER_casa,IA%_casa,3PC_casa,3PT_casa,3P%_casa,2PC_casa,2PT_casa,2P%_casa,LLC_casa,LLT_casa,LL%_casa,EN_casa,BR_casa,B/E_casa,TO_casa,FC_casa,T/FC_casa,ET_casa,VI_casa,EF_casa,Pts_visitante,3P_visitante,2P_visitante,LL_visitante,RT_visitante,RO_visitante,RD_visitante,AS_visitante,ER_visitante,IA%_visitante,3PC_visitante,3PT_visitante,3P%_visitante,2PC_visitante,2PT_visitante,2P%_visitante,LLC_visitante,LLT_visitante,LL%_visitante,EN_visitante,BR_visitante,B/E_visitante,TO_visitante,FC_visitante,T/FC_visitante,ET_visitante,VI_visitante,EF_visitante
91,79,2015-12-09,9,1,2015-2016,Sesi Franca,Coop/São José Basketball,1,77.71428571428571,22.714285714285715,36.857142857142854,18.142857142857142,33.857142857142854,9.428571428571429,24.428571428571427,15.142857142857142,16.142857142857142,1.0671428571428572,7.571428571428571,21.571428571428573,33.402857142857144,18.428571428571427,37.285714285714285,50.198571428571434,18.142857142857142,25.857142857142858,70.7042857142857,2.857142857142857,7.857142857142857,0.5428571428571429,3.2857142857142856,23.285714285714285,0.14714285714285716,16.142857142857142,2.2857142857142856,81.14285714285714,79.33333333333333,27.0,36.0,16.333333333333332,36.5,9.833333333333334,26.666666666666668,12.833333333333334,15.0,0.91,9.0,24.166666666666668,37.775,18.0,37.666666666666664,47.80166666666667,16.333333333333332,21.333333333333332,76.79166666666667,0.8333333333333334,5.666666666666667,0.40666666666666657,1.6666666666666667,23.5,0.07166666666666667,15.0,4.333333333333333,81.16666666666667
