placar_casa,placar_visitante,data,round,stage,ano,equipe_casa,equipe_visitante,resultado,Pts_casa,3P_casa,2P_casa,LL_casa,RT_casa,RO_casa,RD_casa,AS_casa,ER_casa,IA%_casa,3PC_casa,3PT_casa,3P%_casa,2PC_casa,2PT_casa,2P%_casa,LLC_casa,LLT_casa,LL%_casa,EN_casa,BR_casa,B/E_casa,TO_casa,FC_casa,T/FC_casa,ET_casa,VI_casa,EF_casa,Pts_visitante,3P_visitante,2P_visitante,LL_visitante,RT_visitante,RO_visitante,RD_visitante,AS_visitante,ER_visitante,IA%_visitante,3PC_visitante,3PT_visitante,3P%_visitante,2PC_visitante,2PT_visitante,2P%_visitante,LLC_visitante,LLT_visitante,LL%_visitante,EN_visitante,BR_visitante,B/E_visitante,TO_visitante,FC_visitante,T/FC_visitante,ET_visitante,VI_visitante,EF_visitante
62,92,2016-03-29,15,2,2015-2016,Macaé Basquete,Flamengo,0,73.46666666666667,22.0,32.666666666666664,18.8,35.0,9.666666666666666,25.333333333333332,14.466666666666667,14.266666666666667,1.0613333333333332,7.333333333333333,23.733333333333334,31.270666666666664,16.333333333333332,35.86666666666667,46.05466666666666,18.8,24.066666666666666,77.77866666666667,1.0666666666666667,8.666666666666666,0.6546666666666667,1.7333333333333334,21.2,0.08,14.266666666666667,2.6,77.86666666666666,83.2,23.6,45.6,14.0,37.0,10.133333333333333,26.866666666666667,19.066666666666666,13.0,1.5199999999999996,7.866666666666666,20.933333333333334,37.83466666666667,22.8,41.4,55.13400000000001,14.0,18.533333333333335,72.82666666666667,1.6666666666666667,10.333333333333334,0.832,3.0,17.4,0.17866666666666664,13.0,2.0,103.4
