placar_casa,placar_visitante,data,round,stage,ano,equipe_casa,equipe_visitante,resultado,Pts_casa,3P_casa,2P_casa,LL_casa,RT_casa,RO_casa,RD_casa,AS_casa,ER_casa,IA%_casa,3PC_casa,3PT_casa,3P%_casa,2PC_casa,2PT_casa,2P%_casa,LLC_casa,LLT_casa,LL%_casa,EN_casa,BR_casa,B/E_casa,TO_casa,FC_casa,T/FC_casa,ET_casa,VI_casa,EF_casa,Pts_visitante,3P_visitante,2P_visitante,LL_visitante,RT_visitante,RO_visitante,RD_visitante,AS_visitante,ER_visitante,IA%_visitante,3PC_visitante,3PT_visitante,3P%_visitante,2PC_visitante,2PT_visitante,2P%_visitante,LLC_visitante,LLT_visitante,LL%_visitante,EN_visitante,BR_visitante,B/E_visitante,TO_visitante,FC_visitante,T/FC_visitante,ET_visitante,VI_visitante,EF_visitante
70,73,2014-02-25,9,2,2013-2014,Espírito Santo,Mogi,0,71.8,21.6,38.266666666666666,11.933333333333334,30.6,9.666666666666666,20.933333333333334,11.666666666666666,14.266666666666667,0.964,7.2,24.133333333333333,29.325333333333333,19.133333333333333,36.6,52.53266666666665,11.933333333333334,16.066666666666666,74.55133333333333,1.0,7.866666666666666,0.6513333333333332,1.2666666666666666,21.333333333333332,0.05733333333333334,14.266666666666667,3.3333333333333335,70.4,77.2,21.4,38.8,17.0,36.2,13.0,23.2,13.466666666666667,14.733333333333333,1.0153333333333334,7.133333333333334,20.6,34.942,19.4,40.2,48.23533333333333,17.0,24.4,68.59200000000001,0.9333333333333333,11.466666666666667,0.8446666666666666,0.8,20.866666666666667,0.043333333333333335,14.733333333333333,3.066666666666667,82.73333333333333
