placar_casa,placar_visitante,data,round,stage,ano,equipe_casa,equipe_visitante,resultado,Pts_casa,3P_casa,2P_casa,LL_casa,RT_casa,RO_casa,RD_casa,AS_casa,ER_casa,IA%_casa,3PC_casa,3PT_casa,3P%_casa,2PC_casa,2PT_casa,2P%_casa,LLC_casa,LLT_casa,LL%_casa,EN_casa,BR_casa,B/E_casa,TO_casa,FC_casa,T/FC_casa,ET_casa,VI_casa,EF_casa,Pts_visitante,3P_visitante,2P_visitante,LL_visitante,RT_visitante,RO_visitante,RD_visitante,AS_visitante,ER_visitante,IA%_visitante,3PC_visitante,3PT_visitante,3P%_visitante,2PC_visitante,2PT_visitante,2P%_visitante,LLC_visitante,LLT_visitante,LL%_visitante,EN_visitante,BR_visitante,B/E_visitante,TO_visitante,FC_visitante,T/FC_visitante,ET_visitante,VI_visitante,EF_visitante
93,81,2015-04-16,4,3,2014-2015,Brasília,Pinheiros,1,87.26666666666667,28.8,41.6,16.866666666666667,32.6,6.8,25.8,17.533333333333335,14.666666666666666,1.3313333333333333,9.6,23.466666666666665,40.443999999999996,20.8,35.86666666666667,58.77799999999999,16.866666666666667,20.533333333333335,81.00066666666666,2.2666666666666666,7.666666666666667,0.6006666666666666,3.1333333333333333,22.266666666666666,0.14866666666666667,14.666666666666666,2.2666666666666666,100.93333333333334,85.53333333333333,31.0,39.6,14.933333333333334,34.4,10.2,24.2,15.666666666666666,12.6,1.3199999999999998,10.333333333333334,23.8,43.141333333333336,19.8,39.86666666666667,50.12066666666667,14.933333333333334,19.666666666666668,75.71933333333332,1.7333333333333334,7.933333333333334,0.648,2.4,22.266666666666666,0.11133333333333333,12.6,2.8666666666666667,95.06666666666666
