placar_casa,placar_visitante,data,round,stage,ano,equipe_casa,equipe_visitante,resultado,Pts_casa,3P_casa,2P_casa,LL_casa,RT_casa,RO_casa,RD_casa,AS_casa,ER_casa,IA%_casa,3PC_casa,3PT_casa,3P%_casa,2PC_casa,2PT_casa,2P%_casa,LLC_casa,LLT_casa,LL%_casa,EN_casa,BR_casa,B/E_casa,TO_casa,FC_casa,T/FC_casa,ET_casa,VI_casa,EF_casa,Pts_visitante,3P_visitante,2P_visitante,LL_visitante,RT_visitante,RO_visitante,RD_visitante,AS_visitante,ER_visitante,IA%_visitante,3PC_visitante,3PT_visitante,3P%_visitante,2PC_visitante,2PT_visitante,2P%_visitante,LLC_visitante,LLT_visitante,LL%_visitante,EN_visitante,BR_visitante,B/E_visitante,TO_visitante,FC_visitante,T/FC_visitante,ET_visitante,VI_visitante,EF_visitante
84,61,2024-01-22,3,2,2023-2024,Pinheiros,Cerrado,1,77.29933333333335,27.7,35.134,14.467333333333332,37.6,11.599333333333334,26.00066666666667,16.699333333333332,14.166,1.2266666666666663,9.232666666666667,27.366666666666667,35.083999999999996,17.565999999999995,34.866,50.406,14.467333333333332,19.834000000000003,72.77466666666666,1.3339999999999999,5.033333333333333,0.3760000000000001,2.4006666666666665,19.333333333333332,0.12000000000000001,14.166,2.8659999999999997,84.06600000000002,74.46733333333333,25.4,38.134,10.933333333333334,37.93266666666667,11.866666666666667,26.066,16.333333333333332,12.599333333333334,1.3226666666666664,8.466000000000001,23.666666666666668,36.304666666666655,19.066,40.2,47.29066666666667,10.933333333333334,16.667333333333332,65.34400000000001,1.2673333333333332,7.399333333333334,0.5973333333333334,1.7326666666666668,16.199333333333335,0.10933333333333334,12.599333333333334,1.8673333333333333,83.19933333333333
