placar_casa,placar_visitante,data,round,stage,ano,equipe_casa,equipe_visitante,resultado,Pts_casa,3P_casa,2P_casa,LL_casa,RT_casa,RO_casa,RD_casa,AS_casa,ER_casa,IA%_casa,3PC_casa,3PT_casa,3P%_casa,2PC_casa,2PT_casa,2P%_casa,LLC_casa,LLT_casa,LL%_casa,EN_casa,BR_casa,B/E_casa,TO_casa,FC_casa,T/FC_casa,ET_casa,VI_casa,EF_casa,Pts_visitante,3P_visitante,2P_visitante,LL_visitante,RT_visitante,RO_visitante,RD_visitante,AS_visitante,ER_visitante,IA%_visitante,3PC_visitante,3PT_visitante,3P%_visitante,2PC_visitante,2PT_visitante,2P%_visitante,LLC_visitante,LLT_visitante,LL%_visitante,EN_visitante,BR_visitante,B/E_visitante,TO_visitante,FC_visitante,T/FC_visitante,ET_visitante,VI_visitante,EF_visitante
90,80,2020-03-02,7,2,2019-2020,Rio Claro,UNIFACISA,1,85.00066666666666,25.0,42.001333333333335,17.99933333333333,34.266,8.267333333333333,25.998666666666665,18.666,13.467333333333332,1.4733333333333332,8.333333333333334,23.667333333333335,35.21666666666666,20.998666666666665,36.532000000000004,57.800666666666665,17.99933333333333,23.001333333333335,78.57266666666668,1.8666666666666667,4.466666666666667,0.3459999999999999,0.9333333333333333,23.466666666666665,0.04133333333333334,13.467333333333332,2.8666666666666667,94.0,81.33266666666667,31.2,36.800666666666665,13.334,36.86666666666667,9.399333333333335,27.467333333333332,18.267333333333333,13.332666666666666,1.4426666666666665,10.399333333333335,27.733999999999998,37.31000000000001,18.399333333333335,35.73266666666667,51.52733333333333,13.334,17.332666666666668,75.06133333333332,2.1993333333333336,6.733333333333333,0.5446666666666666,2.734,19.200666666666667,0.14600000000000002,13.332666666666666,2.0660000000000003,93.86666666666666
