placar_casa,placar_visitante,data,round,stage,ano,equipe_casa,equipe_visitante,resultado,Pts_casa,3P_casa,2P_casa,LL_casa,RT_casa,RO_casa,RD_casa,AS_casa,ER_casa,IA%_casa,3PC_casa,3PT_casa,3P%_casa,2PC_casa,2PT_casa,2P%_casa,LLC_casa,LLT_casa,LL%_casa,EN_casa,BR_casa,B/E_casa,TO_casa,FC_casa,T/FC_casa,ET_casa,VI_casa,EF_casa,Pts_visitante,3P_visitante,2P_visitante,LL_visitante,RT_visitante,RO_visitante,RD_visitante,AS_visitante,ER_visitante,IA%_visitante,3PC_visitante,3PT_visitante,3P%_visitante,2PC_visitante,2PT_visitante,2P%_visitante,LLC_visitante,LLT_visitante,LL%_visitante,EN_visitante,BR_visitante,B/E_visitante,TO_visitante,FC_visitante,T/FC_visitante,ET_visitante,VI_visitante,EF_visitante
84,78,2020-11-21,2,1,2020-2021,Brasília,Pinheiros,1,68.55333333333333,24.0,32.22,12.333333333333334,31.666666666666668,7.0,24.666666666666668,15.780000000000001,14.553333333333333,1.09,8.0,22.886666666666667,34.99,16.113333333333333,33.22,48.46333333333333,12.333333333333334,17.886666666666667,70.7,0.22,4.446666666666666,0.2966666666666667,2.3333333333333335,14.113333333333335,0.17,14.553333333333333,3.0,70.66666666666667,70.0,19.0,39.333333333333336,11.666666666666666,36.446666666666665,12.446666666666667,24.0,17.113333333333333,15.446666666666667,1.1066666666666667,6.333333333333333,19.666666666666668,32.836666666666666,19.666666666666668,47.22,41.70666666666667,11.666666666666666,15.666666666666666,74.37666666666667,1.22,6.113333333333333,0.4166666666666667,0.7799999999999999,21.44666666666667,0.03333333333333333,15.446666666666667,2.22,70.11333333333334
