placar_casa,placar_visitante,data,round,stage,ano,equipe_casa,equipe_visitante,resultado,Pts_casa,3P_casa,2P_casa,LL_casa,RT_casa,RO_casa,RD_casa,AS_casa,ER_casa,IA%_casa,3PC_casa,3PT_casa,3P%_casa,2PC_casa,2PT_casa,2P%_casa,LLC_casa,LLT_casa,LL%_casa,EN_casa,BR_casa,B/E_casa,TO_casa,FC_casa,T/FC_casa,ET_casa,VI_casa,EF_casa,Pts_visitante,3P_visitante,2P_visitante,LL_visitante,RT_visitante,RO_visitante,RD_visitante,AS_visitante,ER_visitante,IA%_visitante,3PC_visitante,3PT_visitante,3P%_visitante,2PC_visitante,2PT_visitante,2P%_visitante,LLC_visitante,LLT_visitante,LL%_visitante,EN_visitante,BR_visitante,B/E_visitante,TO_visitante,FC_visitante,T/FC_visitante,ET_visitante,VI_visitante,EF_visitante
96,71,2014-01-23,2,2,2013-2014,Brasília,Macaé Basquete,1,83.53333333333333,33.8,37.2,12.533333333333333,35.733333333333334,8.0,27.733333333333334,15.333333333333334,11.533333333333333,1.5493333333333335,11.266666666666667,28.933333333333334,39.07266666666666,18.6,35.2,53.714666666666666,12.533333333333333,15.666666666666666,79.60200000000002,1.3333333333333333,8.266666666666667,0.7459999999999999,2.7333333333333334,18.0,0.15733333333333335,11.533333333333333,1.6666666666666667,96.66666666666667,78.53333333333333,22.6,39.733333333333334,16.2,30.533333333333335,7.8,22.733333333333334,14.4,11.333333333333334,1.7246666666666668,7.533333333333333,21.066666666666666,35.73533333333333,19.866666666666667,38.266666666666666,51.77733333333334,16.2,20.6,80.392,0.9333333333333333,8.933333333333334,1.1506666666666665,1.4666666666666666,21.066666666666666,0.07200000000000001,11.333333333333334,2.2,86.2
