placar_casa,placar_visitante,data,round,stage,ano,equipe_casa,equipe_visitante,resultado,Pts_casa,3P_casa,2P_casa,LL_casa,RT_casa,RO_casa,RD_casa,AS_casa,ER_casa,IA%_casa,3PC_casa,3PT_casa,3P%_casa,2PC_casa,2PT_casa,2P%_casa,LLC_casa,LLT_casa,LL%_casa,EN_casa,BR_casa,B/E_casa,TO_casa,FC_casa,T/FC_casa,ET_casa,VI_casa,EF_casa,Pts_visitante,3P_visitante,2P_visitante,LL_visitante,RT_visitante,RO_visitante,RD_visitante,AS_visitante,ER_visitante,IA%_visitante,3PC_visitante,3PT_visitante,3P%_visitante,2PC_visitante,2PT_visitante,2P%_visitante,LLC_visitante,LLT_visitante,LL%_visitante,EN_visitante,BR_visitante,B/E_visitante,TO_visitante,FC_visitante,T/FC_visitante,ET_visitante,VI_visitante,EF_visitante
84,69,2021-04-06,8,2,2020-2021,Fortaleza B. C. / CFO,Sesi Franca,1,79.578,24.3,43.733333333333334,11.544666666666666,39.05533333333334,10.578,28.478,14.222,12.822000000000001,1.2126666666666666,8.1,27.733333333333334,28.781999999999996,21.866666666666667,41.43333333333333,52.87666666666667,11.544666666666666,16.778,69.24133333333333,0.8553333333333334,8.478,0.6886666666666666,3.122,19.178,0.17533333333333329,12.822000000000001,2.555333333333333,87.2,88.32200000000002,24.733333333333334,47.17733333333334,16.410000000000004,35.09,6.889333333333334,28.20066666666667,18.823333333333334,12.234,1.5819999999999999,8.243333333333332,21.543333333333333,38.38199999999999,23.589333333333336,42.64466666666667,55.21266666666667,16.410000000000004,20.566666666666666,79.91999999999999,2.4,7.9,0.6579999999999998,2.2233333333333336,19.155333333333335,0.116,12.234,1.4326666666666668,103.60999999999999
