placar_casa,placar_visitante,data,round,stage,ano,equipe_casa,equipe_visitante,resultado,Pts_casa,3P_casa,2P_casa,LL_casa,RT_casa,RO_casa,RD_casa,AS_casa,ER_casa,IA%_casa,3PC_casa,3PT_casa,3P%_casa,2PC_casa,2PT_casa,2P%_casa,LLC_casa,LLT_casa,LL%_casa,EN_casa,BR_casa,B/E_casa,TO_casa,FC_casa,T/FC_casa,ET_casa,VI_casa,EF_casa,Pts_visitante,3P_visitante,2P_visitante,LL_visitante,RT_visitante,RO_visitante,RD_visitante,AS_visitante,ER_visitante,IA%_visitante,3PC_visitante,3PT_visitante,3P%_visitante,2PC_visitante,2PT_visitante,2P%_visitante,LLC_visitante,LLT_visitante,LL%_visitante,EN_visitante,BR_visitante,B/E_visitante,TO_visitante,FC_visitante,T/FC_visitante,ET_visitante,VI_visitante,EF_visitante
72,69,2018-11-25,7,1,2018-2019,Minas,Corinthians,1,79.875,27.75,37.50125,14.62375,36.25125,8.99875,27.24875,17.125,13.875,1.25625,9.25125,25.625,35.64625000000001,18.74875,36.00125,52.315,14.62375,20.37375,71.07,2.0012499999999998,6.626250000000001,0.49874999999999997,2.375,20.25,0.12000000000000001,13.875,1.74875,89.00125,77.44444444444444,20.333333333333332,42.0,15.11111111111111,34.666666666666664,10.777777777777779,23.88888888888889,16.0,14.0,1.2033333333333334,6.777777777777778,20.555555555555557,33.02333333333333,21.0,42.888888888888886,49.52666666666667,15.11111111111111,19.22222222222222,77.93777777777778,1.7777777777777777,7.111111111111111,0.5244444444444444,1.6666666666666667,24.11111111111111,0.0711111111111111,14.0,1.6666666666666667,83.0
