placar_casa,placar_visitante,data,round,stage,ano,equipe_casa,equipe_visitante,resultado,Pts_casa,3P_casa,2P_casa,LL_casa,RT_casa,RO_casa,RD_casa,AS_casa,ER_casa,IA%_casa,3PC_casa,3PT_casa,3P%_casa,2PC_casa,2PT_casa,2P%_casa,LLC_casa,LLT_casa,LL%_casa,EN_casa,BR_casa,B/E_casa,TO_casa,FC_casa,T/FC_casa,ET_casa,VI_casa,EF_casa,Pts_visitante,3P_visitante,2P_visitante,LL_visitante,RT_visitante,RO_visitante,RD_visitante,AS_visitante,ER_visitante,IA%_visitante,3PC_visitante,3PT_visitante,3P%_visitante,2PC_visitante,2PT_visitante,2P%_visitante,LLC_visitante,LLT_visitante,LL%_visitante,EN_visitante,BR_visitante,B/E_visitante,TO_visitante,FC_visitante,T/FC_visitante,ET_visitante,VI_visitante,EF_visitante
76,85,2013-03-14,11,2,2012-2013,Mogi,Espírito Santo,0,75.4,57.2,38.13333333333333,18.066666666666666,30.4,8.933333333333334,21.466666666666665,11.466666666666667,14.733333333333333,0.9033333333333334,6.4,18.333333333333332,35.425333333333334,19.066666666666666,41.4,46.818,18.066666666666666,24.933333333333334,72.39733333333334,0.4,5.6,0.4406666666666667,1.0,23.6,0.046000000000000006,14.733333333333333,2.933333333333333,77.8,79.33333333333333,60.0,40.0,17.933333333333334,32.13333333333333,9.733333333333333,22.4,10.2,13.733333333333333,0.8493333333333334,7.133333333333334,24.0,30.105333333333327,20.0,40.46666666666667,49.224,17.933333333333334,22.866666666666667,78.44466666666669,1.4,7.8,0.672,1.2666666666666666,21.133333333333333,0.064,13.733333333333333,3.533333333333333,83.2
