placar_casa,placar_visitante,data,round,stage,ano,equipe_casa,equipe_visitante,resultado,Pts_casa,3P_casa,2P_casa,LL_casa,RT_casa,RO_casa,RD_casa,AS_casa,ER_casa,IA%_casa,3PC_casa,3PT_casa,3P%_casa,2PC_casa,2PT_casa,2P%_casa,LLC_casa,LLT_casa,LL%_casa,EN_casa,BR_casa,B/E_casa,TO_casa,FC_casa,T/FC_casa,ET_casa,VI_casa,EF_casa,Pts_visitante,3P_visitante,2P_visitante,LL_visitante,RT_visitante,RO_visitante,RD_visitante,AS_visitante,ER_visitante,IA%_visitante,3PC_visitante,3PT_visitante,3P%_visitante,2PC_visitante,2PT_visitante,2P%_visitante,LLC_visitante,LLT_visitante,LL%_visitante,EN_visitante,BR_visitante,B/E_visitante,TO_visitante,FC_visitante,T/FC_visitante,ET_visitante,VI_visitante,EF_visitante
88,86,2023-03-28,8,2,2022-2023,Minas,Corinthians,1,86.13266666666665,29.2,43.734666666666655,13.200000000000005,40.66600000000001,10.800666666666665,29.867333333333338,20.60066666666667,13.265333333333336,1.568,9.732666666666667,26.39866666666666,36.73933333333334,21.86533333333333,38.6,56.318000000000005,13.200000000000005,18.332666666666665,71.69333333333334,3.399333333333333,5.800666666666667,0.4353333333333333,1.6660000000000001,17.800666666666668,0.09533333333333335,13.265333333333336,2.8673333333333337,103.06733333333335,80.4,27.0,39.733333333333334,13.666666666666666,40.066,10.466666666666667,29.59933333333333,17.099333333333334,15.900666666666666,1.1493333333333335,9.000666666666666,26.2,34.56933333333334,19.866666666666667,36.666000000000004,54.21866666666666,13.666666666666666,19.366,71.86066666666666,4.233333333333333,4.566666666666666,0.29800000000000004,3.066666666666667,19.866666666666667,0.15533333333333338,15.900666666666666,3.2006666666666663,89.6
