placar_casa,placar_visitante,data,round,stage,ano,equipe_casa,equipe_visitante,resultado,Pts_casa,3P_casa,2P_casa,LL_casa,RT_casa,RO_casa,RD_casa,AS_casa,ER_casa,IA%_casa,3PC_casa,3PT_casa,3P%_casa,2PC_casa,2PT_casa,2P%_casa,LLC_casa,LLT_casa,LL%_casa,EN_casa,BR_casa,B/E_casa,TO_casa,FC_casa,T/FC_casa,ET_casa,VI_casa,EF_casa,Pts_visitante,3P_visitante,2P_visitante,LL_visitante,RT_visitante,RO_visitante,RD_visitante,AS_visitante,ER_visitante,IA%_visitante,3PC_visitante,3PT_visitante,3P%_visitante,2PC_visitante,2PT_visitante,2P%_visitante,LLC_visitante,LLT_visitante,LL%_visitante,EN_visitante,BR_visitante,B/E_visitante,TO_visitante,FC_visitante,T/FC_visitante,ET_visitante,VI_visitante,EF_visitante
71,88,2022-04-12,11,2,2021-2022,União Corinthians,Paulistano,0,76.9,25.9,37.733333333333334,13.266666666666667,38.63333333333333,11.533333333333333,27.1,15.766666666666667,12.166666666666666,1.3446666666666665,8.633333333333333,28.066666666666666,30.64466666666667,18.866666666666667,40.8,46.448,13.266666666666667,19.433333333333334,69.35066666666667,1.7666666666666666,6.833333333333333,0.578,2.4,22.033333333333335,0.11333333333333333,12.166666666666666,1.5666666666666667,80.83333333333333,78.23333333333333,26.1,39.93466666666667,12.200666666666667,36.36666666666667,10.599333333333334,25.76533333333333,14.933333333333334,12.401333333333332,1.34,8.698666666666666,25.634000000000004,33.615333333333325,19.96533333333333,39.134,50.70933333333333,12.200666666666667,16.432666666666666,72.414,1.8013333333333335,7.134666666666667,0.6566666666666667,2.066666666666667,19.900666666666666,0.10600000000000004,12.401333333333332,2.5673333333333335,86.00133333333333
