placar_casa,placar_visitante,data,round,stage,ano,equipe_casa,equipe_visitante,resultado,Pts_casa,3P_casa,2P_casa,LL_casa,RT_casa,RO_casa,RD_casa,AS_casa,ER_casa,IA%_casa,3PC_casa,3PT_casa,3P%_casa,2PC_casa,2PT_casa,2P%_casa,LLC_casa,LLT_casa,LL%_casa,EN_casa,BR_casa,B/E_casa,TO_casa,FC_casa,T/FC_casa,ET_casa,VI_casa,EF_casa,Pts_visitante,3P_visitante,2P_visitante,LL_visitante,RT_visitante,RO_visitante,RD_visitante,AS_visitante,ER_visitante,IA%_visitante,3PC_visitante,3PT_visitante,3P%_visitante,2PC_visitante,2PT_visitante,2P%_visitante,LLC_visitante,LLT_visitante,LL%_visitante,EN_visitante,BR_visitante,B/E_visitante,TO_visitante,FC_visitante,T/FC_visitante,ET_visitante,VI_visitante,EF_visitante
90,86,2016-03-17,12,2,2015-2016,Fortaleza B. C. / CFO,Bauru Basket,1,76.26666666666667,28.8,31.466666666666665,16.0,37.86666666666667,9.6,28.266666666666666,13.466666666666667,13.6,1.1193333333333333,9.6,29.266666666666666,32.940666666666665,15.733333333333333,30.866666666666667,50.83866666666667,16.0,21.866666666666667,73.69399999999999,1.8666666666666667,10.133333333333333,0.7866666666666666,2.6666666666666665,21.333333333333332,0.12200000000000001,13.6,3.3333333333333335,86.13333333333334,85.46666666666667,32.2,35.733333333333334,17.533333333333335,38.666666666666664,10.066666666666666,28.6,15.866666666666667,14.0,1.3113333333333332,10.733333333333333,28.2,38.38866666666666,17.866666666666667,33.8,52.95,17.533333333333335,22.6,77.31666666666666,0.7333333333333333,9.266666666666667,0.6666666666666666,2.0,18.4,0.10933333333333334,14.0,2.8666666666666667,98.8
