placar_casa,placar_visitante,data,round,stage,ano,equipe_casa,equipe_visitante,resultado,Pts_casa,3P_casa,2P_casa,LL_casa,RT_casa,RO_casa,RD_casa,AS_casa,ER_casa,IA%_casa,3PC_casa,3PT_casa,3P%_casa,2PC_casa,2PT_casa,2P%_casa,LLC_casa,LLT_casa,LL%_casa,EN_casa,BR_casa,B/E_casa,TO_casa,FC_casa,T/FC_casa,ET_casa,VI_casa,EF_casa,Pts_visitante,3P_visitante,2P_visitante,LL_visitante,RT_visitante,RO_visitante,RD_visitante,AS_visitante,ER_visitante,IA%_visitante,3PC_visitante,3PT_visitante,3P%_visitante,2PC_visitante,2PT_visitante,2P%_visitante,LLC_visitante,LLT_visitante,LL%_visitante,EN_visitante,BR_visitante,B/E_visitante,TO_visitante,FC_visitante,T/FC_visitante,ET_visitante,VI_visitante,EF_visitante
95,93,2018-11-22,6,1,2018-2019,Sesi Franca,Coop/São José Basketball,1,86.88888888888889,33.0,38.666666666666664,15.222222222222221,35.333333333333336,8.222222222222221,27.11111111111111,18.555555555555557,11.222222222222221,1.6577777777777778,11.0,30.11111111111111,36.519999999999996,19.333333333333332,32.333333333333336,59.77777777777778,15.222222222222221,18.11111111111111,83.25555555555555,2.3333333333333335,6.333333333333333,0.5733333333333334,1.8888888888888888,18.333333333333332,0.1111111111111111,11.222222222222221,1.2222222222222223,102.77777777777777,76.21428571428571,27.428571428571427,33.857142857142854,14.928571428571429,36.642857142857146,9.785714285714286,26.857142857142858,17.571428571428573,15.071428571428571,1.1957142857142855,9.142857142857142,28.357142857142858,33.39142857142857,16.928571428571427,34.07142857142857,49.54,14.928571428571429,20.0,74.89428571428572,0.8571428571428571,7.357142857142857,0.5085714285714286,2.2142857142857144,23.785714285714285,0.09571428571428571,15.071428571428571,3.142857142857143,83.14285714285714
