placar_casa,placar_visitante,data,round,stage,ano,equipe_casa,equipe_visitante,resultado,Pts_casa,3P_casa,2P_casa,LL_casa,RT_casa,RO_casa,RD_casa,AS_casa,ER_casa,IA%_casa,3PC_casa,3PT_casa,3P%_casa,2PC_casa,2PT_casa,2P%_casa,LLC_casa,LLT_casa,LL%_casa,EN_casa,BR_casa,B/E_casa,TO_casa,FC_casa,T/FC_casa,ET_casa,VI_casa,EF_casa,Pts_visitante,3P_visitante,2P_visitante,LL_visitante,RT_visitante,RO_visitante,RD_visitante,AS_visitante,ER_visitante,IA%_visitante,3PC_visitante,3PT_visitante,3P%_visitante,2PC_visitante,2PT_visitante,2P%_visitante,LLC_visitante,LLT_visitante,LL%_visitante,EN_visitante,BR_visitante,B/E_visitante,TO_visitante,FC_visitante,T/FC_visitante,ET_visitante,VI_visitante,EF_visitante
75,65,2025-01-21,5,2,2024-2025,Sesi Franca,São Paulo,1,81.03399999999998,25.7,40.866,14.467999999999998,33.568000000000005,8.533333333333333,25.03466666666667,16.26533333333333,12.3,1.3739999999999997,8.568000000000001,26.09933333333333,32.755333333333326,20.434,35.632,57.18133333333333,14.467999999999998,19.165999999999997,74.80333333333334,2.0986666666666665,7.199333333333333,0.6060000000000001,2.3666666666666667,17.866,0.13333333333333333,12.3,2.0,90.7,76.60066666666665,22.5,38.99933333333333,15.099333333333334,35.8,8.899333333333335,26.90066666666667,17.434000000000005,14.833333333333334,1.21,7.5,24.867333333333338,29.903999999999996,19.50066666666667,34.400666666666666,57.223333333333336,15.099333333333334,21.034,71.57866666666668,1.2326666666666668,6.4,0.4346666666666667,1.600666666666667,17.29933333333333,0.09400000000000001,14.833333333333334,2.699333333333333,84.8
