placar_casa,placar_visitante,data,round,stage,ano,equipe_casa,equipe_visitante,resultado,Pts_casa,3P_casa,2P_casa,LL_casa,RT_casa,RO_casa,RD_casa,AS_casa,ER_casa,IA%_casa,3PC_casa,3PT_casa,3P%_casa,2PC_casa,2PT_casa,2P%_casa,LLC_casa,LLT_casa,LL%_casa,EN_casa,BR_casa,B/E_casa,TO_casa,FC_casa,T/FC_casa,ET_casa,VI_casa,EF_casa,Pts_visitante,3P_visitante,2P_visitante,LL_visitante,RT_visitante,RO_visitante,RD_visitante,AS_visitante,ER_visitante,IA%_visitante,3PC_visitante,3PT_visitante,3P%_visitante,2PC_visitante,2PT_visitante,2P%_visitante,LLC_visitante,LLT_visitante,LL%_visitante,EN_visitante,BR_visitante,B/E_visitante,TO_visitante,FC_visitante,T/FC_visitante,ET_visitante,VI_visitante,EF_visitante
87,91,2016-02-05,6,2,2015-2016,Pinheiros,Sesi Franca,0,82.8,19.8,44.8,18.2,39.13333333333333,12.266666666666667,26.866666666666667,14.333333333333334,15.666666666666666,0.9373333333333334,6.6,18.133333333333333,36.952666666666666,22.4,44.53333333333333,50.788000000000004,18.2,23.466666666666665,78.068,1.7333333333333334,9.866666666666667,0.644,3.4,20.666666666666668,0.176,15.666666666666666,2.466666666666667,94.93333333333334,73.13333333333334,20.4,37.2,15.533333333333333,30.4,8.666666666666666,21.733333333333334,13.066666666666666,14.866666666666667,0.9126666666666666,6.8,20.666666666666668,31.744666666666664,18.6,35.93333333333333,53.708666666666666,15.533333333333333,21.466666666666665,73.76,2.1333333333333333,8.933333333333334,0.6386666666666666,2.6666666666666665,20.066666666666666,0.13333333333333333,14.866666666666667,2.8,76.2
