placar_casa,placar_visitante,data,round,stage,ano,equipe_casa,equipe_visitante,resultado,Pts_casa,3P_casa,2P_casa,LL_casa,RT_casa,RO_casa,RD_casa,AS_casa,ER_casa,IA%_casa,3PC_casa,3PT_casa,3P%_casa,2PC_casa,2PT_casa,2P%_casa,LLC_casa,LLT_casa,LL%_casa,EN_casa,BR_casa,B/E_casa,TO_casa,FC_casa,T/FC_casa,ET_casa,VI_casa,EF_casa,Pts_visitante,3P_visitante,2P_visitante,LL_visitante,RT_visitante,RO_visitante,RD_visitante,AS_visitante,ER_visitante,IA%_visitante,3PC_visitante,3PT_visitante,3P%_visitante,2PC_visitante,2PT_visitante,2P%_visitante,LLC_visitante,LLT_visitante,LL%_visitante,EN_visitante,BR_visitante,B/E_visitante,TO_visitante,FC_visitante,T/FC_visitante,ET_visitante,VI_visitante,EF_visitante
82,70,2013-02-21,7,2,2012-2013,Brasília,Flamengo,1,89.73333333333333,63.4,42.266666666666666,16.066666666666666,35.0,10.6,24.4,17.4,11.933333333333334,1.6399999999999997,10.466666666666667,27.133333333333333,39.22266666666667,21.133333333333333,37.93333333333333,56.086,16.066666666666666,19.533333333333335,82.884,1.0,8.666666666666666,0.8093333333333333,2.933333333333333,21.533333333333335,0.13799999999999996,11.933333333333334,2.2666666666666666,110.6,93.53333333333333,73.8,49.2,18.533333333333335,32.2,8.733333333333333,23.466666666666665,14.333333333333334,10.133333333333333,1.7146666666666668,8.6,21.933333333333334,39.606,24.6,41.93333333333333,58.96933333333333,18.533333333333335,24.266666666666666,76.74333333333334,1.8,7.466666666666667,0.8106666666666666,1.7333333333333334,18.333333333333332,0.096,10.133333333333333,2.6666666666666665,111.13333333333334
