placar_casa,placar_visitante,data,round,stage,ano,equipe_casa,equipe_visitante,resultado,Pts_casa,3P_casa,2P_casa,LL_casa,RT_casa,RO_casa,RD_casa,AS_casa,ER_casa,IA%_casa,3PC_casa,3PT_casa,3P%_casa,2PC_casa,2PT_casa,2P%_casa,LLC_casa,LLT_casa,LL%_casa,EN_casa,BR_casa,B/E_casa,TO_casa,FC_casa,T/FC_casa,ET_casa,VI_casa,EF_casa,Pts_visitante,3P_visitante,2P_visitante,LL_visitante,RT_visitante,RO_visitante,RD_visitante,AS_visitante,ER_visitante,IA%_visitante,3PC_visitante,3PT_visitante,3P%_visitante,2PC_visitante,2PT_visitante,2P%_visitante,LLC_visitante,LLT_visitante,LL%_visitante,EN_visitante,BR_visitante,B/E_visitante,TO_visitante,FC_visitante,T/FC_visitante,ET_visitante,VI_visitante,EF_visitante
76,89,2025-05-10,1,4,2024-2025,Pinheiros,Sesi Franca,0,77.33333333333333,26.2,36.93333333333333,14.2,41.13333333333333,13.333333333333334,27.8,15.266666666666667,13.4,1.236,8.733333333333333,27.933333333333334,31.305333333333333,18.466666666666665,34.4,53.907333333333334,14.2,19.6,72.34400000000001,2.1333333333333333,4.6,0.35466666666666663,1.4666666666666666,21.266666666666666,0.07333333333333332,13.4,2.2,85.86666666666666,91.60066666666665,32.6,42.934,16.066666666666666,36.93333333333333,8.666666666666666,28.266666666666666,20.733333333333334,11.332666666666666,1.9579999999999997,10.866000000000001,28.065999999999995,38.08133333333333,21.465999999999998,36.00066666666667,59.44733333333333,16.066666666666666,19.666666666666668,81.92466666666665,3.466666666666667,8.066666666666666,0.7726666666666666,2.066666666666667,16.733999999999998,0.12333333333333334,11.332666666666666,1.934,112.73333333333333
