placar_casa,placar_visitante,data,round,stage,ano,equipe_casa,equipe_visitante,resultado,Pts_casa,3P_casa,2P_casa,LL_casa,RT_casa,RO_casa,RD_casa,AS_casa,ER_casa,IA%_casa,3PC_casa,3PT_casa,3P%_casa,2PC_casa,2PT_casa,2P%_casa,LLC_casa,LLT_casa,LL%_casa,EN_casa,BR_casa,B/E_casa,TO_casa,FC_casa,T/FC_casa,ET_casa,VI_casa,EF_casa,Pts_visitante,3P_visitante,2P_visitante,LL_visitante,RT_visitante,RO_visitante,RD_visitante,AS_visitante,ER_visitante,IA%_visitante,3PC_visitante,3PT_visitante,3P%_visitante,2PC_visitante,2PT_visitante,2P%_visitante,LLC_visitante,LLT_visitante,LL%_visitante,EN_visitante,BR_visitante,B/E_visitante,TO_visitante,FC_visitante,T/FC_visitante,ET_visitante,VI_visitante,EF_visitante
73,63,2012-05-11,5,4,2011-2012,Pinheiros,Joinville,1,82.73333333333333,21.2,46.8,14.733333333333333,30.733333333333334,8.266666666666667,22.466666666666665,15.6,12.933333333333334,1.35,7.066666666666666,19.6,35.73533333333333,23.4,40.666666666666664,57.856,14.733333333333333,22.266666666666666,66.44733333333333,2.6666666666666665,7.133333333333334,0.5966666666666666,2.466666666666667,20.733333333333334,0.12400000000000001,12.933333333333334,2.6666666666666665,97.33333333333333,82.26666666666667,17.8,43.46666666666667,21.0,33.666666666666664,11.133333333333333,22.533333333333335,14.133333333333333,12.933333333333334,1.1686666666666667,5.933333333333334,17.533333333333335,34.72866666666667,21.733333333333334,45.333333333333336,48.148,21.0,28.466666666666665,74.75200000000001,1.5333333333333334,7.6,0.6353333333333334,1.5333333333333334,22.533333333333335,0.06933333333333333,12.933333333333334,3.4,94.46666666666667
