placar_casa,placar_visitante,data,round,stage,ano,equipe_casa,equipe_visitante,resultado,Pts_casa,3P_casa,2P_casa,LL_casa,RT_casa,RO_casa,RD_casa,AS_casa,ER_casa,IA%_casa,3PC_casa,3PT_casa,3P%_casa,2PC_casa,2PT_casa,2P%_casa,LLC_casa,LLT_casa,LL%_casa,EN_casa,BR_casa,B/E_casa,TO_casa,FC_casa,T/FC_casa,ET_casa,VI_casa,EF_casa,Pts_visitante,3P_visitante,2P_visitante,LL_visitante,RT_visitante,RO_visitante,RD_visitante,AS_visitante,ER_visitante,IA%_visitante,3PC_visitante,3PT_visitante,3P%_visitante,2PC_visitante,2PT_visitante,2P%_visitante,LLC_visitante,LLT_visitante,LL%_visitante,EN_visitante,BR_visitante,B/E_visitante,TO_visitante,FC_visitante,T/FC_visitante,ET_visitante,VI_visitante,EF_visitante
69,70,2018-10-27,2,1,2018-2019,Bauru Basket,Sesi Franca,0,77.44666666666667,30.666666666666668,34.0,12.780000000000001,32.78,7.780000000000001,25.0,19.886666666666667,13.0,1.53,10.219999999999999,25.333333333333332,40.38333333333333,17.0,31.333333333333332,54.18000000000001,12.780000000000001,19.113333333333333,66.90666666666668,0.4466666666666667,7.333333333333333,0.5566666666666666,1.3333333333333333,19.666666666666668,0.06666666666666667,13.0,2.1133333333333333,90.0,80.83333333333333,31.0,34.666666666666664,15.166666666666666,37.0,9.833333333333334,27.166666666666668,17.333333333333332,11.833333333333334,1.45,10.333333333333334,31.833333333333332,32.10666666666666,17.333333333333332,30.333333333333332,57.13333333333333,15.166666666666666,19.0,78.89999999999999,1.6666666666666667,5.666666666666667,0.48,1.5,19.5,0.08,11.833333333333334,0.8333333333333334,92.16666666666667
