placar_casa,placar_visitante,data,round,stage,ano,equipe_casa,equipe_visitante,resultado,Pts_casa,3P_casa,2P_casa,LL_casa,RT_casa,RO_casa,RD_casa,AS_casa,ER_casa,IA%_casa,3PC_casa,3PT_casa,3P%_casa,2PC_casa,2PT_casa,2P%_casa,LLC_casa,LLT_casa,LL%_casa,EN_casa,BR_casa,B/E_casa,TO_casa,FC_casa,T/FC_casa,ET_casa,VI_casa,EF_casa,Pts_visitante,3P_visitante,2P_visitante,LL_visitante,RT_visitante,RO_visitante,RD_visitante,AS_visitante,ER_visitante,IA%_visitante,3PC_visitante,3PT_visitante,3P%_visitante,2PC_visitante,2PT_visitante,2P%_visitante,LLC_visitante,LLT_visitante,LL%_visitante,EN_visitante,BR_visitante,B/E_visitante,TO_visitante,FC_visitante,T/FC_visitante,ET_visitante,VI_visitante,EF_visitante
82,70,2015-01-28,3,2,2014-2015,Rio Claro,L. Sorocabana,1,78.13333333333334,18.4,45.733333333333334,14.0,32.0,7.733333333333333,24.266666666666666,16.933333333333334,14.8,1.2773333333333332,6.133333333333334,20.4,29.42133333333334,22.866666666666667,41.666666666666664,55.004,14.0,17.066666666666666,81.16733333333333,1.7333333333333334,10.733333333333333,0.7606666666666668,1.5333333333333334,17.4,0.09266666666666669,14.8,3.2666666666666666,88.4,74.53333333333333,17.2,42.53333333333333,14.8,31.0,10.933333333333334,20.066666666666666,11.2,13.933333333333334,0.8393333333333334,5.733333333333333,19.666666666666668,29.08466666666666,21.266666666666666,43.266666666666666,48.957333333333324,14.8,20.533333333333335,72.22666666666667,1.5333333333333334,12.0,0.914,1.8666666666666667,24.2,0.08,13.933333333333334,2.2666666666666666,75.0
