placar_casa,placar_visitante,data,round,stage,ano,equipe_casa,equipe_visitante,resultado,Pts_casa,3P_casa,2P_casa,LL_casa,RT_casa,RO_casa,RD_casa,AS_casa,ER_casa,IA%_casa,3PC_casa,3PT_casa,3P%_casa,2PC_casa,2PT_casa,2P%_casa,LLC_casa,LLT_casa,LL%_casa,EN_casa,BR_casa,B/E_casa,TO_casa,FC_casa,T/FC_casa,ET_casa,VI_casa,EF_casa,Pts_visitante,3P_visitante,2P_visitante,LL_visitante,RT_visitante,RO_visitante,RD_visitante,AS_visitante,ER_visitante,IA%_visitante,3PC_visitante,3PT_visitante,3P%_visitante,2PC_visitante,2PT_visitante,2P%_visitante,LLC_visitante,LLT_visitante,LL%_visitante,EN_visitante,BR_visitante,B/E_visitante,TO_visitante,FC_visitante,T/FC_visitante,ET_visitante,VI_visitante,EF_visitante
92,78,2023-12-27,11,1,2023-2024,Paulistano,Mogi,1,73.96666666666667,21.3,39.93333333333333,12.733333333333333,41.266666666666666,14.8,26.466666666666665,15.233333333333333,14.1,1.1153333333333333,7.1,23.0,30.589333333333332,19.966666666666665,41.266666666666666,48.398,12.733333333333333,18.4,69.528,1.7333333333333334,8.066666666666666,0.5933333333333333,2.6333333333333333,19.8,0.132,14.1,2.3666666666666667,84.2,74.10066666666667,31.2,30.267333333333337,12.633333333333333,31.134000000000004,8.234,22.9,16.833333333333332,14.166,1.1920000000000002,10.400666666666666,28.59933333333333,36.382666666666665,15.132666666666667,28.833333333333332,52.710666666666675,12.633333333333333,16.36733333333333,78.97733333333332,0.33266666666666667,5.500666666666667,0.3906666666666666,1.7,21.666666666666668,0.08,14.166,3.099333333333333,79.46733333333333
