placar_casa,placar_visitante,data,round,stage,ano,equipe_casa,equipe_visitante,resultado,Pts_casa,3P_casa,2P_casa,LL_casa,RT_casa,RO_casa,RD_casa,AS_casa,ER_casa,IA%_casa,3PC_casa,3PT_casa,3P%_casa,2PC_casa,2PT_casa,2P%_casa,LLC_casa,LLT_casa,LL%_casa,EN_casa,BR_casa,B/E_casa,TO_casa,FC_casa,T/FC_casa,ET_casa,VI_casa,EF_casa,Pts_visitante,3P_visitante,2P_visitante,LL_visitante,RT_visitante,RO_visitante,RD_visitante,AS_visitante,ER_visitante,IA%_visitante,3PC_visitante,3PT_visitante,3P%_visitante,2PC_visitante,2PT_visitante,2P%_visitante,LLC_visitante,LLT_visitante,LL%_visitante,EN_visitante,BR_visitante,B/E_visitante,TO_visitante,FC_visitante,T/FC_visitante,ET_visitante,VI_visitante,EF_visitante
77,90,2014-02-01,4,2,2013-2014,Bauru Basket,Paulistano,0,82.13333333333334,26.4,37.86666666666667,17.866666666666667,32.13333333333333,9.733333333333333,22.4,15.133333333333333,11.0,1.5646666666666669,8.8,23.933333333333334,37.74133333333334,18.933333333333334,35.733333333333334,52.868,17.866666666666667,22.866666666666667,78.73066666666665,2.1333333333333333,9.4,0.9406666666666667,2.066666666666667,18.0,0.12266666666666666,11.0,1.7333333333333334,92.86666666666666,85.6,25.4,41.733333333333334,18.466666666666665,33.86666666666667,11.066666666666666,22.8,12.666666666666666,11.4,1.2613333333333332,8.466666666666667,23.733333333333334,35.699333333333335,20.866666666666667,38.46666666666667,54.00933333333334,18.466666666666665,23.266666666666666,78.07733333333334,0.8,10.4,0.9840000000000001,1.4,21.266666666666666,0.07200000000000001,11.4,2.1333333333333333,94.86666666666666
