placar_casa,placar_visitante,data,round,stage,ano,equipe_casa,equipe_visitante,resultado,Pts_casa,3P_casa,2P_casa,LL_casa,RT_casa,RO_casa,RD_casa,AS_casa,ER_casa,IA%_casa,3PC_casa,3PT_casa,3P%_casa,2PC_casa,2PT_casa,2P%_casa,LLC_casa,LLT_casa,LL%_casa,EN_casa,BR_casa,B/E_casa,TO_casa,FC_casa,T/FC_casa,ET_casa,VI_casa,EF_casa,Pts_visitante,3P_visitante,2P_visitante,LL_visitante,RT_visitante,RO_visitante,RD_visitante,AS_visitante,ER_visitante,IA%_visitante,3PC_visitante,3PT_visitante,3P%_visitante,2PC_visitante,2PT_visitante,2P%_visitante,LLC_visitante,LLT_visitante,LL%_visitante,EN_visitante,BR_visitante,B/E_visitante,TO_visitante,FC_visitante,T/FC_visitante,ET_visitante,VI_visitante,EF_visitante
78,102,2022-03-10,6,2,2021-2022,Rio Claro,Sesi Franca,0,78.6,23.0,40.2,15.4,35.666666666666664,11.233333333333333,24.433333333333334,14.2,12.666666666666666,1.1753333333333333,7.666666666666667,26.033333333333335,29.24933333333333,20.1,37.833333333333336,53.394000000000005,15.4,20.7,74.014,1.4666666666666666,7.133333333333334,0.5920000000000001,1.5,22.966666666666665,0.068,12.666666666666666,3.3,83.03333333333333,92.06733333333334,35.6,40.66733333333333,15.8,40.199333333333335,10.8,29.39933333333333,16.13266666666667,11.932666666666668,1.5446666666666666,11.866666666666667,31.600666666666665,37.204,20.332666666666668,33.334,61.566,15.8,19.134,83.778,2.734,5.4,0.5046666666666666,2.932666666666667,15.933333333333334,0.204,11.932666666666668,1.8006666666666666,108.734
