placar_casa,placar_visitante,data,round,stage,ano,equipe_casa,equipe_visitante,resultado,Pts_casa,3P_casa,2P_casa,LL_casa,RT_casa,RO_casa,RD_casa,AS_casa,ER_casa,IA%_casa,3PC_casa,3PT_casa,3P%_casa,2PC_casa,2PT_casa,2P%_casa,LLC_casa,LLT_casa,LL%_casa,EN_casa,BR_casa,B/E_casa,TO_casa,FC_casa,T/FC_casa,ET_casa,VI_casa,EF_casa,Pts_visitante,3P_visitante,2P_visitante,LL_visitante,RT_visitante,RO_visitante,RD_visitante,AS_visitante,ER_visitante,IA%_visitante,3PC_visitante,3PT_visitante,3P%_visitante,2PC_visitante,2PT_visitante,2P%_visitante,LLC_visitante,LLT_visitante,LL%_visitante,EN_visitante,BR_visitante,B/E_visitante,TO_visitante,FC_visitante,T/FC_visitante,ET_visitante,VI_visitante,EF_visitante
85,95,2017-05-06,5,4,2016-2017,Mogi,Vitória,0,83.0,32.2,34.4,16.4,38.53333333333333,11.866666666666667,26.666666666666668,17.6,12.333333333333334,1.8053333333333335,10.733333333333333,31.6,34.17466666666667,17.2,33.2,51.412666666666674,16.4,22.4,73.16133333333333,1.5333333333333334,7.866666666666666,0.756,1.0666666666666667,20.333333333333332,0.05333333333333334,12.333333333333334,2.4,92.86666666666666,77.4,25.4,37.06666666666667,14.933333333333334,37.06666666666667,10.666666666666666,26.4,16.0,15.733333333333333,1.1013333333333335,8.466666666666667,24.466666666666665,35.02066666666666,18.533333333333335,38.4,48.50866666666666,14.933333333333334,21.2,70.33133333333333,1.4,8.4,0.5666666666666668,1.6666666666666667,23.0,0.07533333333333334,15.733333333333333,4.2,82.66666666666667
