placar_casa,placar_visitante,data,round,stage,ano,equipe_casa,equipe_visitante,resultado,Pts_casa,3P_casa,2P_casa,LL_casa,RT_casa,RO_casa,RD_casa,AS_casa,ER_casa,IA%_casa,3PC_casa,3PT_casa,3P%_casa,2PC_casa,2PT_casa,2P%_casa,LLC_casa,LLT_casa,LL%_casa,EN_casa,BR_casa,B/E_casa,TO_casa,FC_casa,T/FC_casa,ET_casa,VI_casa,EF_casa,Pts_visitante,3P_visitante,2P_visitante,LL_visitante,RT_visitante,RO_visitante,RD_visitante,AS_visitante,ER_visitante,IA%_visitante,3PC_visitante,3PT_visitante,3P%_visitante,2PC_visitante,2PT_visitante,2P%_visitante,LLC_visitante,LLT_visitante,LL%_visitante,EN_visitante,BR_visitante,B/E_visitante,TO_visitante,FC_visitante,T/FC_visitante,ET_visitante,VI_visitante,EF_visitante
74,68,2010-02-12,11,1,2009-2010,Coop/São José Basketball,Assis,1,71.7,24.9,35.6,11.2,30.4,10.0,20.4,14.9,14.9,1.077,8.3,26.2,31.053999999999995,17.8,31.0,57.50600000000001,11.2,18.3,62.826,1.4,7.3,0.534,1.4,18.5,0.077,14.9,1.5,72.6,77.63636363636364,24.272727272727273,38.18181818181818,15.181818181818182,33.36363636363637,10.272727272727273,23.09090909090909,10.454545454545455,12.0,1.071818181818182,8.090909090909092,25.454545454545453,30.864545454545453,19.09090909090909,36.54545454545455,52.48545454545454,15.181818181818182,22.09090909090909,68.11636363636364,1.9090909090909092,4.7272727272727275,0.4327272727272727,2.6363636363636362,18.545454545454547,0.14363636363636362,12.0,3.1818181818181817,75.0909090909091
