placar_casa,placar_visitante,data,round,stage,ano,equipe_casa,equipe_visitante,resultado,Pts_casa,3P_casa,2P_casa,LL_casa,RT_casa,RO_casa,RD_casa,AS_casa,ER_casa,IA%_casa,3PC_casa,3PT_casa,3P%_casa,2PC_casa,2PT_casa,2P%_casa,LLC_casa,LLT_casa,LL%_casa,EN_casa,BR_casa,B/E_casa,TO_casa,FC_casa,T/FC_casa,ET_casa,VI_casa,EF_casa,Pts_visitante,3P_visitante,2P_visitante,LL_visitante,RT_visitante,RO_visitante,RD_visitante,AS_visitante,ER_visitante,IA%_visitante,3PC_visitante,3PT_visitante,3P%_visitante,2PC_visitante,2PT_visitante,2P%_visitante,LLC_visitante,LLT_visitante,LL%_visitante,EN_visitante,BR_visitante,B/E_visitante,TO_visitante,FC_visitante,T/FC_visitante,ET_visitante,VI_visitante,EF_visitante
75,64,2010-03-07,6,2,2009-2010,Londrina,Paulistano,1,78.06666666666666,23.8,35.333333333333336,18.933333333333334,30.933333333333334,11.066666666666666,19.866666666666667,12.866666666666667,15.333333333333334,0.8933333333333331,7.933333333333334,26.333333333333332,29.87066666666667,17.666666666666668,36.53333333333333,48.63733333333333,18.933333333333334,25.466666666666665,74.14999999999999,0.8,7.133333333333334,0.4866666666666667,2.6666666666666665,20.866666666666667,0.14133333333333334,15.333333333333334,2.1333333333333333,72.53333333333333,76.6,21.2,41.46666666666667,13.933333333333334,29.533333333333335,9.666666666666666,19.866666666666667,12.933333333333334,13.2,1.0693333333333332,7.066666666666666,24.066666666666666,29.15666666666667,20.733333333333334,40.333333333333336,51.74466666666667,13.933333333333334,21.066666666666666,65.47866666666667,1.0,7.8,0.65,2.1333333333333333,21.466666666666665,0.10200000000000001,13.2,2.2666666666666666,72.06666666666666
