placar_casa,placar_visitante,data,round,stage,ano,equipe_casa,equipe_visitante,resultado,Pts_casa,3P_casa,2P_casa,LL_casa,RT_casa,RO_casa,RD_casa,AS_casa,ER_casa,IA%_casa,3PC_casa,3PT_casa,3P%_casa,2PC_casa,2PT_casa,2P%_casa,LLC_casa,LLT_casa,LL%_casa,EN_casa,BR_casa,B/E_casa,TO_casa,FC_casa,T/FC_casa,ET_casa,VI_casa,EF_casa,Pts_visitante,3P_visitante,2P_visitante,LL_visitante,RT_visitante,RO_visitante,RD_visitante,AS_visitante,ER_visitante,IA%_visitante,3PC_visitante,3PT_visitante,3P%_visitante,2PC_visitante,2PT_visitante,2P%_visitante,LLC_visitante,LLT_visitante,LL%_visitante,EN_visitante,BR_visitante,B/E_visitante,TO_visitante,FC_visitante,T/FC_visitante,ET_visitante,VI_visitante,EF_visitante
99,81,2013-03-14,11,2,2012-2013,Brasília,Palmeiras,1,90.8,64.0,42.666666666666664,15.933333333333334,34.733333333333334,9.6,25.133333333333333,17.333333333333332,11.533333333333333,1.652666666666667,10.733333333333333,26.8,40.66333333333334,21.333333333333332,37.13333333333333,57.976000000000006,15.933333333333334,20.4,78.61933333333334,1.1333333333333333,7.8,0.7433333333333334,2.6,22.8,0.11533333333333333,11.533333333333333,2.2666666666666666,112.13333333333334,79.06666666666666,58.6,39.06666666666667,17.8,32.6,10.866666666666667,21.733333333333334,12.933333333333334,14.666666666666666,1.0573333333333335,7.4,22.933333333333334,32.31733333333333,19.533333333333335,41.06666666666667,47.506,17.8,25.533333333333335,69.53333333333333,1.9333333333333333,8.0,0.6133333333333333,1.6666666666666667,22.266666666666666,0.07666666666666667,14.666666666666666,3.3333333333333335,85.86666666666666
