placar_casa,placar_visitante,data,round,stage,ano,equipe_casa,equipe_visitante,resultado,Pts_casa,3P_casa,2P_casa,LL_casa,RT_casa,RO_casa,RD_casa,AS_casa,ER_casa,IA%_casa,3PC_casa,3PT_casa,3P%_casa,2PC_casa,2PT_casa,2P%_casa,LLC_casa,LLT_casa,LL%_casa,EN_casa,BR_casa,B/E_casa,TO_casa,FC_casa,T/FC_casa,ET_casa,VI_casa,EF_casa,Pts_visitante,3P_visitante,2P_visitante,LL_visitante,RT_visitante,RO_visitante,RD_visitante,AS_visitante,ER_visitante,IA%_visitante,3PC_visitante,3PT_visitante,3P%_visitante,2PC_visitante,2PT_visitante,2P%_visitante,LLC_visitante,LLT_visitante,LL%_visitante,EN_visitante,BR_visitante,B/E_visitante,TO_visitante,FC_visitante,T/FC_visitante,ET_visitante,VI_visitante,EF_visitante
98,89,2025-02-27,9,2,2024-2025,Sesi Franca,Corinthians,1,83.134,26.533333333333335,41.55533333333333,15.045333333333334,34.44533333333334,8.733333333333333,25.712,17.021333333333335,12.6,1.4246666666666665,8.845333333333334,26.39933333333333,33.746666666666655,20.778000000000002,35.288,58.638,15.045333333333334,19.332666666666668,77.15533333333335,2.2213333333333334,7.399333333333333,0.6053333333333332,2.2666666666666666,18.422,0.12533333333333335,12.6,2.0893333333333333,95.31066666666668,79.66666666666667,31.0,34.8,13.866666666666667,38.266666666666666,10.2,28.066666666666666,17.933333333333334,13.666666666666666,1.3906666666666665,10.333333333333334,29.0,34.81133333333333,17.4,33.333333333333336,52.21066666666665,13.866666666666667,18.333333333333332,76.184,0.9333333333333333,5.666666666666667,0.43533333333333335,1.4,18.866666666666667,0.07600000000000001,13.666666666666666,2.6666666666666665,90.2
