placar_casa,placar_visitante,data,round,stage,ano,equipe_casa,equipe_visitante,resultado,Pts_casa,3P_casa,2P_casa,LL_casa,RT_casa,RO_casa,RD_casa,AS_casa,ER_casa,IA%_casa,3PC_casa,3PT_casa,3P%_casa,2PC_casa,2PT_casa,2P%_casa,LLC_casa,LLT_casa,LL%_casa,EN_casa,BR_casa,B/E_casa,TO_casa,FC_casa,T/FC_casa,ET_casa,VI_casa,EF_casa,Pts_visitante,3P_visitante,2P_visitante,LL_visitante,RT_visitante,RO_visitante,RD_visitante,AS_visitante,ER_visitante,IA%_visitante,3PC_visitante,3PT_visitante,3P%_visitante,2PC_visitante,2PT_visitante,2P%_visitante,LLC_visitante,LLT_visitante,LL%_visitante,EN_visitante,BR_visitante,B/E_visitante,TO_visitante,FC_visitante,T/FC_visitante,ET_visitante,VI_visitante,EF_visitante
93,69,2024-04-10,12,2,2023-2024,Botafogo,Pinheiros,1,82.456,28.1,38.356,16.0,33.666666666666664,10.177333333333333,23.489333333333335,16.844,13.566666666666666,1.3353333333333335,9.366666666666667,28.1,33.879333333333335,19.17733333333333,37.956,50.532000000000004,16.0,21.633333333333333,72.93866666666666,0.856,6.810666666666666,0.52,2.1333333333333333,21.533333333333335,0.09866666666666668,13.566666666666666,2.6333333333333333,85.2,72.71133333333334,21.8,38.31133333333333,12.6,36.977999999999994,11.244666666666665,25.733333333333334,19.866666666666667,12.311333333333332,1.7586666666666668,7.266666666666667,23.911333333333335,30.343333333333337,19.15533333333333,38.333333333333336,50.61333333333333,12.6,16.266666666666666,75.66533333333334,0.9333333333333333,4.844666666666667,0.41600000000000015,1.8446666666666667,18.466666666666665,0.10333333333333335,12.311333333333332,1.9333333333333333,84.44466666666668
