placar_casa,placar_visitante,data,round,stage,ano,equipe_casa,equipe_visitante,resultado,Pts_casa,3P_casa,2P_casa,LL_casa,RT_casa,RO_casa,RD_casa,AS_casa,ER_casa,IA%_casa,3PC_casa,3PT_casa,3P%_casa,2PC_casa,2PT_casa,2P%_casa,LLC_casa,LLT_casa,LL%_casa,EN_casa,BR_casa,B/E_casa,TO_casa,FC_casa,T/FC_casa,ET_casa,VI_casa,EF_casa,Pts_visitante,3P_visitante,2P_visitante,LL_visitante,RT_visitante,RO_visitante,RD_visitante,AS_visitante,ER_visitante,IA%_visitante,3PC_visitante,3PT_visitante,3P%_visitante,2PC_visitante,2PT_visitante,2P%_visitante,LLC_visitante,LLT_visitante,LL%_visitante,EN_visitante,BR_visitante,B/E_visitante,TO_visitante,FC_visitante,T/FC_visitante,ET_visitante,VI_visitante,EF_visitante
63,77,2022-05-15,2,5,2021-2022,Minas,Flamengo,0,79.6,27.0,37.733333333333334,14.866666666666667,35.733333333333334,9.6,26.133333333333333,14.966666666666667,14.066666666666666,1.1026666666666667,9.0,26.766666666666666,33.41133333333334,18.866666666666667,33.3,56.86466666666667,14.866666666666667,18.233333333333334,81.234,3.0,5.933333333333334,0.43799999999999994,2.2,17.633333333333333,0.13133333333333336,14.066666666666666,2.6,88.8,85.93266666666666,40.8,31.999333333333333,13.133333333333333,39.6,12.332666666666666,27.267333333333333,19.2,11.233333333333333,1.8079999999999998,13.600666666666665,36.99933333333333,37.024,16.000666666666667,29.233999999999998,54.527333333333324,13.133333333333333,17.6,72.826,1.5339999999999998,6.066666666666666,0.5760000000000001,2.534,17.267333333333333,0.154,11.233333333333333,2.134,100.99933333333334
