placar_casa,placar_visitante,data,round,stage,ano,equipe_casa,equipe_visitante,resultado,Pts_casa,3P_casa,2P_casa,LL_casa,RT_casa,RO_casa,RD_casa,AS_casa,ER_casa,IA%_casa,3PC_casa,3PT_casa,3P%_casa,2PC_casa,2PT_casa,2P%_casa,LLC_casa,LLT_casa,LL%_casa,EN_casa,BR_casa,B/E_casa,TO_casa,FC_casa,T/FC_casa,ET_casa,VI_casa,EF_casa,Pts_visitante,3P_visitante,2P_visitante,LL_visitante,RT_visitante,RO_visitante,RD_visitante,AS_visitante,ER_visitante,IA%_visitante,3PC_visitante,3PT_visitante,3P%_visitante,2PC_visitante,2PT_visitante,2P%_visitante,LLC_visitante,LLT_visitante,LL%_visitante,EN_visitante,BR_visitante,B/E_visitante,TO_visitante,FC_visitante,T/FC_visitante,ET_visitante,VI_visitante,EF_visitante
89,85,2025-05-14,3,4,2024-2025,Bauru Basket,São Paulo,1,79.4,24.8,41.06733333333333,13.532666666666668,37.00066666666667,9.867333333333333,27.133333333333333,19.067333333333334,14.466000000000001,1.3926666666666667,8.266,26.667333333333335,31.05866666666667,20.532666666666668,36.4,56.95466666666666,13.532666666666668,17.467333333333332,77.52266666666667,1.7333333333333334,8.4,0.6146666666666666,2.3340000000000005,20.799333333333333,0.11200000000000003,14.466000000000001,2.0006666666666666,93.53266666666669,76.26666666666667,24.4,36.266666666666666,15.6,35.2,8.0,27.2,19.066666666666666,13.533333333333333,1.5153333333333332,8.133333333333333,26.333333333333332,30.783999999999995,18.133333333333333,33.2,55.21666666666667,15.6,21.466666666666665,72.84666666666665,0.8666666666666667,6.733333333333333,0.532,1.8,18.866666666666667,0.10133333333333334,13.533333333333333,1.9333333333333333,86.4
