placar_casa,placar_visitante,data,round,stage,ano,equipe_casa,equipe_visitante,resultado,Pts_casa,3P_casa,2P_casa,LL_casa,RT_casa,RO_casa,RD_casa,AS_casa,ER_casa,IA%_casa,3PC_casa,3PT_casa,3P%_casa,2PC_casa,2PT_casa,2P%_casa,LLC_casa,LLT_casa,LL%_casa,EN_casa,BR_casa,B/E_casa,TO_casa,FC_casa,T/FC_casa,ET_casa,VI_casa,EF_casa,Pts_visitante,3P_visitante,2P_visitante,LL_visitante,RT_visitante,RO_visitante,RD_visitante,AS_visitante,ER_visitante,IA%_visitante,3PC_visitante,3PT_visitante,3P%_visitante,2PC_visitante,2PT_visitante,2P%_visitante,LLC_visitante,LLT_visitante,LL%_visitante,EN_visitante,BR_visitante,B/E_visitante,TO_visitante,FC_visitante,T/FC_visitante,ET_visitante,VI_visitante,EF_visitante
63,75,2010-03-07,6,2,2009-2010,Joinville,Pinheiros,0,80.42857142857143,27.642857142857142,36.57142857142857,16.214285714285715,32.67857142857143,10.392857142857142,22.285714285714285,12.0,12.035714285714286,1.1335714285714285,9.214285714285714,25.821428571428573,36.028571428571425,18.285714285714285,37.17857142857143,49.435,16.214285714285715,22.642857142857142,71.70928571428571,1.5357142857142858,6.964285714285714,0.6378571428571428,2.0357142857142856,19.321428571428573,0.11642857142857145,12.035714285714286,2.642857142857143,80.14285714285714,90.4,28.2,43.46666666666667,18.733333333333334,28.933333333333334,8.066666666666666,20.866666666666667,14.6,13.8,1.1193333333333335,9.4,23.2,41.007333333333335,21.733333333333334,38.666666666666664,55.60466666666666,18.733333333333334,23.933333333333334,77.938,2.533333333333333,7.266666666666667,0.5513333333333333,3.066666666666667,19.533333333333335,0.17533333333333337,13.8,2.3333333333333335,94.53333333333333
