placar_casa,placar_visitante,data,round,stage,ano,equipe_casa,equipe_visitante,resultado,Pts_casa,3P_casa,2P_casa,LL_casa,RT_casa,RO_casa,RD_casa,AS_casa,ER_casa,IA%_casa,3PC_casa,3PT_casa,3P%_casa,2PC_casa,2PT_casa,2P%_casa,LLC_casa,LLT_casa,LL%_casa,EN_casa,BR_casa,B/E_casa,TO_casa,FC_casa,T/FC_casa,ET_casa,VI_casa,EF_casa,Pts_visitante,3P_visitante,2P_visitante,LL_visitante,RT_visitante,RO_visitante,RD_visitante,AS_visitante,ER_visitante,IA%_visitante,3PC_visitante,3PT_visitante,3P%_visitante,2PC_visitante,2PT_visitante,2P%_visitante,LLC_visitante,LLT_visitante,LL%_visitante,EN_visitante,BR_visitante,B/E_visitante,TO_visitante,FC_visitante,T/FC_visitante,ET_visitante,VI_visitante,EF_visitante
97,89,2020-03-12,8,2,2019-2020,Coop/São José Basketball,Mogi,1,88.9,26.6,47.06666666666667,15.233333333333333,32.833333333333336,10.233333333333333,22.6,20.866666666666667,13.533333333333333,1.7086666666666663,8.866666666666667,24.866666666666667,35.800666666666665,23.533333333333335,42.2,55.93266666666667,15.233333333333333,20.5,73.78,1.1,7.166666666666667,0.5946666666666667,1.7333333333333334,22.4,0.08066666666666666,13.533333333333333,1.9666666666666666,97.9,83.36733333333332,30.2,37.400666666666666,15.766666666666667,36.43333333333333,9.966000000000001,26.467333333333336,16.533333333333335,14.933333333333334,1.1673333333333331,10.066666666666666,27.232666666666663,37.082,18.699333333333332,36.00066666666667,51.88066666666667,15.766666666666667,20.86733333333333,75.62933333333334,1.1993333333333334,7.299333333333333,0.5053333333333334,2.066666666666667,19.466666666666665,0.11000000000000001,14.933333333333334,1.9673333333333336,91.06733333333332
