placar_casa,placar_visitante,data,round,stage,ano,equipe_casa,equipe_visitante,resultado,Pts_casa,3P_casa,2P_casa,LL_casa,RT_casa,RO_casa,RD_casa,AS_casa,ER_casa,IA%_casa,3PC_casa,3PT_casa,3P%_casa,2PC_casa,2PT_casa,2P%_casa,LLC_casa,LLT_casa,LL%_casa,EN_casa,BR_casa,B/E_casa,TO_casa,FC_casa,T/FC_casa,ET_casa,VI_casa,EF_casa,Pts_visitante,3P_visitante,2P_visitante,LL_visitante,RT_visitante,RO_visitante,RD_visitante,AS_visitante,ER_visitante,IA%_visitante,3PC_visitante,3PT_visitante,3P%_visitante,2PC_visitante,2PT_visitante,2P%_visitante,LLC_visitante,LLT_visitante,LL%_visitante,EN_visitante,BR_visitante,B/E_visitante,TO_visitante,FC_visitante,T/FC_visitante,ET_visitante,VI_visitante,EF_visitante
97,99,2020-01-21,2,2,2019-2020,Coop/São José Basketball,São Paulo,0,84.06666666666666,25.2,43.86666666666667,15.0,34.8,10.266666666666667,24.533333333333335,19.8,15.8,1.2833333333333334,8.4,23.466666666666665,35.65266666666667,21.933333333333334,41.733333333333334,52.861999999999995,15.0,20.666666666666668,72.05133333333333,1.7333333333333334,7.533333333333333,0.49199999999999994,2.066666666666667,23.066666666666666,0.08933333333333335,15.8,2.2666666666666666,91.8,86.39933333333335,34.4,37.2,14.799333333333333,42.06733333333333,11.466666666666667,30.60066666666667,19.865999999999996,12.400666666666666,1.7173333333333336,11.466666666666667,32.132666666666665,36.04066666666667,18.6,34.20066666666666,54.727999999999994,14.799333333333333,19.99933333333333,74.11733333333333,2.599333333333333,5.267333333333334,0.428,2.8659999999999997,18.666666666666668,0.15266666666666673,12.400666666666666,1.7333333333333334,102.534
