placar_casa,placar_visitante,data,round,stage,ano,equipe_casa,equipe_visitante,resultado,Pts_casa,3P_casa,2P_casa,LL_casa,RT_casa,RO_casa,RD_casa,AS_casa,ER_casa,IA%_casa,3PC_casa,3PT_casa,3P%_casa,2PC_casa,2PT_casa,2P%_casa,LLC_casa,LLT_casa,LL%_casa,EN_casa,BR_casa,B/E_casa,TO_casa,FC_casa,T/FC_casa,ET_casa,VI_casa,EF_casa,Pts_visitante,3P_visitante,2P_visitante,LL_visitante,RT_visitante,RO_visitante,RD_visitante,AS_visitante,ER_visitante,IA%_visitante,3PC_visitante,3PT_visitante,3P%_visitante,2PC_visitante,2PT_visitante,2P%_visitante,LLC_visitante,LLT_visitante,LL%_visitante,EN_visitante,BR_visitante,B/E_visitante,TO_visitante,FC_visitante,T/FC_visitante,ET_visitante,VI_visitante,EF_visitante
93,80,2009-04-03,4,2,2008-2009,Espírito Santo,Lajeado,1,74.53333333333333,20.2,38.266666666666666,16.066666666666666,26.333333333333332,7.2,19.133333333333333,11.066666666666666,12.533333333333333,0.9853333333333333,6.733333333333333,21.266666666666666,31.840666666666664,19.133333333333333,35.666666666666664,54.492666666666665,16.066666666666666,24.0,68.88533333333334,0.5333333333333333,7.933333333333334,0.6340000000000001,1.2666666666666666,22.266666666666666,0.060000000000000005,12.533333333333333,0.0,69.6,73.46666666666667,17.6,40.0,15.866666666666667,28.666666666666668,9.8,18.866666666666667,10.466666666666667,14.266666666666667,0.7373333333333333,5.866666666666666,19.533333333333335,29.299333333333337,20.0,39.733333333333334,51.206,15.866666666666667,23.2,68.60066666666667,0.2,8.0,0.6140000000000001,1.0,21.2,0.04933333333333335,14.266666666666667,0.0,66.6
