placar_casa,placar_visitante,data,round,stage,ano,equipe_casa,equipe_visitante,resultado,Pts_casa,3P_casa,2P_casa,LL_casa,RT_casa,RO_casa,RD_casa,AS_casa,ER_casa,IA%_casa,3PC_casa,3PT_casa,3P%_casa,2PC_casa,2PT_casa,2P%_casa,LLC_casa,LLT_casa,LL%_casa,EN_casa,BR_casa,B/E_casa,TO_casa,FC_casa,T/FC_casa,ET_casa,VI_casa,EF_casa,Pts_visitante,3P_visitante,2P_visitante,LL_visitante,RT_visitante,RO_visitante,RD_visitante,AS_visitante,ER_visitante,IA%_visitante,3PC_visitante,3PT_visitante,3P%_visitante,2PC_visitante,2PT_visitante,2P%_visitante,LLC_visitante,LLT_visitante,LL%_visitante,EN_visitante,BR_visitante,B/E_visitante,TO_visitante,FC_visitante,T/FC_visitante,ET_visitante,VI_visitante,EF_visitante
86,78,2017-02-22,22,1,2016-2017,Pinheiros,Brasília,1,80.66666666666667,18.6,44.266666666666666,17.8,38.0,11.266666666666667,26.733333333333334,17.133333333333333,13.6,1.3099999999999998,6.2,21.466666666666665,28.692,22.133333333333333,41.46666666666667,53.31666666666668,17.8,24.866666666666667,71.97533333333332,2.2,8.133333333333333,0.62,2.8,20.666666666666668,0.14333333333333337,13.6,2.6666666666666665,91.46666666666667,81.33333333333333,24.6,42.13333333333333,14.6,38.06666666666667,10.066666666666666,28.0,20.266666666666666,14.4,1.680666666666667,8.2,23.066666666666666,34.808,21.066666666666666,38.4,54.51466666666667,14.6,19.666666666666668,72.81466666666667,1.8,5.733333333333333,0.4253333333333334,2.8666666666666667,19.533333333333335,0.1566666666666667,14.4,3.0,96.6
