placar_casa,placar_visitante,data,round,stage,ano,equipe_casa,equipe_visitante,resultado,Pts_casa,3P_casa,2P_casa,LL_casa,RT_casa,RO_casa,RD_casa,AS_casa,ER_casa,IA%_casa,3PC_casa,3PT_casa,3P%_casa,2PC_casa,2PT_casa,2P%_casa,LLC_casa,LLT_casa,LL%_casa,EN_casa,BR_casa,B/E_casa,TO_casa,FC_casa,T/FC_casa,ET_casa,VI_casa,EF_casa,Pts_visitante,3P_visitante,2P_visitante,LL_visitante,RT_visitante,RO_visitante,RD_visitante,AS_visitante,ER_visitante,IA%_visitante,3PC_visitante,3PT_visitante,3P%_visitante,2PC_visitante,2PT_visitante,2P%_visitante,LLC_visitante,LLT_visitante,LL%_visitante,EN_visitante,BR_visitante,B/E_visitante,TO_visitante,FC_visitante,T/FC_visitante,ET_visitante,VI_visitante,EF_visitante
71,69,2014-01-18,18,1,2013-2014,Fortaleza B. C. / CFO,Mogi,1,75.93333333333334,17.6,46.0,12.333333333333334,35.06666666666667,11.333333333333334,23.733333333333334,12.0,12.666666666666666,1.1193333333333333,5.866666666666666,18.733333333333334,31.074666666666666,23.0,45.266666666666666,50.84866666666667,12.333333333333334,17.2,69.93866666666666,2.3333333333333335,10.4,0.9533333333333331,2.066666666666667,20.533333333333335,0.09733333333333334,12.666666666666666,3.2666666666666666,82.8,79.66666666666667,21.2,39.6,18.866666666666667,36.733333333333334,12.866666666666667,23.866666666666667,13.133333333333333,13.8,1.0379999999999998,7.066666666666666,20.466666666666665,35.62266666666666,19.8,39.666666666666664,49.754,18.866666666666667,25.533333333333335,73.29799999999999,1.0666666666666667,10.666666666666666,0.8,1.5333333333333334,20.866666666666667,0.07466666666666667,13.8,2.7333333333333334,88.0
