placar_casa,placar_visitante,data,round,stage,ano,equipe_casa,equipe_visitante,resultado,Pts_casa,3P_casa,2P_casa,LL_casa,RT_casa,RO_casa,RD_casa,AS_casa,ER_casa,IA%_casa,3PC_casa,3PT_casa,3P%_casa,2PC_casa,2PT_casa,2P%_casa,LLC_casa,LLT_casa,LL%_casa,EN_casa,BR_casa,B/E_casa,TO_casa,FC_casa,T/FC_casa,ET_casa,VI_casa,EF_casa,Pts_visitante,3P_visitante,2P_visitante,LL_visitante,RT_visitante,RO_visitante,RD_visitante,AS_visitante,ER_visitante,IA%_visitante,3PC_visitante,3PT_visitante,3P%_visitante,2PC_visitante,2PT_visitante,2P%_visitante,LLC_visitante,LLT_visitante,LL%_visitante,EN_visitante,BR_visitante,B/E_visitante,TO_visitante,FC_visitante,T/FC_visitante,ET_visitante,VI_visitante,EF_visitante
91,80,2009-04-01,3,2,2008-2009,Flamengo,Coop/São José Basketball,1,94.86666666666666,30.6,46.266666666666666,18.0,32.6,9.466666666666667,23.133333333333333,18.4,14.4,1.4106666666666665,10.2,24.666666666666668,41.873333333333335,23.133333333333333,39.333333333333336,58.455999999999996,18.0,22.8,78.99133333333334,2.0,9.066666666666666,0.6806666666666668,1.4,19.8,0.06666666666666667,14.4,0.0,106.46666666666667,78.8,26.8,37.6,14.4,26.933333333333334,8.4,18.533333333333335,13.333333333333334,13.8,1.0346666666666668,8.933333333333334,25.466666666666665,35.227333333333334,18.8,36.8,51.41,14.4,21.0,68.882,0.4,7.6,0.5766666666666667,2.2,22.666666666666668,0.10733333333333335,13.8,0.0,73.93333333333334
