placar_casa,placar_visitante,data,round,stage,ano,equipe_casa,equipe_visitante,resultado,Pts_casa,3P_casa,2P_casa,LL_casa,RT_casa,RO_casa,RD_casa,AS_casa,ER_casa,IA%_casa,3PC_casa,3PT_casa,3P%_casa,2PC_casa,2PT_casa,2P%_casa,LLC_casa,LLT_casa,LL%_casa,EN_casa,BR_casa,B/E_casa,TO_casa,FC_casa,T/FC_casa,ET_casa,VI_casa,EF_casa,Pts_visitante,3P_visitante,2P_visitante,LL_visitante,RT_visitante,RO_visitante,RD_visitante,AS_visitante,ER_visitante,IA%_visitante,3PC_visitante,3PT_visitante,3P%_visitante,2PC_visitante,2PT_visitante,2P%_visitante,LLC_visitante,LLT_visitante,LL%_visitante,EN_visitante,BR_visitante,B/E_visitante,TO_visitante,FC_visitante,T/FC_visitante,ET_visitante,VI_visitante,EF_visitante
76,79,2019-12-17,10,1,2019-2020,Pato Basquete,Bauru Basket,0,64.36363636363636,19.09090909090909,33.45454545454545,11.818181818181818,34.0,10.727272727272727,23.272727272727273,14.454545454545455,17.363636363636363,0.838181818181818,6.363636363636363,23.363636363636363,27.734545454545454,16.727272727272727,36.54545454545455,45.941818181818185,11.818181818181818,17.727272727272727,67.60727272727273,1.4545454545454546,7.909090909090909,0.46090909090909093,2.090909090909091,22.181818181818183,0.09545454545454546,17.363636363636363,4.181818181818182,62.63636363636363,80.07692307692308,24.0,42.30769230769231,13.76923076923077,34.38461538461539,9.0,25.384615384615383,15.692307692307692,14.076923076923077,1.1592307692307693,8.0,25.384615384615383,31.466923076923077,21.153846153846153,37.53846153846154,56.37769230769231,13.76923076923077,20.46153846153846,66.07000000000001,1.2307692307692308,9.076923076923077,0.6584615384615387,1.6153846153846154,19.0,0.08769230769230771,14.076923076923077,1.6153846153846154,86.3076923076923
