placar_casa,placar_visitante,data,round,stage,ano,equipe_casa,equipe_visitante,resultado,Pts_casa,3P_casa,2P_casa,LL_casa,RT_casa,RO_casa,RD_casa,AS_casa,ER_casa,IA%_casa,3PC_casa,3PT_casa,3P%_casa,2PC_casa,2PT_casa,2P%_casa,LLC_casa,LLT_casa,LL%_casa,EN_casa,BR_casa,B/E_casa,TO_casa,FC_casa,T/FC_casa,ET_casa,VI_casa,EF_casa,Pts_visitante,3P_visitante,2P_visitante,LL_visitante,RT_visitante,RO_visitante,RD_visitante,AS_visitante,ER_visitante,IA%_visitante,3PC_visitante,3PT_visitante,3P%_visitante,2PC_visitante,2PT_visitante,2P%_visitante,LLC_visitante,LLT_visitante,LL%_visitante,EN_visitante,BR_visitante,B/E_visitante,TO_visitante,FC_visitante,T/FC_visitante,ET_visitante,VI_visitante,EF_visitante
78,94,2022-02-19,4,2,2021-2022,Pato Basquete,Cerrado,0,74.16666666666667,32.9,30.733333333333334,10.533333333333333,35.266666666666666,10.333333333333334,24.933333333333334,12.866666666666667,13.266666666666667,0.996,10.966666666666667,29.133333333333333,37.22066666666667,15.366666666666667,34.266666666666666,45.181333333333335,10.533333333333333,15.7,67.84133333333334,1.3,7.133333333333334,0.5346666666666666,2.066666666666667,20.3,0.10666666666666667,13.266666666666667,3.066666666666667,76.0,78.3,26.8,40.53333333333333,10.966666666666667,40.833333333333336,12.7,28.133333333333333,16.1,13.133333333333333,1.2953333333333332,8.933333333333334,30.366666666666667,29.310666666666666,20.266666666666666,40.7,49.780666666666654,10.966666666666667,14.9,74.12799999999999,2.433333333333333,6.266666666666667,0.5026666666666667,3.433333333333333,17.933333333333334,0.192,13.133333333333333,2.8666666666666667,86.0
