placar_casa,placar_visitante,data,round,stage,ano,equipe_casa,equipe_visitante,resultado,Pts_casa,3P_casa,2P_casa,LL_casa,RT_casa,RO_casa,RD_casa,AS_casa,ER_casa,IA%_casa,3PC_casa,3PT_casa,3P%_casa,2PC_casa,2PT_casa,2P%_casa,LLC_casa,LLT_casa,LL%_casa,EN_casa,BR_casa,B/E_casa,TO_casa,FC_casa,T/FC_casa,ET_casa,VI_casa,EF_casa,Pts_visitante,3P_visitante,2P_visitante,LL_visitante,RT_visitante,RO_visitante,RD_visitante,AS_visitante,ER_visitante,IA%_visitante,3PC_visitante,3PT_visitante,3P%_visitante,2PC_visitante,2PT_visitante,2P%_visitante,LLC_visitante,LLT_visitante,LL%_visitante,EN_visitante,BR_visitante,B/E_visitante,TO_visitante,FC_visitante,T/FC_visitante,ET_visitante,VI_visitante,EF_visitante
85,94,2013-01-17,15,1,2012-2013,Espírito Santo,Fortaleza B. C. / CFO,0,79.23076923076923,52.84615384615385,35.23076923076923,17.0,28.46153846153846,8.692307692307692,19.76923076923077,11.923076923076923,13.76923076923077,0.9407692307692308,9.0,24.923076923076923,36.51461538461538,17.615384615384617,36.30769230769231,48.646153846153844,17.0,22.076923076923077,75.93692307692308,1.3846153846153846,8.692307692307692,0.666923076923077,1.6153846153846154,20.384615384615383,0.07923076923076923,13.76923076923077,3.8461538461538463,85.38461538461539,77.46153846153847,64.61538461538461,43.07692307692308,13.615384615384615,31.0,9.076923076923077,21.923076923076923,12.846153846153847,11.461538461538462,1.2323076923076923,6.923076923076923,20.76923076923077,34.049230769230775,21.53846153846154,41.84615384615385,51.63307692307693,13.615384615384615,18.76923076923077,71.63538461538462,1.2307692307692308,6.923076923076923,0.7000000000000001,2.3846153846153846,20.46153846153846,0.11846153846153847,11.461538461538462,2.6153846153846154,87.61538461538461
