placar_casa,placar_visitante,data,round,stage,ano,equipe_casa,equipe_visitante,resultado,Pts_casa,3P_casa,2P_casa,LL_casa,RT_casa,RO_casa,RD_casa,AS_casa,ER_casa,IA%_casa,3PC_casa,3PT_casa,3P%_casa,2PC_casa,2PT_casa,2P%_casa,LLC_casa,LLT_casa,LL%_casa,EN_casa,BR_casa,B/E_casa,TO_casa,FC_casa,T/FC_casa,ET_casa,VI_casa,EF_casa,Pts_visitante,3P_visitante,2P_visitante,LL_visitante,RT_visitante,RO_visitante,RD_visitante,AS_visitante,ER_visitante,IA%_visitante,3PC_visitante,3PT_visitante,3P%_visitante,2PC_visitante,2PT_visitante,2P%_visitante,LLC_visitante,LLT_visitante,LL%_visitante,EN_visitante,BR_visitante,B/E_visitante,TO_visitante,FC_visitante,T/FC_visitante,ET_visitante,VI_visitante,EF_visitante
65,75,2013-01-31,1,2,2012-2013,Tijuca,Minas,0,67.86666666666666,54.0,36.0,15.866666666666667,26.733333333333334,7.4,19.333333333333332,10.266666666666667,11.866666666666667,0.9660000000000001,5.333333333333333,18.4,27.84133333333333,18.0,38.2,47.27066666666666,15.866666666666667,22.2,71.35666666666665,0.5333333333333333,5.866666666666666,0.5546666666666668,1.7333333333333334,19.133333333333333,0.09066666666666667,11.866666666666667,2.8,70.13333333333334,83.6,65.8,43.86666666666667,17.333333333333332,25.4,7.133333333333334,18.266666666666666,13.933333333333334,13.333333333333334,1.2113333333333334,7.466666666666667,19.866666666666667,36.92733333333334,21.933333333333334,38.93333333333333,56.99266666666665,17.333333333333332,21.466666666666665,79.91866666666667,0.6666666666666666,7.6,0.6193333333333334,2.066666666666667,21.533333333333335,0.09600000000000002,13.333333333333334,2.933333333333333,92.8
