placar_casa,placar_visitante,data,round,stage,ano,equipe_casa,equipe_visitante,resultado,Pts_casa,3P_casa,2P_casa,LL_casa,RT_casa,RO_casa,RD_casa,AS_casa,ER_casa,IA%_casa,3PC_casa,3PT_casa,3P%_casa,2PC_casa,2PT_casa,2P%_casa,LLC_casa,LLT_casa,LL%_casa,EN_casa,BR_casa,B/E_casa,TO_casa,FC_casa,T/FC_casa,ET_casa,VI_casa,EF_casa,Pts_visitante,3P_visitante,2P_visitante,LL_visitante,RT_visitante,RO_visitante,RD_visitante,AS_visitante,ER_visitante,IA%_visitante,3PC_visitante,3PT_visitante,3P%_visitante,2PC_visitante,2PT_visitante,2P%_visitante,LLC_visitante,LLT_visitante,LL%_visitante,EN_visitante,BR_visitante,B/E_visitante,TO_visitante,FC_visitante,T/FC_visitante,ET_visitante,VI_visitante,EF_visitante
73,76,2024-05-14,5,4,2023-2024,R10 Score Vasco da Gama,Bauru Basket,0,74.63333333333334,25.3,34.06666666666667,15.266666666666667,36.4,9.466666666666667,26.933333333333334,18.1,15.0,1.2819999999999998,8.433333333333334,27.666666666666668,30.844666666666665,17.033333333333335,32.13333333333333,52.837999999999994,15.266666666666667,20.766666666666666,73.99466666666667,1.6,7.0,0.4699999999999999,2.466666666666667,20.9,0.12200000000000004,15.0,3.2,83.76666666666667,84.4,30.6,41.2,12.6,34.4,8.066666666666666,26.333333333333332,19.866666666666667,13.733333333333333,1.533333333333333,10.2,27.733333333333334,37.160000000000004,20.6,34.13333333333333,60.78866666666667,12.6,17.266666666666666,73.35200000000002,1.6,8.066666666666666,0.6199999999999999,2.1333333333333333,22.333333333333332,0.09733333333333333,13.733333333333333,2.0,99.4
