placar_casa,placar_visitante,data,round,stage,ano,equipe_casa,equipe_visitante,resultado,Pts_casa,3P_casa,2P_casa,LL_casa,RT_casa,RO_casa,RD_casa,AS_casa,ER_casa,IA%_casa,3PC_casa,3PT_casa,3P%_casa,2PC_casa,2PT_casa,2P%_casa,LLC_casa,LLT_casa,LL%_casa,EN_casa,BR_casa,B/E_casa,TO_casa,FC_casa,T/FC_casa,ET_casa,VI_casa,EF_casa,Pts_visitante,3P_visitante,2P_visitante,LL_visitante,RT_visitante,RO_visitante,RD_visitante,AS_visitante,ER_visitante,IA%_visitante,3PC_visitante,3PT_visitante,3P%_visitante,2PC_visitante,2PT_visitante,2P%_visitante,LLC_visitante,LLT_visitante,LL%_visitante,EN_visitante,BR_visitante,B/E_visitante,TO_visitante,FC_visitante,T/FC_visitante,ET_visitante,VI_visitante,EF_visitante
67,74,2012-12-01,4,1,2012-2013,Bauru Basket,Sesi Franca,0,81.0,63.0,42.0,14.0,33.333333333333336,13.666666666666666,19.666666666666668,16.333333333333332,12.333333333333334,1.3966666666666665,8.333333333333334,27.333333333333332,31.709999999999997,21.0,38.333333333333336,55.55666666666667,14.0,20.333333333333332,69.17333333333333,1.6666666666666667,4.0,0.3433333333333333,1.0,14.333333333333334,0.07,12.333333333333334,2.6666666666666665,89.66666666666667,77.33333333333333,69.0,46.0,13.333333333333334,32.333333333333336,9.666666666666666,22.666666666666668,13.0,17.0,0.7600000000000001,6.0,13.666666666666666,44.04,23.0,50.666666666666664,45.23,13.333333333333334,18.666666666666668,71.57,2.0,12.666666666666666,0.7833333333333333,3.3333333333333335,19.0,0.17333333333333334,17.0,5.0,91.33333333333333
