placar_casa,placar_visitante,data,round,stage,ano,equipe_casa,equipe_visitante,resultado,Pts_casa,3P_casa,2P_casa,LL_casa,RT_casa,RO_casa,RD_casa,AS_casa,ER_casa,IA%_casa,3PC_casa,3PT_casa,3P%_casa,2PC_casa,2PT_casa,2P%_casa,LLC_casa,LLT_casa,LL%_casa,EN_casa,BR_casa,B/E_casa,TO_casa,FC_casa,T/FC_casa,ET_casa,VI_casa,EF_casa,Pts_visitante,3P_visitante,2P_visitante,LL_visitante,RT_visitante,RO_visitante,RD_visitante,AS_visitante,ER_visitante,IA%_visitante,3PC_visitante,3PT_visitante,3P%_visitante,2PC_visitante,2PT_visitante,2P%_visitante,LLC_visitante,LLT_visitante,LL%_visitante,EN_visitante,BR_visitante,B/E_visitante,TO_visitante,FC_visitante,T/FC_visitante,ET_visitante,VI_visitante,EF_visitante
90,89,2022-04-06,10,2,2021-2022,Pato Basquete,União Corinthians,1,74.9,30.8,32.93333333333333,11.166666666666666,34.53333333333333,10.6,23.933333333333334,13.133333333333333,13.3,1.052,10.266666666666667,30.466666666666665,33.42733333333333,16.466666666666665,34.666666666666664,47.732666666666674,11.166666666666666,15.2,73.94066666666667,1.7333333333333334,6.633333333333334,0.5326666666666665,1.7333333333333334,20.6,0.0886666666666667,13.3,3.8,75.2,76.13333333333334,25.4,37.333333333333336,13.4,38.233333333333334,11.566666666666666,26.666666666666668,15.533333333333333,11.7,1.3739999999999999,8.466666666666667,28.033333333333335,30.14466666666667,18.666666666666668,40.93333333333333,45.781333333333336,13.4,19.666666666666668,69.06533333333333,1.7333333333333334,6.966666666666667,0.6146666666666667,2.3666666666666667,21.8,0.11333333333333337,11.7,1.5,79.43333333333334
