placar_casa,placar_visitante,data,round,stage,ano,equipe_casa,equipe_visitante,resultado,Pts_casa,3P_casa,2P_casa,LL_casa,RT_casa,RO_casa,RD_casa,AS_casa,ER_casa,IA%_casa,3PC_casa,3PT_casa,3P%_casa,2PC_casa,2PT_casa,2P%_casa,LLC_casa,LLT_casa,LL%_casa,EN_casa,BR_casa,B/E_casa,TO_casa,FC_casa,T/FC_casa,ET_casa,VI_casa,EF_casa,Pts_visitante,3P_visitante,2P_visitante,LL_visitante,RT_visitante,RO_visitante,RD_visitante,AS_visitante,ER_visitante,IA%_visitante,3PC_visitante,3PT_visitante,3P%_visitante,2PC_visitante,2PT_visitante,2P%_visitante,LLC_visitante,LLT_visitante,LL%_visitante,EN_visitante,BR_visitante,B/E_visitante,TO_visitante,FC_visitante,T/FC_visitante,ET_visitante,VI_visitante,EF_visitante
86,85,2017-01-13,15,1,2016-2017,Fortaleza B. C. / CFO,L. Sorocabana,1,76.6923076923077,29.076923076923077,36.76923076923077,10.846153846153847,39.07692307692308,12.384615384615385,26.692307692307693,13.0,12.538461538461538,1.0530769230769232,9.692307692307692,28.0,34.730000000000004,18.384615384615383,40.30769230769231,45.199230769230766,10.846153846153847,15.307692307692308,69.13538461538461,1.0769230769230769,7.769230769230769,0.6476923076923077,1.8461538461538463,19.307692307692307,0.09307692307692308,12.538461538461538,2.4615384615384617,81.15384615384616,72.38461538461539,25.153846153846153,34.92307692307692,12.307692307692308,34.53846153846154,12.0,22.53846153846154,14.384615384615385,16.692307692307693,0.8869230769230769,8.384615384615385,24.692307692307693,34.799230769230775,17.46153846153846,36.76923076923077,47.70076923076923,12.307692307692308,15.615384615384615,79.52307692307691,1.2307692307692308,7.923076923076923,0.4807692307692308,1.7692307692307692,23.384615384615383,0.08000000000000002,16.692307692307693,5.846153846153846,75.38461538461539
