placar_casa,placar_visitante,data,round,stage,ano,equipe_casa,equipe_visitante,resultado,Pts_casa,3P_casa,2P_casa,LL_casa,RT_casa,RO_casa,RD_casa,AS_casa,ER_casa,IA%_casa,3PC_casa,3PT_casa,3P%_casa,2PC_casa,2PT_casa,2P%_casa,LLC_casa,LLT_casa,LL%_casa,EN_casa,BR_casa,B/E_casa,TO_casa,FC_casa,T/FC_casa,ET_casa,VI_casa,EF_casa,Pts_visitante,3P_visitante,2P_visitante,LL_visitante,RT_visitante,RO_visitante,RD_visitante,AS_visitante,ER_visitante,IA%_visitante,3PC_visitante,3PT_visitante,3P%_visitante,2PC_visitante,2PT_visitante,2P%_visitante,LLC_visitante,LLT_visitante,LL%_visitante,EN_visitante,BR_visitante,B/E_visitante,TO_visitante,FC_visitante,T/FC_visitante,ET_visitante,VI_visitante,EF_visitante
101,62,2010-03-07,6,2,2009-2010,Brasília,Assis,1,94.57142857142857,23.357142857142858,53.142857142857146,18.071428571428573,34.92857142857143,10.928571428571429,24.0,19.142857142857142,13.214285714285714,1.5585714285714285,7.785714285714286,23.428571428571427,33.604285714285716,26.571428571428573,43.785714285714285,61.20142857142857,18.071428571428573,23.071428571428573,77.7614285714286,2.4285714285714284,8.214285714285714,0.6371428571428571,3.2857142857142856,17.5,0.22214285714285714,13.214285714285714,2.4285714285714284,109.07142857142857,77.92857142857143,25.285714285714285,38.0,14.642857142857142,31.642857142857142,9.5,22.142857142857142,10.428571428571429,12.0,1.032857142857143,8.428571428571429,24.642857142857142,34.464999999999996,19.0,36.285714285714285,52.605000000000004,14.642857142857142,20.928571428571427,68.91857142857144,1.6428571428571428,5.642857142857143,0.515,2.5,19.214285714285715,0.13285714285714284,12.0,2.7857142857142856,76.35714285714286
