placar_casa,placar_visitante,data,round,stage,ano,equipe_casa,equipe_visitante,resultado,Pts_casa,3P_casa,2P_casa,LL_casa,RT_casa,RO_casa,RD_casa,AS_casa,ER_casa,IA%_casa,3PC_casa,3PT_casa,3P%_casa,2PC_casa,2PT_casa,2P%_casa,LLC_casa,LLT_casa,LL%_casa,EN_casa,BR_casa,B/E_casa,TO_casa,FC_casa,T/FC_casa,ET_casa,VI_casa,EF_casa,Pts_visitante,3P_visitante,2P_visitante,LL_visitante,RT_visitante,RO_visitante,RD_visitante,AS_visitante,ER_visitante,IA%_visitante,3PC_visitante,3PT_visitante,3P%_visitante,2PC_visitante,2PT_visitante,2P%_visitante,LLC_visitante,LLT_visitante,LL%_visitante,EN_visitante,BR_visitante,B/E_visitante,TO_visitante,FC_visitante,T/FC_visitante,ET_visitante,VI_visitante,EF_visitante
76,67,2015-05-14,3,5,2014-2015,Flamengo,Limeira,1,90.0,30.6,44.666666666666664,14.733333333333333,35.333333333333336,9.8,25.533333333333335,18.533333333333335,10.4,2.0573333333333332,10.2,25.266666666666666,40.80800000000001,22.333333333333332,39.0,57.568666666666665,14.733333333333333,19.2,76.61666666666666,2.4,9.8,1.076,1.8666666666666667,18.4,0.10866666666666669,10.4,1.2,108.93333333333334,84.46666666666667,27.2,41.06666666666667,16.2,30.666666666666668,9.133333333333333,21.533333333333335,17.333333333333332,12.333333333333334,1.5606666666666669,9.066666666666666,21.8,42.00733333333333,20.533333333333335,37.733333333333334,54.12799999999999,16.2,19.733333333333334,82.06666666666665,2.8,10.133333333333333,0.8733333333333333,1.9333333333333333,21.666666666666668,0.09400000000000001,12.333333333333334,2.466666666666667,98.73333333333333
