placar_casa,placar_visitante,data,round,stage,ano,equipe_casa,equipe_visitante,resultado,Pts_casa,3P_casa,2P_casa,LL_casa,RT_casa,RO_casa,RD_casa,AS_casa,ER_casa,IA%_casa,3PC_casa,3PT_casa,3P%_casa,2PC_casa,2PT_casa,2P%_casa,LLC_casa,LLT_casa,LL%_casa,EN_casa,BR_casa,B/E_casa,TO_casa,FC_casa,T/FC_casa,ET_casa,VI_casa,EF_casa,Pts_visitante,3P_visitante,2P_visitante,LL_visitante,RT_visitante,RO_visitante,RD_visitante,AS_visitante,ER_visitante,IA%_visitante,3PC_visitante,3PT_visitante,3P%_visitante,2PC_visitante,2PT_visitante,2P%_visitante,LLC_visitante,LLT_visitante,LL%_visitante,EN_visitante,BR_visitante,B/E_visitante,TO_visitante,FC_visitante,T/FC_visitante,ET_visitante,VI_visitante,EF_visitante
85,82,2023-04-27,1,4,2022-2023,Minas,Paulistano,1,87.232,31.2,41.26866666666667,14.767333333333331,40.032666666666664,10.000666666666666,30.034000000000002,19.866666666666667,13.865333333333332,1.4626666666666666,10.399999999999999,26.566,39.07866666666667,20.631333333333327,36.86666666666667,55.86866666666666,14.767333333333331,19.799333333333333,75.29333333333335,2.8319999999999994,5.701333333333334,0.41399999999999987,1.4660000000000002,18.634666666666668,0.07800000000000001,13.865333333333332,3.2013333333333334,102.99999999999999,83.066,27.8,41.73266666666667,13.533333333333333,39.466,13.333333333333334,26.13266666666667,15.799333333333333,13.332666666666666,1.1953333333333336,9.267333333333333,25.933333333333334,35.74066666666668,20.86733333333333,39.866,52.65266666666668,13.533333333333333,18.933333333333334,71.17933333333333,2.466,7.599333333333334,0.5766666666666668,2.134,21.400666666666666,0.09933333333333334,13.332666666666666,2.732666666666667,93.66733333333333
