placar_casa,placar_visitante,data,round,stage,ano,equipe_casa,equipe_visitante,resultado,Pts_casa,3P_casa,2P_casa,LL_casa,RT_casa,RO_casa,RD_casa,AS_casa,ER_casa,IA%_casa,3PC_casa,3PT_casa,3P%_casa,2PC_casa,2PT_casa,2P%_casa,LLC_casa,LLT_casa,LL%_casa,EN_casa,BR_casa,B/E_casa,TO_casa,FC_casa,T/FC_casa,ET_casa,VI_casa,EF_casa,Pts_visitante,3P_visitante,2P_visitante,LL_visitante,RT_visitante,RO_visitante,RD_visitante,AS_visitante,ER_visitante,IA%_visitante,3PC_visitante,3PT_visitante,3P%_visitante,2PC_visitante,2PT_visitante,2P%_visitante,LLC_visitante,LLT_visitante,LL%_visitante,EN_visitante,BR_visitante,B/E_visitante,TO_visitante,FC_visitante,T/FC_visitante,ET_visitante,VI_visitante,EF_visitante
73,82,2025-04-10,15,2,2024-2025,Fortaleza Basquete Cearense,Pinheiros,0,74.46666666666667,27.8,34.53333333333333,12.133333333333333,37.8,11.433333333333334,26.366666666666667,15.966666666666667,13.866666666666667,1.252,9.266666666666667,27.0,34.92133333333333,17.266666666666666,35.7,48.564,12.133333333333333,17.866666666666667,67.61266666666667,1.5333333333333334,6.766666666666667,0.534,1.4,21.1,0.06733333333333333,13.866666666666667,3.066666666666667,80.63333333333334,77.46666666666667,25.7,37.6,14.166666666666666,38.666666666666664,13.166666666666666,25.5,14.633333333333333,13.566666666666666,1.154,8.566666666666666,27.2,30.980000000000008,18.8,35.96666666666667,52.504,14.166666666666666,20.733333333333334,68.12133333333333,1.8333333333333333,6.033333333333333,0.45999999999999996,1.3,21.766666666666666,0.06000000000000001,13.566666666666666,2.033333333333333,82.16666666666667
