placar_casa,placar_visitante,data,round,stage,ano,equipe_casa,equipe_visitante,resultado,Pts_casa,3P_casa,2P_casa,LL_casa,RT_casa,RO_casa,RD_casa,AS_casa,ER_casa,IA%_casa,3PC_casa,3PT_casa,3P%_casa,2PC_casa,2PT_casa,2P%_casa,LLC_casa,LLT_casa,LL%_casa,EN_casa,BR_casa,B/E_casa,TO_casa,FC_casa,T/FC_casa,ET_casa,VI_casa,EF_casa,Pts_visitante,3P_visitante,2P_visitante,LL_visitante,RT_visitante,RO_visitante,RD_visitante,AS_visitante,ER_visitante,IA%_visitante,3PC_visitante,3PT_visitante,3P%_visitante,2PC_visitante,2PT_visitante,2P%_visitante,LLC_visitante,LLT_visitante,LL%_visitante,EN_visitante,BR_visitante,B/E_visitante,TO_visitante,FC_visitante,T/FC_visitante,ET_visitante,VI_visitante,EF_visitante
94,83,2015-01-06,14,1,2014-2015,Coop/São José Basketball,Sesi Franca,1,75.07692307692308,18.23076923076923,43.84615384615385,13.0,36.0,9.153846153846153,26.846153846153847,16.46153846153846,14.384615384615385,1.21,6.076923076923077,19.0,31.430769230769233,21.923076923076923,41.0,53.625384615384604,13.0,17.53846153846154,71.96153846153847,1.1538461538461537,8.076923076923077,0.5930769230769232,1.4615384615384615,18.76923076923077,0.08,14.384615384615385,2.769230769230769,86.15384615384616,77.61538461538461,22.384615384615383,39.69230769230769,15.538461538461538,35.0,10.615384615384615,24.384615384615383,13.153846153846153,14.538461538461538,0.9907692307692307,7.461538461538462,22.307692307692307,34.05692307692308,19.846153846153847,38.23076923076923,52.24230769230769,15.538461538461538,20.923076923076923,73.63769230769232,2.769230769230769,11.076923076923077,0.8323076923076923,3.230769230769231,20.384615384615383,0.1623076923076923,14.538461538461538,3.230769230769231,86.92307692307692
