placar_casa,placar_visitante,data,round,stage,ano,equipe_casa,equipe_visitante,resultado,Pts_casa,3P_casa,2P_casa,LL_casa,RT_casa,RO_casa,RD_casa,AS_casa,ER_casa,IA%_casa,3PC_casa,3PT_casa,3P%_casa,2PC_casa,2PT_casa,2P%_casa,LLC_casa,LLT_casa,LL%_casa,EN_casa,BR_casa,B/E_casa,TO_casa,FC_casa,T/FC_casa,ET_casa,VI_casa,EF_casa,Pts_visitante,3P_visitante,2P_visitante,LL_visitante,RT_visitante,RO_visitante,RD_visitante,AS_visitante,ER_visitante,IA%_visitante,3PC_visitante,3PT_visitante,3P%_visitante,2PC_visitante,2PT_visitante,2P%_visitante,LLC_visitante,LLT_visitante,LL%_visitante,EN_visitante,BR_visitante,B/E_visitante,TO_visitante,FC_visitante,T/FC_visitante,ET_visitante,VI_visitante,EF_visitante
76,64,2022-01-09,11,1,2021-2022,Minas,Bauru Basket,1,84.17857142857143,31.714285714285715,39.42857142857143,13.035714285714286,38.964285714285715,11.285714285714286,27.678571428571427,16.964285714285715,11.892857142857142,1.5064285714285717,10.571428571428571,29.571428571428573,35.42857142857143,19.714285714285715,35.142857142857146,56.21071428571429,13.035714285714286,18.214285714285715,72.24357142857143,2.6785714285714284,7.678571428571429,0.677142857142857,2.1785714285714284,15.821428571428571,0.14857142857142855,11.892857142857142,2.7142857142857144,98.46428571428571,77.39285714285714,28.178571428571427,37.5,11.714285714285714,36.035714285714285,8.142857142857142,27.892857142857142,17.892857142857142,12.107142857142858,1.5500000000000003,9.392857142857142,29.642857142857142,31.675,18.75,32.32142857142857,57.94285714285716,11.714285714285714,15.928571428571429,74.08000000000001,0.8928571428571429,6.928571428571429,0.5885714285714284,2.5,18.142857142857142,0.14285714285714285,12.107142857142858,2.0714285714285716,90.60714285714286
