placar_casa,placar_visitante,data,round,stage,ano,equipe_casa,equipe_visitante,resultado,Pts_casa,3P_casa,2P_casa,LL_casa,RT_casa,RO_casa,RD_casa,AS_casa,ER_casa,IA%_casa,3PC_casa,3PT_casa,3P%_casa,2PC_casa,2PT_casa,2P%_casa,LLC_casa,LLT_casa,LL%_casa,EN_casa,BR_casa,B/E_casa,TO_casa,FC_casa,T/FC_casa,ET_casa,VI_casa,EF_casa,Pts_visitante,3P_visitante,2P_visitante,LL_visitante,RT_visitante,RO_visitante,RD_visitante,AS_visitante,ER_visitante,IA%_visitante,3PC_visitante,3PT_visitante,3P%_visitante,2PC_visitante,2PT_visitante,2P%_visitante,LLC_visitante,LLT_visitante,LL%_visitante,EN_visitante,BR_visitante,B/E_visitante,TO_visitante,FC_visitante,T/FC_visitante,ET_visitante,VI_visitante,EF_visitante
83,73,2017-04-24,2,4,2016-2017,Flamengo,Pinheiros,1,86.86666666666666,28.4,39.86666666666667,18.6,40.06666666666667,11.2,28.866666666666667,19.933333333333334,13.6,1.562,9.466666666666667,27.0,34.10666666666666,19.933333333333334,36.2,55.47866666666667,18.6,24.866666666666667,74.92,1.6,5.466666666666667,0.41933333333333334,1.8666666666666667,21.066666666666666,0.09133333333333335,13.6,2.6,100.53333333333333,81.26666666666667,21.0,41.6,18.666666666666668,34.8,9.266666666666667,25.533333333333335,17.333333333333332,14.6,1.3079999999999998,7.0,18.866666666666667,37.889333333333326,20.8,39.8,52.118,18.666666666666668,25.533333333333335,74.32200000000002,1.8666666666666667,6.933333333333334,0.5446666666666666,2.533333333333333,22.2,0.11866666666666666,14.6,2.933333333333333,90.53333333333333
