placar_casa,placar_visitante,data,round,stage,ano,equipe_casa,equipe_visitante,resultado,Pts_casa,3P_casa,2P_casa,LL_casa,RT_casa,RO_casa,RD_casa,AS_casa,ER_casa,IA%_casa,3PC_casa,3PT_casa,3P%_casa,2PC_casa,2PT_casa,2P%_casa,LLC_casa,LLT_casa,LL%_casa,EN_casa,BR_casa,B/E_casa,TO_casa,FC_casa,T/FC_casa,ET_casa,VI_casa,EF_casa,Pts_visitante,3P_visitante,2P_visitante,LL_visitante,RT_visitante,RO_visitante,RD_visitante,AS_visitante,ER_visitante,IA%_visitante,3PC_visitante,3PT_visitante,3P%_visitante,2PC_visitante,2PT_visitante,2P%_visitante,LLC_visitante,LLT_visitante,LL%_visitante,EN_visitante,BR_visitante,B/E_visitante,TO_visitante,FC_visitante,T/FC_visitante,ET_visitante,VI_visitante,EF_visitante
90,96,2015-12-17,12,1,2015-2016,Pinheiros,Rio Claro,0,81.4,16.5,48.0,16.9,40.8,11.5,29.3,12.1,14.4,0.869,5.5,16.6,33.791,24.0,48.3,49.848,16.9,22.2,75.393,1.3,8.8,0.6359999999999999,5.4,20.3,0.273,14.4,3.0,93.4,73.54545454545455,25.90909090909091,35.63636363636363,12.0,32.63636363636363,8.545454545454545,24.09090909090909,18.272727272727273,16.636363636363637,1.1481818181818182,8.636363636363637,23.363636363636363,37.08090909090909,17.818181818181817,33.0,53.91727272727273,12.0,18.636363636363637,64.09,2.6363636363636362,10.454545454545455,0.6363636363636364,2.4545454545454546,21.636363636363637,0.11545454545454546,16.636363636363637,4.181818181818182,84.18181818181819
