placar_casa,placar_visitante,data,round,stage,ano,equipe_casa,equipe_visitante,resultado,Pts_casa,3P_casa,2P_casa,LL_casa,RT_casa,RO_casa,RD_casa,AS_casa,ER_casa,IA%_casa,3PC_casa,3PT_casa,3P%_casa,2PC_casa,2PT_casa,2P%_casa,LLC_casa,LLT_casa,LL%_casa,EN_casa,BR_casa,B/E_casa,TO_casa,FC_casa,T/FC_casa,ET_casa,VI_casa,EF_casa,Pts_visitante,3P_visitante,2P_visitante,LL_visitante,RT_visitante,RO_visitante,RD_visitante,AS_visitante,ER_visitante,IA%_visitante,3PC_visitante,3PT_visitante,3P%_visitante,2PC_visitante,2PT_visitante,2P%_visitante,LLC_visitante,LLT_visitante,LL%_visitante,EN_visitante,BR_visitante,B/E_visitante,TO_visitante,FC_visitante,T/FC_visitante,ET_visitante,VI_visitante,EF_visitante
83,87,2014-01-18,18,1,2013-2014,Goiânia,Bauru Basket,0,76.0,23.4,38.266666666666666,14.333333333333334,32.13333333333333,8.0,24.133333333333333,14.666666666666666,12.6,1.4553333333333334,7.8,22.066666666666666,36.434,19.133333333333333,36.733333333333334,52.602000000000004,14.333333333333334,18.866666666666667,76.50066666666666,1.0666666666666667,7.933333333333334,0.7693333333333334,1.4666666666666666,22.533333333333335,0.06666666666666667,12.6,3.066666666666667,83.2,80.46153846153847,26.76923076923077,36.61538461538461,17.076923076923077,33.15384615384615,10.153846153846153,23.0,13.692307692307692,11.538461538461538,1.3915384615384618,8.923076923076923,24.153846153846153,38.53923076923077,18.307692307692307,35.92307692307692,50.822307692307696,17.076923076923077,22.76923076923077,74.79923076923077,1.6923076923076923,10.076923076923077,0.963076923076923,1.9230769230769231,17.846153846153847,0.1153846153846154,11.538461538461538,1.8461538461538463,89.15384615384616
