placar_casa,placar_visitante,data,round,stage,ano,equipe_casa,equipe_visitante,resultado,Pts_casa,3P_casa,2P_casa,LL_casa,RT_casa,RO_casa,RD_casa,AS_casa,ER_casa,IA%_casa,3PC_casa,3PT_casa,3P%_casa,2PC_casa,2PT_casa,2P%_casa,LLC_casa,LLT_casa,LL%_casa,EN_casa,BR_casa,B/E_casa,TO_casa,FC_casa,T/FC_casa,ET_casa,VI_casa,EF_casa,Pts_visitante,3P_visitante,2P_visitante,LL_visitante,RT_visitante,RO_visitante,RD_visitante,AS_visitante,ER_visitante,IA%_visitante,3PC_visitante,3PT_visitante,3P%_visitante,2PC_visitante,2PT_visitante,2P%_visitante,LLC_visitante,LLT_visitante,LL%_visitante,EN_visitante,BR_visitante,B/E_visitante,TO_visitante,FC_visitante,T/FC_visitante,ET_visitante,VI_visitante,EF_visitante
68,83,2024-05-09,3,4,2023-2024,Fortaleza B. C. / CFO,Flamengo,0,78.33333333333333,28.6,38.93333333333333,10.8,34.6,7.4,27.2,17.466666666666665,13.933333333333334,1.3233333333333333,9.533333333333333,26.466666666666665,36.062,19.466666666666665,33.666666666666664,57.86333333333333,10.8,14.466666666666667,76.23333333333333,1.6666666666666667,5.866666666666666,0.4153333333333333,2.0,18.066666666666666,0.11133333333333334,13.933333333333334,2.466666666666667,89.53333333333333,82.66600000000001,29.9,41.33266666666667,11.433333333333334,38.966,10.000666666666666,28.967333333333336,18.233333333333334,13.566,1.3746666666666665,9.967333333333332,26.932666666666663,36.973333333333336,20.667333333333335,35.66733333333333,57.866,11.433333333333334,15.93266666666667,69.50133333333333,2.2333333333333334,8.067333333333334,0.6153333333333333,1.034,17.467333333333336,0.060666666666666674,13.566,1.8326666666666669,98.93399999999998
