placar_casa,placar_visitante,data,round,stage,ano,equipe_casa,equipe_visitante,resultado,Pts_casa,3P_casa,2P_casa,LL_casa,RT_casa,RO_casa,RD_casa,AS_casa,ER_casa,IA%_casa,3PC_casa,3PT_casa,3P%_casa,2PC_casa,2PT_casa,2P%_casa,LLC_casa,LLT_casa,LL%_casa,EN_casa,BR_casa,B/E_casa,TO_casa,FC_casa,T/FC_casa,ET_casa,VI_casa,EF_casa,Pts_visitante,3P_visitante,2P_visitante,LL_visitante,RT_visitante,RO_visitante,RD_visitante,AS_visitante,ER_visitante,IA%_visitante,3PC_visitante,3PT_visitante,3P%_visitante,2PC_visitante,2PT_visitante,2P%_visitante,LLC_visitante,LLT_visitante,LL%_visitante,EN_visitante,BR_visitante,B/E_visitante,TO_visitante,FC_visitante,T/FC_visitante,ET_visitante,VI_visitante,EF_visitante
71,64,2016-03-03,7,2,2015-2016,Mogi,Minas,1,83.06666666666666,25.4,40.13333333333333,17.533333333333335,34.6,10.666666666666666,23.933333333333334,16.066666666666666,13.266666666666667,1.3626666666666665,8.466666666666667,25.733333333333334,33.24866666666667,20.066666666666666,36.93333333333333,54.572,17.533333333333335,24.266666666666666,73.546,1.4,11.066666666666666,0.9953333333333333,2.066666666666667,20.133333333333333,0.10666666666666666,13.266666666666667,2.6666666666666665,92.73333333333333,72.0,16.4,42.13333333333333,13.466666666666667,37.4,10.733333333333333,26.666666666666668,14.8,16.533333333333335,0.9766666666666666,5.466666666666667,16.6,32.96066666666666,21.066666666666666,41.8,50.85733333333334,13.466666666666667,19.733333333333334,65.24133333333334,1.4,8.4,0.5506666666666667,2.4,20.666666666666668,0.11733333333333333,16.533333333333335,3.6,80.26666666666667
