placar_casa,placar_visitante,data,round,stage,ano,equipe_casa,equipe_visitante,resultado,Pts_casa,3P_casa,2P_casa,LL_casa,RT_casa,RO_casa,RD_casa,AS_casa,ER_casa,IA%_casa,3PC_casa,3PT_casa,3P%_casa,2PC_casa,2PT_casa,2P%_casa,LLC_casa,LLT_casa,LL%_casa,EN_casa,BR_casa,B/E_casa,TO_casa,FC_casa,T/FC_casa,ET_casa,VI_casa,EF_casa,Pts_visitante,3P_visitante,2P_visitante,LL_visitante,RT_visitante,RO_visitante,RD_visitante,AS_visitante,ER_visitante,IA%_visitante,3PC_visitante,3PT_visitante,3P%_visitante,2PC_visitante,2PT_visitante,2P%_visitante,LLC_visitante,LLT_visitante,LL%_visitante,EN_visitante,BR_visitante,B/E_visitante,TO_visitante,FC_visitante,T/FC_visitante,ET_visitante,VI_visitante,EF_visitante
66,105,2012-02-23,7,2,2011-2012,Araraquara,Brasília,0,77.77777777777777,19.333333333333332,44.888888888888886,13.555555555555555,24.555555555555557,5.777777777777778,18.77777777777778,13.333333333333334,12.88888888888889,1.061111111111111,6.444444444444445,17.77777777777778,34.69666666666667,22.444444444444443,44.44444444444444,50.58666666666667,13.555555555555555,18.444444444444443,73.41444444444444,0.7777777777777778,6.777777777777778,0.5355555555555556,2.111111111111111,21.333333333333332,0.09888888888888889,12.88888888888889,3.0,73.44444444444444,85.8,22.8,45.0,18.0,32.4,9.0,23.4,14.1,14.6,0.9589999999999999,7.6,22.5,33.79899999999999,22.5,39.1,57.64200000000001,18.0,21.2,84.81199999999998,1.3,7.2,0.5109999999999999,2.5,22.3,0.11800000000000002,14.6,3.3,92.7
