placar_casa,placar_visitante,data,round,stage,ano,equipe_casa,equipe_visitante,resultado,Pts_casa,3P_casa,2P_casa,LL_casa,RT_casa,RO_casa,RD_casa,AS_casa,ER_casa,IA%_casa,3PC_casa,3PT_casa,3P%_casa,2PC_casa,2PT_casa,2P%_casa,LLC_casa,LLT_casa,LL%_casa,EN_casa,BR_casa,B/E_casa,TO_casa,FC_casa,T/FC_casa,ET_casa,VI_casa,EF_casa,Pts_visitante,3P_visitante,2P_visitante,LL_visitante,RT_visitante,RO_visitante,RD_visitante,AS_visitante,ER_visitante,IA%_visitante,3PC_visitante,3PT_visitante,3P%_visitante,2PC_visitante,2PT_visitante,2P%_visitante,LLC_visitante,LLT_visitante,LL%_visitante,EN_visitante,BR_visitante,B/E_visitante,TO_visitante,FC_visitante,T/FC_visitante,ET_visitante,VI_visitante,EF_visitante
78,66,2021-12-11,7,1,2021-2022,Fortaleza B. C. / CFO,Corinthians,1,71.77777777777777,20.333333333333332,39.333333333333336,12.11111111111111,39.111111111111114,10.277777777777779,28.833333333333332,13.222222222222221,13.5,1.0366666666666664,6.777777777777778,23.72222222222222,30.107777777777773,19.666666666666668,40.72222222222222,48.51444444444444,12.11111111111111,17.333333333333332,70.81777777777776,1.2222222222222223,6.055555555555555,0.4677777777777778,2.0555555555555554,18.38888888888889,0.11111111111111113,13.5,3.111111111111111,75.5,72.44444444444444,33.666666666666664,27.77777777777778,11.0,35.666666666666664,11.0,24.666666666666668,15.333333333333334,13.666666666666666,1.2033333333333334,11.222222222222221,35.44444444444444,31.927777777777774,13.88888888888889,28.0,49.52444444444445,11.0,13.777777777777779,80.13888888888889,1.1111111111111112,5.777777777777778,0.4277777777777778,2.888888888888889,17.666666666666668,0.16666666666666666,13.666666666666666,2.7777777777777777,77.33333333333333
