placar_casa,placar_visitante,data,round,stage,ano,equipe_casa,equipe_visitante,resultado,Pts_casa,3P_casa,2P_casa,LL_casa,RT_casa,RO_casa,RD_casa,AS_casa,ER_casa,IA%_casa,3PC_casa,3PT_casa,3P%_casa,2PC_casa,2PT_casa,2P%_casa,LLC_casa,LLT_casa,LL%_casa,EN_casa,BR_casa,B/E_casa,TO_casa,FC_casa,T/FC_casa,ET_casa,VI_casa,EF_casa,Pts_visitante,3P_visitante,2P_visitante,LL_visitante,RT_visitante,RO_visitante,RD_visitante,AS_visitante,ER_visitante,IA%_visitante,3PC_visitante,3PT_visitante,3P%_visitante,2PC_visitante,2PT_visitante,2P%_visitante,LLC_visitante,LLT_visitante,LL%_visitante,EN_visitante,BR_visitante,B/E_visitante,TO_visitante,FC_visitante,T/FC_visitante,ET_visitante,VI_visitante,EF_visitante
106,73,2014-12-18,12,1,2014-2015,Flamengo,Fortaleza B. C. / CFO,1,89.0,27.666666666666668,43.333333333333336,18.0,35.888888888888886,11.0,24.88888888888889,17.444444444444443,13.222222222222221,1.6422222222222222,9.222222222222221,24.22222222222222,36.26222222222222,21.666666666666668,38.888888888888886,56.1688888888889,18.0,23.88888888888889,76.52111111111111,2.2222222222222223,9.222222222222221,0.8677777777777778,2.3333333333333335,19.88888888888889,0.12111111111111111,13.222222222222221,2.3333333333333335,102.55555555555556,74.22222222222223,27.333333333333332,33.77777777777778,13.11111111111111,35.44444444444444,11.222222222222221,24.22222222222222,14.0,15.333333333333334,0.9588888888888888,9.11111111111111,27.444444444444443,32.88111111111111,16.88888888888889,35.77777777777778,47.980000000000004,13.11111111111111,18.88888888888889,70.6711111111111,0.7777777777777778,10.444444444444445,0.6933333333333332,2.4444444444444446,17.88888888888889,0.14333333333333334,15.333333333333334,3.111111111111111,78.22222222222223
