placar_casa,placar_visitante,data,round,stage,ano,equipe_casa,equipe_visitante,resultado,Pts_casa,3P_casa,2P_casa,LL_casa,RT_casa,RO_casa,RD_casa,AS_casa,ER_casa,IA%_casa,3PC_casa,3PT_casa,3P%_casa,2PC_casa,2PT_casa,2P%_casa,LLC_casa,LLT_casa,LL%_casa,EN_casa,BR_casa,B/E_casa,TO_casa,FC_casa,T/FC_casa,ET_casa,VI_casa,EF_casa,Pts_visitante,3P_visitante,2P_visitante,LL_visitante,RT_visitante,RO_visitante,RD_visitante,AS_visitante,ER_visitante,IA%_visitante,3PC_visitante,3PT_visitante,3P%_visitante,2PC_visitante,2PT_visitante,2P%_visitante,LLC_visitante,LLT_visitante,LL%_visitante,EN_visitante,BR_visitante,B/E_visitante,TO_visitante,FC_visitante,T/FC_visitante,ET_visitante,VI_visitante,EF_visitante
84,88,2023-12-29,11,1,2023-2024,Pinheiros,Botafogo,0,76.43266666666666,28.3,34.734,13.40066666666667,37.333333333333336,11.732666666666669,25.60066666666667,16.465999999999998,13.53266666666667,1.2599999999999996,9.432666666666668,28.6,33.38533333333333,17.365999999999996,33.866,51.279999999999994,13.40066666666667,19.60066666666667,67.35733333333333,1.4340000000000004,5.366666666666666,0.4126666666666667,2.100666666666667,18.7,0.11,13.53266666666667,2.599333333333333,82.29933333333334,78.16733333333332,25.5,38.466,14.19933333333333,35.9,11.766666666666667,24.133333333333333,16.466666666666665,14.399333333333336,1.2339999999999998,8.5,27.99933333333333,30.39533333333334,19.234,37.532666666666664,51.65333333333333,14.19933333333333,19.132666666666662,74.26733333333333,0.366,6.733333333333333,0.5093333333333333,1.8,21.09933333333333,0.08600000000000002,14.399333333333336,3.3340000000000005,81.93266666666666
