placar_casa,placar_visitante,data,round,stage,ano,equipe_casa,equipe_visitante,resultado,Pts_casa,3P_casa,2P_casa,LL_casa,RT_casa,RO_casa,RD_casa,AS_casa,ER_casa,IA%_casa,3PC_casa,3PT_casa,3P%_casa,2PC_casa,2PT_casa,2P%_casa,LLC_casa,LLT_casa,LL%_casa,EN_casa,BR_casa,B/E_casa,TO_casa,FC_casa,T/FC_casa,ET_casa,VI_casa,EF_casa,Pts_visitante,3P_visitante,2P_visitante,LL_visitante,RT_visitante,RO_visitante,RD_visitante,AS_visitante,ER_visitante,IA%_visitante,3PC_visitante,3PT_visitante,3P%_visitante,2PC_visitante,2PT_visitante,2P%_visitante,LLC_visitante,LLT_visitante,LL%_visitante,EN_visitante,BR_visitante,B/E_visitante,TO_visitante,FC_visitante,T/FC_visitante,ET_visitante,VI_visitante,EF_visitante
83,70,2023-04-10,10,2,2022-2023,Sesi Franca,Flamengo,1,90.60066666666665,30.6,42.266,17.732666666666667,40.56666666666667,10.834,29.732666666666663,20.400666666666666,12.5,1.7046666666666668,10.199333333333334,27.766666666666666,36.692,21.134,37.466,56.396,17.732666666666667,22.700666666666667,78.68666666666668,1.4993333333333334,6.566666666666666,0.544,2.4326666666666665,17.932666666666666,0.13666666666666671,12.5,1.9333333333333333,109.2,86.734,33.8,41.333333333333336,11.600666666666665,41.79866666666667,11.866666666666667,29.934000000000005,20.666666666666668,12.800666666666666,1.7566666666666666,11.266666666666667,31.2,36.14533333333333,20.666666666666668,34.666666666666664,59.291333333333334,11.600666666666665,15.934,72.99333333333334,1.2,6.468000000000001,0.5373333333333333,2.1993333333333336,16.998666666666665,0.13066666666666668,12.800666666666666,2.466666666666667,106.79933333333335
