placar_casa,placar_visitante,data,round,stage,ano,equipe_casa,equipe_visitante,resultado,Pts_casa,3P_casa,2P_casa,LL_casa,RT_casa,RO_casa,RD_casa,AS_casa,ER_casa,IA%_casa,3PC_casa,3PT_casa,3P%_casa,2PC_casa,2PT_casa,2P%_casa,LLC_casa,LLT_casa,LL%_casa,EN_casa,BR_casa,B/E_casa,TO_casa,FC_casa,T/FC_casa,ET_casa,VI_casa,EF_casa,Pts_visitante,3P_visitante,2P_visitante,LL_visitante,RT_visitante,RO_visitante,RD_visitante,AS_visitante,ER_visitante,IA%_visitante,3PC_visitante,3PT_visitante,3P%_visitante,2PC_visitante,2PT_visitante,2P%_visitante,LLC_visitante,LLT_visitante,LL%_visitante,EN_visitante,BR_visitante,B/E_visitante,TO_visitante,FC_visitante,T/FC_visitante,ET_visitante,VI_visitante,EF_visitante
85,64,2018-12-06,8,1,2018-2019,Bauru Basket,Paulistano,1,73.45636363636363,26.181818181818183,32.54545454545455,14.72909090909091,36.63636363636363,8.72909090909091,27.910000000000004,16.270909090909093,13.99909090909091,1.1954545454545455,8.726363636363637,25.180909090909086,34.79545454545455,16.272727272727273,33.36454545454546,48.651818181818186,14.72909090909091,20.090909090909093,73.17000000000002,0.9109090909090909,5.364545454545455,0.39,1.5454545454545454,20.726363636363633,0.07272727272727271,13.99909090909091,3.0009090909090905,80.27272727272727,81.0,27.6,36.6,16.8,41.4,12.1,29.3,16.0,13.4,1.238,9.2,30.4,30.502000000000002,18.3,34.8,52.656000000000006,16.8,22.4,75.07900000000001,2.5,6.9,0.526,2.2,21.4,0.10400000000000001,13.4,2.2,90.7
