placar_casa,placar_visitante,data,round,stage,ano,equipe_casa,equipe_visitante,resultado,Pts_casa,3P_casa,2P_casa,LL_casa,RT_casa,RO_casa,RD_casa,AS_casa,ER_casa,IA%_casa,3PC_casa,3PT_casa,3P%_casa,2PC_casa,2PT_casa,2P%_casa,LLC_casa,LLT_casa,LL%_casa,EN_casa,BR_casa,B/E_casa,TO_casa,FC_casa,T/FC_casa,ET_casa,VI_casa,EF_casa,Pts_visitante,3P_visitante,2P_visitante,LL_visitante,RT_visitante,RO_visitante,RD_visitante,AS_visitante,ER_visitante,IA%_visitante,3PC_visitante,3PT_visitante,3P%_visitante,2PC_visitante,2PT_visitante,2P%_visitante,LLC_visitante,LLT_visitante,LL%_visitante,EN_visitante,BR_visitante,B/E_visitante,TO_visitante,FC_visitante,T/FC_visitante,ET_visitante,VI_visitante,EF_visitante
91,77,2010-03-14,8,2,2009-2010,Sesi Franca,Joinville,1,86.2,27.6,39.2,19.4,28.0,7.2,20.8,12.8,11.333333333333334,1.2853333333333332,9.2,23.2,39.756,19.6,37.4,53.118,19.4,25.066666666666666,78.03333333333333,0.8666666666666667,8.4,0.8420000000000001,2.2,20.8,0.11866666666666666,11.333333333333334,2.0,88.8,78.26666666666667,27.4,34.8,16.066666666666666,32.36666666666667,10.1,22.266666666666666,11.933333333333334,12.366666666666667,1.0893333333333333,9.133333333333333,26.366666666666667,34.95666666666667,17.4,36.43333333333333,48.391333333333336,16.066666666666666,22.6,70.31466666666667,1.3666666666666667,6.433333333333334,0.5793333333333333,1.7666666666666666,19.233333333333334,0.10266666666666668,12.366666666666667,2.6,75.6
