placar_casa,placar_visitante,data,round,stage,ano,equipe_casa,equipe_visitante,resultado,Pts_casa,3P_casa,2P_casa,LL_casa,RT_casa,RO_casa,RD_casa,AS_casa,ER_casa,IA%_casa,3PC_casa,3PT_casa,3P%_casa,2PC_casa,2PT_casa,2P%_casa,LLC_casa,LLT_casa,LL%_casa,EN_casa,BR_casa,B/E_casa,TO_casa,FC_casa,T/FC_casa,ET_casa,VI_casa,EF_casa,Pts_visitante,3P_visitante,2P_visitante,LL_visitante,RT_visitante,RO_visitante,RD_visitante,AS_visitante,ER_visitante,IA%_visitante,3PC_visitante,3PT_visitante,3P%_visitante,2PC_visitante,2PT_visitante,2P%_visitante,LLC_visitante,LLT_visitante,LL%_visitante,EN_visitante,BR_visitante,B/E_visitante,TO_visitante,FC_visitante,T/FC_visitante,ET_visitante,VI_visitante,EF_visitante
66,68,2016-03-25,14,2,2015-2016,Brasília,Rio Claro,0,85.53333333333333,30.6,41.46666666666667,13.466666666666667,35.666666666666664,10.266666666666667,25.4,18.266666666666666,14.333333333333334,1.5186666666666668,10.2,26.333333333333332,38.294,20.733333333333334,38.0,54.668,13.466666666666667,17.333333333333332,78.30666666666666,1.7333333333333334,10.733333333333333,0.8246666666666665,2.1333333333333333,22.0,0.10333333333333337,14.333333333333334,2.6666666666666665,100.73333333333333,72.46666666666667,24.6,35.333333333333336,12.533333333333333,35.0,9.2,25.8,15.6,14.933333333333334,1.118,8.2,24.4,33.208666666666666,17.666666666666668,34.53333333333333,50.693999999999996,12.533333333333333,18.066666666666666,68.97600000000001,1.7333333333333334,9.733333333333333,0.6913333333333332,2.2,22.733333333333334,0.10000000000000002,14.933333333333334,3.2,81.46666666666667
